symbol	backing	declarations	distinct_source_signatures	unsafe_tag_missing	contract_missing	evidence_missing	state
abort	libc_libm	2	1	2	2	2	migration_required
add_external	DEAD_DECLARATION	2	1	2	2	2	migration_required
align_of	DEAD_DECLARATION	2	1	2	2	2	migration_required
arm_fs_exec_trace	GENUINELY_MISSING	1	1	1	1	1	migration_required
array_cap	SHADOWED_BY_SPL_FN	1	1	1	1	1	migration_required
array_flags	SHADOWED_BY_SPL_FN	2	1	2	2	2	migration_required
array_is_valid	SHADOWED_BY_SPL_FN	3	1	3	3	3	migration_required
array_items	SHADOWED_BY_SPL_FN	3	1	3	3	3	migration_required
array_len_value	SHADOWED_BY_SPL_FN	2	1	2	2	2	migration_required
array_ptr	SHADOWED_BY_SPL_FN	1	1	1	1	1	migration_required
async_join	DEAD_DECLARATION	1	1	1	1	1	migration_required
async_read_file	DEAD_DECLARATION	1	1	1	1	1	migration_required
async_select	DEAD_DECLARATION	1	1	1	1	1	migration_required
async_sleep	DEAD_DECLARATION	1	1	1	1	1	migration_required
async_write_file	DEAD_DECLARATION	1	1	1	1	1	migration_required
async_yield	in_deployed_binary	3	3	3	3	3	source_signature_variants
barrier_and_fence	DEAD_DECLARATION	1	1	1	1	1	migration_required
barrier	GENUINELY_MISSING	1	1	1	1	1	migration_required
bits_to_float	GENUINELY_MISSING	3	1	3	3	3	migration_required
bytes_to_string	interp_extern_registry	6	1	6	6	6	migration_required
bytes_to_u16_le	interp_extern_registry	2	1	2	2	2	migration_required
bytes_to_u32_le	interp_extern_registry	2	1	2	2	2	migration_required
call_ffi_0	GENUINELY_MISSING	1	1	1	1	1	migration_required
call_ffi_1	GENUINELY_MISSING	1	1	1	1	1	migration_required
call_ffi_2	GENUINELY_MISSING	1	1	1	1	1	migration_required
call_ffi_3	GENUINELY_MISSING	1	1	1	1	1	migration_required
call_ffi_4	GENUINELY_MISSING	1	1	1	1	1	migration_required
calloc	libc_libm	9	1	9	9	9	migration_required
char_code	SHADOWED_BY_SPL_FN	1	1	1	1	1	migration_required
clear_ffi_recording	external_library_symbol	2	1	2	2	2	migration_required
clock_gettime	libc_libm	1	1	1	1	1	migration_required
clock_ms	external_library_symbol	2	1	2	2	2	migration_required
closedir	libc_libm	1	1	1	1	1	migration_required
close	libc_libm	3	1	3	3	3	migration_required
compiler__driver__driver__compiler_driver_create	interp_extern_registry	1	1	1	1	1	migration_required
compiler__driver__driver__CompilerDriver_dot_compile	interp_extern_registry	1	1	1	1	1	migration_required
connect	libc_libm	1	1	1	1	1	migration_required
coverage_check	in_deployed_binary	1	1	1	1	1	migration_required
coverage_class	in_deployed_binary	1	1	1	1	1	migration_required
coverage_func	in_deployed_binary	1	1	1	1	1	migration_required
coverage_generate	in_deployed_binary	1	1	1	1	1	migration_required
coverage_report	in_deployed_binary	1	1	1	1	1	migration_required
coverage_scan	in_deployed_binary	1	1	1	1	1	migration_required
coverage_summary	in_deployed_binary	1	1	1	1	1	migration_required
create_streams	DEAD_DECLARATION	1	1	1	0	1	migration_required
create_window	SHADOWED_BY_SPL_FN	1	1	1	0	1	migration_required
current_time_micros	external_library_symbol	3	1	3	3	3	migration_required
current_timestamp	external_library_symbol	2	1	2	2	2	migration_required
_current_time_unix	interp_extern_registry	1	1	1	1	1	migration_required
data_memory_barrier	bare_exempt	1	1	1	1	1	migration_required
dbg	interp_extern_registry	1	1	1	1	1	migration_required
default_device	DEAD_DECLARATION	1	1	1	0	1	migration_required
default_stream	DEAD_DECLARATION	1	1	1	1	1	migration_required
device_count	DEAD_DECLARATION	1	1	1	1	1	migration_required
devices	DEAD_DECLARATION	1	1	1	1	1	migration_required
disable_ffi_recording	DEAD_DECLARATION	2	1	2	2	2	migration_required
disable_interrupts	bare_exempt	1	1	1	1	1	migration_required
dlclose	libc_libm	2	1	2	2	2	migration_required
dlopen	libc_libm	2	1	2	0	2	migration_required
dlsym	libc_libm	2	1	2	0	2	migration_required
enable_ffi_recording	DEAD_DECLARATION	2	1	2	2	2	migration_required
enable_interrupts	bare_exempt	1	1	1	1	1	migration_required
env_get	SHADOWED_BY_SPL_FN	1	1	1	1	1	migration_required
eprint_raw	interp_extern_registry	1	1	1	1	1	migration_required
execvp	libc_libm	1	1	1	1	1	migration_required
exit	libc_libm	2	1	2	2	2	migration_required
f32_from_bits	interp_extern_registry	3	1	3	3	3	migration_required
fclose	libc_libm	1	1	1	1	1	migration_required
ferror	libc_libm	1	1	1	1	1	migration_required
ffi_func	DEAD_DECLARATION	2	1	2	2	2	migration_required
fflush	libc_libm	1	1	1	1	1	migration_required
file_metadata	GENUINELY_MISSING	2	1	2	0	2	migration_required
file_write_bytes	SHADOWED_BY_SPL_FN	3	1	3	0	3	migration_required
float_to_bits	GENUINELY_MISSING	3	1	3	3	3	migration_required
fopen	libc_libm	1	1	1	1	1	migration_required
fork	libc_libm	1	1	1	1	1	migration_required
fread	libc_libm	1	1	1	1	1	migration_required
free	libc_libm	13	2	13	13	13	source_signature_variants
FreeLibrary	GENUINELY_MISSING	1	1	1	1	1	migration_required
fs_copy_cstr	SHADOWED_BY_SPL_FN	1	1	1	1	1	migration_required
fseek	libc_libm	1	1	1	1	1	migration_required
fsync	libc_libm	1	1	1	1	1	migration_required
ftell	libc_libm	1	1	1	1	1	migration_required
future_alloc_pending	DEAD_DECLARATION	1	1	1	1	1	migration_required
future_alloc_ready	DEAD_DECLARATION	1	1	1	1	1	migration_required
future_free	DEAD_DECLARATION	1	1	1	1	1	migration_required
future_map	DEAD_DECLARATION	1	1	1	1	1	migration_required
future_poll_any	DEAD_DECLARATION	1	1	1	1	1	migration_required
future_poll	DEAD_DECLARATION	1	1	1	1	1	migration_required
future_then	DEAD_DECLARATION	1	1	1	1	1	migration_required
fwrite	libc_libm	1	1	1	1	1	migration_required
generate_sequence_ffi	DEAD_DECLARATION	2	1	2	2	2	migration_required
_get_bss_start	DEAD_DECLARATION	3	1	3	3	3	migration_required
getcwd	libc_libm	1	1	1	1	1	migration_required
getenv	libc_libm	1	1	1	1	1	migration_required
_get_kernel_end	GENUINELY_MISSING	4	2	4	4	4	source_signature_variants
_get_kernel_start	GENUINELY_MISSING	1	1	1	1	1	migration_required
get_kernel_syscall_entry_addr	GENUINELY_MISSING	1	1	1	1	1	migration_required
getpid	libc_libm	1	1	1	1	1	migration_required
getppid	libc_libm	1	1	1	1	1	migration_required
GetProcAddress	GENUINELY_MISSING	1	1	1	0	1	migration_required
gettimeofday	libc_libm	1	1	1	1	1	migration_required
get_time	SHADOWED_BY_SPL_FN	2	1	2	2	2	migration_required
global_id_dim	external_library_symbol	1	1	1	1	1	migration_required
global_id	external_library_symbol	1	1	1	1	1	migration_required
global_size_dim	external_library_symbol	1	1	1	1	1	migration_required
global_size	external_library_symbol	1	1	1	1	1	migration_required
glob_find	external_library_symbol	2	1	2	2	2	migration_required
glob_matches	external_library_symbol	2	1	2	2	2	migration_required
gpu_broadcast	GENUINELY_MISSING	1	1	1	1	1	migration_required
gpu_relu_mask	GENUINELY_MISSING	1	1	1	1	1	migration_required
gpu_transpose	GENUINELY_MISSING	1	1	1	1	1	migration_required
group_id	DEAD_DECLARATION	1	1	1	1	1	migration_required
group_id_dim	DEAD_DECLARATION	1	1	1	1	1	migration_required
halt	bare_exempt	1	1	1	1	1	migration_required
header_size	GENUINELY_MISSING	3	1	3	3	3	migration_required
_http_get_response_body	GENUINELY_MISSING	1	1	1	1	1	migration_required
_http_post	GENUINELY_MISSING	1	1	1	1	1	migration_required
http_request	SHADOWED_BY_SPL_FN	4	1	4	0	4	migration_required
i64_to_ptr	GENUINELY_MISSING	3	1	3	3	3	migration_required
input	interp_extern_registry	3	1	3	3	3	migration_required
instruction_memory_barrier	bare_exempt	1	1	1	1	1	migration_required
interrupts_enabled	bare_exempt	1	1	1	1	1	migration_required
is_little_endian	GENUINELY_MISSING	2	1	2	2	2	migration_required
is_nan_bits	GENUINELY_MISSING	3	1	3	3	3	migration_required
json_parse	SHADOWED_BY_SPL_FN	3	2	3	0	3	source_signature_variants
json_stringify_pretty	DEAD_DECLARATION	2	1	2	2	2	migration_required
json_stringify	SHADOWED_BY_SPL_FN	2	1	2	2	2	migration_required
kill	libc_libm	1	1	1	1	1	migration_required
lane_definitely_absent_probe	GENUINELY_MISSING	1	1	1	1	1	migration_required
lane_id	GENUINELY_MISSING	1	1	1	1	1	migration_required
LoadLibraryA	GENUINELY_MISSING	1	1	1	0	1	migration_required
local_id	DEAD_DECLARATION	1	1	1	1	1	migration_required
local_id_dim	DEAD_DECLARATION	1	1	1	1	1	migration_required
local_size	DEAD_DECLARATION	1	1	1	1	1	migration_required
local_size_dim	DEAD_DECLARATION	1	1	1	1	1	migration_required
log_raw_println	SHADOWED_BY_SPL_FN	5	1	5	5	5	migration_required
lseek	libc_libm	2	1	2	2	2	migration_required
lsp_diagnostics	GENUINELY_MISSING	1	1	1	1	1	migration_required
lsp_document_symbols	GENUINELY_MISSING	1	1	1	1	1	migration_required
lsp_find_references	GENUINELY_MISSING	1	1	1	1	1	migration_required
lsp_go_to_definition	GENUINELY_MISSING	1	1	1	1	1	migration_required
lsp_hover	GENUINELY_MISSING	1	1	1	1	1	migration_required
lua_createtable	GENUINELY_MISSING	1	1	1	1	1	migration_required
lua_gettop	DEAD_DECLARATION	1	1	1	1	1	migration_required
lua_pushcfunction	GENUINELY_MISSING	1	1	1	1	1	migration_required
lua_pushinteger	DEAD_DECLARATION	1	1	1	1	1	migration_required
lua_pushnumber	DEAD_DECLARATION	1	1	1	1	1	migration_required
lua_setfield	GENUINELY_MISSING	1	1	1	1	1	migration_required
lua_settop	GENUINELY_MISSING	1	1	1	1	1	migration_required
lua_tointeger	DEAD_DECLARATION	1	1	1	1	1	migration_required
lua_tonumber	DEAD_DECLARATION	1	1	1	1	1	migration_required
malloc	libc_libm	10	1	10	10	10	migration_required
memcmp	libc_libm	1	1	1	1	1	migration_required
mem_compare	bare_exempt	1	1	1	1	1	migration_required
mem_copy	bare_exempt	1	1	1	1	1	migration_required
memcpy	libc_libm	6	2	6	6	6	source_signature_variants
mem_fence	DEAD_DECLARATION	1	1	1	1	1	migration_required
memory_barrier	bare_exempt	1	1	1	1	1	migration_required
memory_init	SHADOWED_BY_SPL_FN	1	1	1	1	1	migration_required
memory_usage	interp_extern_registry	1	1	1	1	1	migration_required
mem_read_u16	bare_exempt	1	1	1	1	1	migration_required
mem_read_u32	bare_exempt	1	1	1	1	1	migration_required
mem_read_u64	bare_exempt	1	1	1	1	1	migration_required
mem_read_u8	bare_exempt	1	1	1	1	1	migration_required
mem_set	bare_exempt	1	1	1	1	1	migration_required
memset	libc_libm	1	1	1	1	1	migration_required
mem_volatile_read_u16	bare_exempt	1	1	1	1	1	migration_required
mem_volatile_read_u32	bare_exempt	1	1	1	1	1	migration_required
mem_volatile_read_u8	bare_exempt	1	1	1	1	1	migration_required
mem_volatile_write_u16	bare_exempt	1	1	1	1	1	migration_required
mem_volatile_write_u32	bare_exempt	1	1	1	1	1	migration_required
mem_volatile_write_u8	bare_exempt	1	1	1	1	1	migration_required
mem_write_u16	bare_exempt	1	1	1	1	1	migration_required
mem_write_u32	bare_exempt	1	1	1	1	1	migration_required
mem_write_u64	bare_exempt	1	1	1	1	1	migration_required
mem_write_u8	bare_exempt	1	1	1	1	1	migration_required
mem_zero	bare_exempt	1	1	1	1	1	migration_required
mkdir	libc_libm	1	1	1	1	1	migration_required
mmap	libc_libm	1	1	1	1	1	migration_required
mmio_read16	SHADOWED_BY_SPL_FN	4	1	4	4	4	migration_required
mmio_read32	SHADOWED_BY_SPL_FN	13	1	13	13	13	migration_required
mmio_read64	SHADOWED_BY_SPL_FN	4	1	4	4	4	migration_required
mmio_read8	SHADOWED_BY_SPL_FN	14	1	14	14	14	migration_required
mmio_write32	SHADOWED_BY_SPL_FN	1	1	1	1	1	migration_required
mmio_write8	SHADOWED_BY_SPL_FN	5	1	5	5	5	migration_required
__mock_policy_disable	interp_extern_registry	1	1	1	1	1	migration_required
__mock_policy_init_all	interp_extern_registry	1	1	1	1	1	migration_required
__mock_policy_init_hal_only	interp_extern_registry	1	1	1	1	1	migration_required
monoio_block_on	rust_source_feature_gated	1	1	1	1	1	migration_required
monoio_configure_entries	rust_source_feature_gated	1	1	1	1	1	migration_required
monoio_get_num_cores	rust_source_feature_gated	1	1	1	1	1	migration_required
monoio_get_stats	rust_source_feature_gated	1	1	1	1	1	migration_required
monoio_reset_stats	rust_source_feature_gated	1	1	1	1	1	migration_required
monoio_runtime_init_global	rust_source_feature_gated	1	1	1	1	1	migration_required
monoio_runtime_init	rust_source_feature_gated	1	1	1	1	1	migration_required
monoio_runtime_shutdown_global	rust_source_feature_gated	1	1	1	1	1	migration_required
monoio_runtime_shutdown	rust_source_feature_gated	1	1	1	1	1	migration_required
monoio_spawn_local	rust_source_feature_gated	1	1	1	1	1	migration_required
monoio_tcp_accept	rust_source_feature_gated	1	1	1	1	1	migration_required
monoio_tcp_close	rust_source_feature_gated	2	2	2	2	2	source_signature_variants
monoio_tcp_connect	rust_source_feature_gated	2	2	2	2	2	source_signature_variants
monoio_tcp_flush	rust_source_feature_gated	1	1	1	1	1	migration_required
monoio_tcp_listener_close	rust_source_feature_gated	1	1	1	1	1	migration_required
monoio_tcp_listen	rust_source_feature_gated	1	1	1	1	1	migration_required
monoio_tcp_local_addr	rust_source_feature_gated	1	1	1	0	1	migration_required
monoio_tcp_peer_addr	rust_source_feature_gated	1	1	1	0	1	migration_required
monoio_tcp_read	rust_source_feature_gated	2	2	2	2	2	source_signature_variants
monoio_tcp_set_keepalive	rust_source_feature_gated	1	1	1	1	1	migration_required
monoio_tcp_set_nodelay	rust_source_feature_gated	1	1	1	1	1	migration_required
monoio_tcp_shutdown	rust_source_feature_gated	1	1	1	1	1	migration_required
monoio_tcp_write	rust_source_feature_gated	2	2	2	2	2	source_signature_variants
monoio_udp_bind	rust_source_feature_gated	1	1	1	1	1	migration_required
monoio_udp_close	rust_source_feature_gated	1	1	1	1	1	migration_required
monoio_udp_connect	rust_source_feature_gated	1	1	1	1	1	migration_required
monoio_udp_join_multicast	rust_source_feature_gated	1	1	1	1	1	migration_required
monoio_udp_leave_multicast	rust_source_feature_gated	1	1	1	1	1	migration_required
monoio_udp_local_addr	rust_source_feature_gated	1	1	1	0	1	migration_required
monoio_udp_recv_from	rust_source_feature_gated	1	1	1	0	1	migration_required
monoio_udp_recv	rust_source_feature_gated	1	1	1	1	1	migration_required
monoio_udp_send	rust_source_feature_gated	1	1	1	1	1	migration_required
monoio_udp_send_to	rust_source_feature_gated	1	1	1	1	1	migration_required
monoio_udp_set_broadcast	rust_source_feature_gated	1	1	1	1	1	migration_required
monoio_udp_set_multicast_ttl	rust_source_feature_gated	1	1	1	1	1	migration_required
munmap	libc_libm	1	1	1	1	1	migration_required
native_alloc	GENUINELY_MISSING	2	1	2	2	2	migration_required
native_async_file_create	in_deployed_binary	1	1	1	1	1	migration_required
native_async_file_get_state	in_deployed_binary	1	1	1	1	1	migration_required
native_async_file_is_ready	in_deployed_binary	1	1	1	1	1	migration_required
native_async_file_start_loading	in_deployed_binary	1	1	1	1	1	migration_required
native_async_file_wait	in_deployed_binary	1	1	1	1	1	migration_required
native_close	GENUINELY_MISSING	1	1	1	1	1	migration_required
native_command_output	in_deployed_binary	1	1	1	1	1	migration_required
native_command_run	in_deployed_binary	1	1	1	1	1	migration_required
native_command_run_timeout	in_deployed_binary	1	1	1	1	1	migration_required
native_copy_file_range	in_deployed_binary	1	1	1	0	1	migration_required
native_disable_raw_mode	interp_extern_registry	3	3	3	3	3	source_signature_variants
native_enable_raw_mode	interp_extern_registry	3	3	3	3	3	source_signature_variants
native_fadvise_dontneed	in_deployed_binary	1	1	1	1	1	migration_required
native_fadvise_random	in_deployed_binary	1	1	1	1	1	migration_required
native_fadvise_sequential	in_deployed_binary	1	1	1	1	1	migration_required
native_fadvise_willneed	in_deployed_binary	1	1	1	1	1	migration_required
native_file_close	in_deployed_binary	1	1	1	0	1	migration_required
native_file_exists_sync	GENUINELY_MISSING	1	1	1	1	1	migration_required
native_file_flush	in_deployed_binary	1	1	1	0	1	migration_required
native_file_flush_sync	DEAD_DECLARATION	1	1	1	0	1	migration_required
native_file_get_size	GENUINELY_MISSING	1	1	1	0	1	migration_required
native_file_pread	GENUINELY_MISSING	1	1	1	0	1	migration_required
native_file_pwrite	GENUINELY_MISSING	1	1	1	0	1	migration_required
native_file_read	in_deployed_binary	1	1	1	0	1	migration_required
native_file_read_sync	GENUINELY_MISSING	1	1	1	0	1	migration_required
native_file_seek	in_deployed_binary	1	1	1	0	1	migration_required
native_file_seek_sync	GENUINELY_MISSING	1	1	1	0	1	migration_required
native_file_sync	in_deployed_binary	1	1	1	0	1	migration_required
native_file_sync_sync	DEAD_DECLARATION	1	1	1	0	1	migration_required
native_file_write	in_deployed_binary	1	1	1	0	1	migration_required
native_file_write_sync	GENUINELY_MISSING	1	1	1	0	1	migration_required
native_free	GENUINELY_MISSING	2	1	2	2	2	migration_required
native_fs_append	interp_extern_registry	1	1	1	0	1	migration_required
native_fs_copy	interp_extern_registry	1	1	1	0	1	migration_required
native_fs_create_dir	interp_extern_registry	1	1	1	0	1	migration_required
native_fs_exists	interp_extern_registry	1	1	1	1	1	migration_required
native_fs_metadata	interp_extern_registry	1	1	1	0	1	migration_required
native_fs_metadata_sync	GENUINELY_MISSING	1	1	1	0	1	migration_required
native_fs_open	in_deployed_binary	1	1	1	0	1	migration_required
native_fs_read_dir	interp_extern_registry	1	1	1	0	1	migration_required
native_fs_read	interp_extern_registry	3	2	3	2	3	source_signature_variants
native_fs_read_string	interp_extern_registry	1	1	1	1	1	migration_required
native_fs_read_sync	GENUINELY_MISSING	1	1	1	0	1	migration_required
native_fs_remove_dir	interp_extern_registry	1	1	1	0	1	migration_required
native_fs_remove_file	interp_extern_registry	1	1	1	0	1	migration_required
native_fs_rename	interp_extern_registry	1	1	1	0	1	migration_required
native_fs_write	interp_extern_registry	4	3	4	2	4	source_signature_variants
native_fs_write_string	interp_extern_registry	1	1	1	1	1	migration_required
native_fs_write_sync	GENUINELY_MISSING	1	1	1	0	1	migration_required
native_ftp_cdup	GENUINELY_MISSING	1	1	1	0	1	migration_required
native_ftp_connect	GENUINELY_MISSING	1	1	1	0	1	migration_required
native_ftp_cwd	GENUINELY_MISSING	1	1	1	0	1	migration_required
native_ftp_delete	GENUINELY_MISSING	1	1	1	0	1	migration_required
native_ftp_download_bytes	GENUINELY_MISSING	1	1	1	0	1	migration_required
native_ftp_download	GENUINELY_MISSING	1	1	1	0	1	migration_required
native_ftp_feat	GENUINELY_MISSING	1	1	1	0	1	migration_required
native_ftp_list	GENUINELY_MISSING	1	1	1	0	1	migration_required
native_ftp_list_path	GENUINELY_MISSING	1	1	1	0	1	migration_required
native_ftp_login	GENUINELY_MISSING	1	1	1	0	1	migration_required
native_ftp_mdtm	GENUINELY_MISSING	1	1	1	0	1	migration_required
native_ftp_mkdir	GENUINELY_MISSING	1	1	1	0	1	migration_required
native_ftp_noop	GENUINELY_MISSING	1	1	1	0	1	migration_required
native_ftp_pwd	GENUINELY_MISSING	1	1	1	0	1	migration_required
native_ftp_quit	GENUINELY_MISSING	1	1	1	0	1	migration_required
native_ftp_raw	GENUINELY_MISSING	1	1	1	0	1	migration_required
native_ftp_rename	GENUINELY_MISSING	1	1	1	0	1	migration_required
native_ftp_resume_download	GENUINELY_MISSING	1	1	1	0	1	migration_required
native_ftp_rmdir	GENUINELY_MISSING	1	1	1	0	1	migration_required
native_ftp_size	GENUINELY_MISSING	1	1	1	0	1	migration_required
native_ftp_stat	GENUINELY_MISSING	1	1	1	0	1	migration_required
native_ftp_upload_bytes	GENUINELY_MISSING	1	1	1	0	1	migration_required
native_ftp_upload	GENUINELY_MISSING	1	1	1	0	1	migration_required
native_get_term_size	interp_extern_registry	2	2	2	2	2	source_signature_variants
native_http_request	GENUINELY_MISSING	1	1	1	0	1	migration_required
native_http_send	in_deployed_binary	1	1	1	0	1	migration_required
native_is_tty	interp_extern_registry	2	2	2	2	2	source_signature_variants
native_madvise	SHADOWED_BY_SPL_FN	1	1	1	0	1	migration_required
native_memcpy	GENUINELY_MISSING	2	1	2	2	2	migration_required
native_memset	GENUINELY_MISSING	2	1	2	2	2	migration_required
native_mmap_create	in_deployed_binary	1	1	1	0	1	migration_required
native_mmap_create_shared	in_deployed_binary	1	1	1	0	1	migration_required
native_mmap_read	in_deployed_binary	1	1	1	1	1	migration_required
native_mmap_unmap	in_deployed_binary	1	1	1	1	1	migration_required
native_msync	in_deployed_binary	1	1	1	0	1	migration_required
native_munmap	SHADOWED_BY_SPL_FN	1	1	1	1	1	migration_required
native_path_resolve	in_deployed_binary	1	1	1	0	1	migration_required
native_process_is_alive	in_deployed_binary	1	1	1	1	1	migration_required
native_process_kill	in_deployed_binary	2	2	2	1	2	source_signature_variants
native_process_spawn_with_pty	in_deployed_binary	1	1	1	1	1	migration_required
native_process_terminate	in_deployed_binary	1	1	1	1	1	migration_required
native_process_wait	in_deployed_binary	2	2	2	1	2	source_signature_variants
native_pty_close	in_deployed_binary	1	1	1	1	1	migration_required
native_pty_openpty	in_deployed_binary	1	1	1	1	1	migration_required
native_pty_read	in_deployed_binary	1	1	1	1	1	migration_required
native_pty_write	in_deployed_binary	1	1	1	1	1	migration_required
__native_resource_registry_clear	GENUINELY_MISSING	1	1	1	1	1	migration_required
__native_resource_registry_close_all	GENUINELY_MISSING	1	1	1	1	1	migration_required
__native_resource_registry_get_all	GENUINELY_MISSING	1	1	1	1	1	migration_required
__native_resource_registry_register	GENUINELY_MISSING	1	1	1	1	1	migration_required
__native_resource_registry_unregister	GENUINELY_MISSING	1	1	1	1	1	migration_required
native_sendfile	in_deployed_binary	1	1	1	0	1	migration_required
native_spawn_worker	in_deployed_binary	1	1	1	0	1	migration_required
native_stderr	interp_extern_registry	2	2	2	2	2	source_signature_variants
native_stdin	interp_extern_registry	2	2	2	2	2	source_signature_variants
native_stdout	interp_extern_registry	2	2	2	2	2	source_signature_variants
native_tcp_accept	in_deployed_binary	3	2	3	0	3	source_signature_variants
native_tcp_bind	in_deployed_binary	4	2	4	2	4	source_signature_variants
native_tcp_close	in_deployed_binary	4	2	4	2	4	source_signature_variants
native_tcp_connect	in_deployed_binary	2	2	2	0	2	source_signature_variants
native_tcp_connect_timeout	in_deployed_binary	1	1	1	0	1	migration_required
native_tcp_flush	in_deployed_binary	1	1	1	0	1	migration_required
native_tcp_get_nodelay	in_deployed_binary	1	1	1	0	1	migration_required
native_tcp_listener_close	GENUINELY_MISSING	1	1	1	0	1	migration_required
native_tcp_local_addr	GENUINELY_MISSING	1	1	1	0	1	migration_required
native_tcp_peek	in_deployed_binary	1	1	1	0	1	migration_required
native_tcp_read	in_deployed_binary	2	2	2	0	2	source_signature_variants
native_tcp_recv	GENUINELY_MISSING	1	1	1	0	1	migration_required
native_tcp_send	GENUINELY_MISSING	1	1	1	0	1	migration_required
native_tcp_set_backlog	in_deployed_binary	1	1	1	0	1	migration_required
native_tcp_set_keepalive	in_deployed_binary	1	1	1	0	1	migration_required
native_tcp_set_nodelay	in_deployed_binary	2	2	2	0	2	source_signature_variants
native_tcp_set_read_timeout	in_deployed_binary	2	2	2	0	2	source_signature_variants
native_tcp_set_write_timeout	in_deployed_binary	1	1	1	0	1	migration_required
native_tcp_shutdown	in_deployed_binary	1	1	1	0	1	migration_required
native_tcp_write	in_deployed_binary	2	2	2	0	2	source_signature_variants
native_term_flush	interp_extern_registry	2	2	2	2	2	source_signature_variants
native_term_poll	interp_extern_registry	2	2	2	2	2	source_signature_variants
native_term_read	interp_extern_registry	2	2	2	2	2	source_signature_variants
native_term_read_timeout	interp_extern_registry	2	2	2	2	2	source_signature_variants
native_term_write	interp_extern_registry	2	2	2	2	2	source_signature_variants
__native_time_now	GENUINELY_MISSING	1	1	1	1	1	migration_required
native_udp_bind	in_deployed_binary	7	2	7	5	7	source_signature_variants
native_udp_close	in_deployed_binary	7	2	7	5	7	source_signature_variants
native_udp_connect	in_deployed_binary	2	1	2	0	2	migration_required
native_udp_get_broadcast	in_deployed_binary	1	1	1	0	1	migration_required
native_udp_get_ttl	in_deployed_binary	1	1	1	0	1	migration_required
native_udp_join_multicast_v4	in_deployed_binary	1	1	1	0	1	migration_required
native_udp_join_multicast_v6	in_deployed_binary	1	1	1	0	1	migration_required
native_udp_leave_multicast_v4	in_deployed_binary	1	1	1	0	1	migration_required
native_udp_leave_multicast_v6	in_deployed_binary	1	1	1	0	1	migration_required
native_udp_peek_from	in_deployed_binary	1	1	1	0	1	migration_required
native_udp_peek	in_deployed_binary	1	1	1	0	1	migration_required
native_udp_peer_addr	in_deployed_binary	1	1	1	0	1	migration_required
native_udp_recv_from	in_deployed_binary	5	3	5	0	5	source_signature_variants
native_udp_recv	in_deployed_binary	2	2	2	0	2	source_signature_variants
native_udp_send	in_deployed_binary	2	1	2	0	2	migration_required
native_udp_send_to	in_deployed_binary	6	2	6	4	6	source_signature_variants
native_udp_set_broadcast	in_deployed_binary	1	1	1	0	1	migration_required
native_udp_set_multicast_loop	in_deployed_binary	1	1	1	0	1	migration_required
native_udp_set_multicast_ttl	in_deployed_binary	1	1	1	0	1	migration_required
native_udp_set_read_timeout	in_deployed_binary	4	2	4	0	4	source_signature_variants
native_udp_set_ttl	in_deployed_binary	1	1	1	0	1	migration_required
native_udp_set_write_timeout	in_deployed_binary	1	1	1	0	1	migration_required
nop	bare_exempt	1	1	1	1	1	migration_required
normalize_index	SHADOWED_BY_SPL_FN	1	1	1	1	1	migration_required
notify_task	DEAD_DECLARATION	1	1	1	1	1	migration_required
numeric_index	SHADOWED_BY_SPL_FN	1	1	1	1	1	migration_required
num_groups	DEAD_DECLARATION	1	1	1	1	1	migration_required
num_groups_dim	DEAD_DECLARATION	1	1	1	1	1	migration_required
opendir	libc_libm	1	1	1	1	1	migration_required
open	libc_libm	2	1	2	2	2	migration_required
par_filter	DEAD_DECLARATION	2	1	2	2	2	migration_required
par_map	DEAD_DECLARATION	2	1	2	2	2	migration_required
par_reduce	DEAD_DECLARATION	2	1	2	2	2	migration_required
par_sort	DEAD_DECLARATION	2	1	2	2	2	migration_required
path_components	GENUINELY_MISSING	2	1	2	2	2	migration_required
path_extension	SHADOWED_BY_SPL_FN	2	1	2	0	2	migration_required
path_filename	SHADOWED_BY_SPL_FN	2	1	2	0	2	migration_required
path_is_absolute	DEAD_DECLARATION	2	1	2	2	2	migration_required
path_join	SHADOWED_BY_SPL_FN	2	1	2	2	2	migration_required
path_normalize	DEAD_DECLARATION	2	1	2	2	2	migration_required
path_parent	SHADOWED_BY_SPL_FN	2	1	2	0	2	migration_required
path_stem	SHADOWED_BY_SPL_FN	2	1	2	0	2	migration_required
path_with_extension	SHADOWED_BY_SPL_FN	2	1	2	2	2	migration_required
pmm_alloc_page_raw	SHADOWED_BY_SPL_FN	1	1	1	1	1	migration_required
print_raw	in_deployed_binary	8	2	8	8	8	source_signature_variants
promise_alloc	DEAD_DECLARATION	1	1	1	1	1	migration_required
promise_complete	DEAD_DECLARATION	1	1	1	1	1	migration_required
promise_free	DEAD_DECLARATION	1	1	1	1	1	migration_required
promise_get_future	DEAD_DECLARATION	1	1	1	1	1	migration_required
promise_is_completed	DEAD_DECLARATION	1	1	1	1	1	migration_required
ptr_add	GENUINELY_MISSING	3	1	3	3	3	migration_required
ptr_const_i32	GENUINELY_MISSING	2	1	2	2	2	migration_required
ptr_const_i64	GENUINELY_MISSING	2	1	2	2	2	migration_required
ptr_const_u16	GENUINELY_MISSING	2	1	2	2	2	migration_required
ptr_const_u32	GENUINELY_MISSING	2	1	2	2	2	migration_required
ptr_const_u64	GENUINELY_MISSING	2	1	2	2	2	migration_required
ptr_const_u8	GENUINELY_MISSING	2	1	2	2	2	migration_required
ptr_mixed_cmp	DEAD_DECLARATION	2	1	2	2	2	migration_required
ptr_mixed_copy	GENUINELY_MISSING	2	1	2	2	2	migration_required
ptr_mixed_set	DEAD_DECLARATION	2	1	2	2	2	migration_required
ptr_multi_const	GENUINELY_MISSING	2	1	2	2	2	migration_required
ptr_multi_mixed	GENUINELY_MISSING	2	1	2	2	2	migration_required
ptr_multi_mut	GENUINELY_MISSING	2	1	2	2	2	migration_required
ptr_mut_u16	GENUINELY_MISSING	2	1	2	2	2	migration_required
ptr_mut_u32	GENUINELY_MISSING	2	1	2	2	2	migration_required
ptr_mut_u64	GENUINELY_MISSING	2	1	2	2	2	migration_required
ptr_mut_u8	GENUINELY_MISSING	2	1	2	2	2	migration_required
ptr_plain	GENUINELY_MISSING	2	1	2	2	2	migration_required
ptr_plain_wide	GENUINELY_MISSING	2	1	2	2	2	migration_required
ptr_ret_const	GENUINELY_MISSING	2	1	2	2	2	migration_required
ptr_ret_mut	GENUINELY_MISSING	2	1	2	2	2	migration_required
ptr_strlen	GENUINELY_MISSING	2	1	2	2	2	migration_required
ptr_sub	GENUINELY_MISSING	3	1	3	3	3	migration_required
ptr_to_i64	GENUINELY_MISSING	3	1	3	3	3	migration_required
ptr_with_regular	GENUINELY_MISSING	2	1	2	2	2	migration_required
readdir	libc_libm	1	1	1	1	1	migration_required
read_header	SHADOWED_BY_SPL_FN	3	1	3	3	3	migration_required
read_i64	SHADOWED_BY_SPL_FN	3	1	3	3	3	migration_required
read	libc_libm	3	1	3	3	3	migration_required
realloc	libc_libm	4	1	4	4	4	migration_required
register_array	SHADOWED_BY_SPL_FN	1	1	1	1	1	migration_required
remove	libc_libm	1	1	1	1	1	migration_required
rename	libc_libm	1	1	1	1	1	migration_required
reset	bare_exempt	1	1	1	1	1	migration_required
rt_aarch64_wfe_spin	GENUINELY_MISSING	1	1	1	1	1	migration_required
rt_actor_recv	in_deployed_binary	3	2	3	3	3	source_signature_variants
rt_actor_send	in_deployed_binary	2	2	2	2	2	source_signature_variants
rt_actor_spawn	in_deployed_binary	3	3	3	3	3	source_signature_variants
rt_actor_stop	in_deployed_binary	1	1	1	1	1	migration_required
rt_actor_try_send	in_deployed_binary	1	1	1	0	1	migration_required
rt_aes128_encrypt_block_into	in_deployed_binary	1	1	1	1	1	migration_required
rt_aes128_encrypt_block_pure	in_deployed_binary	2	1	0	0	2	evidence_required
rt_aes_decrypt_block_with_expanded	in_deployed_binary	1	1	1	1	1	migration_required
rt_aes_gcm_decrypt_hex	c_runtime_source_only	1	1	1	1	1	migration_required
rt_aes_gcm_encrypt_hex	c_runtime_source_only	1	1	1	1	1	migration_required
rt_aes_rcon	in_deployed_binary	1	1	1	1	1	migration_required
rt_aes_sbox	in_deployed_binary	1	1	1	1	1	migration_required
rt_alloc_exec_memory	DEAD_DECLARATION	1	1	1	1	1	migration_required
rt_alloc	in_deployed_binary	64	2	63	64	64	source_signature_variants
rt_alloc_page_aligned	GENUINELY_MISSING	1	1	1	1	1	migration_required
rt_alloc_rw_memory	GENUINELY_MISSING	1	1	1	1	1	migration_required
rt_alloc_zeroed	DEAD_DECLARATION	1	1	1	1	1	migration_required
rt_api_surface_extract	in_deployed_binary	1	1	1	1	1	migration_required
rt_arena_alloc	in_deployed_binary	1	1	0	1	1	migration_required
rt_arena_capacity	in_deployed_binary	1	1	0	1	1	migration_required
rt_arena_free	in_deployed_binary	1	1	0	1	1	migration_required
rt_arena_new	in_deployed_binary	1	1	0	1	1	migration_required
rt_arena_reset	in_deployed_binary	1	1	0	1	1	migration_required
rt_arena_used	in_deployed_binary	1	1	0	1	1	migration_required
rt_args_all	GENUINELY_MISSING	1	1	1	1	1	migration_required
rt_args_count	GENUINELY_MISSING	1	1	1	1	1	migration_required
rt_args_get	GENUINELY_MISSING	1	1	1	1	1	migration_required
rt_arm32_context_restore	GENUINELY_MISSING	1	1	1	1	1	migration_required
rt_arm32_context_save	GENUINELY_MISSING	1	1	1	1	1	migration_required
rt_arm32_context_switch	GENUINELY_MISSING	1	1	1	1	1	migration_required
rt_arm32_cpsid_f	DEAD_DECLARATION	1	1	1	1	1	migration_required
rt_arm32_cpsid_if	GENUINELY_MISSING	1	1	1	1	1	migration_required
rt_arm32_cpsid_i	GENUINELY_MISSING	1	1	1	1	1	migration_required
rt_arm32_cpsie_f	DEAD_DECLARATION	1	1	1	1	1	migration_required
rt_arm32_cpsie_if	GENUINELY_MISSING	1	1	1	1	1	migration_required
rt_arm32_cpsie_i	GENUINELY_MISSING	1	1	1	1	1	migration_required
rt_arm32_dmb	GENUINELY_MISSING	1	1	1	1	1	migration_required
rt_arm32_dsb	GENUINELY_MISSING	1	1	1	1	1	migration_required
rt_arm32_enter_user_first	GENUINELY_MISSING	1	1	1	1	1	migration_required
rt_arm32_exec_reap	GENUINELY_MISSING	1	1	1	1	1	migration_required
rt_arm32_exec_token_install	GENUINELY_MISSING	1	1	1	1	1	migration_required
rt_arm32_isb	GENUINELY_MISSING	1	1	1	1	1	migration_required
rt_arm32_mcr_cntp_ctl	GENUINELY_MISSING	1	1	1	1	1	migration_required
rt_arm32_mcr_cntp_tval	GENUINELY_MISSING	1	1	1	1	1	migration_required
rt_arm32_mcr_dacr	GENUINELY_MISSING	1	1	1	1	1	migration_required
rt_arm32_mcr_sctlr	GENUINELY_MISSING	1	1	1	1	1	migration_required
rt_arm32_mcr_tlbiall	GENUINELY_MISSING	1	1	1	1	1	migration_required
rt_arm32_mcr_tlbimva	GENUINELY_MISSING	1	1	1	1	1	migration_required
rt_arm32_mcr_ttbcr	GENUINELY_MISSING	1	1	1	1	1	migration_required
rt_arm32_mcr_ttbr0	GENUINELY_MISSING	1	1	1	1	1	migration_required
rt_arm32_mcr_ttbr1	GENUINELY_MISSING	1	1	1	1	1	migration_required
rt_arm32_mcr_vbar	GENUINELY_MISSING	1	1	1	1	1	migration_required
rt_arm32_mrc_cntfrq	GENUINELY_MISSING	1	1	1	1	1	migration_required
rt_arm32_mrc_cntp_ctl	GENUINELY_MISSING	1	1	1	1	1	migration_required
rt_arm32_mrc_cntp_tval	DEAD_DECLARATION	1	1	1	1	1	migration_required
rt_arm32_mrc_midr	GENUINELY_MISSING	1	1	1	1	1	migration_required
rt_arm32_mrc_mpidr	GENUINELY_MISSING	1	1	1	1	1	migration_required
rt_arm32_mrc_sctlr	GENUINELY_MISSING	1	1	1	1	1	migration_required
rt_arm32_mrc_ttbr0	GENUINELY_MISSING	1	1	1	1	1	migration_required
rt_arm32_mrc_ttbr1	GENUINELY_MISSING	1	1	1	1	1	migration_required
rt_arm32_mrrc_cntpct_hi	GENUINELY_MISSING	1	1	1	1	1	migration_required
rt_arm32_mrrc_cntpct_lo	GENUINELY_MISSING	1	1	1	1	1	migration_required
rt_arm32_wfe	GENUINELY_MISSING	1	1	1	1	1	migration_required
rt_arm32_wfi	GENUINELY_MISSING	1	1	1	1	1	migration_required
rt_arm64_context_restore	GENUINELY_MISSING	1	1	1	1	1	migration_required
rt_arm64_context_save	GENUINELY_MISSING	1	1	1	1	1	migration_required
rt_arm64_context_switch	GENUINELY_MISSING	1	1	1	1	1	migration_required
rt_arm64_daif_clr	GENUINELY_MISSING	1	1	1	1	1	migration_required
rt_arm64_daif_set	GENUINELY_MISSING	1	1	1	1	1	migration_required
rt_arm64_dcache_clean_range	GENUINELY_MISSING	1	1	1	1	1	migration_required
rt_arm64_dcache_invalidate_range	GENUINELY_MISSING	1	1	1	1	1	migration_required
rt_arm64_dmb	GENUINELY_MISSING	1	1	1	1	1	migration_required
rt_arm64_dsb	GENUINELY_MISSING	1	1	1	1	1	migration_required
rt_arm64_enter_recorded_user_live	GENUINELY_MISSING	1	1	1	1	1	migration_required
rt_arm64_enter_user_first_probe	GENUINELY_MISSING	1	1	1	1	1	migration_required
rt_arm64_isb	GENUINELY_MISSING	1	1	1	1	1	migration_required
rt_arm64_mrs_cntfrq_el0	GENUINELY_MISSING	1	1	1	1	1	migration_required
rt_arm64_mrs_cntpct_el0	GENUINELY_MISSING	1	1	1	1	1	migration_required
rt_arm64_mrs_cntp_ctl_el0	GENUINELY_MISSING	1	1	1	1	1	migration_required
rt_arm64_mrs_cntp_tval_el0	DEAD_DECLARATION	1	1	1	1	1	migration_required
rt_arm64_mrs_currentel	GENUINELY_MISSING	1	1	1	1	1	migration_required
rt_arm64_mrs_mpidr_el1	GENUINELY_MISSING	1	1	1	1	1	migration_required
rt_arm64_mrs_sctlr_el1	GENUINELY_MISSING	2	1	2	2	2	migration_required
rt_arm64_mrs_ttbr0_el1	GENUINELY_MISSING	1	1	1	1	1	migration_required
rt_arm64_mrs_ttbr1_el1	GENUINELY_MISSING	1	1	1	1	1	migration_required
rt_arm64_msr_cntp_ctl_el0	GENUINELY_MISSING	1	1	1	1	1	migration_required
rt_arm64_msr_cntp_tval_el0	GENUINELY_MISSING	1	1	1	1	1	migration_required
rt_arm64_msr_mair_el1	GENUINELY_MISSING	1	1	1	1	1	migration_required
rt_arm64_msr_sctlr_el1	GENUINELY_MISSING	1	1	1	1	1	migration_required
rt_arm64_msr_tcr_el1	GENUINELY_MISSING	1	1	1	1	1	migration_required
rt_arm64_msr_ttbr0_el1	GENUINELY_MISSING	1	1	1	1	1	migration_required
rt_arm64_msr_ttbr1_el1	GENUINELY_MISSING	1	1	1	1	1	migration_required
rt_arm64_msr_vbar_el1	GENUINELY_MISSING	1	1	1	1	1	migration_required
rt_arm64_probe_recorded_user_handoff	GENUINELY_MISSING	1	1	1	1	1	migration_required
rt_arm64_read_sctlr	GENUINELY_MISSING	1	1	1	1	1	migration_required
rt_arm64_record_user_handoff	GENUINELY_MISSING	2	1	2	2	2	migration_required
rt_arm64_set_exec_image	GENUINELY_MISSING	1	1	1	1	1	migration_required
rt_arm64_tlbi_alle1	GENUINELY_MISSING	1	1	1	1	1	migration_required
rt_arm64_tlbi_vae1	GENUINELY_MISSING	1	1	1	1	1	migration_required
rt_arm64_user_as_create	GENUINELY_MISSING	1	1	1	1	1	migration_required
rt_arm64_user_as_map_elf64	SHADOWED_BY_SPL_FN	1	1	1	1	1	migration_required
rt_arm64_user_as_map_page	GENUINELY_MISSING	1	1	1	1	1	migration_required
rt_arm64_user_as_translate	SHADOWED_BY_SPL_FN	1	1	1	1	1	migration_required
rt_arm64_user_as_ttbr0_probe	SHADOWED_BY_SPL_FN	1	1	1	1	1	migration_required
rt_arm64_user_copyin	GENUINELY_MISSING	1	1	1	1	1	migration_required
rt_arm64_user_copyout	GENUINELY_MISSING	1	1	1	1	1	migration_required
rt_arm64_virtio_input_event_code	GENUINELY_MISSING	1	1	1	1	1	migration_required
rt_arm64_virtio_input_event_device_kind	GENUINELY_MISSING	1	1	1	1	1	migration_required
rt_arm64_virtio_input_event_irq_status	GENUINELY_MISSING	1	1	1	1	1	migration_required
rt_arm64_virtio_input_event_type	GENUINELY_MISSING	1	1	1	1	1	migration_required
rt_arm64_virtio_input_event_value	GENUINELY_MISSING	1	1	1	1	1	migration_required
rt_arm64_virtio_input_init	GENUINELY_MISSING	1	1	1	1	1	migration_required
rt_arm64_virtio_input_poll	GENUINELY_MISSING	1	1	1	1	1	migration_required
rt_arm64_virtio_net_init	GENUINELY_MISSING	1	1	1	1	1	migration_required
rt_arm64_virtio_net_mac_octet	GENUINELY_MISSING	1	1	1	1	1	migration_required
rt_arm64_virtio_net_ready	GENUINELY_MISSING	1	1	1	1	1	migration_required
rt_arm64_virtio_net_recv	GENUINELY_MISSING	1	1	1	1	1	migration_required
rt_arm64_virtio_net_send	GENUINELY_MISSING	1	1	1	1	1	migration_required
rt_arm64_wfe	GENUINELY_MISSING	1	1	1	1	1	migration_required
rt_arm64_wfi	GENUINELY_MISSING	1	1	1	1	1	migration_required
rt_arm_array_append_bytes	GENUINELY_MISSING	1	1	1	1	1	migration_required
rt_arm_array_clone_bytes	DEAD_DECLARATION	1	1	1	1	1	migration_required
rt_arm_array_empty_exact	GENUINELY_MISSING	1	1	1	1	1	migration_required
rt_arm_array_get_byte_u32	GENUINELY_MISSING	3	1	3	3	3	migration_required
rt_arm_array_get_u16_le	GENUINELY_MISSING	1	1	1	1	1	migration_required
rt_arm_array_get_u32_le	GENUINELY_MISSING	1	1	1	1	1	migration_required
rt_arm_array_len_u32	GENUINELY_MISSING	5	1	5	5	5	migration_required
rt_arm_array_slice_bytes	DEAD_DECLARATION	1	1	1	1	1	migration_required
rt_arm_context_restore	GENUINELY_MISSING	1	1	1	1	1	migration_required
rt_arm_context_save	GENUINELY_MISSING	1	1	1	1	1	migration_required
rt_arm_elf64_direct_entry_bytes_ok	SHADOWED_BY_SPL_FN	1	1	1	1	1	migration_required
rt_arm_elf64_direct_entry	SHADOWED_BY_SPL_FN	2	1	2	2	2	migration_required
rt_arm_elf64_entry	GENUINELY_MISSING	2	1	2	2	2	migration_required
rt_arm_elf64_pt_load_align	GENUINELY_MISSING	2	1	2	2	2	migration_required
rt_arm_elf64_pt_load_count	GENUINELY_MISSING	2	1	2	2	2	migration_required
rt_arm_elf64_pt_load_filesz	GENUINELY_MISSING	2	1	2	2	2	migration_required
rt_arm_elf64_pt_load_flags	GENUINELY_MISSING	2	1	2	2	2	migration_required
rt_arm_elf64_pt_load_memsz	GENUINELY_MISSING	2	1	2	2	2	migration_required
rt_arm_elf64_pt_load_offset	GENUINELY_MISSING	2	1	2	2	2	migration_required
rt_arm_elf64_pt_load_vaddr	GENUINELY_MISSING	2	1	2	2	2	migration_required
rt_arm_fat32_probe_bpb_from_virtio	GENUINELY_MISSING	1	1	1	1	1	migration_required
rt_arm_get_psp	GENUINELY_MISSING	1	1	1	1	1	migration_required
rt_arm_set_psp	GENUINELY_MISSING	1	1	1	1	1	migration_required
rt_arm_smf_elf_stub_size	GENUINELY_MISSING	2	2	2	2	2	source_signature_variants
rt_arm_stage_elf64_load_image	SHADOWED_BY_SPL_FN	1	1	1	1	1	migration_required
rt_arm_stage_raw_image	SHADOWED_BY_SPL_FN	1	1	1	1	1	migration_required
rt_arm_virtio_blk_configure_queue	GENUINELY_MISSING	1	1	1	1	1	migration_required
rt_arm_virtio_blk_dma_base	GENUINELY_MISSING	1	1	1	1	1	migration_required
rt_arm_virtio_blk_mmio_read_u32	GENUINELY_MISSING	1	1	1	1	1	migration_required
rt_arm_virtio_blk_mmio_read_u64	GENUINELY_MISSING	1	1	1	1	1	migration_required
rt_arm_virtio_blk_mmio_write_u32	GENUINELY_MISSING	1	1	1	1	1	migration_required
rt_arm_virtio_blk_prepare_read	DEAD_DECLARATION	1	1	1	1	1	migration_required
rt_arm_virtio_blk_queue_base	GENUINELY_MISSING	1	1	1	1	1	migration_required
rt_arm_virtio_blk_read_hello_smf	DEAD_DECLARATION	1	1	1	1	1	migration_required
rt_arm_virtio_blk_read_prefix	GENUINELY_MISSING	1	1	1	1	1	migration_required
rt_arm_virtio_blk_read_sector_direct	GENUINELY_MISSING	1	1	1	1	1	migration_required
rt_arm_virtio_blk_sector_bytes	GENUINELY_MISSING	1	1	1	1	1	migration_required
rt_arm_virtio_blk_set_mmio_base	GENUINELY_MISSING	1	1	1	1	1	migration_required
rt_arm_virtio_blk_status_u8	DEAD_DECLARATION	1	1	1	1	1	migration_required
rt_arm_virtio_blk_wait_completion	DEAD_DECLARATION	1	1	1	1	1	migration_required
rt_arm_virtq_push_avail	DEAD_DECLARATION	1	1	1	1	1	migration_required
rt_arm_virtq_reset	DEAD_DECLARATION	1	1	1	1	1	migration_required
rt_arm_virtq_used_idx	GENUINELY_MISSING	1	1	1	1	1	migration_required
rt_array_capacity	DEAD_DECLARATION	1	1	1	1	1	migration_required
rt_array_clear	in_deployed_binary	3	2	3	3	3	source_signature_variants
rt_array_concat	in_deployed_binary	2	2	2	2	2	source_signature_variants
rt_array_copy	in_deployed_binary	1	1	1	1	1	migration_required
rt_array_data_ptr	in_deployed_binary	6	3	4	4	6	source_signature_variants
rt_array_data_ptr_text	in_deployed_binary	2	1	2	2	2	migration_required
rt_array_extend_i64	in_deployed_binary	1	1	1	1	1	migration_required
rt_array_free_deep	in_deployed_binary	3	3	3	2	3	source_signature_variants
rt_array_free	in_deployed_binary	2	1	2	2	2	migration_required
rt_array_get	in_deployed_binary	6	3	6	6	6	source_signature_variants
rt_array_get_text	in_deployed_binary	1	1	1	1	1	migration_required
rt_array_len	in_deployed_binary	8	4	8	8	8	source_signature_variants
rt_array_len_safe	in_deployed_binary	1	1	1	1	1	migration_required
rt_array_new_cap	GENUINELY_MISSING	2	1	2	2	2	migration_required
rt_array_new	in_deployed_binary	20	4	20	20	20	source_signature_variants
rt_array_new_with_cap_bool	in_deployed_binary	1	1	1	1	1	migration_required
rt_array_new_with_cap_i64	in_deployed_binary	2	1	2	2	2	migration_required
rt_array_new_with_cap	in_deployed_binary	42	3	42	42	42	source_signature_variants
rt_array_new_with_cap_js_value	in_deployed_binary	2	1	2	2	2	migration_required
rt_array_new_with_cap_text	in_deployed_binary	2	1	2	2	2	migration_required
rt_array_new_with_cap_u64	in_deployed_binary	5	2	5	5	5	source_signature_variants
rt_array_pop	in_deployed_binary	3	2	3	3	3	source_signature_variants
rt_array_push_i64_raw	in_deployed_binary	1	1	1	1	1	migration_required
rt_array_push	in_deployed_binary	18	6	18	18	18	source_signature_variants
rt_array_repeat	in_deployed_binary	1	1	1	1	1	migration_required
rt_array_reverse	in_deployed_binary	2	2	2	2	2	source_signature_variants
rt_array_set	in_deployed_binary	3	2	3	3	3	source_signature_variants
rt_array_set_len_known	in_deployed_binary	4	2	4	4	4	source_signature_variants
rt_array_slice	DEAD_DECLARATION	1	1	1	1	1	migration_required
rt_array_sort	in_deployed_binary	1	1	1	1	1	migration_required
rt_ast_arg_free	interp_extern_registry	3	1	3	3	3	migration_required
rt_ast_arg_name	interp_extern_registry	3	1	3	0	3	migration_required
rt_ast_arg_value	interp_extern_registry	3	1	3	3	3	migration_required
rt_ast_expr_array_get	interp_extern_registry	3	1	3	3	3	migration_required
rt_ast_expr_array_len	interp_extern_registry	3	1	3	3	3	migration_required
rt_ast_expr_binary_left	interp_extern_registry	3	1	3	3	3	migration_required
rt_ast_expr_binary_op	interp_extern_registry	3	1	3	3	3	migration_required
rt_ast_expr_binary_right	interp_extern_registry	3	1	3	3	3	migration_required
rt_ast_expr_bool_value	interp_extern_registry	3	1	3	3	3	migration_required
rt_ast_expr_call_arg_count	interp_extern_registry	3	1	3	3	3	migration_required
rt_ast_expr_call_arg	interp_extern_registry	3	1	3	3	3	migration_required
rt_ast_expr_call_callee	interp_extern_registry	3	1	3	3	3	migration_required
rt_ast_expr_field_name	interp_extern_registry	3	1	3	3	3	migration_required
rt_ast_expr_field_receiver	interp_extern_registry	3	1	3	3	3	migration_required
rt_ast_expr_float_value	interp_extern_registry	3	1	3	3	3	migration_required
rt_ast_expr_free	interp_extern_registry	3	1	3	3	3	migration_required
rt_ast_expr_ident_name	interp_extern_registry	3	1	3	3	3	migration_required
rt_ast_expr_int_value	interp_extern_registry	3	1	3	3	3	migration_required
rt_ast_expr_method_arg_count	interp_extern_registry	3	1	3	3	3	migration_required
rt_ast_expr_method_arg	interp_extern_registry	3	1	3	3	3	migration_required
rt_ast_expr_method_name	interp_extern_registry	3	1	3	3	3	migration_required
rt_ast_expr_method_receiver	interp_extern_registry	3	1	3	3	3	migration_required
rt_ast_expr_string_value	interp_extern_registry	3	1	3	3	3	migration_required
rt_ast_expr_tag	interp_extern_registry	3	1	3	3	3	migration_required
rt_ast_expr_unary_operand	interp_extern_registry	3	1	3	3	3	migration_required
rt_ast_expr_unary_op	interp_extern_registry	3	1	3	3	3	migration_required
rt_ast_node_free	interp_extern_registry	3	1	3	3	3	migration_required
rt_ast_registry_clear	interp_extern_registry	3	1	3	3	3	migration_required
rt_ast_registry_count	interp_extern_registry	3	1	3	3	3	migration_required
rt_async_await	DEAD_DECLARATION	1	1	1	1	1	migration_required
rt_async_current_task_id	in_deployed_binary	1	1	1	1	1	migration_required
rt_async_spawn	in_deployed_binary	1	1	1	1	1	migration_required
rt_async_ws_read_raw	interp_extern_registry	1	1	1	1	1	migration_required
rt_async_ws_write_raw	interp_extern_registry	1	1	1	1	1	migration_required
rt_async_yield	DEAD_DECLARATION	1	1	1	1	1	migration_required
rt_atexit_check	in_deployed_binary	2	1	2	2	2	migration_required
rt_atexit_install	in_deployed_binary	3	1	3	3	3	migration_required
rt_atomic_bool_free	in_deployed_binary	7	1	7	7	7	migration_required
rt_atomic_bool_load	in_deployed_binary	7	2	7	7	7	source_signature_variants
rt_atomic_bool_new	in_deployed_binary	7	2	7	7	7	source_signature_variants
rt_atomic_bool_store	in_deployed_binary	7	2	7	7	7	source_signature_variants
rt_atomic_bool_swap	in_deployed_binary	7	2	7	7	7	source_signature_variants
rt_atomic_compare_exchange	in_deployed_binary	1	1	1	1	1	migration_required
rt_atomic_fetch_add	in_deployed_binary	1	1	1	1	1	migration_required
rt_atomic_fetch_and	in_deployed_binary	1	1	1	1	1	migration_required
rt_atomic_fetch_or	in_deployed_binary	1	1	1	1	1	migration_required
rt_atomic_fetch_sub	in_deployed_binary	1	1	1	1	1	migration_required
rt_atomic_flag_clear	in_deployed_binary	1	1	1	1	1	migration_required
rt_atomic_flag_free	in_deployed_binary	1	1	1	1	1	migration_required
rt_atomic_flag_new	in_deployed_binary	1	1	1	1	1	migration_required
rt_atomic_flag_test_and_set	in_deployed_binary	1	1	1	1	1	migration_required
rt_atomic_int_compare_exchange	in_deployed_binary	8	2	8	8	8	source_signature_variants
rt_atomic_int_fetch_add	in_deployed_binary	7	2	7	7	7	source_signature_variants
rt_atomic_int_fetch_and	in_deployed_binary	5	2	5	5	5	source_signature_variants
rt_atomic_int_fetch_or	in_deployed_binary	5	2	5	5	5	source_signature_variants
rt_atomic_int_fetch_sub	in_deployed_binary	7	2	7	7	7	source_signature_variants
rt_atomic_int_fetch_xor	in_deployed_binary	5	2	5	5	5	source_signature_variants
rt_atomic_int_free	in_deployed_binary	7	1	7	7	7	migration_required
rt_atomic_int_load	in_deployed_binary	8	2	8	8	8	source_signature_variants
rt_atomic_int_new	in_deployed_binary	8	1	8	8	8	migration_required
rt_atomic_int_store	in_deployed_binary	7	2	7	7	7	source_signature_variants
rt_atomic_int_swap	in_deployed_binary	5	2	5	5	5	source_signature_variants
rt_atomic_load	in_deployed_binary	1	1	1	1	1	migration_required
rt_atomic_new	in_deployed_binary	1	1	1	1	1	migration_required
rt_atomic_store	in_deployed_binary	1	1	1	1	1	migration_required
rt_atomic_swap	in_deployed_binary	1	1	1	1	1	migration_required
rt_audio_add_delay	DEAD_DECLARATION	1	1	1	1	1	migration_required
rt_audio_add_highpass	DEAD_DECLARATION	1	1	1	1	1	migration_required
rt_audio_add_lowpass	DEAD_DECLARATION	1	1	1	1	1	migration_required
rt_audio_add_reverb	DEAD_DECLARATION	1	1	1	1	1	migration_required
rt_audio_backend_is_real	in_deployed_binary	1	1	1	1	1	migration_required
rt_audio_backend_name	in_deployed_binary	2	1	2	2	2	migration_required
rt_audio_capture_frame_count	in_deployed_binary	1	1	1	1	1	migration_required
rt_audio_capture_is_active	in_deployed_binary	1	1	1	1	1	migration_required
rt_audio_capture_start	in_deployed_binary	1	1	1	1	1	migration_required
rt_audio_capture_stop	in_deployed_binary	1	1	1	1	1	migration_required
rt_audio_clear_effects	DEAD_DECLARATION	1	1	1	1	1	migration_required
rt_audio_get_master_volume	in_deployed_binary	1	1	1	1	1	migration_required
rt_audio_init	in_deployed_binary	1	1	1	1	1	migration_required
rt_audio_is_playing	in_deployed_binary	1	1	1	1	1	migration_required
rt_audio_live_device_count	in_deployed_binary	1	1	1	1	1	migration_required
rt_audio_live_playback_count	in_deployed_binary	1	1	1	1	1	migration_required
rt_audio_live_source_count	in_deployed_binary	1	1	1	1	1	migration_required
rt_audio_load_sound	in_deployed_binary	1	1	1	1	1	migration_required
rt_audio_pause	in_deployed_binary	1	1	1	1	1	migration_required
rt_audio_play	in_deployed_binary	1	1	1	1	1	migration_required
rt_audio_play_looped	in_deployed_binary	1	1	1	1	1	migration_required
rt_audio_play_pcm_f32	in_deployed_binary	2	1	2	2	2	migration_required
rt_audio_play_pcm_f64_raw	in_deployed_binary	2	1	2	2	2	migration_required
rt_audio_remove_effect	DEAD_DECLARATION	1	1	1	1	1	migration_required
rt_audio_resume	in_deployed_binary	1	1	1	1	1	migration_required
rt_audio_sdl2_close	c_runtime_source_only	1	1	1	1	1	migration_required
rt_audio_sdl2_init	c_runtime_source_only	1	1	1	1	1	migration_required
rt_audio_sdl2_live_device_count	c_runtime_source_only	1	1	1	1	1	migration_required
rt_audio_sdl2_queued_bytes	c_runtime_source_only	1	1	1	1	1	migration_required
rt_audio_sdl2_queue_pcm_f64_raw	c_runtime_source_only	1	1	1	1	1	migration_required
rt_audio_sdl2_submitted_frames	c_runtime_source_only	1	1	1	1	1	migration_required
rt_audio_sdl2_underrun_count	c_runtime_source_only	1	1	1	1	1	migration_required
rt_audio_set_listener_direction	in_deployed_binary	1	1	1	1	1	migration_required
rt_audio_set_listener_position	in_deployed_binary	1	1	1	1	1	migration_required
rt_audio_set_listener_world_up	in_deployed_binary	1	1	1	1	1	migration_required
rt_audio_set_master_volume	in_deployed_binary	1	1	1	1	1	migration_required
rt_audio_set_pitch	DEAD_DECLARATION	1	1	1	1	1	migration_required
rt_audio_set_sound_max_distance	in_deployed_binary	1	1	1	1	1	migration_required
rt_audio_set_sound_min_distance	in_deployed_binary	1	1	1	1	1	migration_required
rt_audio_set_sound_position	in_deployed_binary	1	1	1	1	1	migration_required
rt_audio_set_spatialization_enabled	in_deployed_binary	1	1	1	1	1	migration_required
rt_audio_set_volume	in_deployed_binary	1	1	1	1	1	migration_required
rt_audio_shutdown	in_deployed_binary	1	1	1	1	1	migration_required
rt_audio_stop	in_deployed_binary	1	1	1	1	1	migration_required
rt_audio_unload_sound	in_deployed_binary	1	1	1	1	1	migration_required
rt_audio_zzz_bogus	interp_extern_registry	1	1	1	1	1	migration_required
rt_base64url_decode	interp_extern_registry	1	1	1	1	1	migration_required
rt_base64url_encode	interp_extern_registry	1	1	1	1	1	migration_required
rt_bdd_after_all	DEAD_DECLARATION	1	1	1	1	1	migration_required
rt_bdd_after_each	in_deployed_binary	1	1	1	1	1	migration_required
rt_bdd_assert_eq	DEAD_DECLARATION	1	1	1	1	1	migration_required
rt_bdd_assert_ne	DEAD_DECLARATION	1	1	1	1	1	migration_required
rt_bdd_assert_true	DEAD_DECLARATION	1	1	1	1	1	migration_required
rt_bdd_before_all	DEAD_DECLARATION	1	1	1	1	1	migration_required
rt_bdd_before_each	in_deployed_binary	1	1	1	1	1	migration_required
rt_bdd_describe	DEAD_DECLARATION	1	1	1	1	1	migration_required
rt_bdd_expect	DEAD_DECLARATION	1	1	1	1	1	migration_required
rt_bdd_it	DEAD_DECLARATION	1	1	1	1	1	migration_required
rt_bits_to_f64	DEAD_DECLARATION	1	1	1	1	1	migration_required
rt_black_box	interp_extern_registry	2	2	2	1	2	source_signature_variants
rt_boot_tcp_accept_timeout	GENUINELY_MISSING	3	1	3	3	3	migration_required
rt_boot_tcp_bind	GENUINELY_MISSING	3	1	3	3	3	migration_required
rt_boot_tcp_bind_port	GENUINELY_MISSING	1	1	1	1	1	migration_required
rt_boot_tcp_close	GENUINELY_MISSING	2	1	2	2	2	migration_required
rt_boot_tcp_read_bytes_for_fd	GENUINELY_MISSING	1	1	1	1	1	migration_required
rt_boot_tcp_read_bytes	GENUINELY_MISSING	2	1	2	2	2	migration_required
rt_boot_tcp_read_ssh_plain_packet_payload	GENUINELY_MISSING	1	1	1	1	1	migration_required
rt_boot_tcp_send_kexinit_fixed	DEAD_DECLARATION	1	1	1	1	1	migration_required
rt_boot_tcp_send_kex_reply_ed25519	DEAD_DECLARATION	1	1	1	1	1	migration_required
rt_boot_tcp_send_kex_reply_fixed	DEAD_DECLARATION	1	1	1	1	1	migration_required
rt_boot_tcp_send_newkeys_fixed	DEAD_DECLARATION	2	1	2	2	2	migration_required
rt_boot_tcp_send_plain_payload	GENUINELY_MISSING	1	1	1	1	1	migration_required
rt_boot_tcp_send_ssh_banner	GENUINELY_MISSING	1	1	1	1	1	migration_required
rt_boot_tcp_take_version_bytes	GENUINELY_MISSING	1	1	1	1	1	migration_required
rt_boot_tcp_take_version_text	GENUINELY_MISSING	1	1	1	1	1	migration_required
rt_boot_tcp_write_auto	GENUINELY_MISSING	1	1	1	1	1	migration_required
rt_boot_tcp_write_bytes	GENUINELY_MISSING	1	1	1	1	1	migration_required
rt_boot_tcp_write_text	GENUINELY_MISSING	3	1	3	3	3	migration_required
rt_browser_http_job_cancel	in_deployed_binary	2	1	2	2	2	migration_required
rt_browser_http_job_free	in_deployed_binary	2	1	2	2	2	migration_required
rt_browser_http_job_poll	in_deployed_binary	2	1	2	2	2	migration_required
rt_browser_http_job_start_public_limited	in_deployed_binary	2	1	2	2	2	migration_required
rt_browser_http_job_take_error	in_deployed_binary	2	1	2	2	2	migration_required
rt_browser_http_job_take_response	in_deployed_binary	2	1	2	2	2	migration_required
rt_browser_renderer_read_stdin_some	c_runtime_source_only	1	1	1	1	1	migration_required
rt_browser_renderer_sandbox_enter	c_runtime_source_only	1	1	1	1	1	migration_required
rt_browser_renderer_spawn_sandboxed	c_runtime_source_only	1	1	1	1	1	migration_required
rt_browser_renderer_write_protocol_some	c_runtime_source_only	1	1	1	1	1	migration_required
__rt_btreemap_clear	interp_extern_registry	5	2	5	5	5	source_signature_variants
__rt_btreemap_contains_key	interp_extern_registry	5	2	5	5	5	source_signature_variants
__rt_btreemap_entries	interp_extern_registry	5	2	5	5	5	source_signature_variants
__rt_btreemap_first_key	interp_extern_registry	7	2	7	7	7	source_signature_variants
__rt_btreemap_get	interp_extern_registry	7	2	7	7	7	source_signature_variants
__rt_btreemap_insert	interp_extern_registry	7	2	7	7	7	source_signature_variants
__rt_btreemap_keys	interp_extern_registry	5	2	5	5	5	source_signature_variants
__rt_btreemap_last_key	interp_extern_registry	7	2	7	7	7	source_signature_variants
__rt_btreemap_len	interp_extern_registry	7	2	7	7	7	source_signature_variants
__rt_btreemap_new	interp_extern_registry	7	2	7	7	7	source_signature_variants
__rt_btreemap_remove	interp_extern_registry	5	2	5	5	5	source_signature_variants
__rt_btreemap_values	interp_extern_registry	5	2	5	5	5	source_signature_variants
__rt_btreeset_clear	interp_extern_registry	5	2	5	5	5	source_signature_variants
__rt_btreeset_contains	interp_extern_registry	5	2	5	5	5	source_signature_variants
__rt_btreeset_difference	interp_extern_registry	3	2	3	3	3	source_signature_variants
__rt_btreeset_first	interp_extern_registry	5	2	5	5	5	source_signature_variants
__rt_btreeset_insert	interp_extern_registry	5	2	5	5	5	source_signature_variants
__rt_btreeset_intersection	interp_extern_registry	3	2	3	3	3	source_signature_variants
__rt_btreeset_is_subset	interp_extern_registry	3	2	3	3	3	source_signature_variants
__rt_btreeset_is_superset	interp_extern_registry	3	2	3	3	3	source_signature_variants
__rt_btreeset_last	interp_extern_registry	5	2	5	5	5	source_signature_variants
__rt_btreeset_len	interp_extern_registry	5	2	5	5	5	source_signature_variants
__rt_btreeset_new	interp_extern_registry	5	2	5	5	5	source_signature_variants
__rt_btreeset_remove	interp_extern_registry	5	2	5	5	5	source_signature_variants
__rt_btreeset_symmetric_difference	interp_extern_registry	3	2	3	3	3	source_signature_variants
__rt_btreeset_to_array	interp_extern_registry	5	2	5	5	5	source_signature_variants
__rt_btreeset_union	interp_extern_registry	3	2	3	3	3	source_signature_variants
rt_build_symbol_table	GENUINELY_MISSING	1	1	1	1	1	migration_required
rt_byte_array_new	in_deployed_binary	10	2	10	10	10	source_signature_variants
rt_byte_array_new_len	in_deployed_binary	5	3	5	5	5	source_signature_variants
rt_byte_char	interp_extern_registry	3	1	3	3	3	migration_required
rt_bytes_alloc	interp_extern_registry	36	3	35	36	36	source_signature_variants
rt_bytes_concat	GENUINELY_MISSING	3	1	3	3	3	migration_required
rt_bytes_from_raw	in_deployed_binary	10	1	8	9	10	migration_required
rt_bytes_slice	GENUINELY_MISSING	2	1	2	2	2	migration_required
rt_bytes_to_f64_array	GENUINELY_MISSING	1	1	1	1	1	migration_required
rt_bytes_to_text	in_deployed_binary	33	2	33	33	33	source_signature_variants
rt_bytes_u32_le_at	in_deployed_binary	1	1	1	1	1	migration_required
rt_bytes_u64_le_at	in_deployed_binary	1	1	1	1	1	migration_required
rt_bytes_u8_at	in_deployed_binary	107	1	107	107	107	migration_required
rt_bytes_u8_set	in_deployed_binary	2	1	2	2	2	migration_required
rt_call_function_0	DEAD_DECLARATION	1	1	1	1	1	migration_required
rt_call_function_1	DEAD_DECLARATION	1	1	1	1	1	migration_required
rt_call_function_2	DEAD_DECLARATION	1	1	1	1	1	migration_required
rt_call_ptr_0	interp_extern_registry	1	1	0	0	1	evidence_required
rt_call_ptr_1	interp_extern_registry	1	1	0	0	1	evidence_required
rt_call_ptr_2	interp_extern_registry	1	1	0	0	1	evidence_required
rt_call_ptr_3	interp_extern_registry	1	1	0	0	1	evidence_required
rt_cargo_build	in_deployed_binary	2	1	2	2	2	migration_required
rt_cargo_check	in_deployed_binary	2	1	2	2	2	migration_required
rt_cargo_clean	in_deployed_binary	2	1	2	2	2	migration_required
rt_cargo_fmt	interp_extern_registry	2	1	2	2	2	migration_required
rt_cargo_lint	interp_extern_registry	2	1	2	2	2	migration_required
rt_cargo_test_doc	interp_extern_registry	2	1	2	2	2	migration_required
rt_cargo_test	in_deployed_binary	2	1	2	2	2	migration_required
rt_channel_close	in_deployed_binary	14	1	14	14	14	migration_required
rt_channel_is_closed	in_deployed_binary	11	2	11	11	11	source_signature_variants
rt_channel_is_empty	DEAD_DECLARATION	1	1	1	1	1	migration_required
rt_channel_len	DEAD_DECLARATION	1	1	1	1	1	migration_required
rt_channel_new	in_deployed_binary	14	2	14	14	14	source_signature_variants
rt_channel_recv	in_deployed_binary	11	3	11	9	11	source_signature_variants
rt_channel_send	in_deployed_binary	14	3	14	14	14	source_signature_variants
rt_channel_try_recv	in_deployed_binary	14	3	14	0	14	source_signature_variants
rt_char_from_code	interp_extern_registry	1	1	1	1	1	migration_required
rt_check_file_path	GENUINELY_MISSING	1	1	1	1	1	migration_required
rt_cli_args	GENUINELY_MISSING	2	1	2	2	2	migration_required
rt_cli_command_v1_call	in_deployed_binary	1	1	1	1	1	migration_required
rt_cli	c_runtime_source_only	4	1	4	4	4	migration_required
rt_cli_dispatch_rust	in_deployed_binary	2	1	2	2	2	migration_required
rt_cli_exit	in_deployed_binary	16	1	16	16	16	migration_required
rt_cli_file_exists	in_deployed_binary	2	1	2	2	2	migration_required
rt_cli_get_args	in_deployed_binary	31	1	31	31	31	migration_required
rt_cli_handle_compile	in_deployed_binary	3	1	3	3	3	migration_required
rt_cli_handle_diagram	in_deployed_binary	2	1	2	2	2	migration_required
rt_cli_handle_linkers	in_deployed_binary	2	1	2	2	2	migration_required
rt_cli_handle_run	in_deployed_binary	2	1	2	2	2	migration_required
rt_cli_handle_web	in_deployed_binary	2	1	2	2	2	migration_required
rt_cli_read_file	in_deployed_binary	2	1	2	2	2	migration_required
rt_cli_run_brief	in_deployed_binary	2	1	2	2	2	migration_required
rt_cli_run_check	in_deployed_binary	2	1	2	2	2	migration_required
rt_cli_run_code	in_deployed_binary	2	1	2	2	2	migration_required
rt_cli_run_constr	in_deployed_binary	2	1	2	2	2	migration_required
rt_cli_run_diff	in_deployed_binary	2	1	2	2	2	migration_required
rt_cli_run_feature_gen	in_deployed_binary	2	1	2	2	2	migration_required
rt_cli_run_ffi_gen	GENUINELY_MISSING	1	1	1	1	1	migration_required
rt_cli_run_file	in_deployed_binary	5	2	5	5	5	source_signature_variants
rt_cli_run_fix	in_deployed_binary	2	1	2	2	2	migration_required
rt_cli_run_fmt	in_deployed_binary	2	1	2	2	2	migration_required
rt_cli_run_gen_lean	in_deployed_binary	2	1	2	2	2	migration_required
rt_cli_run_info	in_deployed_binary	2	1	2	2	2	migration_required
rt_cli_run_lex	in_deployed_binary	2	1	2	2	2	migration_required
rt_cli_run_lint	in_deployed_binary	2	1	2	2	2	migration_required
rt_cli_run_mcp	in_deployed_binary	2	1	2	2	2	migration_required
rt_cli_run_migrate	in_deployed_binary	2	1	2	2	2	migration_required
rt_cli_run_query	in_deployed_binary	2	1	2	2	2	migration_required
rt_cli_run_replay	in_deployed_binary	2	1	2	2	2	migration_required
rt_cli_run_repl	in_deployed_binary	2	1	2	2	2	migration_required
rt_cli_run_sffi_gen	in_deployed_binary	1	1	1	1	1	migration_required
rt_cli_run_spec_coverage	in_deployed_binary	2	1	2	2	2	migration_required
rt_cli_run_spec_gen	in_deployed_binary	2	1	2	2	2	migration_required
rt_cli_run_spipe_docgen	in_deployed_binary	2	1	2	2	2	migration_required
rt_cli_run_task_gen	in_deployed_binary	2	1	2	2	2	migration_required
rt_cli_run_tests	in_deployed_binary	4	2	4	4	4	source_signature_variants
rt_cli_run_tests_process_args	in_deployed_binary	1	1	1	1	1	migration_required
rt_cli_run_todo_gen	in_deployed_binary	2	1	2	2	2	migration_required
rt_cli_run_todo_scan	in_deployed_binary	2	1	2	2	2	migration_required
rt_cli_run_verify	in_deployed_binary	2	1	2	2	2	migration_required
rt_cli_watch_file	in_deployed_binary	2	1	2	2	2	migration_required
rt_close_fd	c_runtime_source_only	3	2	3	3	3	source_signature_variants
rt_closure_func_ptr	in_deployed_binary	1	1	1	1	1	migration_required
rt_cocoa_event_pump	c_runtime_source_only	1	1	1	1	1	migration_required
rt_cocoa_layer_blend_rect	c_runtime_source_only	1	1	1	1	1	migration_required
rt_cocoa_layer_blur	c_runtime_source_only	1	1	1	1	1	migration_required
rt_cocoa_layer_create	c_runtime_source_only	1	1	1	1	1	migration_required
rt_cocoa_layer_fill_rect	c_runtime_source_only	1	1	1	1	1	migration_required
rt_cocoa_layer_free	c_runtime_source_only	1	1	1	1	1	migration_required
rt_cocoa_layer_gradient_v	c_runtime_source_only	1	1	1	1	1	migration_required
rt_cocoa_layer_present	c_runtime_source_only	1	1	1	1	1	migration_required
rt_cocoa_layer_read_pixel	c_runtime_source_only	1	1	1	1	1	migration_required
rt_cocoa_window_close	c_runtime_source_only	1	1	1	1	1	migration_required
rt_cocoa_window_new	c_runtime_source_only	1	1	1	1	1	migration_required
rt_cocoa_window_resize	c_runtime_source_only	1	1	1	1	1	migration_required
rt_command_output	GENUINELY_MISSING	4	1	4	4	4	migration_required
rt_compile_to_llvm_ir	in_deployed_binary	3	1	3	3	3	migration_required
rt_compile_to_native	in_deployed_binary	7	1	7	7	7	migration_required
rt_compile_to_native_with_opt	in_deployed_binary	3	1	3	3	3	migration_required
rt_concurrent_map_clear	in_deployed_binary	1	1	1	1	1	migration_required
rt_concurrent_map_contains	in_deployed_binary	1	1	1	1	1	migration_required
rt_concurrent_map_free	in_deployed_binary	1	1	1	1	1	migration_required
rt_concurrent_map_get	in_deployed_binary	1	1	1	1	1	migration_required
rt_concurrent_map_insert	in_deployed_binary	1	1	1	1	1	migration_required
rt_concurrent_map_len	in_deployed_binary	1	1	1	1	1	migration_required
rt_concurrent_map_new	in_deployed_binary	1	1	1	1	1	migration_required
rt_concurrent_map_remove	in_deployed_binary	1	1	1	1	1	migration_required
rt_concurrent_queue_free	in_deployed_binary	1	1	1	1	1	migration_required
rt_concurrent_queue_is_empty	in_deployed_binary	1	1	1	1	1	migration_required
rt_concurrent_queue_len	in_deployed_binary	1	1	1	1	1	migration_required
rt_concurrent_queue_new	in_deployed_binary	1	1	1	1	1	migration_required
rt_concurrent_queue_pop	in_deployed_binary	1	1	1	1	1	migration_required
rt_concurrent_queue_push	in_deployed_binary	1	1	1	1	1	migration_required
rt_concurrent_stack_free	in_deployed_binary	1	1	1	1	1	migration_required
rt_concurrent_stack_is_empty	in_deployed_binary	1	1	1	1	1	migration_required
rt_concurrent_stack_new	in_deployed_binary	1	1	1	1	1	migration_required
rt_concurrent_stack_pop	in_deployed_binary	1	1	1	1	1	migration_required
rt_concurrent_stack_push	in_deployed_binary	1	1	1	1	1	migration_required
rt_condvar_free	in_deployed_binary	1	1	1	1	1	migration_required
rt_condvar_new	in_deployed_binary	1	1	1	1	1	migration_required
rt_condvar_notify_all	in_deployed_binary	1	1	1	1	1	migration_required
rt_condvar_notify_one	in_deployed_binary	1	1	1	1	1	migration_required
rt_condvar_wait	in_deployed_binary	1	1	1	1	1	migration_required
rt_condvar_wait_timeout	in_deployed_binary	1	1	1	1	1	migration_required
rt_copy_user_byte	interp_extern_registry	8	1	8	8	8	migration_required
rt_counterpart_close	in_deployed_binary	1	1	1	1	1	migration_required
rt_counterpart_invoke	in_deployed_binary	1	1	1	1	1	migration_required
rt_counterpart_last_error_text	in_deployed_binary	1	1	1	1	1	migration_required
rt_counterpart_manifest_text	in_deployed_binary	1	1	1	1	1	migration_required
rt_counterpart_open	in_deployed_binary	1	1	1	1	1	migration_required
rt_counterpart_probe_abi	in_deployed_binary	1	1	1	1	1	migration_required
rt_counterpart_reset	in_deployed_binary	1	1	1	1	1	migration_required
rt_counterpart_response_text	in_deployed_binary	1	1	1	1	1	migration_required
rt_counterpart_trace_text	in_deployed_binary	1	1	1	1	1	migration_required
rt_coverage_branch_count	DEAD_DECLARATION	1	1	1	1	1	migration_required
rt_coverage_branch	DEAD_DECLARATION	1	1	1	1	1	migration_required
rt_coverage_branch_hit_count	DEAD_DECLARATION	1	1	1	1	1	migration_required
rt_coverage_clear	in_deployed_binary	5	1	5	5	5	migration_required
rt_coverage_condition_probe	in_deployed_binary	2	1	2	2	2	migration_required
rt_coverage_decision_probe	in_deployed_binary	2	1	2	2	2	migration_required
rt_coverage_dump_sdn	in_deployed_binary	5	1	5	5	5	migration_required
rt_coverage_enabled	in_deployed_binary	6	2	6	4	6	source_signature_variants
rt_coverage_free_sdn	in_deployed_binary	2	2	2	2	2	source_signature_variants
rt_coverage_function_enter	DEAD_DECLARATION	1	1	1	1	1	migration_required
rt_coverage_function_exit	DEAD_DECLARATION	1	1	1	1	1	migration_required
rt_coverage_hit	DEAD_DECLARATION	1	1	1	1	1	migration_required
rt_coverage_init	DEAD_DECLARATION	1	1	1	1	1	migration_required
rt_coverage_line_count	DEAD_DECLARATION	1	1	1	1	1	migration_required
rt_coverage_line_hit_count	DEAD_DECLARATION	1	1	1	1	1	migration_required
rt_coverage_path_finalizer	GENUINELY_MISSING	1	1	1	1	1	migration_required
rt_coverage_path_probe	in_deployed_binary	1	1	1	1	1	migration_required
rt_coverage_report	DEAD_DECLARATION	1	1	1	1	1	migration_required
rt_coverage_report_json	DEAD_DECLARATION	1	1	1	1	1	migration_required
rt_coverage_reset	DEAD_DECLARATION	1	1	1	1	1	migration_required
rt_cpu_arch_name	GENUINELY_MISSING	1	1	1	1	1	migration_required
rt_cpu_count	GENUINELY_MISSING	3	1	3	3	3	migration_required
rt_cpu_has_avx2	GENUINELY_MISSING	1	1	1	1	1	migration_required
rt_cpu_has_avx512	GENUINELY_MISSING	1	1	1	1	1	migration_required
rt_cpu_has_neon	GENUINELY_MISSING	1	1	1	1	1	migration_required
rt_cpu_has_sse42	GENUINELY_MISSING	1	1	1	1	1	migration_required
rt_cpuid	interp_extern_registry	1	1	1	1	1	migration_required
rt_cpu_is_aarch64	interp_extern_registry	1	1	1	1	1	migration_required
rt_cpu_is_riscv64	interp_extern_registry	1	1	1	1	1	migration_required
rt_cpu_is_x86_64	interp_extern_registry	1	1	1	1	1	migration_required
rt_cpu_present_pixels	GENUINELY_MISSING	1	1	1	1	1	migration_required
rt_cranelift_aot_define_function	in_deployed_binary	1	1	0	1	1	migration_required
rt_cranelift_append_block_param	in_deployed_binary	1	1	0	1	1	migration_required
rt_cranelift_append_func_params	in_deployed_binary	1	1	0	1	1	migration_required
rt_cranelift_band	in_deployed_binary	1	1	0	1	1	migration_required
rt_cranelift_bconst	in_deployed_binary	1	1	0	1	1	migration_required
rt_cranelift_begin_function	in_deployed_binary	1	1	0	1	1	migration_required
rt_cranelift_bitcast	in_deployed_binary	1	1	0	1	1	migration_required
rt_cranelift_block_param	in_deployed_binary	1	1	0	1	1	migration_required
rt_cranelift_bnot	in_deployed_binary	1	1	0	1	1	migration_required
rt_cranelift_bor	in_deployed_binary	1	1	0	1	1	migration_required
rt_cranelift_brif	in_deployed_binary	1	1	0	1	1	migration_required
rt_cranelift_bxor	in_deployed_binary	1	1	0	1	1	migration_required
rt_cranelift_call_arg	in_deployed_binary	1	1	0	1	1	migration_required
rt_cranelift_call_args_clear	in_deployed_binary	1	1	0	1	1	migration_required
rt_cranelift_call_function_ptr	in_deployed_binary	1	1	0	1	1	migration_required
rt_cranelift_call	in_deployed_binary	1	1	0	1	1	migration_required
rt_cranelift_call_indirect	in_deployed_binary	1	1	0	1	1	migration_required
rt_cranelift_create_block	in_deployed_binary	1	1	0	1	1	migration_required
rt_cranelift_data_addr_in_func	in_deployed_binary	1	1	0	1	1	migration_required
rt_cranelift_declare_function	in_deployed_binary	1	1	0	1	1	migration_required
rt_cranelift_declare_global_data	in_deployed_binary	1	1	0	1	1	migration_required
rt_cranelift_declare_string_data	in_deployed_binary	1	1	0	1	1	migration_required
rt_cranelift_define_function	in_deployed_binary	1	1	0	1	1	migration_required
rt_cranelift_emit_object_raw	in_deployed_binary	1	1	0	1	1	migration_required
rt_cranelift_end_function	in_deployed_binary	1	1	0	1	1	migration_required
rt_cranelift_fadd	in_deployed_binary	1	1	0	1	1	migration_required
rt_cranelift_fcmp	in_deployed_binary	1	1	0	1	1	migration_required
rt_cranelift_fconst	in_deployed_binary	1	1	0	1	1	migration_required
rt_cranelift_fcvt_from_sint	in_deployed_binary	1	1	0	1	1	migration_required
rt_cranelift_fcvt_from_uint	in_deployed_binary	1	1	0	1	1	migration_required
rt_cranelift_fcvt_to_sint	in_deployed_binary	1	1	0	1	1	migration_required
rt_cranelift_fcvt_to_uint	in_deployed_binary	1	1	0	1	1	migration_required
rt_cranelift_fdemote	in_deployed_binary	1	1	0	1	1	migration_required
rt_cranelift_fdiv	in_deployed_binary	1	1	0	1	1	migration_required
rt_cranelift_finalize_module	in_deployed_binary	1	1	0	1	1	migration_required
rt_cranelift_fmul	in_deployed_binary	1	1	0	1	1	migration_required
rt_cranelift_fpromote	in_deployed_binary	1	1	0	1	1	migration_required
rt_cranelift_free_module	in_deployed_binary	1	1	0	1	1	migration_required
rt_cranelift_fsub	in_deployed_binary	1	1	0	1	1	migration_required
rt_cranelift_function_addr_in_func	in_deployed_binary	1	1	0	1	1	migration_required
rt_cranelift_get_function_ptr	in_deployed_binary	1	1	0	1	1	migration_required
rt_cranelift_iadd	in_deployed_binary	1	1	0	1	1	migration_required
rt_cranelift_icmp	in_deployed_binary	1	1	0	1	1	migration_required
rt_cranelift_iconst	in_deployed_binary	1	1	0	1	1	migration_required
rt_cranelift_import_function	in_deployed_binary	1	1	0	1	1	migration_required
rt_cranelift_imul	in_deployed_binary	1	1	0	1	1	migration_required
rt_cranelift_ireduce	in_deployed_binary	1	1	0	1	1	migration_required
rt_cranelift_ishl	in_deployed_binary	1	1	0	1	1	migration_required
rt_cranelift_isub	in_deployed_binary	1	1	0	1	1	migration_required
rt_cranelift_jump	in_deployed_binary	1	1	0	1	1	migration_required
rt_cranelift_load	in_deployed_binary	1	1	0	1	1	migration_required
rt_cranelift_new_aot_module	in_deployed_binary	1	1	0	1	1	migration_required
rt_cranelift_new_aot_module_triple	in_deployed_binary	1	1	0	1	1	migration_required
rt_cranelift_new_module	in_deployed_binary	1	1	0	1	1	migration_required
rt_cranelift_new_signature	in_deployed_binary	1	1	0	1	1	migration_required
rt_cranelift_null	in_deployed_binary	1	1	0	1	1	migration_required
rt_cranelift_return	in_deployed_binary	1	1	0	1	1	migration_required
rt_cranelift_return_void	in_deployed_binary	1	1	0	1	1	migration_required
rt_cranelift_sdiv	in_deployed_binary	1	1	0	1	1	migration_required
rt_cranelift_seal_all_blocks	in_deployed_binary	1	1	0	1	1	migration_required
rt_cranelift_seal_block	in_deployed_binary	1	1	0	1	1	migration_required
rt_cranelift_sextend	in_deployed_binary	1	1	0	1	1	migration_required
rt_cranelift_sig_add_param	in_deployed_binary	1	1	0	1	1	migration_required
rt_cranelift_sig_set_return	in_deployed_binary	1	1	0	1	1	migration_required
rt_cranelift_srem	in_deployed_binary	1	1	0	1	1	migration_required
rt_cranelift_sshr	in_deployed_binary	1	1	0	1	1	migration_required
rt_cranelift_stack_addr	in_deployed_binary	1	1	0	1	1	migration_required
rt_cranelift_stack_slot	in_deployed_binary	1	1	0	1	1	migration_required
rt_cranelift_store	in_deployed_binary	1	1	0	1	1	migration_required
rt_cranelift_switch_to_block	in_deployed_binary	1	1	0	1	1	migration_required
rt_cranelift_trap	in_deployed_binary	1	1	0	1	1	migration_required
rt_cranelift_udiv	in_deployed_binary	1	1	0	1	1	migration_required
rt_cranelift_uextend	in_deployed_binary	1	1	0	1	1	migration_required
rt_cranelift_urem	in_deployed_binary	1	1	0	1	1	migration_required
rt_cranelift_ushr	in_deployed_binary	1	1	0	1	1	migration_required
rt_crc32_text	interp_extern_registry	4	1	4	4	4	migration_required
rt_cstring_to_text	in_deployed_binary	5	2	5	5	5	source_signature_variants
rt_cuda3d_available	GENUINELY_MISSING	2	1	2	2	2	migration_required
rt_cuda3d_init	GENUINELY_MISSING	2	1	2	2	2	migration_required
rt_cuda3d_shutdown	GENUINELY_MISSING	2	1	2	2	2	migration_required
rt_cuda_alloc_device	GENUINELY_MISSING	1	1	1	1	1	migration_required
rt_cuda_alloc_fb	GENUINELY_MISSING	1	1	1	1	1	migration_required
rt_cuda_available	in_deployed_binary	10	1	10	10	10	migration_required
rt_cuda_cleanup	GENUINELY_MISSING	2	1	2	2	2	migration_required
rt_cuda_clear	GENUINELY_MISSING	1	1	1	1	1	migration_required
rt_cuda_compile_ptx	GENUINELY_MISSING	3	1	3	3	3	migration_required
rt_cuda_compute_capability	GENUINELY_MISSING	1	1	1	1	1	migration_required
rt_cuda_ctx_create	in_deployed_binary	16	1	16	16	16	migration_required
rt_cuda_ctx_destroy	in_deployed_binary	15	1	15	15	15	migration_required
rt_cuda_ctx_set_current	in_deployed_binary	5	1	5	5	5	migration_required
rt_cuda_ctx_synchronize	in_deployed_binary	5	1	5	5	5	migration_required
rt_cuda_device_compute_capability	in_deployed_binary	5	1	5	5	5	migration_required
rt_cuda_device_count	in_deployed_binary	14	2	14	14	14	source_signature_variants
rt_cuda_device_get	in_deployed_binary	16	1	16	16	16	migration_required
rt_cuda_device_identity	in_deployed_binary	1	1	1	1	1	migration_required
rt_cuda_device_init	GENUINELY_MISSING	2	1	2	2	2	migration_required
rt_cuda_device_memory	GENUINELY_MISSING	1	1	1	1	1	migration_required
rt_cuda_device_name	in_deployed_binary	8	1	8	8	8	migration_required
rt_cuda_draw_rect	GENUINELY_MISSING	1	1	1	1	1	migration_required
rt_cuda_event_create	interp_extern_registry	1	1	1	1	1	migration_required
rt_cuda_event_destroy	interp_extern_registry	1	1	1	1	1	migration_required
rt_cuda_event_elapsed_ns	interp_extern_registry	1	1	1	1	1	migration_required
rt_cuda_event_record	interp_extern_registry	1	1	1	1	1	migration_required
rt_cuda_event_synchronize	interp_extern_registry	1	1	1	1	1	migration_required
rt_cuda_f64_binary_op	in_deployed_binary	2	1	2	2	2	migration_required
rt_cuda_f64_minmax	in_deployed_binary	2	1	2	2	2	migration_required
rt_cuda_f64_scalar_div	in_deployed_binary	2	1	2	2	2	migration_required
rt_cuda_f64_slice_1d	in_deployed_binary	2	1	2	2	2	migration_required
rt_cuda_f64_slice_2d	in_deployed_binary	2	1	2	2	2	migration_required
rt_cuda_f64_sum_axis	in_deployed_binary	2	1	2	2	2	migration_required
rt_cuda_f64_sum	in_deployed_binary	2	1	2	2	2	migration_required
rt_cuda_get_device	GENUINELY_MISSING	1	1	1	1	1	migration_required
rt_cuda_get_error_string	in_deployed_binary	6	1	6	6	6	migration_required
rt_cuda_get_function	GENUINELY_MISSING	3	1	3	3	3	migration_required
rt_cuda_get_last_error	GENUINELY_MISSING	1	1	1	1	1	migration_required
rt_cuda_init	in_deployed_binary	17	1	17	17	17	migration_required
rt_cuda_kernel_get	GENUINELY_MISSING	2	1	2	2	2	migration_required
rt_cuda_kernel_launch	GENUINELY_MISSING	1	1	1	1	1	migration_required
rt_cuda_launch_kernel	in_deployed_binary	20	3	20	20	20	source_signature_variants
rt_cuda_launch_kernel_name_array	in_deployed_binary	1	1	1	1	1	migration_required
rt_cuda_launch_kernel_name	in_deployed_binary	2	1	2	2	2	migration_required
rt_cuda_mem_alloc	in_deployed_binary	19	1	19	19	19	migration_required
rt_cuda_memcpy_d2d	GENUINELY_MISSING	2	1	2	2	2	migration_required
rt_cuda_memcpy_d2h	GENUINELY_MISSING	4	2	4	4	4	source_signature_variants
rt_cuda_memcpy_dtod	in_deployed_binary	4	1	4	4	4	migration_required
rt_cuda_memcpy_dtoh	in_deployed_binary	13	2	13	13	13	source_signature_variants
rt_cuda_memcpy_h2d	GENUINELY_MISSING	3	1	3	3	3	migration_required
rt_cuda_memcpy_htod_array	in_deployed_binary	1	1	1	1	1	migration_required
rt_cuda_memcpy_htod	in_deployed_binary	7	2	7	7	7	source_signature_variants
rt_cuda_mem_free	in_deployed_binary	19	1	19	19	19	migration_required
rt_cuda_memset_d32	in_deployed_binary	2	1	2	2	2	migration_required
rt_cuda_memset	in_deployed_binary	13	2	13	13	13	source_signature_variants
rt_cuda_module_get_function	in_deployed_binary	5	1	5	5	5	migration_required
rt_cuda_module_load_data_array	in_deployed_binary	1	1	1	1	1	migration_required
rt_cuda_module_load_data_bytes	in_deployed_binary	2	1	2	2	2	migration_required
rt_cuda_module_load_data	in_deployed_binary	15	1	15	15	15	migration_required
rt_cuda_module_load	in_deployed_binary	9	2	9	9	9	source_signature_variants
rt_cuda_module_unload	in_deployed_binary	16	1	16	16	16	migration_required
rt_cuda_peek_last_error	GENUINELY_MISSING	1	1	1	1	1	migration_required
rt_cuda_primary_ctx_release	GENUINELY_MISSING	1	1	1	1	1	migration_required
rt_cuda_primary_ctx_retain	GENUINELY_MISSING	1	1	1	1	1	migration_required
rt_cuda_readback	GENUINELY_MISSING	1	1	1	1	1	migration_required
rt_cuda_set_device	GENUINELY_MISSING	1	1	1	1	1	migration_required
rt_cuda_shutdown	GENUINELY_MISSING	2	1	2	2	2	migration_required
rt_cuda_sm_version	GENUINELY_MISSING	1	1	1	1	1	migration_required
rt_cuda_stream_create	GENUINELY_MISSING	2	1	2	2	2	migration_required
rt_cuda_stream_destroy	GENUINELY_MISSING	2	1	2	2	2	migration_required
rt_cuda_stream_sync	GENUINELY_MISSING	1	1	1	1	1	migration_required
rt_cuda_stream_synchronize	GENUINELY_MISSING	1	1	1	1	1	migration_required
rt_cuda_submit	GENUINELY_MISSING	1	1	1	1	1	migration_required
rt_cuda_synchronize	GENUINELY_MISSING	5	2	5	5	5	source_signature_variants
rt_cuda_sync	in_deployed_binary	15	1	15	15	15	migration_required
rt_cuda_unload_module	GENUINELY_MISSING	2	1	2	2	2	migration_required
rt_current_dir	in_deployed_binary	1	1	1	1	1	migration_required
rt_current_task_id	in_deployed_binary	2	1	2	2	2	migration_required
rt_current_time_ms	interp_extern_registry	6	1	6	6	6	migration_required
rt_db_col_count	in_deployed_binary	1	1	1	1	1	migration_required
rt_db_delete	in_deployed_binary	3	1	3	3	3	migration_required
rt_db_get	in_deployed_binary	3	1	3	3	3	migration_required
rt_db_get_int_by_pk	in_deployed_binary	3	1	3	3	3	migration_required
rt_db_get_int	in_deployed_binary	3	1	3	3	3	migration_required
rt_db_get_text	in_deployed_binary	1	1	1	1	1	migration_required
rt_db_idelete	in_deployed_binary	3	1	3	3	3	migration_required
rt_db_iget_int	in_deployed_binary	3	1	3	3	3	migration_required
rt_db_iput3	in_deployed_binary	3	1	3	3	3	migration_required
rt_db_iupdate_int	in_deployed_binary	3	1	3	3	3	migration_required
rt_db_put	in_deployed_binary	3	1	3	3	3	migration_required
rt_db_put_row3	in_deployed_binary	3	1	3	3	3	migration_required
rt_db_put_value_int	in_deployed_binary	3	1	3	3	3	migration_required
rt_db_put_value_text	in_deployed_binary	1	1	1	1	1	migration_required
rt_db_row_count	in_deployed_binary	3	1	3	3	3	migration_required
rt_db_scan_range	in_deployed_binary	3	1	3	3	3	migration_required
rt_db_scan_result	in_deployed_binary	3	1	3	3	3	migration_required
rt_db_table_create	in_deployed_binary	3	1	3	3	3	migration_required
rt_db_table_destroy	in_deployed_binary	3	1	3	3	3	migration_required
rt_db_update_int	in_deployed_binary	3	1	3	3	3	migration_required
rt_db_update_text	in_deployed_binary	1	1	1	1	1	migration_required
rt_debug_add_breakpoint	in_deployed_binary	4	2	4	4	4	source_signature_variants
rt_debug_clear_breakpoints	GENUINELY_MISSING	2	1	2	2	2	migration_required
rt_debug_clear_globals	GENUINELY_MISSING	2	1	2	2	2	migration_required
rt_debug_clear_locals	GENUINELY_MISSING	2	1	2	2	2	migration_required
rt_debug_continue	in_deployed_binary	4	1	4	4	4	migration_required
rt_debug_current_column	GENUINELY_MISSING	2	1	2	2	2	migration_required
rt_debug_current_file	in_deployed_binary	4	2	4	4	4	source_signature_variants
rt_debug_current_line	in_deployed_binary	4	1	4	4	4	migration_required
rt_debug_get_step_mode	GENUINELY_MISSING	2	1	2	2	2	migration_required
rt_debug_get_step_start_depth	GENUINELY_MISSING	2	1	2	2	2	migration_required
rt_debug_globals	GENUINELY_MISSING	2	1	2	2	2	migration_required
rt_debug_has_breakpoint	GENUINELY_MISSING	2	1	2	2	2	migration_required
rt_debug_is_active	in_deployed_binary	4	1	4	4	4	migration_required
rt_debug_is_paused	GENUINELY_MISSING	2	1	2	2	2	migration_required
rt_debug_list_breakpoints	in_deployed_binary	2	1	2	2	2	migration_required
rt_debug_locals	in_deployed_binary	4	2	4	4	4	source_signature_variants
rt_debug_pause	in_deployed_binary	4	1	4	4	4	migration_required
rt_debug_pop_frame	GENUINELY_MISSING	2	1	2	2	2	migration_required
rt_debug_push_frame	GENUINELY_MISSING	2	1	2	2	2	migration_required
rt_debug_remove_all_breakpoints	in_deployed_binary	2	1	2	2	2	migration_required
rt_debug_remove_breakpoint	in_deployed_binary	4	2	4	4	4	source_signature_variants
rt_debug_set_active	in_deployed_binary	4	1	4	4	4	migration_required
rt_debug_set_current_location	GENUINELY_MISSING	2	1	2	2	2	migration_required
rt_debug_set_global	GENUINELY_MISSING	2	1	2	2	2	migration_required
rt_debug_set_local	GENUINELY_MISSING	2	1	2	2	2	migration_required
rt_debug_set_step_mode	in_deployed_binary	4	1	4	4	4	migration_required
rt_debug_set_step_start_depth	GENUINELY_MISSING	2	1	2	2	2	migration_required
rt_debug_should_break	GENUINELY_MISSING	2	1	2	2	2	migration_required
rt_debug_stack_depth	in_deployed_binary	4	1	4	4	4	migration_required
rt_debug_stack_trace	in_deployed_binary	4	2	4	4	4	source_signature_variants
rt_debug_wait_for_continue	GENUINELY_MISSING	2	1	2	2	2	migration_required
rt_decrypt_aes256	GENUINELY_MISSING	2	1	2	2	2	migration_required
rt_deflate_compress	GENUINELY_MISSING	1	1	1	1	1	migration_required
rt_deflate_decompress	GENUINELY_MISSING	1	1	1	1	1	migration_required
rt_derive_key_pbkdf2	GENUINELY_MISSING	2	1	2	2	2	migration_required
rt_dh_curve25519_free	in_deployed_binary	1	1	1	1	1	migration_required
rt_dh_curve25519_keypair	in_deployed_binary	1	1	1	1	1	migration_required
rt_dh_curve25519_public_key	in_deployed_binary	1	1	1	1	1	migration_required
rt_dh_curve25519_shared_secret	in_deployed_binary	1	1	1	1	1	migration_required
rt_diagram_clear	in_deployed_binary	1	1	1	1	1	migration_required
rt_diagram_disable	in_deployed_binary	1	1	1	1	1	migration_required
rt_diagram_enable	in_deployed_binary	1	1	1	1	1	migration_required
rt_diagram_free_string	in_deployed_binary	1	1	1	1	1	migration_required
rt_diagram_generate_arch	in_deployed_binary	1	1	1	1	1	migration_required
rt_diagram_generate_class	in_deployed_binary	1	1	1	1	1	migration_required
rt_diagram_generate_sequence	in_deployed_binary	1	1	1	1	1	migration_required
rt_diagram_is_enabled	in_deployed_binary	1	1	1	1	1	migration_required
rt_diagram_mark_architectural	in_deployed_binary	1	1	1	1	1	migration_required
rt_diagram_trace_method	in_deployed_binary	1	1	1	1	1	migration_required
rt_diagram_trace_method_with_args	in_deployed_binary	1	1	1	1	1	migration_required
rt_diagram_trace_return	in_deployed_binary	1	1	1	1	1	migration_required
rt_dict_clear	in_deployed_binary	3	2	3	3	3	source_signature_variants
rt_dict_contains	in_deployed_binary	10	3	10	10	10	source_signature_variants
rt_dict_get	in_deployed_binary	3	2	3	3	3	source_signature_variants
rt_dict_keys	in_deployed_binary	3	2	3	3	3	source_signature_variants
rt_dict_len	in_deployed_binary	4	2	4	4	4	source_signature_variants
rt_dict_new	in_deployed_binary	3	2	3	3	3	source_signature_variants
rt_dict_remove	in_deployed_binary	1	1	1	1	1	migration_required
rt_dict_set	in_deployed_binary	3	2	3	3	3	source_signature_variants
rt_dict_values	in_deployed_binary	3	2	3	3	3	source_signature_variants
rt_dir_create_all	in_deployed_binary	88	1	88	88	88	migration_required
rt_dir_create	in_deployed_binary	69	2	69	69	69	source_signature_variants
rt_dir_delete	c_runtime_source_only	3	1	3	3	3	migration_required
rt_directx_execute_readback_checked	in_deployed_binary	1	1	1	0	1	migration_required
rt_directx_hardware_adapter_identity	in_deployed_binary	1	1	1	1	1	migration_required
rt_dir_exists	in_deployed_binary	12	1	12	12	12	migration_required
rt_dir_glob	in_deployed_binary	5	3	5	5	5	source_signature_variants
rt_dir_list	in_deployed_binary	57	5	57	57	57	source_signature_variants
rt_dir_remove_all	in_deployed_binary	19	1	19	19	19	migration_required
rt_dir_remove	in_deployed_binary	8	3	8	8	8	source_signature_variants
rt_dir_walk	in_deployed_binary	14	2	14	14	14	source_signature_variants
rt_display_bpp	GENUINELY_MISSING	1	1	1	1	1	migration_required
rt_display_framebuffer_address	GENUINELY_MISSING	1	1	1	1	1	migration_required
rt_display_generation	GENUINELY_MISSING	1	1	1	1	1	migration_required
rt_display_height	GENUINELY_MISSING	1	1	1	1	1	migration_required
rt_display_init	GENUINELY_MISSING	1	1	1	1	1	migration_required
rt_display_pitch	GENUINELY_MISSING	1	1	1	1	1	migration_required
rt_display_present	GENUINELY_MISSING	1	1	1	1	1	migration_required
rt_display_width	GENUINELY_MISSING	1	1	1	1	1	migration_required
rt_dma_alloc	c_runtime_source_only	5	1	5	5	5	migration_required
rt_dma_bytes_to_array	GENUINELY_MISSING	1	1	1	1	1	migration_required
rt_dma_cache_line_size	c_runtime_source_only	1	1	1	1	1	migration_required
rt_dma_free	c_runtime_source_only	4	1	4	4	4	migration_required
rt_dma_phys_of	c_runtime_source_only	5	1	5	5	5	migration_required
rt_dma_sync_for_cpu	c_runtime_source_only	6	1	6	6	6	migration_required
rt_dma_sync_for_device	c_runtime_source_only	6	1	6	6	6	migration_required
rt_dma_virt_of	c_runtime_source_only	5	1	5	5	5	migration_required
rt_dns_lookup	in_deployed_binary	1	1	1	1	1	migration_required
rt_dwarf_addr_to_line	GENUINELY_MISSING	4	1	4	4	4	migration_required
rt_dwarf_free	GENUINELY_MISSING	4	1	4	4	4	migration_required
rt_dwarf_function_at	GENUINELY_MISSING	4	1	4	4	4	migration_required
rt_dwarf_line_to_addr	GENUINELY_MISSING	4	1	4	4	4	migration_required
rt_dwarf_load	GENUINELY_MISSING	4	1	4	4	4	migration_required
rt_dwarf_locals_at	GENUINELY_MISSING	4	1	4	4	4	migration_required
rt_dyncall_0	in_deployed_binary	1	1	1	1	1	migration_required
rt_dyncall_1	in_deployed_binary	1	1	1	1	1	migration_required
rt_dyncall_2	in_deployed_binary	1	1	1	1	1	migration_required
rt_dyncall_3	in_deployed_binary	1	1	1	1	1	migration_required
rt_dyncall_4	in_deployed_binary	1	1	1	1	1	migration_required
rt_dyncall_5	in_deployed_binary	1	1	1	1	1	migration_required
rt_dyncall_6	in_deployed_binary	1	1	1	1	1	migration_required
rt_dyn_torch_tensor_from_bits_1d	in_deployed_binary	2	1	2	2	2	migration_required
rt_ecdsa_p256_sign_checked	in_deployed_binary	1	1	0	0	1	evidence_required
rt_ecdsa_p256_sign	in_deployed_binary	2	1	2	2	2	migration_required
rt_ecdsa_p256_verify_checked	in_deployed_binary	1	1	0	0	1	evidence_required
rt_ecdsa_p256_verify	in_deployed_binary	2	1	2	2	2	migration_required
rt_ecdsa_p384_sign	GENUINELY_MISSING	1	1	1	1	1	migration_required
rt_ecdsa_p384_verify	GENUINELY_MISSING	1	1	1	1	1	migration_required
rt_ecdsa_p521_sign	GENUINELY_MISSING	1	1	1	1	1	migration_required
rt_ecdsa_p521_verify	GENUINELY_MISSING	1	1	1	1	1	migration_required
rt_ed25519_generate_keypair	DEAD_DECLARATION	1	1	1	1	1	migration_required
rt_ed25519_keypair_pk	DEAD_DECLARATION	2	1	2	2	2	migration_required
rt_ed25519_sc_muladd	GENUINELY_MISSING	1	1	1	1	1	migration_required
rt_ed25519_sc_reduce_64	GENUINELY_MISSING	1	1	1	1	1	migration_required
rt_ed25519_sign_checked	in_deployed_binary	1	1	0	0	1	evidence_required
rt_ed25519_sign	in_deployed_binary	3	2	3	3	3	source_signature_variants
rt_ed25519_sign_seed	GENUINELY_MISSING	1	1	0	0	1	evidence_required
rt_ed25519_verify_checked	in_deployed_binary	1	1	0	0	1	evidence_required
rt_ed25519_verify	in_deployed_binary	6	2	6	6	6	source_signature_variants
rt_editor_poll_simple_dap_stopped	c_runtime_source_only	1	1	1	1	1	migration_required
rt_editor_spawn_simple_dap	c_runtime_source_only	1	1	1	1	1	migration_required
rt_editor_start_simple_dap	c_runtime_source_only	1	1	1	1	1	migration_required
rt_editor_wait_simple_dap_stopped	c_runtime_source_only	1	1	1	1	1	migration_required
rt_encrypt_aes256	GENUINELY_MISSING	2	1	2	2	2	migration_required
rt_engine2d_download_pixels	GENUINELY_MISSING	2	1	2	2	2	migration_required
rt_engine2d_pack_args_4	GENUINELY_MISSING	2	1	2	2	2	migration_required
rt_engine2d_pack_args_8	GENUINELY_MISSING	2	1	2	2	2	migration_required
rt_engine2d_rocm_download_pixels	in_deployed_binary	2	1	2	2	2	migration_required
rt_engine2d_rocm_upload_host_buf	in_deployed_binary	2	1	2	2	2	migration_required
rt_engine2d_rocm_upload_pixels	in_deployed_binary	2	1	2	2	2	migration_required
rt_engine2d_simd_blend_const_span_u32	in_deployed_binary	1	1	1	1	1	migration_required
rt_engine2d_simd_blend_row_u32	in_deployed_binary	1	1	1	1	1	migration_required
rt_engine2d_simd_blend_span_u32	in_deployed_binary	1	1	1	1	1	migration_required
rt_engine2d_simd_copy_row_u32	in_deployed_binary	1	1	1	1	1	migration_required
rt_engine2d_simd_copy_span_u32	in_deployed_binary	1	1	1	1	1	migration_required
rt_engine2d_simd_fill_rows_u32	in_deployed_binary	1	1	1	1	1	migration_required
rt_engine2d_simd_fill_row_u32	in_deployed_binary	1	1	1	1	1	migration_required
rt_engine2d_simd_fill_span_u32	in_deployed_binary	1	1	1	1	1	migration_required
rt_engine2d_upload_host_buf	GENUINELY_MISSING	2	1	2	2	2	migration_required
rt_engine2d_upload_pixels	GENUINELY_MISSING	2	1	2	2	2	migration_required
rt_ensure_dir	GENUINELY_MISSING	2	1	2	2	2	migration_required
rt_entropy_fill	GENUINELY_MISSING	1	1	1	1	1	migration_required
rt_entropy_hardware_ready	interp_extern_registry	2	1	2	2	2	migration_required
rt_enum_discriminant	in_deployed_binary	38	7	38	38	38	source_signature_variants
rt_enum_id	in_deployed_binary	4	2	4	4	4	source_signature_variants
rt_enum_new	in_deployed_binary	1	1	1	1	1	migration_required
rt_enum_payload	in_deployed_binary	19	6	19	19	19	source_signature_variants
rt_env_all	in_deployed_binary	5	2	5	5	5	source_signature_variants
rt_env_cwd	in_deployed_binary	21	1	21	21	21	migration_required
rt_env_define_var	interp_extern_registry	1	1	1	1	1	migration_required
rt_env_exists	in_deployed_binary	4	2	4	4	4	source_signature_variants
rt_env_free_handle	interp_extern_registry	1	1	1	1	1	migration_required
rt_env_get_home	GENUINELY_MISSING	1	1	1	1	1	migration_required
rt_env_get_i64	in_deployed_binary	9	1	9	9	9	migration_required
rt_env_get	in_deployed_binary	331	7	331	256	331	source_signature_variants
rt_env_get_var	interp_extern_registry	1	1	1	1	1	migration_required
rt_env_has	DEAD_DECLARATION	1	1	1	1	1	migration_required
rt_env_has_var	interp_extern_registry	1	1	1	1	1	migration_required
rt_env_home	in_deployed_binary	11	2	11	11	11	source_signature_variants
rt_env_new_handle	interp_extern_registry	1	1	1	1	1	migration_required
rt_env_pop_scope	interp_extern_registry	1	1	1	1	1	migration_required
rt_env_push_scope	interp_extern_registry	1	1	1	1	1	migration_required
rt_env_remove	in_deployed_binary	16	3	16	16	16	source_signature_variants
rt_env_scope_depth	interp_extern_registry	1	1	1	1	1	migration_required
rt_env_set_cwd	DEAD_DECLARATION	1	1	1	1	1	migration_required
rt_env_set	in_deployed_binary	119	4	119	119	119	source_signature_variants
rt_env_set_var	interp_extern_registry	1	1	1	1	1	migration_required
rt_env_snapshot	interp_extern_registry	1	1	1	1	1	migration_required
rt_env_temp	in_deployed_binary	5	2	5	5	5	source_signature_variants
rt_env_var_count	interp_extern_registry	1	1	1	1	1	migration_required
rt_env_var_names	interp_extern_registry	1	1	1	1	1	migration_required
rt_env_vars	in_deployed_binary	4	2	4	4	4	source_signature_variants
rt_eprintln	GENUINELY_MISSING	1	1	1	1	1	migration_required
rt_error_arg_count	interp_extern_registry	3	1	3	3	3	migration_required
rt_error_division_by_zero	interp_extern_registry	3	1	3	3	3	migration_required
rt_error_free	interp_extern_registry	3	1	3	3	3	migration_required
rt_error_index_oob	interp_extern_registry	3	1	3	3	3	migration_required
rt_error_message	interp_extern_registry	3	1	3	3	3	migration_required
rt_error_semantic	interp_extern_registry	3	1	3	3	3	migration_required
rt_error_throw	interp_extern_registry	3	1	3	3	3	migration_required
rt_error_type_mismatch	interp_extern_registry	3	1	3	3	3	migration_required
rt_error_undefined_var	interp_extern_registry	3	1	3	3	3	migration_required
rt_event_loop_close	in_deployed_binary	2	1	2	2	2	migration_required
rt_event_loop_create	in_deployed_binary	10	1	10	10	10	migration_required
rt_event_loop_deregister	in_deployed_binary	2	1	2	2	2	migration_required
rt_event_loop_poll_get_fd	in_deployed_binary	5	1	5	5	5	migration_required
rt_event_loop_poll	in_deployed_binary	8	2	8	8	8	source_signature_variants
rt_event_loop_poll_into	GENUINELY_MISSING	2	1	2	2	2	migration_required
rt_event_loop_register	in_deployed_binary	10	2	10	10	10	source_signature_variants
rt_event_ports_close	interp_extern_registry	1	1	1	1	1	migration_required
rt_event_ports_create	interp_extern_registry	1	1	1	1	1	migration_required
rt_event_ports_deregister	interp_extern_registry	1	1	1	1	1	migration_required
rt_event_ports_poll	interp_extern_registry	1	1	1	1	1	migration_required
rt_event_ports_register	interp_extern_registry	1	1	1	1	1	migration_required
rt_exec	in_deployed_binary	2	1	2	2	2	migration_required
rt_exec_memory_count	DEAD_DECLARATION	1	1	1	1	1	migration_required
rt_exec_memory_dump_stats	DEAD_DECLARATION	1	1	1	1	1	migration_required
rt_exec_memory_total	DEAD_DECLARATION	1	1	1	1	1	migration_required
rt_execute_command	GENUINELY_MISSING	1	1	1	1	1	migration_required
rt_execute_native	interp_extern_registry	8	1	8	8	8	migration_required
rt_executor_block_on	DEAD_DECLARATION	1	1	1	1	1	migration_required
rt_executor_current_task_id	in_deployed_binary	1	1	1	1	1	migration_required
rt_executor_new	DEAD_DECLARATION	1	1	1	1	1	migration_required
rt_executor_run	DEAD_DECLARATION	1	1	1	1	1	migration_required
rt_executor_shutdown	in_deployed_binary	1	1	1	1	1	migration_required
rt_executor_spawn	DEAD_DECLARATION	1	1	1	1	1	migration_required
rt_exit	in_deployed_binary	107	3	106	107	107	source_signature_variants
rt_extract_all_symbols	GENUINELY_MISSING	1	1	1	1	1	migration_required
rt_extract_all_symbols_v2	DEAD_DECLARATION	1	1	1	1	1	migration_required
rt_f32_array_alloc	interp_extern_registry	4	1	4	4	4	migration_required
rt_f64_array_alloc	interp_extern_registry	4	1	4	4	4	migration_required
rt_f64_array_to_bytes	GENUINELY_MISSING	1	1	1	1	1	migration_required
rt_f64_to_bits	GENUINELY_MISSING	1	1	1	1	1	migration_required
rt_fault_set_execution_limit	in_deployed_binary	3	1	3	3	3	migration_required
rt_fault_set_max_recursion_depth	in_deployed_binary	3	1	3	3	3	migration_required
rt_fault_set_stack_overflow_detection	in_deployed_binary	3	1	3	3	3	migration_required
rt_fault_set_timeout	in_deployed_binary	3	1	3	3	3	migration_required
rt_fb_blit32	in_deployed_binary	2	1	2	2	2	migration_required
rt_fb_fill32	in_deployed_binary	2	1	2	2	2	migration_required
rt_fb_zzz_bogus	interp_extern_registry	1	1	1	1	1	migration_required
rt_fd_close	interp_extern_registry	2	1	2	2	2	migration_required
rt_fd_read_until	interp_extern_registry	2	1	2	2	2	migration_required
rt_fd_write	interp_extern_registry	2	1	2	2	2	migration_required
rt_file_append	c_runtime_source_only	1	1	1	1	1	migration_required
rt_file_append_text	in_deployed_binary	10	2	10	10	10	source_signature_variants
rt_file_atomic_write	in_deployed_binary	11	1	11	11	11	migration_required
rt_file_atomic_write_mode	interp_extern_registry	2	1	2	2	2	migration_required
rt_file_canonicalize	in_deployed_binary	3	2	3	3	3	source_signature_variants
rt_file_close	in_deployed_binary	4	2	4	4	4	source_signature_variants
rt_file_copy	in_deployed_binary	12	1	12	12	12	migration_required
rt_file_create_excl	interp_extern_registry	4	1	4	4	4	migration_required
rt_file_delete	in_deployed_binary	247	3	247	247	247	source_signature_variants
rt_file_exists	in_deployed_binary	624	3	624	624	624	source_signature_variants
rt_file_exists_probe_begin	in_deployed_binary	3	1	3	3	3	migration_required
rt_file_exists_probe_end	in_deployed_binary	3	1	3	3	3	migration_required
rt_file_exists_str	in_deployed_binary	12	1	12	12	12	migration_required
rt_file_find	in_deployed_binary	3	2	3	3	3	source_signature_variants
rt_file_get_size	in_deployed_binary	2	1	2	2	2	migration_required
rt_file_hash	in_deployed_binary	2	1	2	2	2	migration_required
rt_file_hash_sha256	in_deployed_binary	13	1	13	13	13	migration_required
rt_file_is_char_device	in_deployed_binary	1	1	1	1	1	migration_required
rt_file_is_regular_no_follow	in_deployed_binary	3	2	3	3	3	source_signature_variants
rt_file_list_dir	interp_extern_registry	4	1	4	4	4	migration_required
rt_file_lock	in_deployed_binary	4	1	0	4	4	migration_required
rt_file_madvise	in_deployed_binary	1	1	0	1	1	migration_required
rt_file_mmap	in_deployed_binary	1	1	0	1	1	migration_required
rt_file_mmap_len	in_deployed_binary	2	1	2	2	2	migration_required
rt_file_mmap_read_bytes	in_deployed_binary	4	1	4	4	4	migration_required
rt_file_mmap_read_text	in_deployed_binary	5	1	5	5	5	migration_required
rt_file_mode	interp_extern_registry	2	1	2	2	2	migration_required
rt_file_modified	GENUINELY_MISSING	2	1	2	2	2	migration_required
rt_file_modified_time	GENUINELY_MISSING	4	1	4	4	4	migration_required
rt_file_move	in_deployed_binary	14	1	14	14	14	migration_required
rt_file_mtime	GENUINELY_MISSING	1	1	1	1	1	migration_required
rt_file_munmap	in_deployed_binary	1	1	0	1	1	migration_required
rt_file_open	in_deployed_binary	4	2	4	4	4	source_signature_variants
rt_file_read_all_text	c_runtime_source_only	2	1	2	2	2	migration_required
rt_file_read_bytes	in_deployed_binary	76	3	75	58	76	source_signature_variants
rt_file_read_bytes_range	GENUINELY_MISSING	1	1	1	1	1	migration_required
rt_file_read	GENUINELY_MISSING	7	4	7	7	7	source_signature_variants
rt_file_read_lines	in_deployed_binary	5	3	5	2	5	source_signature_variants
rt_file_read_text_at_checked	interp_extern_registry	3	1	0	0	3	evidence_required
rt_file_read_text	in_deployed_binary	1270	7	1270	1184	1270	source_signature_variants
rt_file_read_text_rv	in_deployed_binary	2	1	2	2	2	migration_required
rt_file_remove	in_deployed_binary	15	1	15	15	15	migration_required
rt_file_rename	in_deployed_binary	17	1	17	17	17	migration_required
rt_file_set_mode	GENUINELY_MISSING	1	1	1	1	1	migration_required
rt_file_size_for_mmap	DEAD_DECLARATION	1	1	1	1	1	migration_required
rt_file_size	in_deployed_binary	39	3	39	35	39	source_signature_variants
rt_file_stat	in_deployed_binary	8	4	8	8	8	source_signature_variants
rt_file_sync	interp_extern_registry	4	1	4	4	4	migration_required
rt_file_truncate	interp_extern_registry	1	1	1	1	1	migration_required
rt_file_unlock	in_deployed_binary	4	1	0	4	4	migration_required
rt_file_write_bytes_b64	GENUINELY_MISSING	1	1	1	1	1	migration_required
rt_file_write_bytes	in_deployed_binary	76	3	76	76	76	source_signature_variants
rt_file_write	c_runtime_source_only	2	1	2	2	2	migration_required
rt_file_write_text_at_cached	in_deployed_binary	2	1	2	2	2	migration_required
rt_file_write_text_at_cached_repeat	in_deployed_binary	2	1	2	2	2	migration_required
rt_file_write_text_at	in_deployed_binary	15	2	15	15	15	source_signature_variants
rt_file_write_text	in_deployed_binary	346	6	346	346	346	source_signature_variants
rt_find_symbol_at_position	GENUINELY_MISSING	1	1	1	0	1	migration_required
rt_find_symbol_at_position_v2	DEAD_DECLARATION	1	1	1	0	1	migration_required
rt_find_symbol_references	GENUINELY_MISSING	1	1	1	1	1	migration_required
rt_flush_icache	DEAD_DECLARATION	1	1	1	1	1	migration_required
rt_font_ascent	in_deployed_binary	1	1	1	1	1	migration_required
rt_font_bitmap_free	in_deployed_binary	2	1	2	2	2	migration_required
rt_font_bitmap_get_pixel	in_deployed_binary	2	1	2	2	2	migration_required
rt_font_bitmap_height	in_deployed_binary	2	1	2	2	2	migration_required
rt_font_bitmap_width	in_deployed_binary	2	1	2	2	2	migration_required
rt_font_bitmap_xoff	in_deployed_binary	1	1	1	1	1	migration_required
rt_font_bitmap_yoff	in_deployed_binary	1	1	1	1	1	migration_required
rt_font_find_table	GENUINELY_MISSING	1	1	1	1	1	migration_required
rt_font_free	in_deployed_binary	1	1	1	1	1	migration_required
rt_font_glyph_advance	in_deployed_binary	2	1	2	2	2	migration_required
rt_font_glyph_advance_index	in_deployed_binary	1	1	1	1	1	migration_required
rt_font_glyph_bitmap	in_deployed_binary	2	1	2	2	2	migration_required
rt_font_glyph_bitmap_index	in_deployed_binary	1	1	1	1	1	migration_required
rt_font_glyph_index	in_deployed_binary	3	1	3	3	3	migration_required
rt_font_line_height	in_deployed_binary	1	1	1	1	1	migration_required
rt_font_load_array	in_deployed_binary	1	1	1	1	1	migration_required
rt_font_load	in_deployed_binary	1	1	1	1	1	migration_required
rt_font_read_i16	GENUINELY_MISSING	1	1	1	1	1	migration_required
rt_font_read_u16	GENUINELY_MISSING	1	1	1	1	1	migration_required
rt_font_read_u32	GENUINELY_MISSING	1	1	1	1	1	migration_required
rt_fork_child_exit	c_runtime_source_only	1	1	1	1	1	migration_required
rt_fork_child_setup	c_runtime_source_only	1	1	1	1	1	migration_required
rt_fork_parent_signaled	c_runtime_source_only	1	1	1	1	1	migration_required
rt_fork_parent_stderr	c_runtime_source_only	1	1	1	1	1	migration_required
rt_fork_parent_stdout	c_runtime_source_only	1	1	1	1	1	migration_required
rt_fork_parent_timed_out	c_runtime_source_only	1	1	1	1	1	migration_required
rt_fork_parent_wait	c_runtime_source_only	1	1	1	1	1	migration_required
rt_free_ast	GENUINELY_MISSING	1	1	1	1	1	migration_required
rt_free_exec_memory	DEAD_DECLARATION	1	1	1	1	1	migration_required
rt_free	in_deployed_binary	52	3	51	50	52	source_signature_variants
rt_free_symbol_table	GENUINELY_MISSING	1	1	1	1	1	migration_required
rt_fs_read_text	GENUINELY_MISSING	5	1	5	0	5	migration_required
rt_ftp_append	GENUINELY_MISSING	1	1	1	1	1	migration_required
rt_ftp_cdup	GENUINELY_MISSING	1	1	1	1	1	migration_required
rt_ftp_connect	GENUINELY_MISSING	1	1	1	1	1	migration_required
rt_ftp_connect_secure	GENUINELY_MISSING	1	1	1	1	1	migration_required
rt_ftp_cwd	GENUINELY_MISSING	1	1	1	1	1	migration_required
rt_ftp_delete	GENUINELY_MISSING	1	1	1	1	1	migration_required
rt_ftp_disconnect	GENUINELY_MISSING	1	1	1	1	1	migration_required
rt_ftp_get	GENUINELY_MISSING	1	1	1	1	1	migration_required
rt_ftp_get_welcome_msg	GENUINELY_MISSING	1	1	1	1	1	migration_required
rt_ftp_is_connected	GENUINELY_MISSING	1	1	1	1	1	migration_required
rt_ftp_list	GENUINELY_MISSING	1	1	1	1	1	migration_required
rt_ftp_login	GENUINELY_MISSING	1	1	1	1	1	migration_required
rt_ftp_mdtm	GENUINELY_MISSING	1	1	1	1	1	migration_required
rt_ftp_mkdir	GENUINELY_MISSING	1	1	1	1	1	migration_required
rt_ftp_noop	GENUINELY_MISSING	1	1	1	1	1	migration_required
rt_ftp_put	GENUINELY_MISSING	1	1	1	1	1	migration_required
rt_ftp_pwd	GENUINELY_MISSING	1	1	1	1	1	migration_required
rt_ftp_quit	GENUINELY_MISSING	1	1	1	1	1	migration_required
rt_ftp_rename	GENUINELY_MISSING	1	1	1	1	1	migration_required
rt_ftp_rmdir	GENUINELY_MISSING	1	1	1	1	1	migration_required
rt_ftp_set_mode_active	GENUINELY_MISSING	1	1	1	1	1	migration_required
rt_ftp_set_mode_passive	GENUINELY_MISSING	1	1	1	1	1	migration_required
rt_ftp_set_transfer_type_ascii	GENUINELY_MISSING	1	1	1	1	1	migration_required
rt_ftp_set_transfer_type_binary	GENUINELY_MISSING	1	1	1	1	1	migration_required
rt_ftp_size	GENUINELY_MISSING	1	1	1	1	1	migration_required
rt_function_not_found	in_deployed_binary	2	1	2	2	2	migration_required
rt_gamepad_axis_data	GENUINELY_MISSING	2	1	2	2	2	migration_required
rt_gamepad_button_data	GENUINELY_MISSING	2	1	2	2	2	migration_required
rt_gamepad_button_is_pressed	GENUINELY_MISSING	2	1	2	2	2	migration_required
rt_gamepad_count	interp_extern_registry	3	1	3	3	3	migration_required
rt_gamepad_event_free	GENUINELY_MISSING	2	1	2	2	2	migration_required
rt_gamepad_event_get_axis	GENUINELY_MISSING	2	1	2	2	2	migration_required
rt_gamepad_event_get_button	GENUINELY_MISSING	2	1	2	2	2	migration_required
rt_gamepad_event_get_gamepad_id	GENUINELY_MISSING	2	1	2	2	2	migration_required
rt_gamepad_event_get_type	GENUINELY_MISSING	2	1	2	2	2	migration_required
rt_gamepad_event_get_value	GENUINELY_MISSING	2	1	2	2	2	migration_required
rt_gamepad_get_last_error	GENUINELY_MISSING	2	1	2	2	2	migration_required
rt_gamepad_get_name	GENUINELY_MISSING	2	1	2	2	2	migration_required
rt_gamepad_get_power_info	GENUINELY_MISSING	2	1	2	2	2	migration_required
rt_gamepad_init	GENUINELY_MISSING	2	1	2	2	2	migration_required
rt_gamepad_is_connected	GENUINELY_MISSING	2	1	2	2	2	migration_required
rt_gamepad_poll_event	GENUINELY_MISSING	2	1	2	2	2	migration_required
rt_gamepad_set_rumble	GENUINELY_MISSING	2	1	2	2	2	migration_required
rt_gamepad_shutdown	GENUINELY_MISSING	2	1	2	2	2	migration_required
rt_gamepad_stop_rumble	GENUINELY_MISSING	2	1	2	2	2	migration_required
rt_gamepad_update	GENUINELY_MISSING	2	1	2	2	2	migration_required
rt_gc_collect	GENUINELY_MISSING	6	2	6	6	6	source_signature_variants
rt_gc_init	GENUINELY_MISSING	3	1	3	3	3	migration_required
rt_gc_malloc	GENUINELY_MISSING	3	1	3	3	3	migration_required
rt_generate_key	GENUINELY_MISSING	2	1	2	2	2	migration_required
rt_generate_key_hex	GENUINELY_MISSING	2	1	2	2	2	migration_required
rt_get_arg_count	DEAD_DECLARATION	1	1	1	1	1	migration_required
rt_get_args	in_deployed_binary	14	3	14	14	14	source_signature_variants
rt_getauxval	GENUINELY_MISSING	1	1	1	1	1	migration_required
rt_get_concurrent_backend	interp_extern_registry	4	1	4	4	4	migration_required
rt_get_context_keywords	GENUINELY_MISSING	1	1	1	1	1	migration_required
rt_get_cwd	interp_extern_registry	9	1	9	9	9	migration_required
rt_get_file_mtime	GENUINELY_MISSING	1	1	1	1	1	migration_required
rt_get_function_pointer	DEAD_DECLARATION	1	1	1	1	1	migration_required
rt_get_host_target_code	in_deployed_binary	3	1	3	3	3	migration_required
rt_get_page_size	DEAD_DECLARATION	1	1	1	1	1	migration_required
rt_getpid	in_deployed_binary	106	1	106	106	106	migration_required
rt_get_protection	DEAD_DECLARATION	1	1	1	1	1	migration_required
rt_get_scope_at_position	GENUINELY_MISSING	1	1	1	1	1	migration_required
rt_get_scope_at_position_v2	DEAD_DECLARATION	1	1	1	1	1	migration_required
rt_ghdl_verify_return_zero_contract	GENUINELY_MISSING	1	1	1	1	1	migration_required
rt_ghdl_verify_vhdl_constraints	GENUINELY_MISSING	1	1	1	1	1	migration_required
rt_glfw_clipboard_get	interp_extern_registry	1	1	1	1	1	migration_required
rt_glfw_clipboard_set	interp_extern_registry	1	1	1	1	1	migration_required
rt_glfw_content_scale_milli	interp_extern_registry	1	1	1	1	1	migration_required
rt_glfw_create_window	interp_extern_registry	1	1	1	1	1	migration_required
rt_glfw_destroy_window	interp_extern_registry	1	1	1	1	1	migration_required
rt_glfw_dropped_event_count	interp_extern_registry	1	1	1	1	1	migration_required
rt_glfw_event_action	interp_extern_registry	1	1	1	1	1	migration_required
rt_glfw_event_dx_milli	interp_extern_registry	1	1	1	1	1	migration_required
rt_glfw_event_dy_milli	interp_extern_registry	1	1	1	1	1	migration_required
rt_glfw_event_height	interp_extern_registry	1	1	1	1	1	migration_required
rt_glfw_event_key	interp_extern_registry	1	1	1	1	1	migration_required
rt_glfw_event_modifiers	interp_extern_registry	1	1	1	1	1	migration_required
rt_glfw_event_scancode	interp_extern_registry	1	1	1	1	1	migration_required
rt_glfw_event_sequence	interp_extern_registry	1	1	1	1	1	migration_required
rt_glfw_event_text	interp_extern_registry	1	1	1	1	1	migration_required
rt_glfw_event_timestamp_ns	interp_extern_registry	1	1	1	1	1	migration_required
rt_glfw_event_width	interp_extern_registry	1	1	1	1	1	migration_required
rt_glfw_event_window	interp_extern_registry	1	1	1	1	1	migration_required
rt_glfw_event_x_milli	interp_extern_registry	1	1	1	1	1	migration_required
rt_glfw_event_y_milli	interp_extern_registry	1	1	1	1	1	migration_required
rt_glfw_focus	interp_extern_registry	1	1	1	1	1	migration_required
rt_glfw_framebuffer_height	interp_extern_registry	1	1	1	1	1	migration_required
rt_glfw_framebuffer_width	interp_extern_registry	1	1	1	1	1	migration_required
rt_glfw_frame_sequence	interp_extern_registry	1	1	1	1	1	migration_required
rt_glfw_init	interp_extern_registry	2	1	2	2	2	migration_required
rt_glfw_live_window_count	interp_extern_registry	1	1	1	1	1	migration_required
rt_glfw_maximize	interp_extern_registry	1	1	1	1	1	migration_required
rt_glfw_minimize	interp_extern_registry	1	1	1	1	1	migration_required
rt_glfw_pop_event	interp_extern_registry	1	1	1	1	1	migration_required
rt_glfw_present_argb	interp_extern_registry	2	2	2	2	2	source_signature_variants
rt_glfw_present_argb_words_raw	interp_extern_registry	1	1	1	1	1	migration_required
rt_glfw_pump_events	interp_extern_registry	1	1	1	1	1	migration_required
rt_glfw_queued_event_count	interp_extern_registry	1	1	1	1	1	migration_required
rt_glfw_restore	interp_extern_registry	1	1	1	1	1	migration_required
rt_glfw_set_visible	interp_extern_registry	1	1	1	1	1	migration_required
rt_glfw_should_close	interp_extern_registry	1	1	1	1	1	migration_required
rt_glfw_terminate	interp_extern_registry	1	1	1	1	1	migration_required
rt_glfw_window_height	interp_extern_registry	1	1	1	1	1	migration_required
rt_glfw_window_width	interp_extern_registry	1	1	1	1	1	migration_required
rt_glfw_zzz_bogus	GENUINELY_MISSING	1	1	1	1	1	migration_required
rt_glob	GENUINELY_MISSING	5	1	5	5	5	migration_required
rt_gpu_buffer_create	DEAD_DECLARATION	1	1	1	1	1	migration_required
rt_gpu_buffer_download	DEAD_DECLARATION	1	1	1	1	1	migration_required
rt_gpu_buffer_free	DEAD_DECLARATION	1	1	1	1	1	migration_required
rt_gpu_buffer_upload	DEAD_DECLARATION	1	1	1	1	1	migration_required
rt_gpu_device_count	DEAD_DECLARATION	1	1	1	1	1	migration_required
rt_gpu_device_name	DEAD_DECLARATION	1	1	1	1	1	migration_required
rt_gpu_device_select	DEAD_DECLARATION	1	1	1	1	1	migration_required
rt_gpu_kernel_compile	DEAD_DECLARATION	1	1	1	1	1	migration_required
rt_gpu_kernel_launch	DEAD_DECLARATION	1	1	1	1	1	migration_required
rt_gpu_kernel_set_arg	DEAD_DECLARATION	1	1	1	1	1	migration_required
rt_gpu_mem_live_bytes	interp_extern_registry	2	1	2	2	2	migration_required
rt_gpu_mem_peak_bytes	interp_extern_registry	2	1	2	2	2	migration_required
rt_gpu_synchronize	DEAD_DECLARATION	1	1	1	1	1	migration_required
rt_gui_begin_frame	GENUINELY_MISSING	1	1	1	1	1	migration_required
rt_gui_blend_fill	GENUINELY_MISSING	1	1	1	1	1	migration_required
rt_gui_blend_span4	GENUINELY_MISSING	1	1	1	1	1	migration_required
rt_gui_box_blur	GENUINELY_MISSING	1	1	1	1	1	migration_required
rt_gui_fill4	GENUINELY_MISSING	3	2	3	3	3	source_signature_variants
rt_gui_get_glyph_8x16	interp_extern_registry	1	1	1	1	1	migration_required
rt_gui_gradient_h	DEAD_DECLARATION	1	1	1	1	1	migration_required
rt_gui_gradient_v	GENUINELY_MISSING	1	1	1	1	1	migration_required
rt_gui_hline	GENUINELY_MISSING	1	1	1	1	1	migration_required
rt_gui_present	GENUINELY_MISSING	1	1	1	1	1	migration_required
rt_gui_present_html	GENUINELY_MISSING	3	1	3	3	3	migration_required
rt_gui_set_gpu_accel_enabled	GENUINELY_MISSING	1	1	1	1	1	migration_required
rt_gui_set_gpu_mode	GENUINELY_MISSING	1	1	1	1	1	migration_required
rt_gui_shadow_fill	GENUINELY_MISSING	1	1	1	1	1	migration_required
rt_gui_shadow	GENUINELY_MISSING	1	1	1	1	1	migration_required
rt_gui_simd_fill_chunks	GENUINELY_MISSING	1	1	1	1	1	migration_required
rt_gui_simd_fill_enabled	GENUINELY_MISSING	1	1	1	1	1	migration_required
rt_gui_simd_fill_hits	GENUINELY_MISSING	1	1	1	1	1	migration_required
rt_gui_simd_fill_scalar_parity	GENUINELY_MISSING	1	1	1	1	1	migration_required
rt_gui_simd_fill_tail_pixels	GENUINELY_MISSING	1	1	1	1	1	migration_required
rt_gui_take_pending_flush	GENUINELY_MISSING	1	1	1	1	1	migration_required
rt_gzip_compress_file	GENUINELY_MISSING	1	1	1	1	1	migration_required
rt_gzip_compress	GENUINELY_MISSING	1	1	1	1	1	migration_required
rt_gzip_decompress_file	GENUINELY_MISSING	1	1	1	1	1	migration_required
rt_gzip_decompress	GENUINELY_MISSING	1	1	1	1	1	migration_required
rt_halt_exit	c_runtime_source_only	1	1	1	1	1	migration_required
rt_hash_blake3	GENUINELY_MISSING	2	1	2	2	2	migration_required
__rt_hashmap_clear	interp_extern_registry	3	2	3	3	3	source_signature_variants
__rt_hashmap_contains_key	interp_extern_registry	7	2	7	7	7	source_signature_variants
__rt_hashmap_entries	interp_extern_registry	3	2	3	3	3	source_signature_variants
__rt_hashmap_get	interp_extern_registry	7	2	7	7	7	source_signature_variants
__rt_hashmap_insert	interp_extern_registry	7	2	7	7	7	source_signature_variants
__rt_hashmap_keys	interp_extern_registry	3	2	3	3	3	source_signature_variants
__rt_hashmap_len	interp_extern_registry	7	2	7	7	7	source_signature_variants
__rt_hashmap_new	interp_extern_registry	7	2	7	7	7	source_signature_variants
__rt_hashmap_remove	interp_extern_registry	7	2	7	7	7	source_signature_variants
__rt_hashmap_values	interp_extern_registry	3	2	3	3	3	source_signature_variants
__rt_hashset_clear	interp_extern_registry	3	2	3	3	3	source_signature_variants
__rt_hashset_contains	interp_extern_registry	3	2	3	3	3	source_signature_variants
__rt_hashset_difference	interp_extern_registry	3	2	3	3	3	source_signature_variants
__rt_hashset_insert	interp_extern_registry	3	2	3	3	3	source_signature_variants
__rt_hashset_intersection	interp_extern_registry	3	2	3	3	3	source_signature_variants
__rt_hashset_is_subset	interp_extern_registry	3	2	3	3	3	source_signature_variants
__rt_hashset_is_superset	interp_extern_registry	3	2	3	3	3	source_signature_variants
__rt_hashset_len	interp_extern_registry	3	2	3	3	3	source_signature_variants
__rt_hashset_new	interp_extern_registry	3	2	3	3	3	source_signature_variants
__rt_hashset_remove	interp_extern_registry	3	2	3	3	3	source_signature_variants
__rt_hashset_symmetric_difference	interp_extern_registry	3	2	3	3	3	source_signature_variants
__rt_hashset_to_array	interp_extern_registry	3	2	3	3	3	source_signature_variants
__rt_hashset_union	interp_extern_registry	3	2	3	3	3	source_signature_variants
rt_hash_sha256	GENUINELY_MISSING	2	1	2	2	2	migration_required
rt_hash_sha3_256	GENUINELY_MISSING	2	1	2	2	2	migration_required
rt_hash_sha512	GENUINELY_MISSING	2	1	2	2	2	migration_required
rt_hash_text	in_deployed_binary	30	1	30	30	30	migration_required
rt_hda_dma_probe_live_count	GENUINELY_MISSING	1	1	1	1	1	migration_required
rt_hda_dma_probe_reset	GENUINELY_MISSING	1	1	1	1	1	migration_required
rt_hda_pci_probe_set_mode	GENUINELY_MISSING	1	1	1	1	1	migration_required
rt_heap_array_capacity_bytes	in_deployed_binary	5	1	5	5	5	migration_required
rt_heap_aux_live_bytes	in_deployed_binary	4	1	4	4	4	migration_required
rt_heap_live_bytes_by_kind	in_deployed_binary	1	1	1	1	1	migration_required
rt_heap_live_bytes	in_deployed_binary	6	1	6	6	6	migration_required
rt_heap_live_count_by_kind	in_deployed_binary	1	1	1	1	1	migration_required
rt_heap_peak_bytes	in_deployed_binary	1	1	1	1	1	migration_required
rt_heap_registry_count	in_deployed_binary	4	1	4	4	4	migration_required
rt_hex_to_wire	c_runtime_source_only	1	1	1	1	1	migration_required
rt_hlt	c_runtime_source_only	4	1	4	4	4	migration_required
rt_hmac_sha256	GENUINELY_MISSING	2	1	2	2	2	migration_required
rt_hmac_sha512	GENUINELY_MISSING	2	1	2	2	2	migration_required
rt_hook_add_breakpoint	GENUINELY_MISSING	3	1	3	3	3	migration_required
rt_hook_continue	GENUINELY_MISSING	3	1	3	3	3	migration_required
rt_hook_disable_debugging	GENUINELY_MISSING	3	1	3	3	3	migration_required
rt_hook_enable_debugging	SHADOWED_BY_SPL_FN	3	1	3	3	3	migration_required
rt_hook_evaluate_condition	GENUINELY_MISSING	3	1	3	3	3	migration_required
rt_hook_evaluate_expression	GENUINELY_MISSING	3	1	3	3	3	migration_required
rt_hook_get_call_depth	GENUINELY_MISSING	3	1	3	3	3	migration_required
rt_hook_get_stack_frames	GENUINELY_MISSING	3	1	3	3	3	migration_required
rt_hook_get_variables	GENUINELY_MISSING	3	1	3	3	3	migration_required
rt_hook_pause	GENUINELY_MISSING	3	1	3	3	3	migration_required
rt_hook_remove_breakpoint	GENUINELY_MISSING	3	1	3	3	3	migration_required
rt_hook_set_breakpoint_enabled	GENUINELY_MISSING	3	1	3	3	3	migration_required
rt_hook_step	GENUINELY_MISSING	3	1	3	3	3	migration_required
rt_hook_terminate	GENUINELY_MISSING	3	1	3	3	3	migration_required
rt_host_dynlib_close	in_deployed_binary	1	1	1	1	1	migration_required
rt_host_dynlib_open	in_deployed_binary	1	1	1	1	1	migration_required
rt_host_dynlib_symbol	in_deployed_binary	1	1	1	1	1	migration_required
rt_hosted_select_surface	interp_extern_registry	1	1	1	1	1	migration_required
rt_hosted_set_surface_override	interp_extern_registry	1	1	1	1	1	migration_required
rt_host_gpu_active_backend_handle	GENUINELY_MISSING	1	1	1	1	1	migration_required
rt_host_gpu_lane_event	in_deployed_binary	1	1	1	1	1	migration_required
rt_host_gpu_queue_completed_count	in_deployed_binary	3	1	3	3	3	migration_required
rt_host_gpu_queue_complete	in_deployed_binary	3	1	3	3	3	migration_required
rt_host_gpu_queue_drain	in_deployed_binary	3	1	3	3	3	migration_required
rt_host_gpu_queue_emit	in_deployed_binary	4	1	4	4	4	migration_required
rt_host_gpu_queue_emit_payload	in_deployed_binary	1	1	1	1	1	migration_required
rt_host_gpu_queue_emit_payload_text	in_deployed_binary	3	1	3	3	3	migration_required
rt_host_gpu_queue_in_flight_count	in_deployed_binary	2	1	2	2	2	migration_required
rt_host_gpu_queue_last_backend_handle	in_deployed_binary	3	1	3	3	3	migration_required
rt_host_gpu_queue_last_payload_hash	in_deployed_binary	3	1	3	3	3	migration_required
rt_host_gpu_queue_last_payload_size	in_deployed_binary	3	1	3	3	3	migration_required
rt_host_gpu_queue_last_payload_text	in_deployed_binary	3	1	3	3	3	migration_required
rt_host_gpu_queue_last_status	in_deployed_binary	3	1	3	3	3	migration_required
rt_host_gpu_queue_packet_count	in_deployed_binary	1	1	1	1	1	migration_required
rt_host_gpu_queue_reset	in_deployed_binary	8	1	8	8	8	migration_required
rt_host_gpu_queue_submit	in_deployed_binary	3	1	3	3	3	migration_required
rt_host_gpu_queue_submitted_count	in_deployed_binary	3	1	3	3	3	migration_required
rt_hostname	interp_extern_registry	5	1	5	5	5	migration_required
rt_host_wm_client_connect	interp_extern_registry	3	1	3	3	3	migration_required
rt_host_wm_client_poll_event	interp_extern_registry	3	1	3	3	3	migration_required
rt_host_wm_client_request	interp_extern_registry	3	1	3	3	3	migration_required
rt_http_client_create	c_runtime_source_only	3	1	3	3	3	migration_required
rt_http_client_destroy	c_runtime_source_only	3	1	3	3	3	migration_required
rt_http_client_request	c_runtime_source_only	3	1	3	3	3	migration_required
rt_http_client_set_header	GENUINELY_MISSING	3	1	3	3	3	migration_required
rt_http_client_set_timeout	c_runtime_source_only	3	1	3	3	3	migration_required
rt_http_delete	GENUINELY_MISSING	3	1	3	3	3	migration_required
rt_http_download	c_runtime_source_only	4	1	4	4	4	migration_required
rt_http_get	interp_extern_registry	3	1	3	3	3	migration_required
rt_http_head	GENUINELY_MISSING	3	1	3	3	3	migration_required
rt_http_patch	GENUINELY_MISSING	3	1	3	3	3	migration_required
rt_http_post	GENUINELY_MISSING	3	1	3	3	3	migration_required
rt_http_put	GENUINELY_MISSING	3	1	3	3	3	migration_required
rt_http_request	interp_extern_registry	3	1	3	3	3	migration_required
rt_http_server_create	GENUINELY_MISSING	3	1	3	3	3	migration_required
rt_http_server_destroy	GENUINELY_MISSING	3	1	3	3	3	migration_required
rt_http_server_route	GENUINELY_MISSING	3	1	3	3	3	migration_required
rt_http_server_start	GENUINELY_MISSING	3	1	3	3	3	migration_required
rt_http_server_static	GENUINELY_MISSING	3	1	3	3	3	migration_required
rt_http_server_stop	GENUINELY_MISSING	3	1	3	3	3	migration_required
rt_http_upload	GENUINELY_MISSING	3	1	3	3	3	migration_required
rt_http_url_decode	GENUINELY_MISSING	3	1	3	3	3	migration_required
rt_http_url_encode	GENUINELY_MISSING	3	1	3	3	3	migration_required
rt_i32_array_alloc	interp_extern_registry	4	1	4	4	4	migration_required
rt_i64_array_alloc	interp_extern_registry	4	1	4	4	4	migration_required
rt_image_channels	in_deployed_binary	1	1	1	1	1	migration_required
rt_image_free	in_deployed_binary	1	1	1	1	1	migration_required
rt_image_get_pixel	in_deployed_binary	1	1	1	1	1	migration_required
rt_image_height	in_deployed_binary	1	1	1	1	1	migration_required
rt_image_load	in_deployed_binary	2	1	2	2	2	migration_required
rt_image_width	in_deployed_binary	1	1	1	1	1	migration_required
rt_image_zzz_bogus	interp_extern_registry	1	1	1	1	1	migration_required
rt_init_signal_handlers	GENUINELY_MISSING	1	1	1	1	1	migration_required
rt_install_rich_fault_hook	GENUINELY_MISSING	1	1	1	1	1	migration_required
rt_intel3d_available	GENUINELY_MISSING	2	1	2	2	2	migration_required
rt_intel3d_init	GENUINELY_MISSING	2	1	2	2	2	migration_required
rt_intel3d_shutdown	GENUINELY_MISSING	2	1	2	2	2	migration_required
rt_intel_command_list_create	GENUINELY_MISSING	2	1	2	2	2	migration_required
rt_intel_device_count	GENUINELY_MISSING	2	1	2	2	2	migration_required
rt_intel_driver_count	GENUINELY_MISSING	2	1	2	2	2	migration_required
rt_intel_engine2d_download_pixels	c_runtime_source_only	3	1	3	3	3	migration_required
rt_intel_engine2d_set_args_blit	c_runtime_source_only	3	1	3	3	3	migration_required
rt_intel_engine2d_set_args_circle	c_runtime_source_only	3	1	3	3	3	migration_required
rt_intel_engine2d_set_args_clear	c_runtime_source_only	3	1	3	3	3	migration_required
rt_intel_engine2d_set_args_gradient	c_runtime_source_only	3	1	3	3	3	migration_required
rt_intel_engine2d_set_args_line	c_runtime_source_only	3	1	3	3	3	migration_required
rt_intel_engine2d_set_args_rect	c_runtime_source_only	3	1	3	3	3	migration_required
rt_intel_engine2d_set_args_rounded_rect	c_runtime_source_only	3	1	3	3	3	migration_required
rt_intel_engine2d_set_args_triangle	c_runtime_source_only	3	1	3	3	3	migration_required
rt_intel_engine2d_upload_host_buf	c_runtime_source_only	3	1	3	3	3	migration_required
rt_intel_engine2d_upload_pixels	c_runtime_source_only	3	1	3	3	3	migration_required
rt_intel_init	GENUINELY_MISSING	2	1	2	2	2	migration_required
rt_intel_is_available	GENUINELY_MISSING	2	1	2	2	2	migration_required
rt_intel_kernel_create	GENUINELY_MISSING	2	1	2	2	2	migration_required
rt_intel_launch_kernel	GENUINELY_MISSING	2	1	2	2	2	migration_required
rt_intel_mem_alloc	GENUINELY_MISSING	2	1	2	2	2	migration_required
rt_intel_mem_free	GENUINELY_MISSING	2	1	2	2	2	migration_required
rt_intel_shutdown	GENUINELY_MISSING	2	1	2	2	2	migration_required
rt_intern_symbol	interp_extern_registry	2	1	2	2	2	migration_required
rt_invlpg	c_runtime_source_only	4	2	4	4	4	source_signature_variants
rt_iocp_close	interp_extern_registry	1	1	1	1	1	migration_required
rt_iocp_create	interp_extern_registry	1	1	1	1	1	migration_required
rt_iocp_deregister	interp_extern_registry	1	1	1	1	1	migration_required
rt_iocp_poll	interp_extern_registry	1	1	1	1	1	migration_required
rt_iocp_register	interp_extern_registry	1	1	1	1	1	migration_required
rt_io_file_close	in_deployed_binary	4	1	4	4	4	migration_required
rt_io_file_delete	in_deployed_binary	2	1	2	2	2	migration_required
rt_io_file_exists	in_deployed_binary	2	1	2	2	2	migration_required
rt_io_file_flush	in_deployed_binary	2	1	2	2	2	migration_required
rt_io_file_meta_created	in_deployed_binary	1	1	1	1	1	migration_required
rt_io_file_meta_flags	in_deployed_binary	2	1	2	2	2	migration_required
rt_io_file_meta_modified	in_deployed_binary	1	1	1	1	1	migration_required
rt_io_file_meta_size	in_deployed_binary	3	1	3	3	3	migration_required
rt_io_file_open	in_deployed_binary	3	1	3	3	3	migration_required
rt_io_file_read_all	in_deployed_binary	1	1	1	1	1	migration_required
rt_io_file_read	in_deployed_binary	2	1	2	2	2	migration_required
rt_io_file_read_line	in_deployed_binary	1	1	1	0	1	migration_required
rt_io_file_seek	in_deployed_binary	3	1	3	3	3	migration_required
rt_io_file_set_permissions	in_deployed_binary	1	1	1	1	1	migration_required
rt_io_file_write_all	in_deployed_binary	2	1	2	2	2	migration_required
rt_io_file_write	in_deployed_binary	1	1	1	1	1	migration_required
rt_io_tcp_accept	in_deployed_binary	13	1	13	13	13	migration_required
rt_io_tcp_accept_timeout	in_deployed_binary	5	1	5	5	5	migration_required
rt_io_tcp_bind_fd	in_deployed_binary	7	1	7	7	7	migration_required
rt_io_tcp_bind	in_deployed_binary	14	1	14	14	14	migration_required
rt_io_tcp_close	in_deployed_binary	28	2	28	28	28	source_signature_variants
rt_io_tcp_connect	in_deployed_binary	6	1	6	6	6	migration_required
rt_io_tcp_connect_timeout	in_deployed_binary	5	1	5	5	5	migration_required
rt_io_tcp_drain_line	in_deployed_binary	4	1	4	4	4	migration_required
rt_io_tcp_flush	in_deployed_binary	5	1	5	5	5	migration_required
rt_io_tcp_listen	in_deployed_binary	11	2	11	11	11	source_signature_variants
rt_io_tcp_local_addr	in_deployed_binary	1	1	1	0	1	migration_required
rt_io_tcp_peer_addr	in_deployed_binary	1	1	1	0	1	migration_required
rt_io_tcp_read_exact_len	in_deployed_binary	2	1	2	2	2	migration_required
rt_io_tcp_read	in_deployed_binary	20	1	20	20	20	migration_required
rt_io_tcp_read_into	GENUINELY_MISSING	2	1	2	2	2	migration_required
rt_io_tcp_read_line	in_deployed_binary	3	1	3	0	3	migration_required
rt_io_tcp_set_nodelay	in_deployed_binary	12	1	12	12	12	migration_required
rt_io_tcp_set_nonblocking	in_deployed_binary	11	2	11	11	11	source_signature_variants
rt_io_tcp_set_read_timeout	in_deployed_binary	6	2	6	6	6	source_signature_variants
rt_io_tcp_set_reuseaddr	in_deployed_binary	11	2	11	11	11	source_signature_variants
rt_io_tcp_set_reuseport	in_deployed_binary	7	1	7	7	7	migration_required
rt_io_tcp_set_write_timeout	in_deployed_binary	3	1	3	3	3	migration_required
rt_io_tcp_shutdown	in_deployed_binary	1	1	1	1	1	migration_required
rt_io_tcp_socket_create	in_deployed_binary	7	1	7	7	7	migration_required
rt_io_tcp_write_bytes	interp_extern_registry	1	1	1	1	1	migration_required
rt_io_tcp_write	in_deployed_binary	3	1	3	3	3	migration_required
rt_io_tcp_write_text	in_deployed_binary	24	1	24	24	24	migration_required
rt_io_tcp_write_text_read_exact_len	in_deployed_binary	2	1	2	2	2	migration_required
rt_io_udp_bind	c_runtime_source_only	8	1	8	8	8	migration_required
rt_io_udp_close	GENUINELY_MISSING	8	2	8	8	8	source_signature_variants
rt_io_udp_connect	c_runtime_source_only	1	1	1	1	1	migration_required
rt_io_udp_local_addr	GENUINELY_MISSING	1	1	1	0	1	migration_required
rt_io_udp_recv	c_runtime_source_only	1	1	1	1	1	migration_required
rt_io_udp_recv_from	c_runtime_source_only	5	2	5	2	5	source_signature_variants
rt_io_udp_send	c_runtime_source_only	1	1	1	1	1	migration_required
rt_io_udp_send_to	c_runtime_source_only	5	1	5	5	5	migration_required
rt_io_udp_set_broadcast	c_runtime_source_only	1	1	1	1	1	migration_required
rt_io_udp_set_nonblocking	GENUINELY_MISSING	2	1	2	2	2	migration_required
rt_io_udp_set_read_timeout	GENUINELY_MISSING	1	1	1	1	1	migration_required
rt_ipc_recv_bytes	GENUINELY_MISSING	2	1	2	2	2	migration_required
rt_ipc_recv	DEAD_DECLARATION	1	1	1	1	1	migration_required
rt_ipc_send_bytes	GENUINELY_MISSING	2	1	2	2	2	migration_required
rt_ipc_send	DEAD_DECLARATION	1	1	1	1	1	migration_required
rt_is_darwin_arm64	GENUINELY_MISSING	1	1	1	1	1	migration_required
rt_is_debug_mode_enabled	in_deployed_binary	5	2	5	5	5	source_signature_variants
rt_is_error	in_deployed_binary	2	1	2	2	2	migration_required
rt_is_executable	DEAD_DECLARATION	1	1	1	1	1	migration_required
rt_is_interpreter_runtime	in_deployed_binary	3	1	3	3	3	migration_required
rt_is_macro_trace_enabled	in_deployed_binary	4	2	4	4	4	source_signature_variants
rt_jit_backend_name	interp_extern_registry	16	1	16	16	16	migration_required
rt_jit_call_i64_i64	interp_extern_registry	1	1	1	1	1	migration_required
rt_jit_call_i64	interp_extern_registry	17	1	17	17	17	migration_required
rt_jit_call_void	interp_extern_registry	2	1	2	2	2	migration_required
rt_jit_cleanup	interp_extern_registry	19	1	19	19	19	migration_required
rt_jit_compile_source	interp_extern_registry	17	1	17	17	17	migration_required
rt_jit_create_for_target	interp_extern_registry	16	1	16	16	16	migration_required
rt_jit_create	interp_extern_registry	8	1	8	8	8	migration_required
rt_jit_has_function	interp_extern_registry	11	1	11	11	11	migration_required
rt_kqueue_close	interp_extern_registry	1	1	1	1	1	migration_required
rt_kqueue_create	interp_extern_registry	1	1	1	1	1	migration_required
rt_kqueue_deregister	interp_extern_registry	1	1	1	1	1	migration_required
rt_kqueue_poll	interp_extern_registry	1	1	1	1	1	migration_required
rt_kqueue_register	interp_extern_registry	1	1	1	1	1	migration_required
rt_lgdt	c_runtime_source_only	4	2	4	4	4	source_signature_variants
rt_lidt	c_runtime_source_only	5	2	5	5	5	source_signature_variants
rt_limine_framebuffer_response	GENUINELY_MISSING	1	1	1	1	1	migration_required
rt_limine_hhdm_response	GENUINELY_MISSING	1	1	1	1	1	migration_required
rt_limine_kernel_addr_response	GENUINELY_MISSING	1	1	1	1	1	migration_required
rt_limine_memmap_response	GENUINELY_MISSING	1	1	1	1	1	migration_required
rt_limine_rsdp_response	GENUINELY_MISSING	1	1	1	1	1	migration_required
rt_list_dir	GENUINELY_MISSING	1	1	1	1	1	migration_required
rt_list_dir_recursive	GENUINELY_MISSING	2	1	2	2	2	migration_required
rt_load_barrier	in_deployed_binary	2	1	2	2	2	migration_required
rt_log_clear_scope_levels	in_deployed_binary	1	1	1	1	1	migration_required
rt_log_emit	in_deployed_binary	1	1	1	1	1	migration_required
rt_log_get_global_level	in_deployed_binary	1	1	1	1	1	migration_required
rt_log_get_scope_level	in_deployed_binary	1	1	1	1	1	migration_required
rt_log_is_enabled	in_deployed_binary	1	1	1	1	1	migration_required
rt_log_set_global_level	in_deployed_binary	1	1	1	1	1	migration_required
rt_log_set_scope_level	in_deployed_binary	1	1	1	1	1	migration_required
rt_log_target_device_write_bytes	in_deployed_binary	1	1	1	1	1	migration_required
rt_log_target_semihost_write_bytes	in_deployed_binary	1	1	1	1	1	migration_required
rt_ltr	c_runtime_source_only	4	1	4	4	4	migration_required
rt_lyon_fill_tessellate	interp_extern_registry	2	1	2	2	2	migration_required
rt_lyon_fill_tessellate_with_rule	GENUINELY_MISSING	2	1	2	2	2	migration_required
rt_lyon_fill_tessellation_free	interp_extern_registry	3	1	3	3	3	migration_required
rt_lyon_fill_tessellation_get_indices	GENUINELY_MISSING	2	1	2	2	2	migration_required
rt_lyon_fill_tessellation_get_vertices	GENUINELY_MISSING	2	1	2	2	2	migration_required
rt_lyon_fill_tessellation_index_count	GENUINELY_MISSING	2	1	2	2	2	migration_required
rt_lyon_fill_tessellation_vertex_count	GENUINELY_MISSING	2	1	2	2	2	migration_required
rt_lyon_get_last_error	GENUINELY_MISSING	2	1	2	2	2	migration_required
rt_lyon_index_buffer_free	GENUINELY_MISSING	2	1	2	2	2	migration_required
rt_lyon_index_buffer_get	GENUINELY_MISSING	2	1	2	2	2	migration_required
rt_lyon_index_buffer_size	GENUINELY_MISSING	2	1	2	2	2	migration_required
rt_lyon_index_buffer_to_array	GENUINELY_MISSING	2	1	2	2	2	migration_required
rt_lyon_path_builder_arc_to	GENUINELY_MISSING	2	1	2	2	2	migration_required
rt_lyon_path_builder_begin	GENUINELY_MISSING	2	1	2	2	2	migration_required
rt_lyon_path_builder_build	GENUINELY_MISSING	2	1	2	2	2	migration_required
rt_lyon_path_builder_close	GENUINELY_MISSING	2	1	2	2	2	migration_required
rt_lyon_path_builder_cubic_bezier_to	GENUINELY_MISSING	2	1	2	2	2	migration_required
rt_lyon_path_builder_free	GENUINELY_MISSING	2	1	2	2	2	migration_required
rt_lyon_path_builder_line_to	GENUINELY_MISSING	2	1	2	2	2	migration_required
rt_lyon_path_builder_new	GENUINELY_MISSING	2	1	2	2	2	migration_required
rt_lyon_path_builder_quadratic_bezier_to	GENUINELY_MISSING	2	1	2	2	2	migration_required
rt_lyon_path_circle	GENUINELY_MISSING	2	1	2	2	2	migration_required
rt_lyon_path_contains_point	GENUINELY_MISSING	2	1	2	2	2	migration_required
rt_lyon_path_ellipse	GENUINELY_MISSING	2	1	2	2	2	migration_required
rt_lyon_path_free	GENUINELY_MISSING	2	1	2	2	2	migration_required
rt_lyon_path_get_bounds	GENUINELY_MISSING	2	1	2	2	2	migration_required
rt_lyon_path_polygon	GENUINELY_MISSING	2	1	2	2	2	migration_required
rt_lyon_path_rectangle	GENUINELY_MISSING	2	1	2	2	2	migration_required
rt_lyon_path_rounded_rectangle	GENUINELY_MISSING	2	1	2	2	2	migration_required
rt_lyon_path_star	GENUINELY_MISSING	2	1	2	2	2	migration_required
rt_lyon_path_transform	GENUINELY_MISSING	2	1	2	2	2	migration_required
rt_lyon_stroke_tessellate	GENUINELY_MISSING	2	1	2	2	2	migration_required
rt_lyon_stroke_tessellate_with_options	GENUINELY_MISSING	2	1	2	2	2	migration_required
rt_lyon_stroke_tessellation_free	GENUINELY_MISSING	2	1	2	2	2	migration_required
rt_lyon_stroke_tessellation_get_indices	GENUINELY_MISSING	2	1	2	2	2	migration_required
rt_lyon_stroke_tessellation_get_vertices	GENUINELY_MISSING	2	1	2	2	2	migration_required
rt_lyon_stroke_tessellation_index_count	GENUINELY_MISSING	2	1	2	2	2	migration_required
rt_lyon_stroke_tessellation_vertex_count	GENUINELY_MISSING	2	1	2	2	2	migration_required
rt_lyon_transform_free	GENUINELY_MISSING	2	1	2	2	2	migration_required
rt_lyon_transform_identity	GENUINELY_MISSING	2	1	2	2	2	migration_required
rt_lyon_transform_multiply	GENUINELY_MISSING	2	1	2	2	2	migration_required
rt_lyon_transform_rotate	GENUINELY_MISSING	2	1	2	2	2	migration_required
rt_lyon_transform_scale	GENUINELY_MISSING	2	1	2	2	2	migration_required
rt_lyon_transform_translate	GENUINELY_MISSING	2	1	2	2	2	migration_required
rt_lyon_vertex_buffer_free	GENUINELY_MISSING	2	1	2	2	2	migration_required
rt_lyon_vertex_buffer_get_normal	GENUINELY_MISSING	2	1	2	2	2	migration_required
rt_lyon_vertex_buffer_get_position	GENUINELY_MISSING	2	1	2	2	2	migration_required
rt_lyon_vertex_buffer_size	GENUINELY_MISSING	2	1	2	2	2	migration_required
rt_lyon_vertex_buffer_to_array	GENUINELY_MISSING	2	1	2	2	2	migration_required
rt_madvise	in_deployed_binary	3	3	3	3	3	source_signature_variants
rt_madvise_raw	c_runtime_source_only	2	1	2	2	2	migration_required
rt_make_executable	GENUINELY_MISSING	1	1	1	1	1	migration_required
rt_malloc	DEAD_DECLARATION	2	1	2	2	2	migration_required
rt_math_acos	in_deployed_binary	3	2	3	3	3	source_signature_variants
rt_math_asin	in_deployed_binary	3	2	3	3	3	source_signature_variants
rt_math_atan2	in_deployed_binary	3	2	3	3	3	source_signature_variants
rt_math_atan	in_deployed_binary	3	2	3	3	3	source_signature_variants
rt_math_cbrt	in_deployed_binary	3	2	3	3	3	source_signature_variants
rt_math_ceil	in_deployed_binary	7	2	7	7	7	source_signature_variants
rt_math_cosh	in_deployed_binary	2	2	2	2	2	source_signature_variants
rt_math_cos	in_deployed_binary	8	3	8	8	8	source_signature_variants
rt_math_exp	in_deployed_binary	5	3	5	5	5	source_signature_variants
rt_math_floor	in_deployed_binary	8	2	8	8	8	source_signature_variants
rt_math_fma	in_deployed_binary	1	1	1	1	1	migration_required
rt_math_hypot	in_deployed_binary	1	1	1	1	1	migration_required
rt_math_inf	in_deployed_binary	1	1	1	1	1	migration_required
rt_math_is_finite	in_deployed_binary	1	1	1	1	1	migration_required
rt_math_is_inf	in_deployed_binary	2	2	2	2	2	source_signature_variants
rt_math_is_nan	in_deployed_binary	2	2	2	2	2	source_signature_variants
rt_math_log10	in_deployed_binary	3	2	3	3	3	source_signature_variants
rt_math_log2	in_deployed_binary	3	2	3	3	3	source_signature_variants
rt_math_log	in_deployed_binary	5	3	5	5	5	source_signature_variants
rt_math_nan	in_deployed_binary	1	1	1	1	1	migration_required
rt_math_pow	in_deployed_binary	10	3	10	10	10	source_signature_variants
rt_math_sinh	in_deployed_binary	2	2	2	2	2	source_signature_variants
rt_math_sin	in_deployed_binary	9	3	9	9	9	source_signature_variants
rt_math_sqrt	in_deployed_binary	29	3	29	29	29	source_signature_variants
rt_math_tanh	in_deployed_binary	2	2	2	2	2	source_signature_variants
rt_math_tan	in_deployed_binary	6	3	6	6	6	source_signature_variants
rt_mem_attr_enabled	in_deployed_binary	7	1	7	7	7	migration_required
rt_mem_attr_report	interp_extern_registry	6	1	6	6	6	migration_required
rt_mem_attr_report_print	in_deployed_binary	1	1	1	1	1	migration_required
rt_mem_attr_set_owner	in_deployed_binary	4	1	4	4	4	migration_required
rt_memcmp	c_runtime_source_only	2	1	2	2	2	migration_required
rt_memcpy	in_deployed_binary	9	2	8	9	9	source_signature_variants
rt_mem_guard_stats	in_deployed_binary	3	1	3	3	3	migration_required
rt_mem_harden_check	interp_extern_registry	3	1	3	3	3	migration_required
rt_mem_harden_check_native	in_deployed_binary	1	1	1	1	1	migration_required
rt_memory_barrier	in_deployed_binary	7	1	7	7	7	migration_required
rt_mem_profile_abi_version	in_deployed_binary	1	1	1	1	1	migration_required
rt_mem_profile_features	in_deployed_binary	1	1	1	1	1	migration_required
rt_mem_read_i64	GENUINELY_MISSING	1	1	1	1	1	migration_required
rt_mem_read_u32_boxed	GENUINELY_MISSING	1	1	1	1	1	migration_required
rt_mem_read_u8	GENUINELY_MISSING	3	2	3	3	3	source_signature_variants
rt_memset	in_deployed_binary	10	2	9	10	10	source_signature_variants
rt_mem_snapshot_close	in_deployed_binary	1	1	1	1	1	migration_required
rt_mem_snapshot_open	in_deployed_binary	2	1	2	2	2	migration_required
rt_mem_snapshot_record	in_deployed_binary	2	1	2	2	2	migration_required
rt_mem_write_i64	GENUINELY_MISSING	1	1	1	1	1	migration_required
rt_mem_write_u32_boxed	GENUINELY_MISSING	1	1	1	1	1	migration_required
rt_mem_write_u8	GENUINELY_MISSING	2	2	2	2	2	source_signature_variants
rt_metal_alloc_buffer	in_deployed_binary	7	1	7	7	7	migration_required
rt_metal_begin_command	GENUINELY_MISSING	1	1	1	1	1	migration_required
rt_metal_buffer_download	in_deployed_binary	4	2	4	4	4	source_signature_variants
rt_metal_buffer_upload	in_deployed_binary	7	2	7	7	7	source_signature_variants
rt_metal_cleanup_device	GENUINELY_MISSING	1	1	1	1	1	migration_required
rt_metal_cleanup	GENUINELY_MISSING	1	1	1	1	1	migration_required
rt_metal_commit_command_buffer	in_deployed_binary	4	2	4	4	4	source_signature_variants
rt_metal_commit_command	GENUINELY_MISSING	1	1	1	1	1	migration_required
rt_metal_compile_shader	in_deployed_binary	7	1	7	7	7	migration_required
rt_metal_create_command_buffer	in_deployed_binary	4	1	4	4	4	migration_required
rt_metal_create_command_queue	in_deployed_binary	7	1	7	7	7	migration_required
rt_metal_create_compute_encoder	in_deployed_binary	4	1	4	4	4	migration_required
rt_metal_create_compute_pipeline	in_deployed_binary	8	1	8	8	8	migration_required
rt_metal_create_device	in_deployed_binary	9	2	9	9	9	source_signature_variants
rt_metal_create_library	GENUINELY_MISSING	1	1	1	1	1	migration_required
rt_metal_create_queue	GENUINELY_MISSING	1	1	1	1	1	migration_required
rt_metal_create_render_pipeline	in_deployed_binary	1	1	1	1	1	migration_required
rt_metal_create_sampler	in_deployed_binary	1	1	1	1	1	migration_required
rt_metal_create_swapchain	in_deployed_binary	1	1	1	1	1	migration_required
rt_metal_create_texture	in_deployed_binary	1	1	1	1	1	migration_required
rt_metal_destroy_command_buffer	in_deployed_binary	2	2	2	2	2	source_signature_variants
rt_metal_destroy_command_queue	in_deployed_binary	7	2	7	7	7	source_signature_variants
rt_metal_destroy_compute_encoder	in_deployed_binary	2	2	2	2	2	source_signature_variants
rt_metal_destroy_device	in_deployed_binary	7	2	7	7	7	source_signature_variants
rt_metal_destroy_pipeline	in_deployed_binary	7	2	7	7	7	source_signature_variants
rt_metal_destroy_render_pipeline	in_deployed_binary	1	1	1	1	1	migration_required
rt_metal_destroy_shader	in_deployed_binary	7	2	7	7	7	source_signature_variants
rt_metal_device_count	in_deployed_binary	2	1	2	2	2	migration_required
rt_metal_device_identity	GENUINELY_MISSING	1	1	1	1	1	migration_required
rt_metal_device_memory	in_deployed_binary	1	1	1	1	1	migration_required
rt_metal_device_name	in_deployed_binary	3	1	3	3	3	migration_required
rt_metal_device_supports_metal3	GENUINELY_MISSING	1	1	1	1	1	migration_required
rt_metal_dispatch_compute	in_deployed_binary	4	2	4	4	4	source_signature_variants
rt_metal_end_compute_encoder	in_deployed_binary	4	2	4	4	4	source_signature_variants
rt_metal_free_buffer	in_deployed_binary	7	2	7	7	7	source_signature_variants
rt_metal_free_texture	in_deployed_binary	1	1	1	1	1	migration_required
rt_metal_get_last_error	in_deployed_binary	2	2	2	2	2	source_signature_variants
rt_metal_init	in_deployed_binary	1	1	1	1	1	migration_required
rt_metal_is_available	in_deployed_binary	9	2	9	9	9	source_signature_variants
rt_metal_load_library_array	in_deployed_binary	1	1	1	1	1	migration_required
rt_metal_load_library_bytes	GENUINELY_MISSING	1	1	1	1	1	migration_required
rt_metal_load_library_file	GENUINELY_MISSING	1	1	1	1	1	migration_required
rt_metal_present	in_deployed_binary	2	2	2	2	2	source_signature_variants
rt_metal_run_blit_frame	in_deployed_binary	4	1	4	4	4	migration_required
rt_metal_run_compute_frame	in_deployed_binary	4	1	4	4	4	migration_required
rt_metal_set_buffer	in_deployed_binary	4	2	4	4	4	source_signature_variants
rt_metal_set_bytes	in_deployed_binary	4	3	4	4	4	source_signature_variants
rt_metal_submit	GENUINELY_MISSING	1	1	1	1	1	migration_required
rt_metal_wait_completed	in_deployed_binary	4	2	4	4	4	source_signature_variants
rt_metal_wait_completion	GENUINELY_MISSING	1	1	1	1	1	migration_required
rt_method_not_found	in_deployed_binary	2	1	2	2	2	migration_required
rt_mkdir	interp_extern_registry	11	3	11	11	11	source_signature_variants
rt_mkdir_p	in_deployed_binary	26	1	26	26	26	migration_required
rt_mlock	c_runtime_source_only	4	3	4	4	4	source_signature_variants
rt_mmap_file	DEAD_DECLARATION	1	1	1	1	1	migration_required
rt_mmap	in_deployed_binary	2	2	2	2	2	source_signature_variants
rt_mmap_raw	interp_extern_registry	4	1	4	4	4	migration_required
rt_mmap_read_bytes	DEAD_DECLARATION	1	1	1	1	1	migration_required
rt_mmap_read_string	DEAD_DECLARATION	1	1	1	1	1	migration_required
rt_mmio_read_u16	interp_extern_registry	1	1	1	1	1	migration_required
rt_mmio_read_u32	interp_extern_registry	6	1	6	6	6	migration_required
rt_mmio_read_u32_real	GENUINELY_MISSING	2	1	2	2	2	migration_required
rt_mmio_read_u64	c_runtime_source_only	1	1	1	1	1	migration_required
rt_mmio_read_u64_real	GENUINELY_MISSING	1	1	1	1	1	migration_required
rt_mmio_read_u8	interp_extern_registry	4	2	4	4	4	source_signature_variants
rt_mmio_write_u16	interp_extern_registry	1	1	1	1	1	migration_required
rt_mmio_write_u16_real	GENUINELY_MISSING	1	1	1	1	1	migration_required
rt_mmio_write_u32	interp_extern_registry	7	1	7	7	7	migration_required
rt_mmio_write_u32_real	GENUINELY_MISSING	1	1	1	1	1	migration_required
rt_mmio_write_u64	c_runtime_source_only	2	1	2	2	2	migration_required
rt_mmio_write_u64_real	GENUINELY_MISSING	1	1	1	1	1	migration_required
rt_mmio_write_u8	interp_extern_registry	3	1	3	3	3	migration_required
rt_mprotect	interp_extern_registry	4	2	4	4	4	source_signature_variants
rt_msync_flags	c_runtime_source_only	2	1	2	2	2	migration_required
rt_msync	in_deployed_binary	3	3	3	3	3	source_signature_variants
rt_munlock	c_runtime_source_only	4	3	4	4	4	source_signature_variants
rt_munmap	in_deployed_binary	3	2	3	3	3	source_signature_variants
rt_munmap_raw	interp_extern_registry	4	1	4	4	4	migration_required
rt_mutex_free	in_deployed_binary	2	1	2	2	2	migration_required
rt_mutex_lock	in_deployed_binary	8	2	8	8	8	source_signature_variants
rt_mutex_new	in_deployed_binary	8	2	8	8	8	source_signature_variants
rt_mutex_try_lock	in_deployed_binary	8	3	8	0	8	source_signature_variants
rt_mutex_unlock	in_deployed_binary	8	3	8	8	8	source_signature_variants
rt_native_build	interp_extern_registry	1	1	1	1	1	migration_required
rt_native_eq	in_deployed_binary	1	1	1	1	1	migration_required
rt_net_accept	SHADOWED_BY_SPL_FN	2	1	2	2	2	migration_required
rt_net_bind	SHADOWED_BY_SPL_FN	2	1	2	2	2	migration_required
rt_net_close	SHADOWED_BY_SPL_FN	3	1	3	3	3	migration_required
rt_net_connect	GENUINELY_MISSING	1	1	1	1	1	migration_required
rt_net_init	GENUINELY_MISSING	4	1	4	4	4	migration_required
rt_net_listen	SHADOWED_BY_SPL_FN	2	1	2	2	2	migration_required
rt_net_recv_bytes	SHADOWED_BY_SPL_FN	3	1	3	3	3	migration_required
rt_net_rx_ready	GENUINELY_MISSING	5	1	5	5	5	migration_required
rt_net_send_bytes	SHADOWED_BY_SPL_FN	4	1	4	4	4	migration_required
rt_net_socket	SHADOWED_BY_SPL_FN	2	1	2	2	2	migration_required
rt_net_stats	GENUINELY_MISSING	5	1	5	5	5	migration_required
rt_net_tx_test	GENUINELY_MISSING	5	1	5	5	5	migration_required
rt_numeric_xor_sum_u64_data	DEAD_DECLARATION	2	1	2	2	2	migration_required
rt_numeric_xor_sum_u64_repeated_data	SHADOWED_BY_SPL_FN	2	1	2	2	2	migration_required
rt_once_call	in_deployed_binary	1	1	1	1	1	migration_required
rt_once_free	in_deployed_binary	1	1	1	1	1	migration_required
rt_once_is_completed	in_deployed_binary	1	1	1	1	1	migration_required
rt_once_new	in_deployed_binary	1	1	1	1	1	migration_required
rt_oneapi_compile_opencl	in_deployed_binary	1	1	1	1	1	migration_required
rt_oneapi_compile_spirv	in_deployed_binary	1	1	1	1	1	migration_required
rt_oneapi_create_queue	in_deployed_binary	1	1	1	1	1	migration_required
rt_oneapi_destroy_queue	in_deployed_binary	1	1	1	1	1	migration_required
rt_oneapi_device_count	in_deployed_binary	1	1	1	1	1	migration_required
rt_oneapi_device_memory	GENUINELY_MISSING	1	1	1	1	1	migration_required
rt_oneapi_device_name	GENUINELY_MISSING	1	1	1	1	1	migration_required
rt_oneapi_device_type	GENUINELY_MISSING	1	1	1	1	1	migration_required
rt_oneapi_free	in_deployed_binary	1	1	1	1	1	migration_required
rt_oneapi_get_device	GENUINELY_MISSING	1	1	1	1	1	migration_required
rt_oneapi_get_function	in_deployed_binary	1	1	1	1	1	migration_required
rt_oneapi_get_last_error	GENUINELY_MISSING	1	1	1	1	1	migration_required
rt_oneapi_init	in_deployed_binary	2	1	2	2	2	migration_required
rt_oneapi_is_available	in_deployed_binary	1	1	1	1	1	migration_required
rt_oneapi_malloc_device	in_deployed_binary	1	1	1	1	1	migration_required
rt_oneapi_malloc_shared	GENUINELY_MISSING	1	1	1	1	1	migration_required
rt_oneapi_memcpy_d2h	GENUINELY_MISSING	1	1	1	1	1	migration_required
rt_oneapi_memcpy_h2d	GENUINELY_MISSING	1	1	1	1	1	migration_required
rt_oneapi_memset	in_deployed_binary	1	1	1	1	1	migration_required
rt_oneapi_queue_wait	in_deployed_binary	1	1	1	1	1	migration_required
rt_oneapi_set_device	GENUINELY_MISSING	1	1	1	1	1	migration_required
rt_oneapi_submit_kernel	in_deployed_binary	1	1	1	1	1	migration_required
rt_oneapi_synchronize	GENUINELY_MISSING	1	1	1	1	1	migration_required
rt_oneapi_unload_module	in_deployed_binary	1	1	1	1	1	migration_required
rt_oneapi_zzz_bogus	interp_extern_registry	1	1	1	1	1	migration_required
rt_opencl_build_program	in_deployed_binary	1	1	1	1	1	migration_required
rt_opencl_create_context	in_deployed_binary	1	1	1	1	1	migration_required
rt_opencl_create_kernel	in_deployed_binary	1	1	1	1	1	migration_required
rt_opencl_create_program	in_deployed_binary	1	1	1	1	1	migration_required
rt_opencl_create_queue	in_deployed_binary	1	1	1	1	1	migration_required
rt_opencl_enqueue_ndrange	in_deployed_binary	1	1	1	1	1	migration_required
rt_opencl_finish	in_deployed_binary	1	1	1	1	1	migration_required
rt_opencl_is_available	in_deployed_binary	2	1	2	2	2	migration_required
rt_opencl_mem_alloc	in_deployed_binary	1	1	1	1	1	migration_required
rt_opencl_mem_free	in_deployed_binary	1	1	1	1	1	migration_required
rt_opencl_platform_count	in_deployed_binary	2	1	2	2	2	migration_required
rt_opencl_read_buffer	in_deployed_binary	1	1	1	1	1	migration_required
rt_opencl_release_context	in_deployed_binary	1	1	1	1	1	migration_required
rt_opencl_release_kernel	in_deployed_binary	1	1	1	1	1	migration_required
rt_opencl_release_program	in_deployed_binary	1	1	1	1	1	migration_required
rt_opencl_release_queue	in_deployed_binary	1	1	1	1	1	migration_required
rt_opencl_set_kernel_arg_buffer	in_deployed_binary	1	1	1	1	1	migration_required
rt_opencl_set_kernel_arg_i64	in_deployed_binary	1	1	1	1	1	migration_required
rt_opencl_write_buffer_at	in_deployed_binary	1	1	1	1	1	migration_required
rt_opencl_write_buffer	in_deployed_binary	1	1	1	1	1	migration_required
rt_open_fd	c_runtime_source_only	3	2	3	3	3	source_signature_variants
rt_opengl_bind_fbo	in_deployed_binary	1	1	1	1	1	migration_required
rt_opengl_clear	in_deployed_binary	1	1	1	1	1	migration_required
rt_opengl_clear_scissor	in_deployed_binary	1	1	1	1	1	migration_required
rt_opengl_create_fbo	in_deployed_binary	1	1	1	1	1	migration_required
rt_opengl_destroy_fbo	in_deployed_binary	1	1	1	1	1	migration_required
rt_opengl_destroy	in_deployed_binary	1	1	1	1	1	migration_required
rt_opengl_draw_circle	in_deployed_binary	1	1	1	1	1	migration_required
rt_opengl_draw_gradient_rect	in_deployed_binary	1	1	1	1	1	migration_required
rt_opengl_draw_image	in_deployed_binary	1	1	1	1	1	migration_required
rt_opengl_draw_line	in_deployed_binary	1	1	1	1	1	migration_required
rt_opengl_draw_rect	in_deployed_binary	1	1	1	1	1	migration_required
rt_opengl_draw_rounded_rect	in_deployed_binary	1	1	1	1	1	migration_required
rt_opengl_draw_triangle	in_deployed_binary	1	1	1	1	1	migration_required
rt_opengl_flush	in_deployed_binary	1	1	1	1	1	migration_required
rt_opengl_get_last_error	GENUINELY_MISSING	1	1	1	1	1	migration_required
rt_opengl_init	in_deployed_binary	2	1	2	2	2	migration_required
rt_opengl_is_available	in_deployed_binary	1	1	1	1	1	migration_required
rt_opengl_read_pixels	in_deployed_binary	1	1	1	1	1	migration_required
rt_opengl_set_scissor	in_deployed_binary	1	1	1	1	1	migration_required
rt_opengl_zzz_bogus	interp_extern_registry	1	1	1	1	1	migration_required
rt_package_chmod	in_deployed_binary	6	2	6	6	6	source_signature_variants
rt_package_copy_file	in_deployed_binary	4	1	4	4	4	migration_required
rt_package_create_symlink	in_deployed_binary	6	1	6	6	6	migration_required
rt_package_create_tarball	in_deployed_binary	4	1	4	4	4	migration_required
rt_package_exists	in_deployed_binary	4	1	4	4	4	migration_required
rt_package_extract_tarball	in_deployed_binary	4	1	4	4	4	migration_required
rt_package_file_size	in_deployed_binary	4	1	4	4	4	migration_required
rt_package_free_string	in_deployed_binary	4	1	4	4	4	migration_required
rt_package_is_dir	in_deployed_binary	4	1	4	4	4	migration_required
rt_package_mkdir_all	in_deployed_binary	4	1	4	4	4	migration_required
rt_package_remove_dir_all	in_deployed_binary	4	1	4	4	4	migration_required
rt_package_sha256	in_deployed_binary	3	1	3	3	3	migration_required
rt_packed_span_v1_flags_bits	in_deployed_binary	1	1	0	1	1	migration_required
rt_packed_span_v1_last_rejection	in_deployed_binary	1	1	0	1	1	migration_required
rt_packed_span_v1_last_verdict	in_deployed_binary	1	1	0	1	1	migration_required
rt_packed_span_v1_probe_verdict	in_deployed_binary	1	1	0	1	1	migration_required
rt_packed_span_v1_rejected_count	in_deployed_binary	1	1	0	1	1	migration_required
rt_packed_span_v1_resolve_base	in_deployed_binary	1	1	0	1	1	migration_required
rt_packed_span_v1_struct_size	in_deployed_binary	1	1	0	1	1	migration_required
rt_page_size	c_runtime_source_only	3	1	3	3	3	migration_required
rt_parse_brief_items	DEAD_DECLARATION	1	1	1	1	1	migration_required
rt_parse_simple_file	in_deployed_binary	1	1	1	1	1	migration_required
rt_parse_source	GENUINELY_MISSING	1	1	1	0	1	migration_required
rt_password_hash_bcrypt	GENUINELY_MISSING	2	1	2	2	2	migration_required
rt_password_hash	GENUINELY_MISSING	2	1	2	2	2	migration_required
rt_password_verify_bcrypt	GENUINELY_MISSING	2	1	2	2	2	migration_required
rt_password_verify	GENUINELY_MISSING	2	1	2	2	2	migration_required
rt_path_absolute	in_deployed_binary	27	2	27	27	27	source_signature_variants
rt_path_basename	in_deployed_binary	6	3	6	6	6	source_signature_variants
rt_path_dirname	in_deployed_binary	6	2	6	6	6	source_signature_variants
rt_path_extension	c_runtime_source_only	3	1	3	3	3	migration_required
rt_path_ext	in_deployed_binary	4	2	4	4	4	source_signature_variants
rt_path_filename	c_runtime_source_only	3	1	3	3	3	migration_required
rt_path_join	in_deployed_binary	14	1	14	14	14	migration_required
rt_path_normalize	GENUINELY_MISSING	3	1	3	3	3	migration_required
rt_path_parent	in_deployed_binary	6	1	6	6	6	migration_required
rt_path_relative	in_deployed_binary	1	1	1	1	1	migration_required
rt_path_separator	in_deployed_binary	3	2	3	3	3	source_signature_variants
rt_path_stem	in_deployed_binary	1	1	1	1	1	migration_required
rt_pci_device_count	GENUINELY_MISSING	4	1	4	4	4	migration_required
rt_pci_enable_memory_bus_master	GENUINELY_MISSING	1	1	1	1	1	migration_required
rt_pci_get_field	GENUINELY_MISSING	4	1	4	4	4	migration_required
rt_pci_read_bar0	GENUINELY_MISSING	1	1	1	1	1	migration_required
rt_perf_clear	interp_extern_registry	1	1	1	1	1	migration_required
rt_perf_clock_ns	interp_extern_registry	1	1	1	1	1	migration_required
rt_perf_cycles_to_ns	interp_extern_registry	1	1	1	1	1	migration_required
rt_perf_dump_sdn	interp_extern_registry	1	1	1	1	1	migration_required
rt_perf_enabled	interp_extern_registry	1	1	1	1	1	migration_required
rt_perf_enable	interp_extern_registry	1	1	1	1	1	migration_required
rt_perf_rdtsc	interp_extern_registry	1	1	1	1	1	migration_required
rt_perf_region_enter	interp_extern_registry	1	1	1	1	1	migration_required
rt_perf_region_exit	interp_extern_registry	1	1	1	1	1	migration_required
rt_platform_name	in_deployed_binary	13	1	13	13	13	migration_required
rt_pool_acquire	in_deployed_binary	1	1	1	1	1	migration_required
rt_pool_available	in_deployed_binary	1	1	1	1	1	migration_required
rt_pool_blocked_count	in_deployed_binary	1	1	1	1	1	migration_required
rt_pool_busy_count	in_deployed_binary	1	1	1	1	1	migration_required
rt_pool_capacity	in_deployed_binary	1	1	1	1	1	migration_required
rt_pool_completed_count	in_deployed_binary	2	1	2	2	2	migration_required
rt_pool_free	in_deployed_binary	1	1	1	1	1	migration_required
rt_pool_get_parallelism	in_deployed_binary	1	1	1	1	1	migration_required
rt_pool_is_done	in_deployed_binary	1	1	1	1	1	migration_required
rt_pool_join	in_deployed_binary	1	1	1	1	1	migration_required
rt_pool_new	in_deployed_binary	1	1	1	1	1	migration_required
rt_pool_pending_count	in_deployed_binary	1	1	1	1	1	migration_required
rt_pool_release	in_deployed_binary	1	1	1	1	1	migration_required
rt_pool_safepoint	in_deployed_binary	1	1	1	1	1	migration_required
rt_pool_set_parallelism	in_deployed_binary	1	1	1	1	1	migration_required
rt_pool_state_close_v1	in_deployed_binary	1	1	1	1	1	migration_required
rt_pool_state_completed_v1	in_deployed_binary	1	1	1	1	1	migration_required
rt_pool_state_create_v1	in_deployed_binary	1	1	1	1	1	migration_required
rt_pool_state_destroy_v1	in_deployed_binary	1	1	1	1	1	migration_required
rt_pool_state_join_idle_v1	in_deployed_binary	1	1	1	1	1	migration_required
rt_pool_state_outstanding_v1	in_deployed_binary	1	1	1	1	1	migration_required
rt_pool_state_pending_v1	in_deployed_binary	1	1	1	1	1	migration_required
rt_pool_state_running_v1	in_deployed_binary	1	1	1	1	1	migration_required
rt_pool_state_try_submit_i64_v1	in_deployed_binary	1	1	1	0	1	migration_required
rt_pool_submit	in_deployed_binary	2	2	2	2	2	source_signature_variants
rt_pool_submitted_count	in_deployed_binary	1	1	1	1	1	migration_required
rt_pool_task_join_i64_v1	in_deployed_binary	1	1	1	1	1	migration_required
rt_pool_task_release_i64_v1	in_deployed_binary	1	1	1	1	1	migration_required
rt_pool_task_status_i64_v1	in_deployed_binary	1	1	1	1	1	migration_required
rt_pool_uses_global_fifo_queue	in_deployed_binary	1	1	1	1	1	migration_required
rt_pool_uses_work_stealing	in_deployed_binary	1	1	1	1	1	migration_required
rt_port_inb	c_runtime_source_only	9	2	9	9	9	source_signature_variants
rt_port_inl	c_runtime_source_only	4	2	4	4	4	source_signature_variants
rt_port_inw	c_runtime_source_only	4	2	4	4	4	source_signature_variants
rt_port_io_wait	c_runtime_source_only	3	1	3	3	3	migration_required
rt_port_outb	c_runtime_source_only	9	2	9	9	9	source_signature_variants
rt_port_outl	c_runtime_source_only	4	2	4	4	4	source_signature_variants
rt_port_outw	c_runtime_source_only	4	2	4	4	4	source_signature_variants
rt_print_err	GENUINELY_MISSING	2	1	1	2	2	migration_required
rt_print	in_deployed_binary	6	1	5	6	6	migration_required
rt_println_err	DEAD_DECLARATION	1	1	1	1	1	migration_required
rt_println	in_deployed_binary	2	1	2	2	2	migration_required
rt_println_value	in_deployed_binary	5	3	5	5	5	source_signature_variants
rt_print_value	in_deployed_binary	4	2	4	4	4	source_signature_variants
rt_process_close_piped	interp_extern_registry	3	1	3	3	3	migration_required
rt_process_exec	GENUINELY_MISSING	2	2	2	2	2	source_signature_variants
rt_process_execute	in_deployed_binary	1	1	1	1	1	migration_required
rt_process_exists	in_deployed_binary	10	1	10	10	10	migration_required
rt_process_exit	DEAD_DECLARATION	1	1	1	1	1	migration_required
rt_process_get_rss_kb	GENUINELY_MISSING	1	1	1	1	1	migration_required
rt_process_is_alive	interp_extern_registry	6	1	6	6	6	migration_required
rt_process_is_running	in_deployed_binary	9	1	9	9	9	migration_required
rt_process_kill	in_deployed_binary	28	1	28	28	28	migration_required
rt_process_output	GENUINELY_MISSING	2	1	2	2	2	migration_required
rt_process_parent_pid	DEAD_DECLARATION	1	1	1	1	1	migration_required
rt_process_pid	DEAD_DECLARATION	1	1	1	1	1	migration_required
rt_process_read_stdout	interp_extern_registry	7	1	7	7	7	migration_required
rt_process_run_bounded	in_deployed_binary	4	1	4	4	4	migration_required
rt_process_run	in_deployed_binary	706	6	706	706	706	source_signature_variants
rt_process_run_inherit	in_deployed_binary	4	1	4	4	4	migration_required
rt_process_run_timeout	in_deployed_binary	193	2	193	193	193	source_signature_variants
rt_process_run_with_limits	in_deployed_binary	2	1	2	2	2	migration_required
rt_process_spawn_async	in_deployed_binary	25	2	25	25	25	source_signature_variants
rt_process_spawn	in_deployed_binary	4	3	4	4	4	source_signature_variants
rt_process_spawn_inherit	in_deployed_binary	1	1	1	1	1	migration_required
rt_process_spawn_piped	interp_extern_registry	8	1	8	8	8	migration_required
rt_process_wait	in_deployed_binary	15	2	15	15	15	source_signature_variants
rt_process_write_stdin	interp_extern_registry	8	1	8	8	8	migration_required
rt_process_write_stdin_some	interp_extern_registry	1	1	1	1	1	migration_required
rt_profiler_is_active	in_deployed_binary	2	1	2	2	2	migration_required
rt_profiler_record_call	in_deployed_binary	2	1	2	2	2	migration_required
rt_profiler_record_return	in_deployed_binary	2	1	2	2	2	migration_required
rt_progress_get_elapsed_seconds	in_deployed_binary	2	1	2	2	2	migration_required
rt_progress_init	in_deployed_binary	2	1	2	2	2	migration_required
rt_progress_reset	in_deployed_binary	2	1	2	2	2	migration_required
rt_provider_query_v1_call	in_deployed_binary	1	1	1	1	1	migration_required
rt_ps_torch_tensor_from_data	interp_extern_registry	2	1	2	2	2	migration_required
rt_ps_torch_tensor_zeros	interp_extern_registry	1	1	1	1	1	migration_required
rt_ptrace_attach	GENUINELY_MISSING	6	1	6	6	6	migration_required
rt_ptrace_continue	GENUINELY_MISSING	6	1	6	6	6	migration_required
rt_ptrace_detach	GENUINELY_MISSING	6	1	6	6	6	migration_required
rt_ptrace_get_registers	GENUINELY_MISSING	6	1	6	6	6	migration_required
rt_ptrace_read_memory	GENUINELY_MISSING	6	1	6	6	6	migration_required
rt_ptrace_single_step	GENUINELY_MISSING	6	1	6	6	6	migration_required
rt_ptrace_wait_stop	GENUINELY_MISSING	6	1	6	6	6	migration_required
rt_ptrace_write_memory	GENUINELY_MISSING	6	1	6	6	6	migration_required
rt_ptr_read_i32	in_deployed_binary	11	2	11	11	11	source_signature_variants
rt_ptr_read_i64	in_deployed_binary	35	1	34	35	35	migration_required
rt_ptr_read_u8	in_deployed_binary	4	1	4	4	4	migration_required
rt_ptr_write_bytes_raw	in_deployed_binary	2	1	0	0	2	evidence_required
rt_ptr_write_i16	GENUINELY_MISSING	1	1	1	1	1	migration_required
rt_ptr_write_i32	in_deployed_binary	20	4	19	18	20	source_signature_variants
rt_ptr_write_i64	in_deployed_binary	44	3	42	42	44	source_signature_variants
rt_ptr_write_u8	in_deployed_binary	14	3	13	11	14	source_signature_variants
rt_pty_open	in_deployed_binary	2	1	2	2	2	migration_required
rt_pty_read	in_deployed_binary	1	1	1	1	1	migration_required
rt_pty_spawn	in_deployed_binary	2	1	2	2	2	migration_required
rt_pty_write	in_deployed_binary	1	1	1	1	1	migration_required
rt_push_byte	GENUINELY_MISSING	6	1	6	6	6	migration_required
rt_quic_accept	GENUINELY_MISSING	3	1	3	3	3	migration_required
rt_quic_config_new	GENUINELY_MISSING	3	1	3	3	3	migration_required
rt_quic_config_set_initial_max_streams_bidi	GENUINELY_MISSING	3	1	3	3	3	migration_required
rt_quic_config_set_max_idle_timeout	GENUINELY_MISSING	3	1	3	3	3	migration_required
rt_quic_conn_close	GENUINELY_MISSING	3	1	3	3	3	migration_required
rt_quic_connect	GENUINELY_MISSING	3	1	3	3	3	migration_required
rt_quic_is_closed	GENUINELY_MISSING	3	1	3	3	3	migration_required
rt_quic_is_established	GENUINELY_MISSING	3	1	3	3	3	migration_required
rt_quic_on_timeout	GENUINELY_MISSING	3	1	3	3	3	migration_required
rt_quic_recv	GENUINELY_MISSING	3	1	3	3	3	migration_required
rt_quic_send	GENUINELY_MISSING	3	1	3	3	3	migration_required
rt_quic_stream_recv	GENUINELY_MISSING	3	1	3	3	3	migration_required
rt_quic_stream_send	GENUINELY_MISSING	3	1	3	3	3	migration_required
rt_quic_timeout_as_millis	GENUINELY_MISSING	3	1	3	3	3	migration_required
rt_random_bytes	GENUINELY_MISSING	2	1	2	2	2	migration_required
rt_random_getstate	in_deployed_binary	2	2	2	2	2	source_signature_variants
rt_random_hex	in_deployed_binary	10	2	10	2	10	source_signature_variants
rt_random_i64	interp_extern_registry	6	1	6	6	6	migration_required
rt_random_randint	in_deployed_binary	5	2	5	5	5	source_signature_variants
rt_random_random	in_deployed_binary	3	2	3	3	3	source_signature_variants
rt_random_seed	in_deployed_binary	2	2	2	2	2	source_signature_variants
rt_random_setstate	in_deployed_binary	2	2	2	2	2	source_signature_variants
rt_random_uniform	in_deployed_binary	3	2	3	3	3	source_signature_variants
rt_rank_query	in_deployed_binary	1	1	1	1	1	migration_required
rt_rank_select_build	in_deployed_binary	1	1	1	1	1	migration_required
rt_rank_select_free	in_deployed_binary	1	1	1	1	1	migration_required
rt_rapier2d_body_apply_force	interp_extern_registry	2	1	2	2	2	migration_required
rt_rapier2d_body_apply_impulse	interp_extern_registry	2	1	2	2	2	migration_required
rt_rapier2d_body_apply_torque	interp_extern_registry	2	1	2	2	2	migration_required
rt_rapier2d_body_free	interp_extern_registry	2	1	2	2	2	migration_required
rt_rapier2d_body_get_mass	interp_extern_registry	2	1	2	2	2	migration_required
rt_rapier2d_body_get_position	interp_extern_registry	2	1	2	2	2	migration_required
rt_rapier2d_body_get_velocity	interp_extern_registry	2	1	2	2	2	migration_required
rt_rapier2d_body_is_sleeping	interp_extern_registry	2	1	2	2	2	migration_required
rt_rapier2d_body_new_dynamic	interp_extern_registry	2	1	2	2	2	migration_required
rt_rapier2d_body_new_kinematic	interp_extern_registry	2	1	2	2	2	migration_required
rt_rapier2d_body_new_static	interp_extern_registry	2	1	2	2	2	migration_required
rt_rapier2d_body_set_angular_damping	interp_extern_registry	2	1	2	2	2	migration_required
rt_rapier2d_body_set_linear_damping	interp_extern_registry	2	1	2	2	2	migration_required
rt_rapier2d_body_set_mass	interp_extern_registry	2	1	2	2	2	migration_required
rt_rapier2d_body_set_position	interp_extern_registry	2	1	2	2	2	migration_required
rt_rapier2d_body_set_velocity	interp_extern_registry	2	1	2	2	2	migration_required
rt_rapier2d_body_wake_up	interp_extern_registry	2	1	2	2	2	migration_required
rt_rapier2d_collider_free	interp_extern_registry	2	1	2	2	2	migration_required
rt_rapier2d_collider_new_box	interp_extern_registry	2	1	2	2	2	migration_required
rt_rapier2d_collider_new_capsule	interp_extern_registry	2	1	2	2	2	migration_required
rt_rapier2d_collider_new_circle	interp_extern_registry	2	1	2	2	2	migration_required
rt_rapier2d_collider_new_polygon	interp_extern_registry	2	1	2	2	2	migration_required
rt_rapier2d_collider_set_density	interp_extern_registry	2	1	2	2	2	migration_required
rt_rapier2d_collider_set_friction	interp_extern_registry	2	1	2	2	2	migration_required
rt_rapier2d_collider_set_offset	interp_extern_registry	2	1	2	2	2	migration_required
rt_rapier2d_collider_set_restitution	interp_extern_registry	2	1	2	2	2	migration_required
rt_rapier2d_collider_set_sensor	interp_extern_registry	2	1	2	2	2	migration_required
rt_rapier2d_contacts_count	interp_extern_registry	2	1	2	2	2	migration_required
rt_rapier2d_contacts_free	interp_extern_registry	2	1	2	2	2	migration_required
rt_rapier2d_contacts_get	interp_extern_registry	2	1	2	2	2	migration_required
rt_rapier2d_get_last_error	interp_extern_registry	2	1	2	2	2	migration_required
rt_rapier2d_joint_distance	interp_extern_registry	2	1	2	2	2	migration_required
rt_rapier2d_joint_fixed	interp_extern_registry	2	1	2	2	2	migration_required
rt_rapier2d_joint_free	interp_extern_registry	2	1	2	2	2	migration_required
rt_rapier2d_joint_prismatic	interp_extern_registry	2	1	2	2	2	migration_required
rt_rapier2d_joint_revolute	interp_extern_registry	2	1	2	2	2	migration_required
rt_rapier2d_joint_set_limits	interp_extern_registry	2	1	2	2	2	migration_required
rt_rapier2d_joint_set_motor	interp_extern_registry	2	1	2	2	2	migration_required
rt_rapier2d_world_body_count	interp_extern_registry	2	1	2	2	2	migration_required
rt_rapier2d_world_cast_ray	interp_extern_registry	2	1	2	2	2	migration_required
rt_rapier2d_world_collider_count	interp_extern_registry	2	1	2	2	2	migration_required
rt_rapier2d_world_free	interp_extern_registry	2	1	2	2	2	migration_required
rt_rapier2d_world_get_contacts	interp_extern_registry	2	1	2	2	2	migration_required
rt_rapier2d_world_intersection_test	interp_extern_registry	2	1	2	2	2	migration_required
rt_rapier2d_world_joint_count	interp_extern_registry	2	1	2	2	2	migration_required
rt_rapier2d_world_new	interp_extern_registry	2	1	2	2	2	migration_required
rt_rapier2d_world_set_gravity	interp_extern_registry	2	1	2	2	2	migration_required
rt_rapier2d_world_step	interp_extern_registry	2	1	2	2	2	migration_required
rt_raw_i64_to_string	in_deployed_binary	3	2	3	3	3	source_signature_variants
rt_rdrand	SHADOWED_BY_SPL_FN	4	1	4	4	4	migration_required
rt_read_cr0	GENUINELY_MISSING	1	1	1	1	1	migration_required
rt_read_cr2	c_runtime_source_only	4	2	4	4	4	source_signature_variants
rt_read_cr3	c_runtime_source_only	4	2	4	4	4	source_signature_variants
rt_read_cr3_raw	c_runtime_source_only	1	1	1	1	1	migration_required
rt_readdir_count	interp_extern_registry	1	1	1	1	1	migration_required
rt_readdir_entry	interp_extern_registry	1	1	1	1	1	migration_required
rt_readdir_free	interp_extern_registry	1	1	1	1	1	migration_required
rt_readdir	interp_extern_registry	1	1	1	1	1	migration_required
rt_readline	c_runtime_source_only	1	1	1	1	1	migration_required
rt_read_line	DEAD_DECLARATION	1	1	1	1	1	migration_required
rt_read_msr	c_runtime_source_only	3	1	3	3	3	migration_required
rt_read_stdin_line	in_deployed_binary	3	2	3	2	3	source_signature_variants
rt_read_u8	DEAD_DECLARATION	2	1	2	2	2	migration_required
rt_realloc	in_deployed_binary	3	2	3	3	3	source_signature_variants
rt_reflect_function_name	GENUINELY_MISSING	1	1	1	1	1	migration_required
rt_reflect_source_file	GENUINELY_MISSING	1	1	1	1	1	migration_required
rt_regex_captures	interp_extern_registry	1	1	0	1	1	migration_required
rt_regex_captures_len	interp_extern_registry	1	1	0	1	1	migration_required
rt_regex_destroy	interp_extern_registry	1	1	0	0	1	evidence_required
rt_regex_find_all	interp_extern_registry	1	1	0	1	1	migration_required
rt_regex_find	interp_extern_registry	1	1	0	1	1	migration_required
rt_regex_find_quick	interp_extern_registry	1	1	0	1	1	migration_required
rt_regex_is_match	interp_extern_registry	1	1	0	1	1	migration_required
rt_regex_is_match_quick	interp_extern_registry	1	1	0	1	1	migration_required
rt_regex_new	interp_extern_registry	1	1	0	1	1	migration_required
rt_regex_replace_all	interp_extern_registry	1	1	0	1	1	migration_required
rt_regex_replace_all_quick	interp_extern_registry	1	1	0	1	1	migration_required
rt_regex_replace	interp_extern_registry	1	1	0	1	1	migration_required
rt_regex_replace_quick	interp_extern_registry	1	1	0	1	1	migration_required
rt_regex_split	interp_extern_registry	1	1	0	1	1	migration_required
rt_regex_split_quick	interp_extern_registry	1	1	0	1	1	migration_required
rt_reload_segments	c_runtime_source_only	1	1	1	1	1	migration_required
rt_remove	in_deployed_binary	1	1	1	1	1	migration_required
rt_renderdoc_available	interp_extern_registry	3	1	3	3	3	migration_required
rt_renderdoc_capture_file_path_template_from_env	interp_extern_registry	2	1	2	2	2	migration_required
rt_renderdoc_configure_capture_file_path_template_from_env	interp_extern_registry	2	1	2	2	2	migration_required
rt_renderdoc_end_capture_for_device	interp_extern_registry	3	1	3	3	3	migration_required
rt_renderdoc_end_capture	interp_extern_registry	3	1	3	3	3	migration_required
rt_renderdoc_is_frame_capturing	interp_extern_registry	3	1	3	3	3	migration_required
rt_renderdoc_num_captures	interp_extern_registry	3	1	3	3	3	migration_required
rt_renderdoc_set_capture_file_path_template	interp_extern_registry	3	1	3	3	3	migration_required
rt_renderdoc_start_capture_for_device	interp_extern_registry	3	1	3	3	3	migration_required
rt_renderdoc_start_capture	interp_extern_registry	3	1	3	3	3	migration_required
rt_riscv64_cbo_clean	GENUINELY_MISSING	1	1	1	1	1	migration_required
rt_riscv64_cbo_flush	GENUINELY_MISSING	1	1	1	1	1	migration_required
rt_riscv64_cbo_inval	GENUINELY_MISSING	1	1	1	1	1	migration_required
rt_riscv64_cbo_zero	GENUINELY_MISSING	1	1	1	1	1	migration_required
rt_riscv64_csr_clear	GENUINELY_MISSING	1	1	1	1	1	migration_required
rt_riscv64_csr_read	GENUINELY_MISSING	1	1	1	1	1	migration_required
rt_riscv64_csr_set	GENUINELY_MISSING	1	1	1	1	1	migration_required
rt_riscv64_csr_write	GENUINELY_MISSING	1	1	1	1	1	migration_required
rt_riscv64_fence_i	GENUINELY_MISSING	1	1	1	1	1	migration_required
rt_riscv64_prefetch_i	GENUINELY_MISSING	1	1	1	1	1	migration_required
rt_riscv64_prefetch_r	GENUINELY_MISSING	1	1	1	1	1	migration_required
rt_riscv64_prefetch_w	GENUINELY_MISSING	1	1	1	1	1	migration_required
rt_riscv64_read_gp	GENUINELY_MISSING	1	1	1	1	1	migration_required
rt_riscv64_read_sp	GENUINELY_MISSING	1	1	1	1	1	migration_required
rt_riscv64_read_tp	GENUINELY_MISSING	1	1	1	1	1	migration_required
rt_riscv64_sbi_call	GENUINELY_MISSING	2	2	2	2	2	source_signature_variants
rt_riscv64_sfence_vma_addr	GENUINELY_MISSING	1	1	1	1	1	migration_required
rt_riscv64_sfence_vma_asid	GENUINELY_MISSING	1	1	1	1	1	migration_required
rt_riscv64_syscall	GENUINELY_MISSING	1	1	1	1	1	migration_required
rt_riscv64_virtio_blk_fat32_capacity_sectors	GENUINELY_MISSING	1	1	1	1	1	migration_required
rt_riscv64_virtio_blk_fat32_init	GENUINELY_MISSING	1	1	1	1	1	migration_required
rt_riscv64_virtio_blk_fat32_read_sector_bytes	GENUINELY_MISSING	1	1	1	1	1	migration_required
rt_riscv64_virtio_input_event_code	GENUINELY_MISSING	1	1	1	1	1	migration_required
rt_riscv64_virtio_input_event_device_kind	GENUINELY_MISSING	1	1	1	1	1	migration_required
rt_riscv64_virtio_input_event_irq_status	GENUINELY_MISSING	1	1	1	1	1	migration_required
rt_riscv64_virtio_input_event_type	GENUINELY_MISSING	1	1	1	1	1	migration_required
rt_riscv64_virtio_input_event_value	GENUINELY_MISSING	1	1	1	1	1	migration_required
rt_riscv64_virtio_input_init	GENUINELY_MISSING	1	1	1	1	1	migration_required
rt_riscv64_virtio_input_poll	GENUINELY_MISSING	1	1	1	1	1	migration_required
rt_riscv64_write_tp	GENUINELY_MISSING	1	1	1	1	1	migration_required
rt_riscv_context_restore	GENUINELY_MISSING	1	1	1	1	1	migration_required
rt_riscv_context_save	GENUINELY_MISSING	1	1	1	1	1	migration_required
rt_riscv_has_v_ext	GENUINELY_MISSING	1	1	1	1	1	migration_required
rt_riscv_noalloc_pmm_init_default	GENUINELY_MISSING	3	1	3	3	3	migration_required
rt_riscv_noalloc_pmm_init	GENUINELY_MISSING	3	1	3	3	3	migration_required
rt_riscv_qemu_heap_size	GENUINELY_MISSING	3	1	3	3	3	migration_required
rt_riscv_qemu_heap_start	GENUINELY_MISSING	3	1	3	3	3	migration_required
rt_riscv_qemu_ram_base	GENUINELY_MISSING	1	1	1	1	1	migration_required
rt_riscv_qemu_ram_size	GENUINELY_MISSING	1	1	1	1	1	migration_required
rt_riscv_qemu_reserved_end	GENUINELY_MISSING	1	1	1	1	1	migration_required
rt_riscv_read_csr_mepc	DEAD_DECLARATION	1	1	1	1	1	migration_required
rt_riscv_read_csr_mscratch	GENUINELY_MISSING	1	1	1	1	1	migration_required
rt_riscv_read_sstatus	GENUINELY_MISSING	1	1	1	1	1	migration_required
rt_riscv_read_vlenb	GENUINELY_MISSING	1	1	1	1	1	migration_required
rt_riscv_seed	SHADOWED_BY_SPL_FN	2	1	2	2	2	migration_required
rt_riscv_uart_put	GENUINELY_MISSING	14	1	14	14	14	migration_required
rt_riscv_write_csr_mepc	DEAD_DECLARATION	1	1	1	1	1	migration_required
rt_riscv_write_csr_mscratch	GENUINELY_MISSING	1	1	1	1	1	migration_required
rt_rndr	SHADOWED_BY_SPL_FN	2	1	2	2	2	migration_required
rt_rocm3d_available	GENUINELY_MISSING	2	1	2	2	2	migration_required
rt_rocm3d_init	GENUINELY_MISSING	2	1	2	2	2	migration_required
rt_rocm3d_shutdown	GENUINELY_MISSING	2	1	2	2	2	migration_required
rt_rocm_compile_hsaco	in_deployed_binary	1	1	1	1	1	migration_required
rt_rocm_create_stream	in_deployed_binary	1	1	1	1	1	migration_required
rt_rocm_destroy_stream	in_deployed_binary	1	1	1	1	1	migration_required
rt_rocm_device_count	in_deployed_binary	3	1	3	3	3	migration_required
rt_rocm_device_identity	in_deployed_binary	1	1	1	1	1	migration_required
rt_rocm_device_memory	in_deployed_binary	1	1	1	1	1	migration_required
rt_rocm_device_name	in_deployed_binary	1	1	1	1	1	migration_required
rt_rocm_free	in_deployed_binary	1	1	1	1	1	migration_required
rt_rocm_get_device	in_deployed_binary	1	1	1	1	1	migration_required
rt_rocm_get_function	in_deployed_binary	1	1	1	1	1	migration_required
rt_rocm_get_last_error	in_deployed_binary	1	1	1	1	1	migration_required
rt_rocm_init	in_deployed_binary	3	1	3	3	3	migration_required
rt_rocm_is_available	in_deployed_binary	3	1	3	3	3	migration_required
rt_rocm_kernel_get	in_deployed_binary	2	1	2	2	2	migration_required
rt_rocm_launch_kernel	in_deployed_binary	2	2	2	2	2	source_signature_variants
rt_rocm_malloc	in_deployed_binary	1	1	1	1	1	migration_required
rt_rocm_mem_alloc	in_deployed_binary	2	1	2	2	2	migration_required
rt_rocm_memcpy_d2d	in_deployed_binary	1	1	1	1	1	migration_required
rt_rocm_memcpy_d2h	in_deployed_binary	1	1	1	1	1	migration_required
rt_rocm_memcpy_h2d	in_deployed_binary	1	1	1	1	1	migration_required
rt_rocm_mem_free	in_deployed_binary	2	1	2	2	2	migration_required
rt_rocm_memset	in_deployed_binary	1	1	1	1	1	migration_required
rt_rocm_module_load	in_deployed_binary	2	1	2	2	2	migration_required
rt_rocm_set_device	in_deployed_binary	1	1	1	1	1	migration_required
rt_rocm_shutdown	in_deployed_binary	2	1	2	2	2	migration_required
rt_rocm_stream_synchronize	in_deployed_binary	1	1	1	1	1	migration_required
rt_rocm_synchronize	in_deployed_binary	3	1	3	3	3	migration_required
rt_rocm_unload_module	in_deployed_binary	1	1	1	1	1	migration_required
rt_rsa_decrypt	c_runtime_source_only	1	1	1	1	1	migration_required
rt_rsa_pss_sha256_verify_checked	in_deployed_binary	1	1	0	0	1	evidence_required
rt_rsa_pss_sha256_verify	in_deployed_binary	1	1	1	1	1	migration_required
rt_rsa_pss_sha384_verify_checked	in_deployed_binary	1	1	0	0	1	evidence_required
rt_rsa_pss_sha384_verify	in_deployed_binary	1	1	1	1	1	migration_required
rt_rsa_pss_sha512_verify_checked	in_deployed_binary	1	1	0	0	1	evidence_required
rt_rsa_pss_sha512_verify	in_deployed_binary	1	1	1	1	1	migration_required
rt_rsa_sha256_sign_checked	in_deployed_binary	1	1	0	0	1	evidence_required
rt_rsa_sha256_sign	in_deployed_binary	2	1	2	2	2	migration_required
rt_rsa_sha256_verify_checked	in_deployed_binary	1	1	0	0	1	evidence_required
rt_rsa_sha256_verify	in_deployed_binary	4	1	4	4	4	migration_required
rt_rsa_sha512_sign_checked	in_deployed_binary	1	1	0	0	1	evidence_required
rt_rsa_sha512_sign	in_deployed_binary	2	1	2	2	2	migration_required
rt_rsa_sha512_verify_checked	in_deployed_binary	1	1	0	0	1	evidence_required
rt_rsa_sha512_verify	in_deployed_binary	2	1	2	2	2	migration_required
rt_rtos_jump_to_task	GENUINELY_MISSING	1	1	1	1	1	migration_required
rt_rv32_boot_optional_nvme_fw_selftest	GENUINELY_MISSING	1	1	1	1	1	migration_required
rt_rv32_context_restore	GENUINELY_MISSING	1	1	1	1	1	migration_required
rt_rv32_context_save	GENUINELY_MISSING	1	1	1	1	1	migration_required
rt_rv32_context_switch	GENUINELY_MISSING	1	1	1	1	1	migration_required
rt_rv32_csrr_satp	GENUINELY_MISSING	1	1	1	1	1	migration_required
rt_rv32_csrr_scause	GENUINELY_MISSING	1	1	1	1	1	migration_required
rt_rv32_csrr_sepc	GENUINELY_MISSING	1	1	1	1	1	migration_required
rt_rv32_csrr_sie	GENUINELY_MISSING	1	1	1	1	1	migration_required
rt_rv32_csrr_sip	GENUINELY_MISSING	1	1	1	1	1	migration_required
rt_rv32_csrr_sscratch	DEAD_DECLARATION	1	1	1	1	1	migration_required
rt_rv32_csrr_sstatus	GENUINELY_MISSING	1	1	1	1	1	migration_required
rt_rv32_csrr_stval	GENUINELY_MISSING	1	1	1	1	1	migration_required
rt_rv32_csrr_stvec	GENUINELY_MISSING	1	1	1	1	1	migration_required
rt_rv32_csrw_satp	GENUINELY_MISSING	1	1	1	1	1	migration_required
rt_rv32_csrw_sepc	GENUINELY_MISSING	1	1	1	1	1	migration_required
rt_rv32_csrw_sie	GENUINELY_MISSING	1	1	1	1	1	migration_required
rt_rv32_csrw_sscratch	DEAD_DECLARATION	1	1	1	1	1	migration_required
rt_rv32_csrw_sstatus	GENUINELY_MISSING	1	1	1	1	1	migration_required
rt_rv32_csrw_stvec	GENUINELY_MISSING	1	1	1	1	1	migration_required
rt_rv32_sbi_call	GENUINELY_MISSING	1	1	1	1	1	migration_required
rt_rv32_sfence_vma_all	GENUINELY_MISSING	1	1	1	1	1	migration_required
rt_rv32_sfence_vma	GENUINELY_MISSING	1	1	1	1	1	migration_required
rt_rv32_smp_online_count	GENUINELY_MISSING	2	1	2	2	2	migration_required
rt_rv32_wfi	GENUINELY_MISSING	1	1	1	1	1	migration_required
rt_rwlock_free	in_deployed_binary	1	1	1	1	1	migration_required
rt_rwlock_new	in_deployed_binary	7	2	7	7	7	source_signature_variants
rt_rwlock_read	in_deployed_binary	7	2	7	7	7	source_signature_variants
rt_rwlock_set	in_deployed_binary	6	2	6	6	6	source_signature_variants
rt_rwlock_try_read	in_deployed_binary	7	2	7	0	7	source_signature_variants
rt_rwlock_try_write	in_deployed_binary	7	2	7	0	7	source_signature_variants
rt_rwlock_unlock_read	in_deployed_binary	1	1	1	1	1	migration_required
rt_rwlock_unlock_write	in_deployed_binary	1	1	1	1	1	migration_required
rt_rwlock_write	in_deployed_binary	7	2	7	7	7	source_signature_variants
rt_sandbox_add_allowed_domain	in_deployed_binary	1	1	1	1	1	migration_required
rt_sandbox_add_blocked_domain	in_deployed_binary	1	1	1	1	1	migration_required
rt_sandbox_add_read_path	in_deployed_binary	1	1	1	1	1	migration_required
rt_sandbox_add_write_path	in_deployed_binary	1	1	1	1	1	migration_required
rt_sandbox_apply	in_deployed_binary	1	1	1	1	1	migration_required
rt_sandbox_cleanup	in_deployed_binary	1	1	1	1	1	migration_required
rt_sandbox_disable_network	in_deployed_binary	1	1	1	1	1	migration_required
rt_sandbox_get_cpu_time	in_deployed_binary	1	1	1	1	1	migration_required
rt_sandbox_get_fs_mode	in_deployed_binary	1	1	1	1	1	migration_required
rt_sandbox_get_memory	in_deployed_binary	1	1	1	1	1	migration_required
rt_sandbox_get_network_mode	in_deployed_binary	1	1	1	1	1	migration_required
rt_sandbox_is_configured	in_deployed_binary	1	1	1	1	1	migration_required
rt_sandbox_reset	in_deployed_binary	1	1	1	1	1	migration_required
rt_sandbox_set_cpu_time	in_deployed_binary	1	1	1	1	1	migration_required
rt_sandbox_set_fd_limit	in_deployed_binary	1	1	1	1	1	migration_required
rt_sandbox_set_fs_overlay	in_deployed_binary	1	1	1	1	1	migration_required
rt_sandbox_set_fs_readonly	in_deployed_binary	1	1	1	1	1	migration_required
rt_sandbox_set_fs_restricted	in_deployed_binary	1	1	1	1	1	migration_required
rt_sandbox_set_memory	in_deployed_binary	1	1	1	1	1	migration_required
rt_sandbox_set_network_allowlist	in_deployed_binary	1	1	1	1	1	migration_required
rt_sandbox_set_network_blocklist	in_deployed_binary	1	1	1	1	1	migration_required
rt_sandbox_set_thread_limit	in_deployed_binary	1	1	1	1	1	migration_required
rt_screenshot_capture_after_terminal	in_deployed_binary	1	1	1	1	1	migration_required
rt_screenshot_capture_before_terminal	in_deployed_binary	1	1	1	1	1	migration_required
rt_screenshot_capture_count	in_deployed_binary	1	1	1	1	1	migration_required
rt_screenshot_clear_captures	in_deployed_binary	1	1	1	1	1	migration_required
rt_screenshot_clear_context	in_deployed_binary	1	1	1	1	1	migration_required
rt_screenshot_disable	in_deployed_binary	1	1	1	1	1	migration_required
rt_screenshot_enable	in_deployed_binary	1	1	1	1	1	migration_required
rt_screenshot_exists	in_deployed_binary	1	1	1	1	1	migration_required
rt_screenshot_free_string	in_deployed_binary	1	1	1	1	1	migration_required
rt_screenshot_get_output_dir	in_deployed_binary	1	1	1	1	1	migration_required
rt_screenshot_get_path	in_deployed_binary	1	1	1	1	1	migration_required
rt_screenshot_is_enabled	in_deployed_binary	1	1	1	1	1	migration_required
rt_screenshot_is_refresh	in_deployed_binary	1	1	1	1	1	migration_required
rt_screenshot_set_context	in_deployed_binary	1	1	1	1	1	migration_required
rt_screenshot_set_output_dir	in_deployed_binary	1	1	1	1	1	migration_required
rt_screenshot_set_refresh	in_deployed_binary	1	1	1	1	1	migration_required
rt_sdl2_clear_quit	interp_extern_registry	2	1	1	2	2	migration_required
rt_sdl2_clipboard_get	interp_extern_registry	2	1	1	2	2	migration_required
rt_sdl2_clipboard_has_text	interp_extern_registry	2	1	1	2	2	migration_required
rt_sdl2_clipboard_set	interp_extern_registry	2	1	1	2	2	migration_required
rt_sdl2_create_window	interp_extern_registry	3	1	2	3	3	migration_required
rt_sdl2_destroy_window	interp_extern_registry	3	1	2	3	3	migration_required
rt_sdl2_event_key_code	interp_extern_registry	2	1	1	2	2	migration_required
rt_sdl2_event_key_mod	interp_extern_registry	2	1	1	2	2	migration_required
rt_sdl2_event_key_sym	interp_extern_registry	2	1	1	2	2	migration_required
rt_sdl2_event_mouse_button	interp_extern_registry	2	1	1	2	2	migration_required
rt_sdl2_event_mouse_x	interp_extern_registry	2	1	1	2	2	migration_required
rt_sdl2_event_mouse_y	interp_extern_registry	2	1	1	2	2	migration_required
rt_sdl2_event_text	interp_extern_registry	1	1	0	1	1	migration_required
rt_sdl2_event_wheel_x	interp_extern_registry	2	1	1	2	2	migration_required
rt_sdl2_event_wheel_y	interp_extern_registry	2	1	1	2	2	migration_required
rt_sdl2_event_window_data1	interp_extern_registry	2	1	1	2	2	migration_required
rt_sdl2_event_window_data2	interp_extern_registry	2	1	1	2	2	migration_required
rt_sdl2_event_window_event_id	interp_extern_registry	2	1	1	2	2	migration_required
rt_sdl2_focus_window	interp_extern_registry	1	1	0	1	1	migration_required
rt_sdl2_get_display_bounds_h	interp_extern_registry	3	1	2	3	3	migration_required
rt_sdl2_get_display_bounds_w	interp_extern_registry	3	1	2	3	3	migration_required
rt_sdl2_get_display_bounds_x	interp_extern_registry	3	1	2	3	3	migration_required
rt_sdl2_get_display_bounds_y	interp_extern_registry	3	1	2	3	3	migration_required
rt_sdl2_get_display_dpi	interp_extern_registry	3	1	2	3	3	migration_required
rt_sdl2_get_display_name	interp_extern_registry	3	1	2	3	3	migration_required
rt_sdl2_get_display_usable_h	interp_extern_registry	3	1	2	3	3	migration_required
rt_sdl2_get_display_usable_w	interp_extern_registry	3	1	2	3	3	migration_required
rt_sdl2_get_display_usable_x	interp_extern_registry	3	1	2	3	3	migration_required
rt_sdl2_get_display_usable_y	interp_extern_registry	3	1	2	3	3	migration_required
rt_sdl2_get_mouse_x	interp_extern_registry	3	1	2	3	3	migration_required
rt_sdl2_get_mouse_y	interp_extern_registry	3	1	2	3	3	migration_required
rt_sdl2_get_num_displays	interp_extern_registry	3	1	2	3	3	migration_required
rt_sdl2_get_ticks_ms	interp_extern_registry	2	1	1	2	2	migration_required
rt_sdl2_get_ticks_ns	interp_extern_registry	2	1	1	2	2	migration_required
rt_sdl2_get_window_height	interp_extern_registry	2	1	1	2	2	migration_required
rt_sdl2_get_window_position_x	interp_extern_registry	2	1	1	2	2	migration_required
rt_sdl2_get_window_position_y	interp_extern_registry	2	1	1	2	2	migration_required
rt_sdl2_get_window_width	interp_extern_registry	2	1	1	2	2	migration_required
rt_sdl2_hide_window	interp_extern_registry	2	1	1	2	2	migration_required
rt_sdl2_init	interp_extern_registry	3	1	2	3	3	migration_required
rt_sdl2_is_key_pressed	interp_extern_registry	2	1	1	2	2	migration_required
rt_sdl2_is_mouse_button_pressed	interp_extern_registry	2	1	1	2	2	migration_required
rt_sdl2_last_error	interp_extern_registry	1	1	0	1	1	migration_required
rt_sdl2_maximize_window	interp_extern_registry	1	1	0	1	1	migration_required
rt_sdl2_minimize_window	interp_extern_registry	1	1	0	1	1	migration_required
rt_sdl2_poll_event	interp_extern_registry	3	1	2	3	3	migration_required
rt_sdl2_present_rgba	interp_extern_registry	3	1	2	3	3	migration_required
rt_sdl2_quit	interp_extern_registry	3	1	2	3	3	migration_required
rt_sdl2_restore_window	interp_extern_registry	1	1	0	1	1	migration_required
rt_sdl2_set_cursor_grab	interp_extern_registry	2	1	1	2	2	migration_required
rt_sdl2_set_cursor_visible	interp_extern_registry	2	1	1	2	2	migration_required
rt_sdl2_set_window_always_on_top	interp_extern_registry	1	1	0	1	1	migration_required
rt_sdl2_set_window_bordered	interp_extern_registry	1	1	0	1	1	migration_required
rt_sdl2_set_window_fullscreen_checked	interp_extern_registry	1	1	0	0	1	evidence_required
rt_sdl2_set_window_fullscreen	interp_extern_registry	2	1	1	2	2	migration_required
rt_sdl2_set_window_maximum_size	interp_extern_registry	1	1	0	1	1	migration_required
rt_sdl2_set_window_minimum_size	interp_extern_registry	1	1	0	1	1	migration_required
rt_sdl2_set_window_position	interp_extern_registry	2	1	1	2	2	migration_required
rt_sdl2_set_window_resizable	interp_extern_registry	2	1	1	2	2	migration_required
rt_sdl2_set_window_size	interp_extern_registry	3	1	2	3	3	migration_required
rt_sdl2_set_window_title	interp_extern_registry	2	1	1	2	2	migration_required
rt_sdl2_show_window	interp_extern_registry	2	1	1	2	2	migration_required
rt_sdl2_wait_event	interp_extern_registry	1	1	0	1	1	migration_required
rt_sdl2_warp_mouse	interp_extern_registry	2	1	1	2	2	migration_required
rt_sdl2_window_flags	interp_extern_registry	1	1	0	1	1	migration_required
rt_sdl2_window_should_close	interp_extern_registry	2	1	1	2	2	migration_required
rt_sdl3_available	interp_extern_registry	1	1	1	1	1	migration_required
rt_sdl3_create_window	interp_extern_registry	1	1	1	1	1	migration_required
rt_sdl3_destroy_window	interp_extern_registry	1	1	1	1	1	migration_required
rt_sdl3_event_action	interp_extern_registry	1	1	1	1	1	migration_required
rt_sdl3_event_dx_milli	interp_extern_registry	1	1	1	1	1	migration_required
rt_sdl3_event_dy_milli	interp_extern_registry	1	1	1	1	1	migration_required
rt_sdl3_event_height	interp_extern_registry	1	1	1	1	1	migration_required
rt_sdl3_event_key	interp_extern_registry	1	1	1	1	1	migration_required
rt_sdl3_event_modifiers	interp_extern_registry	1	1	1	1	1	migration_required
rt_sdl3_event_scancode	interp_extern_registry	1	1	1	1	1	migration_required
rt_sdl3_event_sequence	interp_extern_registry	1	1	1	1	1	migration_required
rt_sdl3_event_text	interp_extern_registry	1	1	1	1	1	migration_required
rt_sdl3_event_timestamp_ns	interp_extern_registry	1	1	1	1	1	migration_required
rt_sdl3_event_width	interp_extern_registry	1	1	1	1	1	migration_required
rt_sdl3_event_window	interp_extern_registry	1	1	1	1	1	migration_required
rt_sdl3_event_x_milli	interp_extern_registry	1	1	1	1	1	migration_required
rt_sdl3_event_y_milli	interp_extern_registry	1	1	1	1	1	migration_required
rt_sdl3_init	interp_extern_registry	2	1	2	2	2	migration_required
rt_sdl3_last_error	interp_extern_registry	1	1	1	1	1	migration_required
rt_sdl3_live_window_count	interp_extern_registry	1	1	1	1	1	migration_required
rt_sdl3_pop_event	interp_extern_registry	1	1	1	1	1	migration_required
rt_sdl3_quit	interp_extern_registry	2	1	2	2	2	migration_required
rt_sdl3_zzz_bogus	GENUINELY_MISSING	1	1	1	1	1	migration_required
rt_sdl_create_window	c_runtime_source_only	1	1	1	1	1	migration_required
rt_sdl_destroy_window	c_runtime_source_only	1	1	1	1	1	migration_required
rt_sdl_event_key_mod	c_runtime_source_only	1	1	1	1	1	migration_required
rt_sdl_event_key_sym	c_runtime_source_only	1	1	1	1	1	migration_required
rt_sdl_event_mouse_x	c_runtime_source_only	1	1	1	1	1	migration_required
rt_sdl_event_mouse_y	c_runtime_source_only	1	1	1	1	1	migration_required
rt_sdl_event_text	c_runtime_source_only	1	1	1	1	1	migration_required
rt_sdl_event_window_data1	c_runtime_source_only	1	1	1	1	1	migration_required
rt_sdl_event_window_data2	c_runtime_source_only	1	1	1	1	1	migration_required
rt_sdl_event_window_event_id	c_runtime_source_only	1	1	1	1	1	migration_required
rt_sdl_get_window_height	c_runtime_source_only	1	1	1	1	1	migration_required
rt_sdl_get_window_width	c_runtime_source_only	1	1	1	1	1	migration_required
rt_sdl_init	c_runtime_source_only	1	1	1	1	1	migration_required
rt_sdl_poll_event	c_runtime_source_only	1	1	1	1	1	migration_required
rt_sdl_present_rgba	c_runtime_source_only	1	1	1	1	1	migration_required
rt_sdl_quit	c_runtime_source_only	1	1	1	1	1	migration_required
rt_sdn_parse	GENUINELY_MISSING	1	1	1	1	1	migration_required
rt_select_query	in_deployed_binary	1	1	1	1	1	migration_required
rt_serial_available	GENUINELY_MISSING	2	1	2	2	2	migration_required
rt_serial_close	in_deployed_binary	3	1	3	3	3	migration_required
rt_serial_flush	in_deployed_binary	3	1	3	3	3	migration_required
rt_serial_open	in_deployed_binary	3	2	3	3	3	source_signature_variants
rt_serial_read	in_deployed_binary	3	2	3	3	3	source_signature_variants
rt_serial_readline	GENUINELY_MISSING	1	1	1	1	1	migration_required
rt_serial_relay	in_deployed_binary	1	1	1	1	1	migration_required
rt_serial_set_baud	GENUINELY_MISSING	1	1	1	1	1	migration_required
rt_serial_set_databits	GENUINELY_MISSING	1	1	1	1	1	migration_required
rt_serial_set_parity	GENUINELY_MISSING	1	1	1	1	1	migration_required
rt_serial_set_stopbits	GENUINELY_MISSING	1	1	1	1	1	migration_required
rt_serial_set_timeout	in_deployed_binary	3	1	3	3	3	migration_required
rt_serial_write	in_deployed_binary	3	1	3	3	3	migration_required
rt_set_concurrent_backend	interp_extern_registry	4	1	4	4	4	migration_required
rt_set_current_dir	in_deployed_binary	1	1	1	1	1	migration_required
rt_set_debug_mode	in_deployed_binary	5	2	5	5	5	source_signature_variants
rt_set_macro_trace	in_deployed_binary	5	2	5	5	5	source_signature_variants
rt_set_protection	DEAD_DECLARATION	1	1	1	1	1	migration_required
rt_sftp_download	GENUINELY_MISSING	1	1	1	1	1	migration_required
rt_sftp_init	GENUINELY_MISSING	1	1	1	1	1	migration_required
rt_sftp_mkdir	GENUINELY_MISSING	1	1	1	1	1	migration_required
rt_sftp_readdir	GENUINELY_MISSING	1	1	1	1	1	migration_required
rt_sftp_rename	GENUINELY_MISSING	1	1	1	1	1	migration_required
rt_sftp_rmdir	GENUINELY_MISSING	1	1	1	1	1	migration_required
rt_sftp_shutdown	GENUINELY_MISSING	1	1	1	1	1	migration_required
rt_sftp_stat	GENUINELY_MISSING	1	1	1	1	1	migration_required
rt_sftp_unlink	GENUINELY_MISSING	1	1	1	1	1	migration_required
rt_sftp_upload	GENUINELY_MISSING	1	1	1	1	1	migration_required
rt_sha1_finish_base64	in_deployed_binary	1	1	1	0	1	migration_required
rt_sha1_finish_bytes	in_deployed_binary	1	1	1	1	1	migration_required
rt_sha1_finish	in_deployed_binary	1	1	1	0	1	migration_required
rt_sha1_free	in_deployed_binary	2	1	2	2	2	migration_required
rt_sha1_new	in_deployed_binary	2	1	2	2	2	migration_required
rt_sha1_reset	in_deployed_binary	1	1	1	1	1	migration_required
rt_sha1_write	in_deployed_binary	2	2	2	1	2	source_signature_variants
rt_sha256_finish_bytes	in_deployed_binary	1	1	1	1	1	migration_required
rt_sha256_finish	in_deployed_binary	1	1	1	1	1	migration_required
rt_sha256_free	in_deployed_binary	1	1	1	1	1	migration_required
rt_sha256	GENUINELY_MISSING	1	1	1	1	1	migration_required
rt_sha256_new	in_deployed_binary	1	1	1	1	1	migration_required
rt_sha256_reset	in_deployed_binary	1	1	1	1	1	migration_required
rt_sha256_write	in_deployed_binary	1	1	1	1	1	migration_required
rt_shell_exec	interp_extern_registry	6	1	6	6	6	migration_required
rt_shell_exec_tuple	interp_extern_registry	4	1	4	4	4	migration_required
rt_shell_exit_code	interp_extern_registry	10	1	10	10	10	migration_required
rt_shell	GENUINELY_MISSING	3	1	3	3	3	migration_required
rt_shell_output	GENUINELY_MISSING	3	1	3	3	3	migration_required
rt_signal_check	in_deployed_binary	3	1	3	3	3	migration_required
rt_signal_install	in_deployed_binary	3	1	3	3	3	migration_required
rt_simd_add_f32x4	interp_extern_registry	1	1	1	1	1	migration_required
rt_simd_add_f32x8	interp_extern_registry	1	1	1	1	1	migration_required
rt_simd_add_f64x4	interp_extern_registry	1	1	1	1	1	migration_required
rt_simd_add_i32x4	in_deployed_binary	1	1	1	1	1	migration_required
rt_simd_add_i32x8	in_deployed_binary	1	1	1	1	1	migration_required
rt_simd_add_i64x4	interp_extern_registry	1	1	1	1	1	migration_required
rt_simd_add_u32x4	interp_extern_registry	1	1	1	1	1	migration_required
rt_simd_add_u8x16	in_deployed_binary	1	1	1	1	1	migration_required
rt_simd_aes_round_last_u8x16	in_deployed_binary	1	1	1	1	1	migration_required
rt_simd_aes_round_u8x16	in_deployed_binary	1	1	1	1	1	migration_required
rt_simd_and_i32x4	in_deployed_binary	1	1	1	1	1	migration_required
rt_simd_and_i32x8	in_deployed_binary	1	1	1	1	1	migration_required
rt_simd_and_u32x4	interp_extern_registry	1	1	1	1	1	migration_required
rt_simd_and_u64x4	interp_extern_registry	1	1	1	1	1	migration_required
rt_simd_clmul_hi_u64	in_deployed_binary	1	1	1	1	1	migration_required
rt_simd_clmul_lo_u64	in_deployed_binary	1	1	1	1	1	migration_required
rt_simd_detect_profile	in_deployed_binary	2	1	2	2	2	migration_required
rt_simd_div_f32x4	interp_extern_registry	1	1	1	1	1	migration_required
rt_simd_div_f32x8	interp_extern_registry	1	1	1	1	1	migration_required
rt_simd_div_f64x4	interp_extern_registry	1	1	1	1	1	migration_required
rt_simd_engine2d_neon_hits	in_deployed_binary	3	1	3	3	3	migration_required
rt_simd_engine2d_neon_reset	in_deployed_binary	3	1	3	3	3	migration_required
rt_simd_fma_f32x4	interp_extern_registry	1	1	1	1	1	migration_required
rt_simd_fma_f32x8	interp_extern_registry	1	1	1	1	1	migration_required
rt_simd_fma_f64x4	interp_extern_registry	1	1	1	1	1	migration_required
rt_simd_hadd_f32x4	interp_extern_registry	1	1	1	1	1	migration_required
rt_simd_has_avx2	in_deployed_binary	7	1	7	7	7	migration_required
rt_simd_has_avx	in_deployed_binary	2	1	2	2	2	migration_required
rt_simd_has_neon	in_deployed_binary	4	1	4	4	4	migration_required
rt_simd_has_rvv	in_deployed_binary	4	1	4	4	4	migration_required
rt_simd_has_sse	in_deployed_binary	4	1	4	4	4	migration_required
rt_simd_hmax_f32x4	interp_extern_registry	1	1	1	1	1	migration_required
rt_simd_hmin_f32x4	interp_extern_registry	1	1	1	1	1	migration_required
rt_simd_mat4_mul_avx2	GENUINELY_MISSING	1	1	1	1	1	migration_required
rt_simd_mat4_mul_neon	GENUINELY_MISSING	1	1	1	1	1	migration_required
rt_simd_mat4_mul_sse42	GENUINELY_MISSING	1	1	1	1	1	migration_required
rt_simd_mul_f32x4	interp_extern_registry	1	1	1	1	1	migration_required
rt_simd_mul_f32x8	interp_extern_registry	1	1	1	1	1	migration_required
rt_simd_mul_f64x4	interp_extern_registry	1	1	1	1	1	migration_required
rt_simd_mul_i32x4	in_deployed_binary	1	1	1	1	1	migration_required
rt_simd_mul_i32x8	in_deployed_binary	1	1	1	1	1	migration_required
rt_simd_or_i32x4	in_deployed_binary	1	1	1	1	1	migration_required
rt_simd_or_i32x8	in_deployed_binary	1	1	1	1	1	migration_required
rt_simd_or_u32x4	interp_extern_registry	1	1	1	1	1	migration_required
rt_simd_or_u64x4	interp_extern_registry	1	1	1	1	1	migration_required
rt_simd_profile_name	in_deployed_binary	2	1	2	2	2	migration_required
rt_simd_shl_i32x4	in_deployed_binary	1	1	1	1	1	migration_required
rt_simd_shl_i32x8	in_deployed_binary	1	1	1	1	1	migration_required
rt_simd_shl_u64x4	interp_extern_registry	1	1	1	1	1	migration_required
rt_simd_shr_i32x4	in_deployed_binary	1	1	1	1	1	migration_required
rt_simd_shr_i32x8	in_deployed_binary	1	1	1	1	1	migration_required
rt_simd_shr_u64x4	interp_extern_registry	1	1	1	1	1	migration_required
rt_simd_shuffle_u8x16	interp_extern_registry	1	1	1	1	1	migration_required
rt_simd_str_search	in_deployed_binary	2	1	2	2	2	migration_required
rt_simd_sub_f32x4	interp_extern_registry	1	1	1	1	1	migration_required
rt_simd_sub_f32x8	interp_extern_registry	1	1	1	1	1	migration_required
rt_simd_sub_f64x4	interp_extern_registry	1	1	1	1	1	migration_required
rt_simd_sub_i32x4	in_deployed_binary	1	1	1	1	1	migration_required
rt_simd_sub_i32x8	in_deployed_binary	1	1	1	1	1	migration_required
rt_simd_sub_i64x4	interp_extern_registry	1	1	1	1	1	migration_required
rt_simd_sub_u32x4	interp_extern_registry	1	1	1	1	1	migration_required
rt_simd_transform_verts_avx2	GENUINELY_MISSING	1	1	1	1	1	migration_required
rt_simd_transform_verts_neon	GENUINELY_MISSING	1	1	1	1	1	migration_required
rt_simd_transform_verts_sse42	GENUINELY_MISSING	1	1	1	1	1	migration_required
rt_simd_vec4u64_get	interp_extern_registry	1	1	1	1	1	migration_required
rt_simd_xor_i32x4	in_deployed_binary	1	1	1	1	1	migration_required
rt_simd_xor_i32x8	in_deployed_binary	1	1	1	1	1	migration_required
rt_simd_xor_u32x4	interp_extern_registry	1	1	1	1	1	migration_required
rt_simd_xor_u64x2	in_deployed_binary	1	1	1	1	1	migration_required
rt_simd_xor_u64x4	interp_extern_registry	1	1	1	1	1	migration_required
rt_simd_xor_u8x16	in_deployed_binary	1	1	1	1	1	migration_required
rt_simple_core_argv_array_new_owned	SHADOWED_BY_SPL_FN	1	1	1	1	1	migration_required
rt_simple_core_argv_array_push_owned	SHADOWED_BY_SPL_FN	1	1	1	1	1	migration_required
rt_simpleos_file_atomic_caps	SHADOWED_BY_SPL_FN	1	1	1	1	1	migration_required
rt_simpleos_file_open_bytes	c_runtime_source_only	2	1	2	2	2	migration_required
rt_simpleos_file_read_bytes	c_runtime_source_only	2	1	2	2	2	migration_required
rt_simpleos_file_rename_bytes	c_runtime_source_only	2	1	2	2	2	migration_required
rt_simpleos_file_write_bytes	c_runtime_source_only	2	1	2	2	2	migration_required
rt_simpleos_log_emit	in_deployed_binary	1	1	1	1	1	migration_required
rt_simpleos_log_init	in_deployed_binary	2	1	2	2	2	migration_required
rt_simpleos_log_set_device	in_deployed_binary	1	1	1	1	1	migration_required
rt_simpleos_log_zzz_bogus	interp_extern_registry	1	1	1	1	1	migration_required
rt_simpleos_socket_bind_bytes	c_runtime_source_only	1	1	1	1	1	migration_required
rt_simpleos_socket_connect_bytes	c_runtime_source_only	1	1	1	1	1	migration_required
rt_simpleos_socket_recv_bytes	c_runtime_source_only	1	1	1	1	1	migration_required
rt_simpleos_socket_send_bytes	c_runtime_source_only	1	1	1	1	1	migration_required
rt_simple_sandbox_section_end	c_runtime_source_only	1	1	1	1	1	migration_required
rt_simple_sandbox_section_start	c_runtime_source_only	1	1	1	1	1	migration_required
rt_sleep_ms	in_deployed_binary	20	1	20	20	20	migration_required
rt_sleep_nanos	c_runtime_source_only	1	1	1	1	1	migration_required
rt_sleep_secs	c_runtime_source_only	2	1	2	2	2	migration_required
rt_smf_relocs_from_path	interp_extern_registry	2	1	2	2	2	migration_required
rt_socket_set_nonblocking	in_deployed_binary	2	1	2	2	2	migration_required
rt_span_column	interp_extern_registry	1	1	1	1	1	migration_required
rt_span_create	interp_extern_registry	1	1	1	1	1	migration_required
rt_span_end	interp_extern_registry	1	1	1	1	1	migration_required
rt_span_free	interp_extern_registry	1	1	1	1	1	migration_required
rt_span_line	interp_extern_registry	1	1	1	1	1	migration_required
rt_span_start	interp_extern_registry	1	1	1	1	1	migration_required
rt_spin_loop_hint	in_deployed_binary	1	1	1	1	1	migration_required
rt_sqlite_begin	interp_extern_registry	3	1	3	3	3	migration_required
rt_sqlite_bind_float	interp_extern_registry	3	1	3	3	3	migration_required
rt_sqlite_bind_int	interp_extern_registry	3	1	3	3	3	migration_required
rt_sqlite_bind_null	interp_extern_registry	3	1	3	3	3	migration_required
rt_sqlite_bind_text	interp_extern_registry	3	1	3	3	3	migration_required
rt_sqlite_changes	interp_extern_registry	3	1	3	3	3	migration_required
rt_sqlite_close	interp_extern_registry	3	1	3	3	3	migration_required
rt_sqlite_column_count	interp_extern_registry	3	1	3	3	3	migration_required
rt_sqlite_column_float	interp_extern_registry	3	1	3	3	3	migration_required
rt_sqlite_column_int	interp_extern_registry	3	1	3	3	3	migration_required
rt_sqlite_column_name	interp_extern_registry	3	1	3	3	3	migration_required
rt_sqlite_column_text	interp_extern_registry	3	1	3	3	3	migration_required
rt_sqlite_column_type	interp_extern_registry	3	1	3	3	3	migration_required
rt_sqlite_commit	interp_extern_registry	3	1	3	3	3	migration_required
rt_sqlite_error_message	interp_extern_registry	3	1	3	3	3	migration_required
rt_sqlite_execute_batch	interp_extern_registry	3	1	3	3	3	migration_required
rt_sqlite_execute	interp_extern_registry	3	1	3	3	3	migration_required
rt_sqlite_finalize	interp_extern_registry	3	1	3	3	3	migration_required
rt_sqlite_last_insert_rowid	interp_extern_registry	3	1	3	3	3	migration_required
rt_sqlite_open	interp_extern_registry	3	1	3	3	3	migration_required
rt_sqlite_open_memory	interp_extern_registry	3	1	3	3	3	migration_required
rt_sqlite_prepare	interp_extern_registry	3	1	3	3	3	migration_required
rt_sqlite_query_done	interp_extern_registry	3	1	3	3	3	migration_required
rt_sqlite_query	interp_extern_registry	3	1	3	3	3	migration_required
rt_sqlite_query_next	interp_extern_registry	3	1	3	3	3	migration_required
rt_sqlite_reset	interp_extern_registry	3	1	3	3	3	migration_required
rt_sqlite_rollback	interp_extern_registry	3	1	3	3	3	migration_required
rt_ssh_aes128_gcm_decrypt_packet	DEAD_DECLARATION	1	1	1	1	1	migration_required
rt_ssh_aes128_gcm_encrypt_packet	DEAD_DECLARATION	1	1	1	1	1	migration_required
rt_ssh_aes256_gcm_decrypt_packet	in_deployed_binary	1	1	1	1	1	migration_required
rt_ssh_auth_agent	GENUINELY_MISSING	1	1	1	1	1	migration_required
rt_ssh_auth_password	GENUINELY_MISSING	1	1	1	1	1	migration_required
rt_ssh_auth_pubkey	GENUINELY_MISSING	1	1	1	1	1	migration_required
rt_ssh_channel_close	GENUINELY_MISSING	1	1	1	1	1	migration_required
rt_ssh_channel_read	GENUINELY_MISSING	1	1	1	1	1	migration_required
rt_ssh_channel_write	GENUINELY_MISSING	1	1	1	1	1	migration_required
rt_ssh_connect	GENUINELY_MISSING	1	1	1	1	1	migration_required
rt_ssh_curve25519_exchange_hash	GENUINELY_MISSING	1	1	1	1	1	migration_required
rt_ssh_disconnect	GENUINELY_MISSING	1	1	1	1	1	migration_required
rt_ssh_exec	GENUINELY_MISSING	1	1	1	1	1	migration_required
rt_ssh_get_banner	GENUINELY_MISSING	1	1	1	1	1	migration_required
rt_ssh_is_authenticated	GENUINELY_MISSING	1	1	1	1	1	migration_required
rt_ssh_set_timeout	GENUINELY_MISSING	1	1	1	1	1	migration_required
rt_ssh_shell	GENUINELY_MISSING	1	1	1	1	1	migration_required
rt_starfive_delay_ms	GENUINELY_MISSING	1	1	1	1	1	migration_required
rt_starfive_mmio_read32	GENUINELY_MISSING	2	1	2	2	2	migration_required
rt_starfive_mmio_write32	GENUINELY_MISSING	2	1	2	2	2	migration_required
rt_starfive_resolve_dtb	GENUINELY_MISSING	1	1	1	1	1	migration_required
rt_starfive_uart_read	GENUINELY_MISSING	1	1	1	1	1	migration_required
rt_stderr_flush	in_deployed_binary	6	1	6	6	6	migration_required
rt_stderr_write	in_deployed_binary	16	3	16	16	16	source_signature_variants
rt_stdin_read_all	GENUINELY_MISSING	1	1	1	1	1	migration_required
rt_stdin_read_byte	in_deployed_binary	4	1	4	4	4	migration_required
rt_stdin_read_bytes	GENUINELY_MISSING	1	1	1	1	1	migration_required
rt_stdin_read	GENUINELY_MISSING	1	1	1	1	1	migration_required
rt_stdin_read_line	interp_extern_registry	16	2	16	4	16	source_signature_variants
rt_stdout_flush	in_deployed_binary	11	3	11	11	11	source_signature_variants
rt_stdout_write	in_deployed_binary	6	4	6	6	6	source_signature_variants
rt_sti	c_runtime_source_only	3	1	3	3	3	migration_required
rt_storage_capacity_sectors	GENUINELY_MISSING	1	1	1	1	1	migration_required
rt_storage_init	GENUINELY_MISSING	1	1	1	1	1	migration_required
rt_storage_nvfs_arena_ready	GENUINELY_MISSING	1	1	1	1	1	migration_required
rt_storage_nvfs_ready	GENUINELY_MISSING	1	1	1	1	1	migration_required
rt_storage_read_probe	GENUINELY_MISSING	1	1	1	1	1	migration_required
rt_store_barrier	in_deployed_binary	2	1	2	2	2	migration_required
rt_string_builder_finish	in_deployed_binary	2	1	2	2	2	migration_required
rt_string_builder_free	in_deployed_binary	1	1	1	1	1	migration_required
rt_string_builder_len	in_deployed_binary	3	1	3	3	3	migration_required
rt_string_builder_new	in_deployed_binary	2	1	2	2	2	migration_required
rt_string_builder_push	in_deployed_binary	3	2	3	3	3	source_signature_variants
rt_string_byte_at	in_deployed_binary	1	1	1	1	1	migration_required
rt_string_bytes	in_deployed_binary	2	1	2	2	2	migration_required
rt_string_char_at	in_deployed_binary	1	1	1	1	1	migration_required
rt_string_char_code_at	in_deployed_binary	1	1	1	1	1	migration_required
rt_string_chars	in_deployed_binary	1	1	1	1	1	migration_required
rt_string_concat	in_deployed_binary	3	2	3	3	3	source_signature_variants
rt_string_contains	in_deployed_binary	2	1	2	2	2	migration_required
rt_string_data	in_deployed_binary	16	2	15	16	16	source_signature_variants
rt_string_ends_with	in_deployed_binary	6	1	6	6	6	migration_required
rt_string_eq	in_deployed_binary	2	1	2	2	2	migration_required
rt_string_free	in_deployed_binary	6	2	6	6	6	source_signature_variants
rt_string_from_byte_array	interp_extern_registry	15	1	15	15	15	migration_required
rt_string_from_char	GENUINELY_MISSING	1	1	1	1	1	migration_required
rt_string_index_of	in_deployed_binary	2	1	2	2	2	migration_required
rt_string_is_text	SHADOWED_BY_SPL_FN	1	1	1	1	1	migration_required
rt_string_join	in_deployed_binary	2	1	2	2	2	migration_required
rt_string_len	in_deployed_binary	20	3	19	20	20	source_signature_variants
rt_string_new	in_deployed_binary	7	3	7	7	7	source_signature_variants
rt_string_replace	in_deployed_binary	2	1	2	2	2	migration_required
rt_string_rfind	in_deployed_binary	3	1	3	3	3	migration_required
rt_string_slice	DEAD_DECLARATION	1	1	1	1	1	migration_required
rt_string_split	in_deployed_binary	1	1	1	1	1	migration_required
rt_string_starts_with	in_deployed_binary	2	1	2	2	2	migration_required
rt_string_to_int	in_deployed_binary	2	1	2	2	2	migration_required
rt_string_to_lower	in_deployed_binary	1	1	1	1	1	migration_required
rt_string_to_upper	in_deployed_binary	1	1	1	1	1	migration_required
rt_string_trim	in_deployed_binary	2	1	2	2	2	migration_required
rt_swi_build	in_deployed_binary	1	1	1	1	1	migration_required
rt_swi_byte_to_char	in_deployed_binary	1	1	1	1	1	migration_required
rt_swi_char_to_byte	in_deployed_binary	1	1	1	1	1	migration_required
rt_swi_free	in_deployed_binary	1	1	1	1	1	migration_required
rt_symbol_usage_find	in_deployed_binary	1	1	1	1	1	migration_required
rt_sysctlbyname_i32	GENUINELY_MISSING	1	1	1	1	1	migration_required
rt_system_cpu_count	interp_extern_registry	1	1	1	1	1	migration_required
rt_system	GENUINELY_MISSING	2	1	2	2	2	migration_required
rt_tar_add_data	GENUINELY_MISSING	1	1	1	1	1	migration_required
rt_tar_add_file	GENUINELY_MISSING	1	1	1	1	1	migration_required
rt_tar_close	GENUINELY_MISSING	1	1	1	1	1	migration_required
rt_tar_create	GENUINELY_MISSING	1	1	1	1	1	migration_required
rt_tar_extract_file	GENUINELY_MISSING	1	1	1	1	1	migration_required
rt_tar_extract	GENUINELY_MISSING	1	1	1	1	1	migration_required
rt_target_arch_name	GENUINELY_MISSING	1	1	1	1	1	migration_required
rt_target_pointer_bits	GENUINELY_MISSING	1	1	1	1	1	migration_required
rt_targz_create	GENUINELY_MISSING	1	1	1	1	1	migration_required
rt_targz_extract	GENUINELY_MISSING	1	1	1	1	1	migration_required
rt_tar_list	GENUINELY_MISSING	1	1	1	1	1	migration_required
rt_tar_open	GENUINELY_MISSING	1	1	1	1	1	migration_required
rt_tcp_close	DEAD_DECLARATION	1	1	1	1	1	migration_required
rt_tcp_connect	GENUINELY_MISSING	4	2	4	4	4	source_signature_variants
rt_tcp_connect_timeout	GENUINELY_MISSING	1	1	1	1	1	migration_required
rt_tcp_recv	GENUINELY_MISSING	1	1	1	1	1	migration_required
rt_tcp_send	GENUINELY_MISSING	1	1	1	1	1	migration_required
rt_term_enable_ansi	in_deployed_binary	3	1	3	3	3	migration_required
rt_terminal_disable_raw_mode	in_deployed_binary	5	1	5	5	5	migration_required
rt_terminal_enable_raw_mode	in_deployed_binary	5	1	5	5	5	migration_required
rt_terminal_get_size	in_deployed_binary	1	1	1	1	1	migration_required
rt_terminal_is_tty	in_deployed_binary	1	1	1	1	1	migration_required
rt_terminal_stdout_is_tty	in_deployed_binary	1	1	1	1	1	migration_required
rt_term_poll	SHADOWED_BY_SPL_FN	2	1	2	2	2	migration_required
rt_term_read_timeout	SHADOWED_BY_SPL_FN	2	1	2	2	2	migration_required
rt_test262_eval	DEAD_DECLARATION	1	1	1	1	1	migration_required
rt_test262_load_corpus	DEAD_DECLARATION	1	1	1	1	1	migration_required
rt_test_db_cleanup_stale_runs	in_deployed_binary	1	1	1	1	1	migration_required
rt_test_db_enable_validation	in_deployed_binary	1	1	1	1	1	migration_required
rt_test_db_validate	in_deployed_binary	1	1	1	1	1	migration_required
rt_test_it	GENUINELY_MISSING	1	1	1	1	1	migration_required
rt_test_run_is_stale	in_deployed_binary	1	1	1	1	1	migration_required
rt_text_copy_to_phys	GENUINELY_MISSING	1	1	1	1	1	migration_required
rt_text_count_codepoints_cached	interp_extern_registry	2	1	2	2	2	migration_required
rt_text_count_codepoints	in_deployed_binary	1	1	1	1	1	migration_required
rt_text_eq_any	c_runtime_source_only	1	1	1	1	1	migration_required
rt_text_is_ascii	interp_extern_registry	3	1	3	3	3	migration_required
rt_text_slice_audit_note_range	c_runtime_source_only	1	1	1	1	1	migration_required
rt_text_to_bytes	in_deployed_binary	67	1	67	67	67	migration_required
rt_text_to_lower_ascii	in_deployed_binary	2	1	2	2	2	migration_required
rt_text_to_upper_ascii	in_deployed_binary	3	1	3	3	3	migration_required
rt_text_validate_utf8	interp_extern_registry	4	1	4	4	4	migration_required
rt_thread_available_parallelism	in_deployed_binary	13	1	13	13	13	migration_required
rt_thread_free	in_deployed_binary	8	1	8	8	8	migration_required
rt_thread_free_limited	in_deployed_binary	1	1	1	1	1	migration_required
rt_thread_get_violation_type	in_deployed_binary	1	1	1	1	1	migration_required
rt_thread_get_violation_value	in_deployed_binary	1	1	1	1	1	migration_required
rt_thread_id	in_deployed_binary	9	2	9	9	9	source_signature_variants
rt_thread_id_limited	in_deployed_binary	1	1	1	1	1	migration_required
rt_thread_is_done	in_deployed_binary	8	1	8	8	8	migration_required
rt_thread_is_done_limited	in_deployed_binary	1	1	1	1	1	migration_required
rt_thread_join	in_deployed_binary	12	2	12	12	12	source_signature_variants
rt_thread_join_limited	in_deployed_binary	1	1	1	1	1	migration_required
rt_thread_local_free	in_deployed_binary	2	1	2	2	2	migration_required
rt_thread_local_get	in_deployed_binary	2	1	2	2	2	migration_required
rt_thread_local_new	in_deployed_binary	2	1	2	2	2	migration_required
rt_thread_local_set	in_deployed_binary	2	1	2	2	2	migration_required
rt_thread_sleep	in_deployed_binary	43	2	43	43	43	source_signature_variants
rt_thread_sleep_ms	GENUINELY_MISSING	1	1	1	1	1	migration_required
rt_thread_spawn	DEAD_DECLARATION	1	1	1	1	1	migration_required
rt_thread_spawn_isolated2	GENUINELY_MISSING	3	1	3	3	3	migration_required
rt_thread_spawn_isolated	in_deployed_binary	9	3	9	9	9	source_signature_variants
rt_thread_spawn_isolated_with_args	in_deployed_binary	7	2	7	7	7	source_signature_variants
rt_thread_spawn_limited	in_deployed_binary	1	1	1	1	1	migration_required
rt_thread_spawn_limited_with_args	in_deployed_binary	1	1	1	1	1	migration_required
rt_thread_was_killed	in_deployed_binary	1	1	1	1	1	migration_required
rt_thread_yield	in_deployed_binary	14	2	14	14	14	source_signature_variants
rt_time_day	GENUINELY_MISSING	2	1	2	2	2	migration_required
rt_time_hour	GENUINELY_MISSING	2	1	2	2	2	migration_required
rt_time_millis	GENUINELY_MISSING	6	1	6	6	6	migration_required
rt_time_minute	GENUINELY_MISSING	2	1	2	2	2	migration_required
rt_time_monotonic_ns	interp_extern_registry	4	1	4	4	4	migration_required
rt_time_month	GENUINELY_MISSING	2	1	2	2	2	migration_required
rt_time_ms	interp_extern_registry	15	2	15	15	15	source_signature_variants
rt_time_now	interp_extern_registry	4	1	4	4	4	migration_required
rt_time_now_iso	GENUINELY_MISSING	4	1	4	4	4	migration_required
rt_time_now_micros	in_deployed_binary	27	1	27	27	27	migration_required
rt_time_now_millis	DEAD_DECLARATION	3	1	3	3	3	migration_required
rt_time_now_monotonic_ms	in_deployed_binary	15	1	15	15	15	migration_required
rt_time_now_ms	interp_extern_registry	6	1	6	6	6	migration_required
rt_time_now_nanos	in_deployed_binary	48	1	48	48	48	migration_required
rt_time_now_seconds_f64	in_deployed_binary	1	1	1	1	1	migration_required
rt_time_now_seconds	interp_extern_registry	16	2	16	16	16	source_signature_variants
rt_time_now_unix_micros	in_deployed_binary	194	2	194	194	194	source_signature_variants
rt_time_now_unix_millis	GENUINELY_MISSING	5	1	5	5	5	migration_required
rt_time_second	GENUINELY_MISSING	2	1	2	2	2	migration_required
rt_time_sleep_millis	DEAD_DECLARATION	1	1	1	1	1	migration_required
rt_timestamp_add_days	in_deployed_binary	3	2	3	3	3	source_signature_variants
rt_timestamp_diff_days	in_deployed_binary	3	2	3	3	3	source_signature_variants
rt_timestamp_diff_seconds	GENUINELY_MISSING	2	1	2	2	2	migration_required
rt_timestamp_from_components	in_deployed_binary	3	2	3	3	3	source_signature_variants
rt_timestamp_from_iso	GENUINELY_MISSING	2	1	2	2	2	migration_required
rt_timestamp_get_day	in_deployed_binary	3	2	3	3	3	source_signature_variants
rt_timestamp_get_hour	in_deployed_binary	3	2	3	3	3	source_signature_variants
rt_timestamp_get_microsecond	in_deployed_binary	2	2	2	2	2	source_signature_variants
rt_timestamp_get_minute	in_deployed_binary	3	2	3	3	3	source_signature_variants
rt_timestamp_get_month	in_deployed_binary	3	2	3	3	3	source_signature_variants
rt_timestamp_get_second	in_deployed_binary	3	2	3	3	3	source_signature_variants
rt_timestamp_get_year	in_deployed_binary	3	2	3	3	3	source_signature_variants
rt_timestamp_iso8601	interp_extern_registry	1	1	1	1	1	migration_required
rt_timestamp_now	SHADOWED_BY_SPL_FN	2	1	2	2	2	migration_required
rt_timestamp_parse	GENUINELY_MISSING	2	1	2	2	2	migration_required
rt_timestamp_to_iso	GENUINELY_MISSING	2	1	2	2	2	migration_required
rt_timestamp_to_string	GENUINELY_MISSING	2	1	2	2	2	migration_required
rt_time_year	GENUINELY_MISSING	2	1	2	2	2	migration_required
rt_tls13_aes128_gcm_decrypt	in_deployed_binary	3	1	3	3	3	migration_required
rt_tls13_aes256_gcm_decrypt	in_deployed_binary	1	1	1	1	1	migration_required
rt_tls13_aes256_gcm_encrypt	in_deployed_binary	1	1	1	1	1	migration_required
rt_tls13_build_client_hello	DEAD_DECLARATION	1	1	1	1	1	migration_required
rt_tls13_build_client_hello_record	GENUINELY_MISSING	1	1	1	1	1	migration_required
rt_tls13_bytes_equal	GENUINELY_MISSING	1	1	1	1	1	migration_required
rt_tls13_certificate_body_ed25519_pubkey	GENUINELY_MISSING	1	1	1	1	1	migration_required
rt_tls13_certificate_verify_algorithm	GENUINELY_MISSING	1	1	1	1	1	migration_required
rt_tls13_certificate_verify_msg_algorithm	GENUINELY_MISSING	1	1	1	1	1	migration_required
rt_tls13_certificate_verify_msg_signature	GENUINELY_MISSING	1	1	1	1	1	migration_required
rt_tls13_certificate_verify_signature	GENUINELY_MISSING	1	1	1	1	1	migration_required
rt_tls13_ed25519_verify	interp_extern_registry	1	1	1	1	1	migration_required
rt_tls13_find_handshake_message	GENUINELY_MISSING	1	1	1	1	1	migration_required
rt_tls13_finished_msg_verify_data	GENUINELY_MISSING	1	1	1	1	1	migration_required
rt_tls13_handshake_secret_from_record	GENUINELY_MISSING	1	1	1	1	1	migration_required
rt_tls13_hkdf_expand_into	interp_extern_registry	2	1	2	2	2	migration_required
rt_tls13_hkdf_expand_label_client_app	interp_extern_registry	1	1	1	1	1	migration_required
rt_tls13_hkdf_expand_label_client_hs	interp_extern_registry	2	1	2	2	2	migration_required
rt_tls13_hkdf_expand_label_derived	interp_extern_registry	2	1	2	2	2	migration_required
rt_tls13_hkdf_expand_label_finished	interp_extern_registry	2	1	2	2	2	migration_required
rt_tls13_hkdf_expand_label	interp_extern_registry	3	1	3	3	3	migration_required
rt_tls13_hkdf_expand_label_into	interp_extern_registry	2	1	2	2	2	migration_required
rt_tls13_hkdf_expand_label_iv	interp_extern_registry	2	1	2	2	2	migration_required
rt_tls13_hkdf_expand_label_key	interp_extern_registry	2	1	2	2	2	migration_required
rt_tls13_hkdf_expand_label_server_app	interp_extern_registry	1	1	1	1	1	migration_required
rt_tls13_hkdf_expand_label_server_hs	interp_extern_registry	2	1	2	2	2	migration_required
rt_tls13_hkdf_extract	interp_extern_registry	4	1	4	4	4	migration_required
rt_tls13_hkdf_extract_into	interp_extern_registry	2	1	2	2	2	migration_required
rt_tls13_inner_plaintext_content	DEAD_DECLARATION	1	1	1	1	1	migration_required
rt_tls13_inner_plaintext_type	DEAD_DECLARATION	1	1	1	1	1	migration_required
rt_tls13_prepare_app_secrets_7	GENUINELY_MISSING	1	1	1	1	1	migration_required
rt_tls13_record_content_type	GENUINELY_MISSING	1	1	1	1	1	migration_required
rt_tls13_record_encrypt	DEAD_DECLARATION	1	1	1	1	1	migration_required
rt_tls13_record_find_handshake_message_fd	GENUINELY_MISSING	1	1	1	1	1	migration_required
rt_tls13_record_find_handshake_message	GENUINELY_MISSING	1	1	1	1	1	migration_required
rt_tls13_record_payload_len	GENUINELY_MISSING	2	1	2	2	2	migration_required
rt_tls13_record_serverhello_x25519_pub	GENUINELY_MISSING	1	1	1	1	1	migration_required
rt_tls13_recv_record	GENUINELY_MISSING	2	1	2	2	2	migration_required
rt_tls13_server_finished_verify_data_fd	GENUINELY_MISSING	1	1	1	1	1	migration_required
rt_tls13_serverhello_x25519_pub	DEAD_DECLARATION	1	1	1	1	1	migration_required
rt_tls13_sha256	in_deployed_binary	11	1	11	11	11	migration_required
rt_tls13_sha512_full	GENUINELY_MISSING	1	1	1	1	1	migration_required
rt_tls13_take_cached_client_app_secret	GENUINELY_MISSING	1	1	1	1	1	migration_required
rt_tls13_take_cached_server_app_secret	GENUINELY_MISSING	1	1	1	1	1	migration_required
rt_tls13_transcript_hash_2	DEAD_DECLARATION	1	1	1	1	1	migration_required
rt_tls13_transcript_hash_6	GENUINELY_MISSING	1	1	1	1	1	migration_required
rt_tls13_transcript_hash_finished_fd	DEAD_DECLARATION	1	1	1	1	1	migration_required
rt_tls13_transcript_hash_record_payloads	GENUINELY_MISSING	1	1	1	1	1	migration_required
rt_tls13_verify_data_hmac	GENUINELY_MISSING	1	1	1	1	1	migration_required
rt_tls13_x25519_public_key	GENUINELY_MISSING	2	1	2	2	2	migration_required
rt_tls13_x25519_shared_secret	GENUINELY_MISSING	3	1	3	3	3	migration_required
rt_tls_client_close	in_deployed_binary	3	1	3	3	3	migration_required
rt_tls_client_config_add_root_cert	in_deployed_binary	2	1	2	2	2	migration_required
rt_tls_client_config_enable_sni	in_deployed_binary	2	1	2	2	2	migration_required
rt_tls_client_config_free	in_deployed_binary	2	1	2	2	2	migration_required
rt_tls_client_config_new	in_deployed_binary	2	1	2	2	2	migration_required
rt_tls_client_config_set_alpn	in_deployed_binary	2	1	2	2	2	migration_required
rt_tls_client_config_set_verify_mode	in_deployed_binary	2	1	2	2	2	migration_required
rt_tls_client_connect	in_deployed_binary	2	1	2	2	2	migration_required
rt_tls_client_connect_with_sni	in_deployed_binary	3	1	3	3	3	migration_required
rt_tls_client_read	in_deployed_binary	3	1	3	3	3	migration_required
rt_tls_client_write	in_deployed_binary	3	1	3	3	3	migration_required
rt_tls_free_cert	in_deployed_binary	2	1	2	2	2	migration_required
rt_tls_generate_self_signed_cert	in_deployed_binary	2	1	2	2	2	migration_required
rt_tls_get_cert_expiry	in_deployed_binary	2	1	2	2	2	migration_required
rt_tls_get_cert_issuer	in_deployed_binary	2	1	2	2	2	migration_required
rt_tls_get_cert_subject	in_deployed_binary	2	1	2	2	2	migration_required
rt_tls_get_cipher_suite	in_deployed_binary	2	1	2	2	2	migration_required
rt_tls_get_negotiated_alpn	in_deployed_binary	2	1	2	2	2	migration_required
rt_tls_get_peer_cert	in_deployed_binary	2	1	2	2	2	migration_required
rt_tls_get_protocol_version	in_deployed_binary	3	1	3	3	3	migration_required
rt_tls_hash_cert	in_deployed_binary	2	1	2	2	2	migration_required
rt_tls_is_handshake_complete	in_deployed_binary	2	1	2	2	2	migration_required
rt_tls_load_cert	in_deployed_binary	2	1	2	2	2	migration_required
rt_tls_load_key	in_deployed_binary	2	1	2	2	2	migration_required
rt_tls_server_accept	in_deployed_binary	2	1	2	2	2	migration_required
rt_tls_server_close_connection	in_deployed_binary	2	1	2	2	2	migration_required
rt_tls_server_config_free	in_deployed_binary	2	1	2	2	2	migration_required
rt_tls_server_config_new	in_deployed_binary	2	1	2	2	2	migration_required
rt_tls_server_config_require_client_cert	in_deployed_binary	2	1	2	2	2	migration_required
rt_tls_server_config_set_alpn	in_deployed_binary	2	1	2	2	2	migration_required
rt_tls_server_create	in_deployed_binary	2	1	2	2	2	migration_required
rt_tls_server_read	in_deployed_binary	2	1	2	2	2	migration_required
rt_tls_server_shutdown	in_deployed_binary	2	1	2	2	2	migration_required
rt_tls_server_write_bytes	in_deployed_binary	1	1	1	1	1	migration_required
rt_tls_server_write	in_deployed_binary	2	1	2	2	2	migration_required
rt_tls_verify_cert	in_deployed_binary	2	1	2	2	2	migration_required
rt_torch_autograd_backward	interp_extern_registry	1	1	1	1	1	migration_required
rt_torch_autograd_detach	GENUINELY_MISSING	1	1	1	1	1	migration_required
rt_torch_autograd_grad	interp_extern_registry	1	1	1	1	1	migration_required
rt_torch_autograd_no_grad_begin	interp_extern_registry	1	1	1	1	1	migration_required
rt_torch_autograd_no_grad_end	interp_extern_registry	1	1	1	1	1	migration_required
rt_torch_autograd_requires_grad	GENUINELY_MISSING	1	1	1	1	1	migration_required
rt_torch_autograd_set_requires_grad	interp_extern_registry	1	1	1	1	1	migration_required
rt_torch_autograd_zero_grad	interp_extern_registry	1	1	1	1	1	migration_required
rt_torch_available	interp_extern_registry	3	1	3	3	3	migration_required
rt_torch_clone	interp_extern_registry	1	1	1	1	1	migration_required
rt_torch_copy_data_to_cpu	interp_extern_registry	2	1	2	2	2	migration_required
rt_torch_cuda_available	interp_extern_registry	1	1	1	1	1	migration_required
rt_torch_cuda_empty_cache	DEAD_DECLARATION	1	1	1	1	1	migration_required
rt_torch_cuda_max_memory_allocated	DEAD_DECLARATION	1	1	1	1	1	migration_required
rt_torch_cuda_memory_allocated	rust_source_feature_gated	1	1	1	1	1	migration_required
rt_torch_free	interp_extern_registry	1	1	1	1	1	migration_required
rt_torch_nn_avg_pool2d	DEAD_DECLARATION	1	1	1	1	1	migration_required
rt_torch_nn_batch_norm	GENUINELY_MISSING	1	1	1	1	1	migration_required
rt_torch_nn_binary_cross_entropy	DEAD_DECLARATION	1	1	1	1	1	migration_required
rt_torch_nn_conv2d	GENUINELY_MISSING	1	1	1	1	1	migration_required
rt_torch_nn_cross_entropy	GENUINELY_MISSING	1	1	1	1	1	migration_required
rt_torch_nn_dropout	GENUINELY_MISSING	1	1	1	1	1	migration_required
rt_torch_nn_embedding	DEAD_DECLARATION	1	1	1	1	1	migration_required
rt_torch_nn_layer_norm	DEAD_DECLARATION	1	1	1	1	1	migration_required
rt_torch_nn_linear	GENUINELY_MISSING	1	1	1	1	1	migration_required
rt_torch_nn_max_pool2d	GENUINELY_MISSING	1	1	1	1	1	migration_required
rt_torch_nn_mse_loss	GENUINELY_MISSING	1	1	1	1	1	migration_required
rt_torch_nn_nll_loss	DEAD_DECLARATION	1	1	1	1	1	migration_required
rt_torch_safetensors_close	DEAD_DECLARATION	1	1	1	1	1	migration_required
rt_torch_safetensors_get_tensor	DEAD_DECLARATION	1	1	1	1	1	migration_required
rt_torch_safetensors_list_names	DEAD_DECLARATION	1	1	1	1	1	migration_required
rt_torch_safetensors_num_tensors	DEAD_DECLARATION	1	1	1	1	1	migration_required
rt_torch_safetensors_open	DEAD_DECLARATION	1	1	1	1	1	migration_required
rt_torch_stream_create	GENUINELY_MISSING	1	1	1	1	1	migration_required
rt_torch_tensor_arange	DEAD_DECLARATION	1	1	1	1	1	migration_required
rt_torch_tensor_arange_int	DEAD_DECLARATION	1	1	1	1	1	migration_required
rt_torch_tensor_empty	GENUINELY_MISSING	2	2	2	2	2	source_signature_variants
rt_torch_tensor_eye	GENUINELY_MISSING	1	1	1	1	1	migration_required
rt_torch_tensor_from_i64_data	DEAD_DECLARATION	1	1	1	1	1	migration_required
rt_torch_tensor_full	GENUINELY_MISSING	2	2	2	2	2	source_signature_variants
rt_torch_tensor_full_int_1d	DEAD_DECLARATION	1	1	1	1	1	migration_required
rt_torch_tensor_full_int_2d	DEAD_DECLARATION	1	1	1	1	1	migration_required
rt_torch_tensor_linspace	DEAD_DECLARATION	1	1	1	1	1	migration_required
rt_torch_tensor_load	DEAD_DECLARATION	1	1	1	1	1	migration_required
rt_torch_tensor_ones	GENUINELY_MISSING	2	2	2	2	2	source_signature_variants
rt_torch_tensor_ones_int_1d	DEAD_DECLARATION	1	1	1	1	1	migration_required
rt_torch_tensor_ones_int_2d	DEAD_DECLARATION	1	1	1	1	1	migration_required
rt_torch_tensor_rand	GENUINELY_MISSING	2	2	2	2	2	source_signature_variants
rt_torch_tensor_randn	GENUINELY_MISSING	2	2	2	2	2	source_signature_variants
rt_torch_tensor_save	DEAD_DECLARATION	1	1	1	1	1	migration_required
rt_torch_tensor_zeros_int_1d	DEAD_DECLARATION	1	1	1	1	1	migration_required
rt_torch_tensor_zeros_int_2d	DEAD_DECLARATION	1	1	1	1	1	migration_required
rt_torch_tensor_zeros	SHADOWED_BY_SPL_FN	1	1	1	1	1	migration_required
rt_torch_to_cpu	interp_extern_registry	1	1	1	1	1	migration_required
rt_torch_to_cuda	interp_extern_registry	1	1	1	1	1	migration_required
rt_torch_torchstream_free	GENUINELY_MISSING	1	1	1	1	1	migration_required
rt_torch_torchstream_query	GENUINELY_MISSING	1	1	1	1	1	migration_required
rt_torch_torchstream_sync	GENUINELY_MISSING	1	1	1	1	1	migration_required
rt_torch_torchtensor_abs	GENUINELY_MISSING	2	1	2	2	2	migration_required
rt_torch_torchtensor_acos	GENUINELY_MISSING	2	1	2	2	2	migration_required
rt_torch_torchtensor_add	interp_extern_registry	1	1	1	1	1	migration_required
rt_torch_torchtensor_add_scalar	interp_extern_registry	2	1	2	2	2	migration_required
rt_torch_torchtensor_arange	GENUINELY_MISSING	1	1	1	1	1	migration_required
rt_torch_torchtensor_argmax	GENUINELY_MISSING	2	1	2	2	2	migration_required
rt_torch_torchtensor_argmin	GENUINELY_MISSING	2	1	2	2	2	migration_required
rt_torch_torchtensor_asin	GENUINELY_MISSING	2	1	2	2	2	migration_required
rt_torch_torchtensor_atan2	GENUINELY_MISSING	2	1	2	2	2	migration_required
rt_torch_torchtensor_binary_op	GENUINELY_MISSING	1	1	1	1	1	migration_required
rt_torch_torchtensor_cat_2	GENUINELY_MISSING	1	1	1	1	1	migration_required
rt_torch_torchtensor_cat_3	GENUINELY_MISSING	1	1	1	1	1	migration_required
rt_torch_torchtensor_cat_4	GENUINELY_MISSING	1	1	1	1	1	migration_required
rt_torch_torchtensor_cat	DEAD_DECLARATION	1	1	1	1	1	migration_required
rt_torch_torchtensor_chunk	DEAD_DECLARATION	1	1	1	1	1	migration_required
rt_torch_torchtensor_clone	GENUINELY_MISSING	2	1	2	2	2	migration_required
rt_torch_torchtensor_contiguous	GENUINELY_MISSING	2	1	2	2	2	migration_required
rt_torch_torchtensor_cos	GENUINELY_MISSING	2	1	2	2	2	migration_required
rt_torch_torchtensor_cpu	GENUINELY_MISSING	1	1	1	1	1	migration_required
rt_torch_torchtensor_cuda	interp_extern_registry	1	1	1	1	1	migration_required
rt_torch_torchtensor_det	GENUINELY_MISSING	2	1	2	2	2	migration_required
rt_torch_torchtensor_device	interp_extern_registry	1	1	1	1	1	migration_required
rt_torch_torchtensor_div	GENUINELY_MISSING	1	1	1	1	1	migration_required
rt_torch_torchtensor_div_scalar	GENUINELY_MISSING	1	1	1	1	1	migration_required
rt_torch_torchtensor_dot	GENUINELY_MISSING	2	1	2	2	2	migration_required
rt_torch_torchtensor_eig	DEAD_DECLARATION	1	1	1	1	1	migration_required
rt_torch_torchtensor_exp	GENUINELY_MISSING	2	1	2	2	2	migration_required
rt_torch_torchtensor_eye	GENUINELY_MISSING	1	1	1	1	1	migration_required
rt_torch_torchtensor_flatten	GENUINELY_MISSING	1	1	1	1	1	migration_required
rt_torch_torchtensor_free	interp_extern_registry	2	1	2	2	2	migration_required
rt_torch_torchtensor_gather	GENUINELY_MISSING	1	1	1	1	1	migration_required
rt_torch_torchtensor_gelu	GENUINELY_MISSING	2	1	2	2	2	migration_required
rt_torch_torchtensor_index_select	DEAD_DECLARATION	1	1	1	1	1	migration_required
rt_torch_torchtensor_inverse	GENUINELY_MISSING	2	1	2	2	2	migration_required
rt_torch_torchtensor_is_cuda	interp_extern_registry	1	1	1	1	1	migration_required
rt_torch_torchtensor_leaky_relu	GENUINELY_MISSING	2	1	2	2	2	migration_required
rt_torch_torchtensor_linalg_solve	rust_source_feature_gated	1	1	1	1	1	migration_required
rt_torch_torchtensor_linspace	GENUINELY_MISSING	1	1	1	1	1	migration_required
rt_torch_torchtensor_log	GENUINELY_MISSING	2	1	2	2	2	migration_required
rt_torch_torchtensor_log_softmax	GENUINELY_MISSING	2	1	2	2	2	migration_required
rt_torch_torchtensor_matmul	GENUINELY_MISSING	2	1	2	2	2	migration_required
rt_torch_torchtensor_max_dim	GENUINELY_MISSING	2	1	2	2	2	migration_required
rt_torch_torchtensor_max	GENUINELY_MISSING	2	1	2	2	2	migration_required
rt_torch_torchtensor_mean_dim	GENUINELY_MISSING	2	1	2	2	2	migration_required
rt_torch_torchtensor_mean	GENUINELY_MISSING	2	1	2	2	2	migration_required
rt_torch_torchtensor_min_dim	GENUINELY_MISSING	2	1	2	2	2	migration_required
rt_torch_torchtensor_min	GENUINELY_MISSING	2	1	2	2	2	migration_required
rt_torch_torchtensor_mul	interp_extern_registry	1	1	1	1	1	migration_required
rt_torch_torchtensor_mul_scalar	interp_extern_registry	2	1	2	2	2	migration_required
rt_torch_torchtensor_ndim	interp_extern_registry	1	1	1	1	1	migration_required
rt_torch_torchtensor_neg	GENUINELY_MISSING	2	1	2	2	2	migration_required
rt_torch_torchtensor_norm	GENUINELY_MISSING	2	1	2	2	2	migration_required
rt_torch_torchtensor_numel	interp_extern_registry	2	1	2	2	2	migration_required
rt_torch_torchtensor_permute_2d	GENUINELY_MISSING	1	1	1	1	1	migration_required
rt_torch_torchtensor_permute_3d	GENUINELY_MISSING	1	1	1	1	1	migration_required
rt_torch_torchtensor_permute_4d	GENUINELY_MISSING	1	1	1	1	1	migration_required
rt_torch_torchtensor_permute	GENUINELY_MISSING	1	1	1	1	1	migration_required
rt_torch_torchtensor_pow	GENUINELY_MISSING	2	1	2	2	2	migration_required
rt_torch_torchtensor_relu	GENUINELY_MISSING	2	1	2	2	2	migration_required
rt_torch_torchtensor_reshape_1d	GENUINELY_MISSING	1	1	1	1	1	migration_required
rt_torch_torchtensor_reshape_2d	GENUINELY_MISSING	1	1	1	1	1	migration_required
rt_torch_torchtensor_reshape_3d	GENUINELY_MISSING	1	1	1	1	1	migration_required
rt_torch_torchtensor_reshape_4d	GENUINELY_MISSING	1	1	1	1	1	migration_required
rt_torch_torchtensor_reshape	GENUINELY_MISSING	1	1	1	1	1	migration_required
rt_torch_torchtensor_shape	interp_extern_registry	1	1	1	1	1	migration_required
rt_torch_torchtensor_sigmoid	GENUINELY_MISSING	2	1	2	2	2	migration_required
rt_torch_torchtensor_sin	GENUINELY_MISSING	2	1	2	2	2	migration_required
rt_torch_torchtensor_slice	GENUINELY_MISSING	2	1	2	2	2	migration_required
rt_torch_torchtensor_softmax	GENUINELY_MISSING	2	1	2	2	2	migration_required
rt_torch_torchtensor_sqrt	GENUINELY_MISSING	2	1	2	2	2	migration_required
rt_torch_torchtensor_squeeze	DEAD_DECLARATION	1	1	1	1	1	migration_required
rt_torch_torchtensor_squeeze_dim	GENUINELY_MISSING	2	1	2	2	2	migration_required
rt_torch_torchtensor_stack_2	GENUINELY_MISSING	1	1	1	1	1	migration_required
rt_torch_torchtensor_stack_3	GENUINELY_MISSING	1	1	1	1	1	migration_required
rt_torch_torchtensor_stack_4	GENUINELY_MISSING	1	1	1	1	1	migration_required
rt_torch_torchtensor_stack	DEAD_DECLARATION	1	1	1	1	1	migration_required
rt_torch_torchtensor_std	GENUINELY_MISSING	2	1	2	2	2	migration_required
rt_torch_torchtensor_sub	interp_extern_registry	1	1	1	1	1	migration_required
rt_torch_torchtensor_sub_scalar	GENUINELY_MISSING	1	1	1	1	1	migration_required
rt_torch_torchtensor_sum_dim	GENUINELY_MISSING	2	1	2	2	2	migration_required
rt_torch_torchtensor_sum	interp_extern_registry	2	1	2	2	2	migration_required
rt_torch_torchtensor_svd	DEAD_DECLARATION	1	1	1	1	1	migration_required
rt_torch_torchtensor_tan	GENUINELY_MISSING	2	1	2	2	2	migration_required
rt_torch_torchtensor_tanh	GENUINELY_MISSING	2	1	2	2	2	migration_required
rt_torch_torchtensor_t	DEAD_DECLARATION	1	1	1	1	1	migration_required
rt_torch_torchtensor_to_float32	DEAD_DECLARATION	1	1	1	1	1	migration_required
rt_torch_torchtensor_to_float	GENUINELY_MISSING	2	1	2	2	2	migration_required
rt_torch_torchtensor_to_int	DEAD_DECLARATION	1	1	1	1	1	migration_required
rt_torch_torchtensor_to_stream	DEAD_DECLARATION	1	1	1	1	1	migration_required
rt_torch_torchtensor_transpose	GENUINELY_MISSING	1	1	1	1	1	migration_required
rt_torch_torchtensor_unsqueeze	GENUINELY_MISSING	2	1	2	2	2	migration_required
rt_torch_torchtensor_var	GENUINELY_MISSING	2	1	2	2	2	migration_required
rt_torch_torchtensor_view	GENUINELY_MISSING	1	1	1	1	1	migration_required
rt_torch_version	GENUINELY_MISSING	1	1	1	1	1	migration_required
rt_total_memory	GENUINELY_MISSING	1	1	1	1	1	migration_required
rt_transient_array_scope_begin	in_deployed_binary	8	1	8	8	8	migration_required
rt_transient_array_scope_end	in_deployed_binary	7	1	7	7	7	migration_required
rt_transient_array_scope_pause	in_deployed_binary	8	1	8	8	8	migration_required
rt_transient_heap_promote	in_deployed_binary	8	1	8	8	8	migration_required
rt_tuple_get	in_deployed_binary	5	1	5	5	5	migration_required
rt_tuple_new	in_deployed_binary	1	1	1	1	1	migration_required
rt_tuple_set	in_deployed_binary	1	1	1	1	1	migration_required
rt_type_check_ast	GENUINELY_MISSING	1	1	1	1	1	migration_required
rt_typed_bytes_u32_le_at	interp_extern_registry	7	1	7	7	7	migration_required
rt_typed_bytes_u32_le_set	c_runtime_source_only	2	1	2	2	2	migration_required
rt_typed_bytes_u64_le_at	interp_extern_registry	1	1	1	1	1	migration_required
rt_typed_bytes_u64_le_unchecked	interp_extern_registry	1	1	1	1	1	migration_required
rt_typed_bytes_u8_push	in_deployed_binary	2	1	2	2	2	migration_required
rt_typed_bytes_u8_unchecked	interp_extern_registry	5	2	5	5	5	source_signature_variants
rt_typed_words_u64_at	in_deployed_binary	1	1	1	1	1	migration_required
rt_typed_words_u64_push	in_deployed_binary	3	1	3	3	3	migration_required
rt_typed_words_u64_set	in_deployed_binary	1	1	1	1	1	migration_required
rt_type_registry_has	GENUINELY_MISSING	1	1	1	1	1	migration_required
rt_type_registry_lookup	GENUINELY_MISSING	1	1	1	0	1	migration_required
rt_u32s_from_raw	in_deployed_binary	4	1	4	4	4	migration_required
rt_uart_read_byte	GENUINELY_MISSING	1	1	1	1	1	migration_required
rt_uart_write_byte	GENUINELY_MISSING	1	1	1	1	1	migration_required
rt_udp_send	GENUINELY_MISSING	1	1	1	1	1	migration_required
rt_unix_socket_accept	in_deployed_binary	1	1	1	1	1	migration_required
rt_unix_socket_close	in_deployed_binary	1	1	1	1	1	migration_required
rt_unix_socket_connect	in_deployed_binary	3	1	3	3	3	migration_required
rt_unix_socket_listen	in_deployed_binary	1	1	1	1	1	migration_required
rt_unix_socket_recv	in_deployed_binary	1	1	1	1	1	migration_required
rt_unix_socket_send	in_deployed_binary	1	1	1	1	1	migration_required
rt_used_memory	GENUINELY_MISSING	1	1	1	1	1	migration_required
rt_user_heap_init	DEAD_DECLARATION	1	1	1	1	1	migration_required
rt_user_heap_init_returning	GENUINELY_MISSING	1	1	1	1	1	migration_required
rt_utf8_count_codepoints	in_deployed_binary	1	1	1	1	1	migration_required
rt_utf8_find_invalid	in_deployed_binary	1	1	1	1	1	migration_required
rt_utf8_validate	in_deployed_binary	1	1	1	1	1	migration_required
rt_uuid_v4	GENUINELY_MISSING	3	1	3	3	3	migration_required
rt_value_add	GENUINELY_MISSING	3	1	3	3	3	migration_required
rt_value_array_new	GENUINELY_MISSING	3	1	3	3	3	migration_required
rt_value_as_bool	in_deployed_binary	5	2	5	5	5	source_signature_variants
rt_value_as_float	in_deployed_binary	5	2	5	5	5	source_signature_variants
rt_value_as_int	in_deployed_binary	8	3	8	8	8	source_signature_variants
rt_value_as_string	GENUINELY_MISSING	3	1	3	3	3	migration_required
rt_value_bool	in_deployed_binary	5	2	5	5	5	source_signature_variants
rt_value_clone	GENUINELY_MISSING	3	1	3	3	3	migration_required
rt_value_dict_new	GENUINELY_MISSING	3	1	3	3	3	migration_required
rt_value_div	GENUINELY_MISSING	3	1	3	3	3	migration_required
rt_value_eq	in_deployed_binary	3	1	3	3	3	migration_required
rt_value_float	in_deployed_binary	6	3	6	6	6	source_signature_variants
rt_value_free	GENUINELY_MISSING	3	1	3	3	3	migration_required
rt_value_int	in_deployed_binary	7	3	7	7	7	source_signature_variants
rt_value_is_array	GENUINELY_MISSING	3	1	3	3	3	migration_required
rt_value_is_bool	in_deployed_binary	3	1	3	3	3	migration_required
rt_value_is_dict	GENUINELY_MISSING	3	1	3	3	3	migration_required
rt_value_is_float	in_deployed_binary	3	1	3	3	3	migration_required
rt_value_is_int	in_deployed_binary	3	1	3	3	3	migration_required
rt_value_is_nil	in_deployed_binary	5	2	5	5	5	source_signature_variants
rt_value_is_string	GENUINELY_MISSING	3	1	3	3	3	migration_required
rt_value_lt	GENUINELY_MISSING	3	1	3	3	3	migration_required
rt_value_mul	GENUINELY_MISSING	3	1	3	3	3	migration_required
rt_value_nil	in_deployed_binary	5	2	5	5	5	source_signature_variants
rt_value_string	GENUINELY_MISSING	3	1	3	3	3	migration_required
rt_value_sub	GENUINELY_MISSING	3	1	3	3	3	migration_required
rt_value_type	GENUINELY_MISSING	3	1	3	3	3	migration_required
rt_value_type_tag	in_deployed_binary	2	1	2	2	2	migration_required
rt_vec_f32x4_add	DEAD_DECLARATION	1	1	1	1	1	migration_required
rt_vec_f32x4_div	DEAD_DECLARATION	1	1	1	1	1	migration_required
rt_vec_f32x4_dot	DEAD_DECLARATION	1	1	1	1	1	migration_required
rt_vec_f32x4_extract	DEAD_DECLARATION	1	1	1	1	1	migration_required
rt_vec_f32x4_load	DEAD_DECLARATION	1	1	1	1	1	migration_required
rt_vec_f32x4_max	DEAD_DECLARATION	1	1	1	1	1	migration_required
rt_vec_f32x4_min	DEAD_DECLARATION	1	1	1	1	1	migration_required
rt_vec_f32x4_mul	DEAD_DECLARATION	1	1	1	1	1	migration_required
rt_vec_f32x4_new	DEAD_DECLARATION	1	1	1	1	1	migration_required
rt_vec_f32x4_splat	DEAD_DECLARATION	1	1	1	1	1	migration_required
rt_vec_f32x4_sqrt	DEAD_DECLARATION	1	1	1	1	1	migration_required
rt_vec_f32x4_store	DEAD_DECLARATION	1	1	1	1	1	migration_required
rt_vec_f32x4_sub	DEAD_DECLARATION	1	1	1	1	1	migration_required
rt_vec_f32x4_sum	DEAD_DECLARATION	1	1	1	1	1	migration_required
rt_virtio_gpu_write_ctrl_hdr	GENUINELY_MISSING	1	1	1	1	1	migration_required
rt_virtio_notify_addr	GENUINELY_MISSING	1	1	1	1	1	migration_required
rt_virtio_notify_write16	GENUINELY_MISSING	1	1	1	1	1	migration_required
rt_virtq_avail_slot_addr	GENUINELY_MISSING	1	1	1	1	1	migration_required
rt_virtq_desc_write	GENUINELY_MISSING	2	1	2	2	2	migration_required
rt_virtq_write_req_resp_chain	GENUINELY_MISSING	1	1	1	1	1	migration_required
rt_vk3d_available	GENUINELY_MISSING	2	1	2	2	2	migration_required
rt_vk3d_init	GENUINELY_MISSING	2	1	2	2	2	migration_required
rt_vk3d_shutdown	GENUINELY_MISSING	2	1	2	2	2	migration_required
rt_vk_alloc_cmd_buffer	GENUINELY_MISSING	1	1	1	1	1	migration_required
rt_vk_begin_cmd	GENUINELY_MISSING	1	1	1	1	1	migration_required
rt_vk_cleanup	interp_extern_registry	3	1	3	3	3	migration_required
rt_vk_clear	GENUINELY_MISSING	1	1	1	1	1	migration_required
rt_vk_command_buffer_begin	rust_source_feature_gated	1	1	1	1	1	migration_required
rt_vk_command_buffer_end	rust_source_feature_gated	1	1	1	1	1	migration_required
rt_vk_create_allocator	GENUINELY_MISSING	1	1	1	1	1	migration_required
rt_vk_create_cmd_pool	GENUINELY_MISSING	1	1	1	1	1	migration_required
rt_vk_create_descriptor_pool	GENUINELY_MISSING	1	1	1	1	1	migration_required
rt_vk_create_device	GENUINELY_MISSING	3	2	3	3	3	source_signature_variants
rt_vk_create_instance	GENUINELY_MISSING	1	1	1	1	1	migration_required
rt_vk_create_pipeline_cache	GENUINELY_MISSING	1	1	1	1	1	migration_required
rt_vk_destroy_cmd_pool	GENUINELY_MISSING	1	1	1	1	1	migration_required
rt_vk_destroy_device	GENUINELY_MISSING	1	1	1	1	1	migration_required
rt_vk_destroy_instance	GENUINELY_MISSING	1	1	1	1	1	migration_required
rt_vk_device_create_for_window	interp_extern_registry	1	1	1	1	1	migration_required
rt_vk_device_create	interp_extern_registry	1	1	1	1	1	migration_required
rt_vk_device_name	GENUINELY_MISSING	1	1	1	1	1	migration_required
rt_vk_draw_rect	GENUINELY_MISSING	1	1	1	1	1	migration_required
rt_vk_end_cmd	GENUINELY_MISSING	1	1	1	1	1	migration_required
rt_vk_get_queue	GENUINELY_MISSING	1	1	1	1	1	migration_required
rt_vk_has_glslc	GENUINELY_MISSING	1	1	1	1	1	migration_required
rt_vk_has_spirv_support	GENUINELY_MISSING	1	1	1	1	1	migration_required
rt_vk_instance_create	DEAD_DECLARATION	1	1	1	1	1	migration_required
rt_vk_load_spirv	GENUINELY_MISSING	1	1	1	1	1	migration_required
rt_vk_present	GENUINELY_MISSING	3	2	3	3	3	source_signature_variants
rt_vk_queue_submit	GENUINELY_MISSING	2	2	2	2	2	source_signature_variants
rt_vk_queue_wait_idle	GENUINELY_MISSING	1	1	1	1	1	migration_required
rt_vk_readback	GENUINELY_MISSING	2	2	2	2	2	source_signature_variants
rt_vk_submit	GENUINELY_MISSING	2	1	2	2	2	migration_required
rt_volatile_read_u16	in_deployed_binary	3	2	3	3	3	source_signature_variants
rt_volatile_read_u32	in_deployed_binary	4	2	4	4	4	source_signature_variants
rt_volatile_read_u64	in_deployed_binary	4	2	4	4	4	source_signature_variants
rt_volatile_read_u8	in_deployed_binary	4	2	4	4	4	source_signature_variants
rt_volatile_write_u16	in_deployed_binary	3	2	3	3	3	source_signature_variants
rt_volatile_write_u32	in_deployed_binary	4	2	4	4	4	source_signature_variants
rt_volatile_write_u64	in_deployed_binary	4	2	4	4	4	source_signature_variants
rt_volatile_write_u8	in_deployed_binary	4	2	4	4	4	source_signature_variants
rt_vulkan_accepted_compute_submit_count	in_deployed_binary	1	1	1	1	1	migration_required
rt_vulkan_alloc_buffer	in_deployed_binary	5	1	5	5	5	migration_required
rt_vulkan_api_version	GENUINELY_MISSING	1	1	1	1	1	migration_required
rt_vulkan_begin_compute	in_deployed_binary	5	1	5	5	5	migration_required
rt_vulkan_begin_graphics	in_deployed_binary	1	1	1	1	1	migration_required
rt_vulkan_begin_render_pass_gfx	in_deployed_binary	1	1	1	1	1	migration_required
rt_vulkan_bind_buffer	in_deployed_binary	5	1	5	5	5	migration_required
rt_vulkan_bind_descriptors	in_deployed_binary	5	1	5	5	5	migration_required
rt_vulkan_bind_font_texture	in_deployed_binary	1	1	1	1	1	migration_required
rt_vulkan_bind_graphics_pipeline	in_deployed_binary	1	1	1	1	1	migration_required
rt_vulkan_bind_index_buffer	in_deployed_binary	1	1	1	1	1	migration_required
rt_vulkan_bind_pipeline	in_deployed_binary	5	1	5	5	5	migration_required
rt_vulkan_bind_vertex_buffer	in_deployed_binary	1	1	1	1	1	migration_required
rt_vulkan_compile_glsl	in_deployed_binary	4	2	4	4	4	source_signature_variants
rt_vulkan_compile_spirv_array	in_deployed_binary	2	1	2	2	2	migration_required
rt_vulkan_compile_spirv	in_deployed_binary	4	1	4	4	4	migration_required
rt_vulkan_copy_buffer	in_deployed_binary	1	1	1	1	1	migration_required
rt_vulkan_copy_from_buffer_array	in_deployed_binary	1	1	1	1	1	migration_required
rt_vulkan_copy_from_buffer	in_deployed_binary	3	1	3	3	3	migration_required
rt_vulkan_copy_from_buffer_regions	in_deployed_binary	1	1	1	1	1	migration_required
rt_vulkan_copy_from_buffer_strided	in_deployed_binary	1	1	1	1	1	migration_required
rt_vulkan_copy_from_image	in_deployed_binary	1	1	1	1	1	migration_required
rt_vulkan_copy_to_buffer_array	in_deployed_binary	1	1	1	1	1	migration_required
rt_vulkan_copy_to_buffer	in_deployed_binary	3	1	3	3	3	migration_required
rt_vulkan_copy_to_image	in_deployed_binary	1	1	1	1	1	migration_required
rt_vulkan_create_compute_pipeline	in_deployed_binary	5	1	5	5	5	migration_required
rt_vulkan_create_descriptor_set	in_deployed_binary	5	1	5	5	5	migration_required
rt_vulkan_create_font_graphics_pipeline	in_deployed_binary	1	1	1	1	1	migration_required
rt_vulkan_create_font_sampler	in_deployed_binary	1	1	1	1	1	migration_required
rt_vulkan_create_font_world_graphics_pipeline	in_deployed_binary	1	1	1	1	1	migration_required
rt_vulkan_create_framebuffer	in_deployed_binary	1	1	1	1	1	migration_required
rt_vulkan_create_graphics_pipeline	in_deployed_binary	1	1	1	1	1	migration_required
rt_vulkan_create_image	in_deployed_binary	1	1	1	1	1	migration_required
rt_vulkan_create_offscreen_render_pass	in_deployed_binary	1	1	1	1	1	migration_required
rt_vulkan_create_render_pass	in_deployed_binary	1	1	1	1	1	migration_required
rt_vulkan_create_sampler	in_deployed_binary	1	1	1	1	1	migration_required
rt_vulkan_create_swapchain	in_deployed_binary	1	1	1	1	1	migration_required
rt_vulkan_dependency_quarantine_lock	in_deployed_binary	1	1	1	1	1	migration_required
rt_vulkan_dependency_quarantine_unlock	in_deployed_binary	1	1	1	1	1	migration_required
rt_vulkan_destroy_descriptor_set	in_deployed_binary	5	1	5	5	5	migration_required
rt_vulkan_destroy_fence	in_deployed_binary	2	1	2	2	2	migration_required
rt_vulkan_destroy_framebuffer	in_deployed_binary	1	1	1	1	1	migration_required
rt_vulkan_destroy_graphics_pipeline	in_deployed_binary	1	1	1	1	1	migration_required
rt_vulkan_destroy_image	in_deployed_binary	1	1	1	1	1	migration_required
rt_vulkan_destroy_pipeline	in_deployed_binary	5	1	5	5	5	migration_required
rt_vulkan_destroy_render_pass	in_deployed_binary	1	1	1	1	1	migration_required
rt_vulkan_destroy_sampler	in_deployed_binary	1	1	1	1	1	migration_required
rt_vulkan_destroy_shader	in_deployed_binary	5	1	5	5	5	migration_required
rt_vulkan_destroy_swapchain	in_deployed_binary	2	1	2	2	2	migration_required
rt_vulkan_device_count	in_deployed_binary	7	1	7	7	7	migration_required
rt_vulkan_device_driver_identity	in_deployed_binary	2	1	2	2	2	migration_required
rt_vulkan_device_memory	in_deployed_binary	1	1	1	1	1	migration_required
rt_vulkan_device_name	in_deployed_binary	5	1	5	5	5	migration_required
rt_vulkan_device_type	in_deployed_binary	3	1	3	3	3	migration_required
rt_vulkan_discard_command	in_deployed_binary	3	1	3	3	3	migration_required
rt_vulkan_discard_graphics_command	in_deployed_binary	1	1	1	1	1	migration_required
rt_vulkan_dispatch	in_deployed_binary	5	1	5	5	5	migration_required
rt_vulkan_draw	in_deployed_binary	1	1	1	1	1	migration_required
rt_vulkan_draw_indexed	in_deployed_binary	1	1	1	1	1	migration_required
rt_vulkan_end_compute	in_deployed_binary	5	1	5	5	5	migration_required
rt_vulkan_end_graphics	in_deployed_binary	1	1	1	1	1	migration_required
rt_vulkan_end_render_pass_gfx	in_deployed_binary	1	1	1	1	1	migration_required
rt_vulkan_fence_submission_supported	in_deployed_binary	2	2	2	2	2	source_signature_variants
rt_vulkan_free_buffer	in_deployed_binary	5	1	5	5	5	migration_required
rt_vulkan_get_device	in_deployed_binary	3	1	3	3	3	migration_required
rt_vulkan_get_last_error	in_deployed_binary	4	1	4	4	4	migration_required
rt_vulkan_get_renderdoc_device_pointer	interp_extern_registry	1	1	1	1	1	migration_required
rt_vulkan_init_external_window_present	in_deployed_binary	1	1	1	1	1	migration_required
rt_vulkan_init_headless_present	in_deployed_binary	1	1	1	1	1	migration_required
rt_vulkan_init	in_deployed_binary	5	1	5	5	5	migration_required
rt_vulkan_init_window_present	in_deployed_binary	1	1	1	1	1	migration_required
rt_vulkan_is_available	in_deployed_binary	6	2	6	6	6	source_signature_variants
rt_vulkan_last_present_copy_bytes	in_deployed_binary	1	1	1	1	1	migration_required
rt_vulkan_last_present_copy_rects	in_deployed_binary	1	1	1	1	1	migration_required
rt_vulkan_present_buffer	in_deployed_binary	1	1	1	1	1	migration_required
rt_vulkan_present_buffer_regions	in_deployed_binary	1	1	1	1	1	migration_required
rt_vulkan_push_constants_array	in_deployed_binary	1	1	1	1	1	migration_required
rt_vulkan_push_constants	in_deployed_binary	5	1	5	5	5	migration_required
rt_vulkan_read_buffer_bytes	in_deployed_binary	1	1	1	1	1	migration_required
rt_vulkan_select_device	in_deployed_binary	5	1	5	5	5	migration_required
rt_vulkan_selected_device_driver_identity_hash	in_deployed_binary	1	1	1	1	1	migration_required
rt_vulkan_selected_device_driver_identity	in_deployed_binary	2	1	2	2	2	migration_required
rt_vulkan_selected_device_name	in_deployed_binary	1	1	1	1	1	migration_required
rt_vulkan_selected_device_type	in_deployed_binary	2	1	2	2	2	migration_required
rt_vulkan_set_scissor	in_deployed_binary	1	1	1	1	1	migration_required
rt_vulkan_set_viewport	in_deployed_binary	1	1	1	1	1	migration_required
rt_vulkan_shutdown	in_deployed_binary	5	1	5	5	5	migration_required
rt_vulkan_submit_and_wait_fence	in_deployed_binary	2	1	2	2	2	migration_required
rt_vulkan_submit_and_wait	in_deployed_binary	5	1	5	5	5	migration_required
rt_vulkan_submit_graphics_and_wait_fence	in_deployed_binary	1	1	1	1	1	migration_required
rt_vulkan_submit_no_wait	in_deployed_binary	1	1	1	1	1	migration_required
rt_vulkan_wait_fence	in_deployed_binary	2	1	2	2	2	migration_required
rt_vulkan_wait_idle	in_deployed_binary	5	1	5	5	5	migration_required
rt_wait_u16_change	GENUINELY_MISSING	1	1	1	1	1	migration_required
rt_watchdog_start	GENUINELY_MISSING	1	1	1	1	1	migration_required
rt_watchdog_stop	GENUINELY_MISSING	1	1	1	1	1	migration_required
rt_webgpu_adapter_count	interp_extern_registry	3	1	3	3	3	migration_required
rt_webgpu_adapter_is_cpu	GENUINELY_MISSING	2	1	2	2	2	migration_required
rt_webgpu_adapter_name	GENUINELY_MISSING	2	1	2	2	2	migration_required
rt_webgpu_cleanup	GENUINELY_MISSING	1	1	1	1	1	migration_required
rt_webgpu_compute_draw	interp_extern_registry	2	1	2	2	2	migration_required
rt_webgpu_create_device	GENUINELY_MISSING	1	1	1	1	1	migration_required
rt_webgpu_create_surface	interp_extern_registry	2	1	2	2	2	migration_required
rt_webgpu_destroy_surface	interp_extern_registry	2	1	2	2	2	migration_required
rt_webgpu_init	interp_extern_registry	2	1	2	2	2	migration_required
rt_webgpu_is_available	interp_extern_registry	2	1	2	2	2	migration_required
rt_webgpu_present	interp_extern_registry	3	2	3	3	3	source_signature_variants
rt_webgpu_shutdown	interp_extern_registry	2	1	2	2	2	migration_required
rt_webgpu_submit	GENUINELY_MISSING	1	1	1	1	1	migration_required
rt_webgpu_upload_pixels	interp_extern_registry	2	1	2	2	2	migration_required
rt_wgpu_3d_begin_frame	interp_extern_registry	1	1	1	1	1	migration_required
rt_wgpu_3d_begin_render_pass	interp_extern_registry	1	1	1	1	1	migration_required
rt_wgpu_3d_cmd_bind_index_buffer	interp_extern_registry	1	1	1	1	1	migration_required
rt_wgpu_3d_cmd_bind_texture	interp_extern_registry	1	1	1	1	1	migration_required
rt_wgpu_3d_cmd_bind_uniform_buffer	interp_extern_registry	1	1	1	1	1	migration_required
rt_wgpu_3d_cmd_bind_vertex_buffer	interp_extern_registry	1	1	1	1	1	migration_required
rt_wgpu_3d_cmd_draw_indexed	interp_extern_registry	1	1	1	1	1	migration_required
rt_wgpu_3d_cmd_set_pipeline	interp_extern_registry	1	1	1	1	1	migration_required
rt_wgpu_3d_create_buffer	interp_extern_registry	1	1	1	1	1	migration_required
rt_wgpu_3d_create_pipeline	interp_extern_registry	1	1	1	1	1	migration_required
rt_wgpu_3d_create_texture	interp_extern_registry	1	1	1	1	1	migration_required
rt_wgpu_3d_end_frame	interp_extern_registry	1	1	1	1	1	migration_required
rt_wgpu_3d_end_render_pass	interp_extern_registry	1	1	1	1	1	migration_required
rt_wgpu_3d_init	interp_extern_registry	1	1	1	1	1	migration_required
rt_wgpu_3d_present	interp_extern_registry	1	1	1	1	1	migration_required
rt_wgpu_3d_shutdown	interp_extern_registry	1	1	1	1	1	migration_required
rt_wgpu_3d_upload_buffer	interp_extern_registry	1	1	1	1	1	migration_required
rt_wgpu_3d_upload_texture	interp_extern_registry	1	1	1	1	1	migration_required
rt_wgpu_adapter_backend	GENUINELY_MISSING	1	1	1	1	1	migration_required
rt_wgpu_adapter_name	GENUINELY_MISSING	1	1	1	1	1	migration_required
rt_wgpu_cleanup	GENUINELY_MISSING	1	1	1	1	1	migration_required
rt_wgpu_create_device	GENUINELY_MISSING	1	1	1	1	1	migration_required
rt_wgpu_create_instance	GENUINELY_MISSING	1	1	1	1	1	migration_required
rt_wgpu_create_shader	GENUINELY_MISSING	1	1	1	1	1	migration_required
rt_wgpu_get_queue	GENUINELY_MISSING	1	1	1	1	1	migration_required
rt_wgpu_is_stub	GENUINELY_MISSING	1	1	1	1	1	migration_required
rt_wgpu_present	GENUINELY_MISSING	1	1	1	1	1	migration_required
rt_wgpu_request_adapter	GENUINELY_MISSING	1	1	1	1	1	migration_required
rt_wgpu_submit	GENUINELY_MISSING	1	1	1	1	1	migration_required
rt_win32_dib_create	interp_extern_registry	2	1	2	2	2	migration_required
rt_win32_dib_fill_rect	interp_extern_registry	2	1	2	2	2	migration_required
rt_win32_dib_free	interp_extern_registry	2	1	2	2	2	migration_required
rt_win32_dib_present	interp_extern_registry	2	1	2	2	2	migration_required
rt_win32_dib_present_rect	c_runtime_source_only	1	1	1	1	1	migration_required
rt_win32_dib_read_pixel	interp_extern_registry	2	1	2	2	2	migration_required
rt_win32_dib_resize	c_runtime_source_only	1	1	1	1	1	migration_required
rt_win32_message_pump	interp_extern_registry	2	1	2	2	2	migration_required
rt_win32_window_close	interp_extern_registry	2	1	2	2	2	migration_required
rt_win32_window_new	interp_extern_registry	2	2	2	2	2	source_signature_variants
rt_win32_window_resize	c_runtime_source_only	1	1	1	1	1	migration_required
rt_winit_buffer_blend_rect	interp_extern_registry	1	1	1	1	1	migration_required
rt_winit_buffer_blur	interp_extern_registry	1	1	1	1	1	migration_required
rt_winit_buffer_create	interp_extern_registry	4	1	4	4	4	migration_required
rt_winit_buffer_fill_rect	interp_extern_registry	4	1	4	4	4	migration_required
rt_winit_buffer_free	interp_extern_registry	4	1	4	4	4	migration_required
rt_winit_buffer_get_pixels	interp_extern_registry	2	1	2	2	2	migration_required
rt_winit_buffer_gradient_v	interp_extern_registry	1	1	1	1	1	migration_required
rt_winit_buffer_present	interp_extern_registry	4	1	4	4	4	migration_required
rt_winit_buffer_read_pixel	interp_extern_registry	2	1	2	2	2	migration_required
rt_winit_buffer_save_bmp	interp_extern_registry	3	1	3	3	3	migration_required
rt_winit_event_free	interp_extern_registry	10	1	10	10	10	migration_required
rt_winit_event_get_type	interp_extern_registry	10	1	10	10	10	migration_required
rt_winit_event_keyboard_input	interp_extern_registry	2	1	2	2	2	migration_required
rt_winit_event_key_keycode	interp_extern_registry	3	1	3	3	3	migration_required
rt_winit_event_key_pressed	interp_extern_registry	3	1	3	3	3	migration_required
rt_winit_event_key_scancode	interp_extern_registry	1	1	1	1	1	migration_required
rt_winit_event_key_shifted	interp_extern_registry	1	1	1	1	1	migration_required
rt_winit_event_loop_free	interp_extern_registry	8	2	8	8	8	source_signature_variants
rt_winit_event_loop_new	interp_extern_registry	8	1	8	8	8	migration_required
rt_winit_event_loop_poll_events	interp_extern_registry	10	1	10	10	10	migration_required
rt_winit_event_loop_wait_events	interp_extern_registry	1	1	1	1	1	migration_required
rt_winit_event_mouse_button	interp_extern_registry	4	1	4	4	4	migration_required
rt_winit_event_mouse_moved	interp_extern_registry	1	1	1	1	1	migration_required
rt_winit_event_mouse_pressed	interp_extern_registry	4	1	4	4	4	migration_required
rt_winit_event_mouse_x_milli	interp_extern_registry	3	1	3	3	3	migration_required
rt_winit_event_mouse_y_milli	interp_extern_registry	3	1	3	3	3	migration_required
rt_winit_event_text_byte	interp_extern_registry	1	1	1	1	1	migration_required
rt_winit_event_text_len	interp_extern_registry	1	1	1	1	1	migration_required
rt_winit_event_wheel_x_milli	interp_extern_registry	2	1	2	2	2	migration_required
rt_winit_event_wheel_y_milli	interp_extern_registry	3	1	3	3	3	migration_required
rt_winit_event_window_x	interp_extern_registry	2	1	2	2	2	migration_required
rt_winit_event_window_y	interp_extern_registry	2	1	2	2	2	migration_required
rt_winit_get_last_error	interp_extern_registry	1	1	1	1	1	migration_required
rt_winit_save_pixels_bmp	interp_extern_registry	1	1	1	1	1	migration_required
rt_winit_window_free	interp_extern_registry	8	2	8	8	8	source_signature_variants
rt_winit_window_get_size	interp_extern_registry	1	1	1	1	1	migration_required
rt_winit_window_inner_height	GENUINELY_MISSING	1	1	1	1	1	migration_required
rt_winit_window_inner_width	GENUINELY_MISSING	1	1	1	1	1	migration_required
rt_winit_window_is_fullscreen	interp_extern_registry	2	2	2	2	2	source_signature_variants
rt_winit_window_new	interp_extern_registry	8	1	8	8	8	migration_required
rt_winit_window_position_x	interp_extern_registry	2	1	2	2	2	migration_required
rt_winit_window_position_y	interp_extern_registry	2	1	2	2	2	migration_required
rt_winit_window_present_staged	interp_extern_registry	2	1	2	2	2	migration_required
rt_winit_window_scale_factor	interp_extern_registry	1	1	1	1	1	migration_required
rt_winit_window_scale_factor_milli	GENUINELY_MISSING	1	1	1	1	1	migration_required
rt_winit_window_set_fullscreen	interp_extern_registry	2	2	2	2	2	source_signature_variants
rt_winit_window_set_position	interp_extern_registry	2	1	2	2	2	migration_required
rt_winit_window_stage_clear	interp_extern_registry	1	1	1	1	1	migration_required
rt_winit_window_staging_ptr	interp_extern_registry	2	1	2	2	2	migration_required
rt_winit_window_surface_display	GENUINELY_MISSING	1	1	1	1	1	migration_required
rt_winit_window_surface_kind	GENUINELY_MISSING	1	1	1	1	1	migration_required
rt_winit_window_surface_window	GENUINELY_MISSING	1	1	1	1	1	migration_required
rt_wire_to_hex	c_runtime_source_only	1	1	1	1	1	migration_required
rt_write_cr0	GENUINELY_MISSING	1	1	1	1	1	migration_required
rt_write_cr3	c_runtime_source_only	4	2	4	4	4	source_signature_variants
rt_write_cr3_raw	c_runtime_source_only	1	1	1	1	1	migration_required
rt_write_exec_memory	GENUINELY_MISSING	1	1	1	1	1	migration_required
rt_write_file	in_deployed_binary	2	1	2	2	2	migration_required
rt_write_fill_u32s_to_raw_checksum	in_deployed_binary	1	1	1	1	1	migration_required
rt_write_msr	c_runtime_source_only	3	1	3	3	3	migration_required
rt_write_stdout	GENUINELY_MISSING	1	1	1	1	1	migration_required
rt_write_u32s_strided_to_raw	in_deployed_binary	1	1	1	1	1	migration_required
rt_write_u32s_to_raw	in_deployed_binary	3	1	3	3	3	migration_required
rt_ws_close	GENUINELY_MISSING	3	1	3	3	3	migration_required
rt_ws_connect	GENUINELY_MISSING	3	1	3	3	3	migration_required
rt_ws_mask_bytes	in_deployed_binary	1	1	1	1	1	migration_required
rt_ws_receive	GENUINELY_MISSING	3	1	3	3	3	migration_required
rt_ws_send	GENUINELY_MISSING	3	1	3	3	3	migration_required
rt_x86_32_context_switch	GENUINELY_MISSING	1	1	1	1	1	migration_required
rt_x86_32_enter_user_first	GENUINELY_MISSING	1	1	1	1	1	migration_required
rt_x86_32_exec_token_cancel	GENUINELY_MISSING	1	1	1	1	1	migration_required
rt_x86_32_exec_token_install	GENUINELY_MISSING	1	1	1	1	1	migration_required
rt_x86_32_exec_token_take_result	GENUINELY_MISSING	1	1	1	1	1	migration_required
rt_x86_32_fpu_restore	GENUINELY_MISSING	1	1	1	1	1	migration_required
rt_x86_32_fpu_save	GENUINELY_MISSING	1	1	1	1	1	migration_required
rt_x86_32_tss_bind_task	GENUINELY_MISSING	1	1	1	1	1	migration_required
rt_x86_64_context_switch	GENUINELY_MISSING	1	1	1	1	1	migration_required
rt_x86_64_fpu_restore	GENUINELY_MISSING	1	1	1	1	1	migration_required
rt_x86_64_fpu_save	GENUINELY_MISSING	1	1	1	1	1	migration_required
rt_x86_ap_trampoline_phys	GENUINELY_MISSING	1	1	1	1	1	migration_required
rt_x86_context_restore	GENUINELY_MISSING	1	1	1	1	1	migration_required
rt_x86_context_save	GENUINELY_MISSING	1	1	1	1	1	migration_required
rt_x86_enter_user_first	GENUINELY_MISSING	1	1	1	1	1	migration_required
rt_x86_exec_token_cancel	GENUINELY_MISSING	1	1	1	1	1	migration_required
rt_x86_exec_token_install	GENUINELY_MISSING	1	1	1	1	1	migration_required
rt_x86_exec_token_take_result	GENUINELY_MISSING	1	1	1	1	1	migration_required
rt_x86_get_rsp	GENUINELY_MISSING	1	1	1	1	1	migration_required
rt_x86_install_syscall_entry_raw	GENUINELY_MISSING	1	1	1	1	1	migration_required
rt_x86_prepare_ap_startup	GENUINELY_MISSING	1	1	1	1	1	migration_required
rt_x86_rdrand_or_rdtsc	GENUINELY_MISSING	1	1	1	1	1	migration_required
rt_x86_read_cr0	GENUINELY_MISSING	1	1	1	1	1	migration_required
rt_x86_read_cr4	GENUINELY_MISSING	1	1	1	1	1	migration_required
rt_x86_read_efer	GENUINELY_MISSING	1	1	1	1	1	migration_required
rt_x86_ring3_exit_rc	GENUINELY_MISSING	1	1	1	1	1	migration_required
rt_x86_syscall	GENUINELY_MISSING	1	1	1	1	1	migration_required
rt_xxhash_finish	in_deployed_binary	1	1	1	1	1	migration_required
rt_xxhash_free	in_deployed_binary	1	1	1	1	1	migration_required
rt_xxhash_new	in_deployed_binary	1	1	1	1	1	migration_required
rt_xxhash_new_with_seed	in_deployed_binary	1	1	1	1	1	migration_required
rt_xxhash_reset	in_deployed_binary	1	1	1	1	1	migration_required
rt_xxhash_write	in_deployed_binary	1	1	1	1	1	migration_required
rt_zero_bss	c_runtime_source_only	1	1	1	1	1	migration_required
rt_zip_add_data	GENUINELY_MISSING	1	1	1	1	1	migration_required
rt_zip_add_file	GENUINELY_MISSING	1	1	1	1	1	migration_required
rt_zip_close	GENUINELY_MISSING	1	1	1	1	1	migration_required
rt_zip_create	GENUINELY_MISSING	1	1	1	1	1	migration_required
rt_zip_extract_file	GENUINELY_MISSING	1	1	1	1	1	migration_required
rt_zip_extract	GENUINELY_MISSING	1	1	1	1	1	migration_required
rt_zip_list	GENUINELY_MISSING	1	1	1	1	1	migration_required
rt_zip_open	GENUINELY_MISSING	1	1	1	1	1	migration_required
runtime	unknown	1	1	1	1	1	migration_required
_rv64_enter_user	SHADOWED_BY_SPL_FN	2	1	2	2	2	migration_required
self_extract_create	rust_source_feature_gated	3	1	3	3	3	migration_required
self_extract_get_ratio	rust_source_feature_gated	3	1	3	3	3	migration_required
self_extract_is_compressed	rust_source_feature_gated	3	1	3	3	3	migration_required
send_smtp_message	GENUINELY_MISSING	1	1	1	0	1	migration_required
sendto	libc_libm	1	1	1	1	1	migration_required
serial_println	interp_extern_registry	86	1	86	86	86	migration_required
set_array_cap	SHADOWED_BY_SPL_FN	1	1	1	1	1	migration_required
set_array_items	SHADOWED_BY_SPL_FN	1	1	1	1	1	migration_required
set_array_len	SHADOWED_BY_SPL_FN	1	1	1	1	1	migration_required
setenv	libc_libm	1	1	1	1	1	migration_required
setpgid	libc_libm	1	1	1	1	1	migration_required
sev	bare_exempt	1	1	1	1	1	migration_required
sffi_regex_captures	in_deployed_binary	6	2	6	6	6	source_signature_variants
sffi_regex_find_all	in_deployed_binary	6	2	6	6	6	source_signature_variants
sffi_regex_find	in_deployed_binary	6	2	6	6	6	source_signature_variants
sffi_regex_is_match	in_deployed_binary	6	1	6	6	6	migration_required
sffi_regex_replace_all	in_deployed_binary	6	1	6	6	6	migration_required
sffi_regex_replace	in_deployed_binary	6	1	6	6	6	migration_required
sffi_regex_split	in_deployed_binary	6	2	6	6	6	source_signature_variants
sffi_regex_split_n	in_deployed_binary	6	2	6	6	6	source_signature_variants
sffi_v2_symbol_that_does_not_exist	GENUINELY_MISSING	1	1	1	1	1	migration_required
sigismember	libc_libm	1	1	1	1	1	migration_required
signal_deliver	SHADOWED_BY_SPL_FN	1	1	1	1	1	migration_required
signal	libc_libm	1	1	1	1	1	migration_required
sigpending	libc_libm	1	1	1	1	1	migration_required
__simple_call_module_inits	GENUINELY_MISSING	2	1	2	2	2	migration_required
simple_layout_mark	interp_extern_registry	1	1	1	1	1	migration_required
__simple_main	GENUINELY_MISSING	1	1	1	1	1	migration_required
simpleos_audio_q15_word_raw	GENUINELY_MISSING	1	1	1	1	1	migration_required
simpleos_current_cs	GENUINELY_MISSING	1	1	1	1	1	migration_required
simpleos_fat32_path_read_buffer_addr	GENUINELY_MISSING	3	1	3	3	3	migration_required
simpleos_fat32_read_path_array	GENUINELY_MISSING	2	1	2	2	2	migration_required
simpleos_fat32_read_path	GENUINELY_MISSING	2	1	2	2	2	migration_required
simpleos_fat32_read_path_size	GENUINELY_MISSING	3	1	3	3	3	migration_required
simpleos_fat32_stream_open	GENUINELY_MISSING	2	1	2	2	2	migration_required
simpleos_fat32_stream_read_at	GENUINELY_MISSING	2	1	2	2	2	migration_required
simpleos_nvme_init	GENUINELY_MISSING	1	1	1	1	1	migration_required
simpleos_nvme_read_sector	GENUINELY_MISSING	1	1	1	1	1	migration_required
simpleos_nvme_write_sector	GENUINELY_MISSING	1	1	1	1	1	migration_required
simpleos_syscall	c_runtime_source_only	1	1	1	1	1	migration_required
simple_repl_runner_cleanup	in_deployed_binary	1	1	1	1	1	migration_required
simple_repl_runner_clear_prelude	in_deployed_binary	1	1	1	1	1	migration_required
simple_repl_runner_execute	in_deployed_binary	1	1	1	1	1	migration_required
simple_repl_runner_get_prelude	in_deployed_binary	1	1	1	1	1	migration_required
simple_repl_runner_init	in_deployed_binary	1	1	1	1	1	migration_required
size_of	DEAD_DECLARATION	2	1	2	2	2	migration_required
sleep_ms	SHADOWED_BY_SPL_FN	3	1	3	3	3	migration_required
socket	libc_libm	1	1	1	1	1	migration_required
spl_alloc_buffer	GENUINELY_MISSING	7	1	0	7	7	migration_required
spl_bits_to_f64	interp_extern_registry	2	1	2	2	2	migration_required
spl_condvar_broadcast	c_runtime_source_only	1	1	0	1	1	migration_required
spl_condvar_create	c_runtime_source_only	1	1	0	1	1	migration_required
spl_condvar_destroy	c_runtime_source_only	1	1	0	1	1	migration_required
spl_condvar_signal	c_runtime_source_only	1	1	0	1	1	migration_required
spl_condvar_wait	c_runtime_source_only	1	1	0	1	1	migration_required
spl_condvar_wait_timeout	c_runtime_source_only	1	1	0	1	1	migration_required
spl_cstr_to_str	GENUINELY_MISSING	3	1	0	3	3	migration_required
spl_dlclose	in_deployed_binary	6	1	5	6	6	migration_required
spl_dlopen	in_deployed_binary	14	1	13	14	14	migration_required
spl_dlsym	in_deployed_binary	16	1	14	16	16	migration_required
spl_eprintln	c_runtime_source_only	1	1	1	1	1	migration_required
spl_f64_to_bits	in_deployed_binary	8	1	8	8	8	migration_required
spl_fonts_call_init_blob	in_deployed_binary	1	1	1	1	1	migration_required
spl_fonts_call_init_path	in_deployed_binary	1	1	1	1	1	migration_required
spl_fonts_call_layout_text	in_deployed_binary	1	1	1	1	1	migration_required
spl_free_buffer	GENUINELY_MISSING	7	1	0	7	7	migration_required
spl_i64_is_zero	in_deployed_binary	1	1	1	1	1	migration_required
spl_load_i64	GENUINELY_MISSING	14	1	14	14	14	migration_required
spl_load_u8	GENUINELY_MISSING	9	1	9	9	9	migration_required
spl_memtrack_bytes_since	in_deployed_binary	1	1	1	1	1	migration_required
spl_memtrack_clear_listener	in_deployed_binary	1	1	1	1	1	migration_required
spl_memtrack_count_since	in_deployed_binary	1	1	1	1	1	migration_required
spl_memtrack_disable	in_deployed_binary	1	1	1	1	1	migration_required
spl_memtrack_dump_since	in_deployed_binary	1	1	1	1	1	migration_required
spl_memtrack_enable	in_deployed_binary	1	1	1	1	1	migration_required
spl_memtrack_is_enabled	in_deployed_binary	1	1	1	1	1	migration_required
spl_memtrack_live_bytes	in_deployed_binary	1	1	1	1	1	migration_required
spl_memtrack_live_count	in_deployed_binary	1	1	1	1	1	migration_required
spl_memtrack_reset	in_deployed_binary	1	1	1	1	1	migration_required
spl_memtrack_set_listener	in_deployed_binary	1	1	1	1	1	migration_required
spl_memtrack_snapshot	in_deployed_binary	1	1	1	1	1	migration_required
spl_mutex_create	interp_extern_registry	1	1	0	1	1	migration_required
spl_mutex_destroy	interp_extern_registry	1	1	0	1	1	migration_required
spl_mutex_lock	interp_extern_registry	1	1	0	1	1	migration_required
spl_mutex_try_lock	interp_extern_registry	1	1	0	0	1	evidence_required
spl_mutex_unlock	interp_extern_registry	1	1	0	1	1	migration_required
spl_read_bytes	GENUINELY_MISSING	5	1	0	5	5	migration_required
spl_read_i32	GENUINELY_MISSING	6	1	0	6	6	migration_required
spl_read_ptr	GENUINELY_MISSING	1	1	0	1	1	migration_required
spl_read_u8	GENUINELY_MISSING	1	1	0	1	1	migration_required
spl_shim_current_task_id	SHADOWED_BY_SPL_FN	1	1	1	1	1	migration_required
spl_store_i64	GENUINELY_MISSING	13	1	13	13	13	migration_required
spl_store_u8	GENUINELY_MISSING	12	1	12	12	12	migration_required
spl_str_ptr	in_deployed_binary	2	1	2	2	2	migration_required
spl_str_to_cstr	GENUINELY_MISSING	6	1	0	6	6	migration_required
spl_thread_cpu_count	in_deployed_binary	4	1	0	4	4	migration_required
spl_thread_create	interp_extern_registry	1	1	0	1	1	migration_required
spl_thread_current_id	interp_extern_registry	1	1	0	1	1	migration_required
spl_thread_detach	interp_extern_registry	1	1	0	1	1	migration_required
spl_thread_join	interp_extern_registry	1	1	0	1	1	migration_required
spl_thread_pool_spawn_worker	interp_extern_registry	1	1	0	1	1	migration_required
spl_thread_sleep	interp_extern_registry	1	1	0	1	1	migration_required
spl_thread_yield	interp_extern_registry	1	1	0	1	1	migration_required
spl_wffi_call_f64_checked	in_deployed_binary	1	1	1	0	1	migration_required
spl_wffi_call_f64	in_deployed_binary	1	1	1	1	1	migration_required
spl_wffi_call_i64_checked	in_deployed_binary	2	1	1	0	2	migration_required
spl_wffi_call_i64	in_deployed_binary	17	1	15	17	17	migration_required
spl_wffi_call_i64_with_bytes	in_deployed_binary	1	1	1	1	1	migration_required
spl_write_bytes	GENUINELY_MISSING	3	1	0	3	3	migration_required
spl_write_u8	GENUINELY_MISSING	1	1	0	1	1	migration_required
sqrt	in_deployed_binary	2	2	2	2	2	source_signature_variants
stderr_flush	in_deployed_binary	5	2	5	5	5	source_signature_variants
stderr_write	in_deployed_binary	5	2	5	5	5	source_signature_variants
stdin_read_char	in_deployed_binary	19	1	19	19	19	migration_required
stdout_flush	interp_extern_registry	7	1	7	7	7	migration_required
stdout_write	in_deployed_binary	15	2	15	15	15	source_signature_variants
strlen	libc_libm	6	2	6	6	6	source_signature_variants
strtod	libc_libm	1	1	1	1	1	migration_required
strtoll	libc_libm	1	1	1	1	1	migration_required
syscall	libc_libm	9	1	9	9	9	migration_required
sysconf	libc_libm	1	1	1	1	1	migration_required
sys_get_args	in_deployed_binary	25	2	25	25	25	source_signature_variants
task_alloc_id	SHADOWED_BY_SPL_FN	1	1	1	1	1	migration_required
tcp_listener_accept	DEAD_DECLARATION	3	1	3	0	3	migration_required
tcp_listener_accept_timeout	DEAD_DECLARATION	3	1	3	0	3	migration_required
tcp_listener_bind	DEAD_DECLARATION	3	1	3	0	3	migration_required
tcp_listener_close	DEAD_DECLARATION	3	1	3	3	3	migration_required
tcp_listener_local_addr	DEAD_DECLARATION	3	1	3	0	3	migration_required
tcp_listener_set_nonblocking	DEAD_DECLARATION	3	1	3	3	3	migration_required
tcp_stream_close	DEAD_DECLARATION	3	1	3	3	3	migration_required
tcp_stream_connect	DEAD_DECLARATION	3	1	3	0	3	migration_required
tcp_stream_connect_timeout	DEAD_DECLARATION	3	1	3	0	3	migration_required
tcp_stream_flush	DEAD_DECLARATION	3	1	3	0	3	migration_required
tcp_stream_local_addr	DEAD_DECLARATION	3	1	3	0	3	migration_required
tcp_stream_peer_addr	DEAD_DECLARATION	3	1	3	0	3	migration_required
tcp_stream_read	DEAD_DECLARATION	3	1	3	0	3	migration_required
tcp_stream_read_exact	DEAD_DECLARATION	3	1	3	0	3	migration_required
tcp_stream_read_line	DEAD_DECLARATION	3	1	3	0	3	migration_required
tcp_stream_set_nodelay	DEAD_DECLARATION	3	1	3	3	3	migration_required
tcp_stream_set_nonblocking	DEAD_DECLARATION	3	1	3	3	3	migration_required
tcp_stream_set_read_timeout	DEAD_DECLARATION	3	1	3	3	3	migration_required
tcp_stream_set_write_timeout	DEAD_DECLARATION	3	1	3	3	3	migration_required
tcp_stream_write_all	DEAD_DECLARATION	3	1	3	0	3	migration_required
tcp_stream_write	DEAD_DECLARATION	3	1	3	0	3	migration_required
time_cycles	bare_exempt	1	1	1	1	1	migration_required
time_delay_cycles	bare_exempt	1	1	1	1	1	migration_required
time_delay_micros	bare_exempt	1	1	1	1	1	migration_required
time_delay_millis	bare_exempt	1	1	1	1	1	migration_required
time	libc_libm	1	1	1	1	1	migration_required
time_micros	bare_exempt	1	1	1	1	1	migration_required
time_millis	bare_exempt	1	1	1	1	1	migration_required
time_ticks	bare_exempt	1	1	1	1	1	migration_required
time_ticks_per_second	bare_exempt	1	1	1	1	1	migration_required
trace_call	DEAD_DECLARATION	2	1	2	2	2	migration_required
trace_method	DEAD_DECLARATION	2	1	2	2	2	migration_required
trace_return	DEAD_DECLARATION	2	1	2	2	2	migration_required
trampoline_invoke	DEAD_DECLARATION	1	1	1	1	1	migration_required
tree_sitter_rust	GENUINELY_MISSING	1	1	1	1	1	migration_required
ts_node_child_count	GENUINELY_MISSING	1	1	1	1	1	migration_required
ts_node_child	GENUINELY_MISSING	1	1	1	1	1	migration_required
ts_node_end_byte	GENUINELY_MISSING	1	1	1	1	1	migration_required
ts_node_start_byte	GENUINELY_MISSING	1	1	1	1	1	migration_required
ts_node_type	GENUINELY_MISSING	1	1	1	1	1	migration_required
ts_parser_delete	GENUINELY_MISSING	1	1	1	1	1	migration_required
ts_parser_new	GENUINELY_MISSING	1	1	1	1	1	migration_required
ts_parser_parse_string	GENUINELY_MISSING	1	1	1	1	1	migration_required
ts_parser_set_language	GENUINELY_MISSING	1	1	1	1	1	migration_required
ts_tree_delete	GENUINELY_MISSING	1	1	1	1	1	migration_required
ts_tree_root_node	GENUINELY_MISSING	1	1	1	1	1	migration_required
type_id_of	DEAD_DECLARATION	3	1	3	3	3	migration_required
udp_socket_bind	GENUINELY_MISSING	4	1	4	0	4	migration_required
udp_socket_close	GENUINELY_MISSING	4	1	4	4	4	migration_required
udp_socket_connect	GENUINELY_MISSING	4	1	4	0	4	migration_required
udp_socket_join_multicast	GENUINELY_MISSING	4	1	4	4	4	migration_required
udp_socket_leave_multicast	GENUINELY_MISSING	4	1	4	4	4	migration_required
udp_socket_local_addr	GENUINELY_MISSING	4	1	4	0	4	migration_required
udp_socket_recv_from	GENUINELY_MISSING	4	1	4	0	4	migration_required
udp_socket_recv	GENUINELY_MISSING	4	1	4	0	4	migration_required
udp_socket_send	GENUINELY_MISSING	4	1	4	0	4	migration_required
udp_socket_send_to	GENUINELY_MISSING	4	1	4	0	4	migration_required
udp_socket_set_broadcast	GENUINELY_MISSING	4	1	4	4	4	migration_required
udp_socket_set_multicast_loop	GENUINELY_MISSING	4	1	4	4	4	migration_required
udp_socket_set_nonblocking	GENUINELY_MISSING	4	1	4	4	4	migration_required
udp_socket_set_read_timeout	GENUINELY_MISSING	4	1	4	4	4	migration_required
unregister_array	SHADOWED_BY_SPL_FN	1	1	1	1	1	migration_required
unsafe_addr_of	c_runtime_source_only	41	1	41	41	41	migration_required
upx_compress_file	rust_source_feature_gated	3	1	3	3	3	migration_required
upx_decompress_file	rust_source_feature_gated	3	1	3	3	3	migration_required
upx_ensure_available	rust_source_feature_gated	3	1	3	3	3	migration_required
upx_get_path	rust_source_feature_gated	3	1	3	3	3	migration_required
upx_get_ratio	rust_source_feature_gated	3	1	3	3	3	migration_required
upx_is_available	rust_source_feature_gated	3	1	3	3	3	migration_required
upx_is_compressed	rust_source_feature_gated	3	1	3	3	3	migration_required
url_decode	SHADOWED_BY_SPL_FN	4	1	4	4	4	migration_required
url_encode	SHADOWED_BY_SPL_FN	4	1	4	4	4	migration_required
url_parse	GENUINELY_MISSING	4	1	4	0	4	migration_required
usleep	libc_libm	1	1	1	1	1	migration_required
utf8_bytes_of_t	GENUINELY_MISSING	1	1	1	1	1	migration_required
uw_probe_extern_provided	DEAD_DECLARATION	1	1	1	1	1	migration_required
val_get_array	SHADOWED_BY_SPL_FN	1	1	1	1	1	migration_required
val_get_float	SHADOWED_BY_SPL_FN	1	1	1	1	1	migration_required
val_get_int	SHADOWED_BY_SPL_FN	1	1	1	1	1	migration_required
val_get_kind	SHADOWED_BY_SPL_FN	1	1	1	1	1	migration_required
val_get_struct_fields	SHADOWED_BY_SPL_FN	1	1	1	1	1	migration_required
val_get_struct_name	SHADOWED_BY_SPL_FN	1	1	1	1	1	migration_required
val_get_struct_values	SHADOWED_BY_SPL_FN	1	1	1	1	1	migration_required
val_get_text	SHADOWED_BY_SPL_FN	1	1	1	1	1	migration_required
vfs_chmod	GENUINELY_MISSING	1	1	1	1	1	migration_required
vfs_closedir	GENUINELY_MISSING	1	1	1	1	1	migration_required
vfs_close	GENUINELY_MISSING	3	1	3	3	3	migration_required
vfs_create	GENUINELY_MISSING	2	1	2	2	2	migration_required
vfs_mkdir	GENUINELY_MISSING	1	1	1	1	1	migration_required
vfs_opendir	GENUINELY_MISSING	1	1	1	1	1	migration_required
vfs_open	GENUINELY_MISSING	3	1	3	3	3	migration_required
vfs_read_all	GENUINELY_MISSING	2	1	2	2	2	migration_required
vfs_readdir	GENUINELY_MISSING	1	1	1	1	1	migration_required
vfs_read_line	GENUINELY_MISSING	2	1	2	2	2	migration_required
vfs_rename	GENUINELY_MISSING	1	1	1	1	1	migration_required
vfs_unlink	GENUINELY_MISSING	2	1	2	2	2	migration_required
vfs_write_all	GENUINELY_MISSING	2	1	2	2	2	migration_required
vmm_map_page	SHADOWED_BY_SPL_FN	1	1	1	1	1	migration_required
vscode_actions_apply_edit	GENUINELY_MISSING	1	1	1	1	1	migration_required
vscode_actions_create_workspace_edit	GENUINELY_MISSING	1	1	1	1	1	migration_required
vscode_actions_edit_delete	GENUINELY_MISSING	1	1	1	1	1	migration_required
vscode_actions_edit_insert	GENUINELY_MISSING	1	1	1	1	1	migration_required
vscode_actions_edit_replace	GENUINELY_MISSING	1	1	1	1	1	migration_required
vscode_actions_register_provider	GENUINELY_MISSING	1	1	1	1	1	migration_required
vscode_commands_execute	GENUINELY_MISSING	1	1	1	1	1	migration_required
vscode_commands_get_commands	GENUINELY_MISSING	1	1	1	1	1	migration_required
vscode_commands_register	GENUINELY_MISSING	1	1	1	1	1	migration_required
vscode_debug_continue	GENUINELY_MISSING	1	1	1	1	1	migration_required
vscode_debug_evaluate	GENUINELY_MISSING	1	1	1	1	1	migration_required
vscode_debug_pause	GENUINELY_MISSING	1	1	1	1	1	migration_required
vscode_debug_register_adapter	GENUINELY_MISSING	1	1	1	1	1	migration_required
vscode_debug_set_breakpoint	GENUINELY_MISSING	1	1	1	1	1	migration_required
vscode_debug_start_session	GENUINELY_MISSING	1	1	1	1	1	migration_required
vscode_debug_step_into	GENUINELY_MISSING	1	1	1	1	1	migration_required
vscode_debug_step_out	GENUINELY_MISSING	1	1	1	1	1	migration_required
vscode_debug_step_over	GENUINELY_MISSING	1	1	1	1	1	migration_required
vscode_debug_stop	GENUINELY_MISSING	1	1	1	1	1	migration_required
vscode_document_provider_fire_change	GENUINELY_MISSING	1	1	1	1	1	migration_required
vscode_document_provider_register	GENUINELY_MISSING	1	1	1	1	1	migration_required
vscode_languages_create_diagnostic_collection	GENUINELY_MISSING	1	1	1	1	1	migration_required
vscode_languages_register_code_actions	DEAD_DECLARATION	1	1	1	1	1	migration_required
vscode_languages_register_completion	GENUINELY_MISSING	1	1	1	1	1	migration_required
vscode_languages_register_definition	GENUINELY_MISSING	1	1	1	1	1	migration_required
vscode_languages_register_hover	GENUINELY_MISSING	1	1	1	1	1	migration_required
vscode_languages_set_diagnostics	GENUINELY_MISSING	1	1	1	1	1	migration_required
vscode_tasks_execute_task	GENUINELY_MISSING	1	1	1	1	1	migration_required
vscode_tasks_fetch_tasks	GENUINELY_MISSING	1	1	1	1	1	migration_required
vscode_tasks_register_provider	GENUINELY_MISSING	1	1	1	1	1	migration_required
vscode_terminal_create	GENUINELY_MISSING	1	1	1	1	1	migration_required
vscode_terminal_dispose	GENUINELY_MISSING	1	1	1	1	1	migration_required
vscode_terminal_get_exit_status	GENUINELY_MISSING	1	1	1	1	1	migration_required
vscode_terminal_get_process_id	GENUINELY_MISSING	1	1	1	1	1	migration_required
vscode_terminal_hide	GENUINELY_MISSING	1	1	1	1	1	migration_required
vscode_terminal_on_exit	GENUINELY_MISSING	1	1	1	1	1	migration_required
vscode_terminal_send_text	GENUINELY_MISSING	1	1	1	1	1	migration_required
vscode_terminal_show	GENUINELY_MISSING	1	1	1	1	1	migration_required
vscode_tree_view_refresh	GENUINELY_MISSING	1	1	1	1	1	migration_required
vscode_tree_view_register	GENUINELY_MISSING	1	1	1	1	1	migration_required
vscode_tree_view_reveal	GENUINELY_MISSING	1	1	1	1	1	migration_required
vscode_webview_create_panel	GENUINELY_MISSING	1	1	1	1	1	migration_required
vscode_webview_dispose	GENUINELY_MISSING	1	1	1	1	1	migration_required
vscode_webview_on_message	GENUINELY_MISSING	1	1	1	1	1	migration_required
vscode_webview_post_message	GENUINELY_MISSING	1	1	1	1	1	migration_required
vscode_webview_set_html	GENUINELY_MISSING	1	1	1	1	1	migration_required
vscode_window_create_status_bar_item	GENUINELY_MISSING	1	1	1	1	1	migration_required
vscode_window_get_active_editor_uri	GENUINELY_MISSING	1	1	1	1	1	migration_required
vscode_window_show_error	GENUINELY_MISSING	1	1	1	1	1	migration_required
vscode_window_show_info	GENUINELY_MISSING	1	1	1	1	1	migration_required
vscode_window_show_message	GENUINELY_MISSING	1	1	1	1	1	migration_required
vscode_window_show_warning	GENUINELY_MISSING	1	1	1	1	1	migration_required
vscode_window_status_bar_hide	GENUINELY_MISSING	1	1	1	1	1	migration_required
vscode_window_status_bar_set_text	GENUINELY_MISSING	1	1	1	1	1	migration_required
vscode_window_status_bar_show	GENUINELY_MISSING	1	1	1	1	1	migration_required
vscode_workspace_close_text_document	GENUINELY_MISSING	1	1	1	1	1	migration_required
vscode_workspace_find_files	GENUINELY_MISSING	1	1	1	1	1	migration_required
vscode_workspace_get_configuration	GENUINELY_MISSING	1	1	1	1	1	migration_required
vscode_workspace_get_folders	GENUINELY_MISSING	1	1	1	1	1	migration_required
vscode_workspace_get_workspace_folder	GENUINELY_MISSING	1	1	1	1	1	migration_required
vscode_workspace_open_text_document	GENUINELY_MISSING	1	1	1	1	1	migration_required
vscode_workspace_save_text_document	GENUINELY_MISSING	1	1	1	1	1	migration_required
vscode_workspace_update_configuration	GENUINELY_MISSING	1	1	1	1	1	migration_required
waitpid	libc_libm	1	1	1	1	1	migration_required
warp_size	DEAD_DECLARATION	1	1	1	1	1	migration_required
wasm_lsp_initialize	GENUINELY_MISSING	1	1	1	1	1	migration_required
wasm_lsp_register_handler	GENUINELY_MISSING	1	1	1	1	1	migration_required
wasm_lsp_send_notification	GENUINELY_MISSING	1	1	1	1	1	migration_required
wasm_lsp_send_response	DEAD_DECLARATION	1	1	1	1	1	migration_required
wasm_rt_free	c_runtime_source_only	1	1	1	1	1	migration_required
wasm_rt_load	c_runtime_source_only	1	1	1	1	1	migration_required
wasm_rt_parse_all	c_runtime_source_only	1	1	1	1	1	migration_required
wfe	bare_exempt	1	1	1	1	1	migration_required
wfi	bare_exempt	1	1	1	1	1	migration_required
write_header_field	GENUINELY_MISSING	3	1	3	3	3	migration_required
write_header	GENUINELY_MISSING	3	1	3	3	3	migration_required
write	libc_libm	3	1	3	3	3	migration_required
