WARNING: this Rust-built Simple binary is a bootstrap seed only; do not use it as the normal tool.
Build and use the pure-Simple bin/simple instead.
[33mwarning[0m: Avoid 'export use *' - exposes unnecessary interfaces
  --> /mnt/data/worktrees/spectriage-1/src/lib/nogc_async_mut/test_runner/test_runner_types.spl:1:1
   |
  1 | export use std.nogc_sync_mut.test_runner.test_runner_types.*
   | ^

Use explicit exports instead

Example: export use module.{A, B, C} or export A, B from module

[33mwarning[0m: Avoid 'export use *' - exposes unnecessary interfaces
  --> /mnt/data/worktrees/spectriage-1/src/lib/nogc_async_mut/test_runner/test_config.spl:1:1
   |
  1 | export use std.nogc_sync_mut.test_runner.test_config.*
   | ^

Use explicit exports instead

Example: export use module.{A, B, C} or export A, B from module

[33mwarning[0m: Avoid 'export use *' - exposes unnecessary interfaces
  --> /mnt/data/worktrees/spectriage-1/src/lib/nogc_async_mut/test_runner/doctest_runner.spl:1:1
   |
  1 | export use std.nogc_sync_mut.test_runner.doctest_runner.*
   | ^

Use explicit exports instead

Example: export use module.{A, B, C} or export A, B from module

[33mwarning[0m: Avoid 'export use *' - exposes unnecessary interfaces
  --> /mnt/data/worktrees/spectriage-1/src/lib/string_core.spl:3:1
   |
  3 | export use lib.common.string_core.*
   | ^

Use explicit exports instead

Example: export use module.{A, B, C} or export A, B from module

[33mwarning[0m: Avoid 'export use *' - exposes unnecessary interfaces
  --> /mnt/data/worktrees/spectriage-1/src/lib/nogc_async_mut/test_runner/test_runner_execute.spl:1:1
   |
  1 | export use std.nogc_sync_mut.test_runner.test_runner_execute.*
   | ^

Use explicit exports instead

Example: export use module.{A, B, C} or export A, B from module

[33mwarning[0m: Avoid 'export use *' - exposes unnecessary interfaces
  --> /mnt/data/worktrees/spectriage-1/src/lib/nogc_async_mut/test_runner/test_executor_composite.spl:1:1
   |
  1 | export use std.nogc_sync_mut.test_runner.test_executor_composite.*
   | ^

Use explicit exports instead

Example: export use module.{A, B, C} or export A, B from module

[33mwarning[0m: Avoid 'export use *' - exposes unnecessary interfaces
  --> /mnt/data/worktrees/spectriage-1/src/lib/nogc_async_mut/test_runner/test_executor_composite_jit_generic.spl:1:1
   |
  1 | export use std.nogc_sync_mut.test_runner.test_executor_composite_jit_generic.*
   | ^

Use explicit exports instead

Example: export use module.{A, B, C} or export A, B from module

[33mwarning[0m: Deprecated syntax for static method/variant access
  --> /mnt/data/worktrees/spectriage-1/src/lib/nogc_sync_mut/debug/remote/replay/hardware_replay_controller.spl:23:65
   |
 23 |             adapter: RemoteReplayAdapter.create(RemoteReplayMode::Off),
   |                                                                 ^

Use dot syntax (.) instead of double colon (::)

Example: Type.new() instead of Type::new()

[33mwarning[0m: Avoid 'export use *' - exposes unnecessary interfaces
  --> /mnt/data/worktrees/spectriage-1/src/app/io/cli_commands.spl:6:1
   |
  6 | export use app.io._CliCommands.run_commands.*
   | ^

Use explicit exports instead

Example: export use module.{A, B, C} or export A, B from module

[33mwarning[0m: Avoid 'export use *' - exposes unnecessary interfaces
  --> /mnt/data/worktrees/spectriage-1/src/app/io/cli_commands.spl:7:1
   |
  7 | export use app.io._CliCommands.handler_commands.*
   | ^

Use explicit exports instead

Example: export use module.{A, B, C} or export A, B from module

[33mwarning[0m: Avoid 'export use *' - exposes unnecessary interfaces
  --> /mnt/data/worktrees/spectriage-1/src/compiler/80.driver/driver_types.spl:7:1
   |
  7 | export use compiler.common.driver_core_types.*
   | ^

Use explicit exports instead

Example: export use module.{A, B, C} or export A, B from module

[33mwarning[0m: Avoid 'export use *' - exposes unnecessary interfaces
  --> /mnt/data/worktrees/spectriage-1/src/compiler/20.hir/hir.spl:9:1
   |
  9 | export use compiler.hir.hir_types.*
   | ^

Use explicit exports instead

Example: export use module.{A, B, C} or export A, B from module

[33mwarning[0m: Avoid 'export use *' - exposes unnecessary interfaces
  --> /mnt/data/worktrees/spectriage-1/src/compiler/20.hir/hir.spl:10:1
   |
 10 | export use compiler.hir.hir_definitions.*
   | ^

Use explicit exports instead

Example: export use module.{A, B, C} or export A, B from module

[33mwarning[0m: Avoid 'export use *' - exposes unnecessary interfaces
  --> /mnt/data/worktrees/spectriage-1/src/compiler/20.hir/hir_lowering/items.spl:6:1
   |
  6 | export use compiler.hir.hir_lowering._Items.lowering_helpers.*
   | ^

Use explicit exports instead

Example: export use module.{A, B, C} or export A, B from module

[33mwarning[0m: Avoid 'export use *' - exposes unnecessary interfaces
  --> /mnt/data/worktrees/spectriage-1/src/compiler/20.hir/hir_lowering/items.spl:7:1
   |
  7 | export use compiler.hir.hir_lowering._Items.module_lowering.*
   | ^

Use explicit exports instead

Example: export use module.{A, B, C} or export A, B from module

[33mwarning[0m: Avoid 'export use *' - exposes unnecessary interfaces
  --> /mnt/data/worktrees/spectriage-1/src/compiler/20.hir/hir_lowering/items.spl:8:1
   |
  8 | export use compiler.hir.hir_lowering._Items.module_callable_types.*
   | ^

Use explicit exports instead

Example: export use module.{A, B, C} or export A, B from module

[33mwarning[0m: Avoid 'export use *' - exposes unnecessary interfaces
  --> /mnt/data/worktrees/spectriage-1/src/compiler/20.hir/hir_lowering/items.spl:9:1
   |
  9 | export use compiler.hir.hir_lowering._Items.module_import_registration.*
   | ^

Use explicit exports instead

Example: export use module.{A, B, C} or export A, B from module

[33mwarning[0m: Avoid 'export use *' - exposes unnecessary interfaces
  --> /mnt/data/worktrees/spectriage-1/src/compiler/20.hir/hir_lowering/items.spl:10:1
   |
 10 | export use compiler.hir.hir_lowering._Items.module_reexport_materialization.*
   | ^

Use explicit exports instead

Example: export use module.{A, B, C} or export A, B from module

[33mwarning[0m: Avoid 'export use *' - exposes unnecessary interfaces
  --> /mnt/data/worktrees/spectriage-1/src/compiler/20.hir/hir_lowering/items.spl:11:1
   |
 11 | export use compiler.hir.hir_lowering._Items.module_import_resolution.*
   | ^

Use explicit exports instead

Example: export use module.{A, B, C} or export A, B from module

[33mwarning[0m: Avoid 'export use *' - exposes unnecessary interfaces
  --> /mnt/data/worktrees/spectriage-1/src/compiler/20.hir/hir_lowering/items.spl:12:1
   |
 12 | export use compiler.hir.hir_lowering._Items.module_build.*
   | ^

Use explicit exports instead

Example: export use module.{A, B, C} or export A, B from module

[33mwarning[0m: Avoid 'export use *' - exposes unnecessary interfaces
  --> /mnt/data/worktrees/spectriage-1/src/compiler/20.hir/hir_lowering/items.spl:13:1
   |
 13 | export use compiler.hir.hir_lowering._Items.module_declarations_bootstrap.*
   | ^

Use explicit exports instead

Example: export use module.{A, B, C} or export A, B from module

[33mwarning[0m: Avoid 'export use *' - exposes unnecessary interfaces
  --> /mnt/data/worktrees/spectriage-1/src/compiler/20.hir/hir_lowering/items.spl:14:1
   |
 14 | export use compiler.hir.hir_lowering._Items.declaration_lowering.*
   | ^

Use explicit exports instead

Example: export use module.{A, B, C} or export A, B from module

[33mwarning[0m: Avoid 'export use *' - exposes unnecessary interfaces
  --> /mnt/data/worktrees/spectriage-1/src/compiler/20.hir/hir_lowering/items.spl:15:1
   |
 15 | export use compiler.hir.hir_lowering._Items.class_declaration_lowering.*
   | ^

Use explicit exports instead

Example: export use module.{A, B, C} or export A, B from module

[33mwarning[0m: Avoid 'export use *' - exposes unnecessary interfaces
  --> /mnt/data/worktrees/spectriage-1/src/compiler/20.hir/hir_lowering/items.spl:16:1
   |
 16 | export use compiler.hir.hir_lowering._Items.verification_contract_lowering.*
   | ^

Use explicit exports instead

Example: export use module.{A, B, C} or export A, B from module

[33mwarning[0m: Avoid 'export use *' - exposes unnecessary interfaces
  --> /mnt/data/worktrees/spectriage-1/src/compiler/20.hir/hir_lowering/items.spl:17:1
   |
 17 | export use compiler.hir.hir_lowering._Items.trait_impl_lowering.*
   | ^

Use explicit exports instead

Example: export use module.{A, B, C} or export A, B from module

[33mwarning[0m: Avoid 'export use *' - exposes unnecessary interfaces
  --> /mnt/data/worktrees/spectriage-1/src/compiler/20.hir/hir_lowering/items.spl:24:1
   |
 24 | export use compiler.hir.hir_lowering.statements.*
   | ^

Use explicit exports instead

Example: export use module.{A, B, C} or export A, B from module

[33mwarning[0m: Avoid 'export use *' - exposes unnecessary interfaces
  --> /mnt/data/worktrees/spectriage-1/src/compiler/10.frontend/flat_ast_bridge.spl:8:1
   |
  8 | export use compiler.frontend._FlatAstBridge.convert_nodes.*
   | ^

Use explicit exports instead

Example: export use module.{A, B, C} or export A, B from module

[33mwarning[0m: Avoid 'export use *' - exposes unnecessary interfaces
  --> /mnt/data/worktrees/spectriage-1/src/compiler/10.frontend/flat_ast_bridge.spl:9:1
   |
  9 | export use compiler.frontend._FlatAstBridge.module_assembly.*
   | ^

Use explicit exports instead

Example: export use module.{A, B, C} or export A, B from module

[33mwarning[0m: Avoid 'export use *' - exposes unnecessary interfaces
  --> /mnt/data/worktrees/spectriage-1/src/compiler/10.frontend/core/ast.spl:18:1
   |
 18 | export use compiler.frontend.core._Ast.decl_nodes.*
   | ^

Use explicit exports instead

Example: export use module.{A, B, C} or export A, B from module

[33mwarning[0m: Avoid 'export use *' - exposes unnecessary interfaces
  --> /mnt/data/worktrees/spectriage-1/src/compiler/10.frontend/core/ast.spl:19:1
   |
 19 | export use compiler.frontend.core._Ast.module_state.*
   | ^

Use explicit exports instead

Example: export use module.{A, B, C} or export A, B from module

[33mwarning[0m: Avoid 'export use *' - exposes unnecessary interfaces
  --> /mnt/data/worktrees/spectriage-1/src/compiler/10.frontend/core/ast_expr.spl:9:1
   |
  9 | export use compiler.frontend.core._AstExpr.nodes.*
   | ^

Use explicit exports instead

Example: export use module.{A, B, C} or export A, B from module

[33mwarning[0m: Avoid 'export use *' - exposes unnecessary interfaces
  --> /mnt/data/worktrees/spectriage-1/src/compiler/10.frontend/core/ast_expr.spl:10:1
   |
 10 | export use compiler.frontend.core._AstExpr.accessors.*
   | ^

Use explicit exports instead

Example: export use module.{A, B, C} or export A, B from module

[33mwarning[0m: Avoid 'export use *' - exposes unnecessary interfaces
  --> /mnt/data/worktrees/spectriage-1/src/compiler/10.frontend/core/parser_primary.spl:8:1
   |
  8 | export use compiler.frontend.core._ParserPrimary.asm_raw_parsing.*
   | ^

Use explicit exports instead

Example: export use module.{A, B, C} or export A, B from module

[33mwarning[0m: Avoid 'export use *' - exposes unnecessary interfaces
  --> /mnt/data/worktrees/spectriage-1/src/compiler/10.frontend/core/parser_primary.spl:9:1
   |
  9 | export use compiler.frontend.core._ParserPrimary.primary_expr.*
   | ^

Use explicit exports instead

Example: export use module.{A, B, C} or export A, B from module

[33mwarning[0m: Avoid 'export use *' - exposes unnecessary interfaces
  --> /mnt/data/worktrees/spectriage-1/src/compiler/10.frontend/core/parser_decls.spl:7:1
   |
  7 | export use compiler.frontend.core._ParserDecls.fn_struct_decls.*
   | ^

Use explicit exports instead

Example: export use module.{A, B, C} or export A, B from module

[33mwarning[0m: Avoid 'export use *' - exposes unnecessary interfaces
  --> /mnt/data/worktrees/spectriage-1/src/compiler/10.frontend/core/parser_decls.spl:8:1
   |
  8 | export use compiler.frontend.core._ParserDecls.enum_module_body.*
   | ^

Use explicit exports instead

Example: export use module.{A, B, C} or export A, B from module

[33mwarning[0m: Avoid 'export use *' - exposes unnecessary interfaces
  --> /mnt/data/worktrees/spectriage-1/src/compiler/10.frontend/core/parser_decls.spl:9:1
   |
  9 | export use compiler.frontend.core._ParserDecls.bitfield_aop_arch_decls.*
   | ^

Use explicit exports instead

Example: export use module.{A, B, C} or export A, B from module

[33mwarning[0m: Avoid 'export use *' - exposes unnecessary interfaces
  --> /mnt/data/worktrees/spectriage-1/src/compiler/10.frontend/core/parser_decls.spl:10:1
   |
 10 | export use compiler.frontend.core._ParserDecls.extend_decls.*
   | ^

Use explicit exports instead

Example: export use module.{A, B, C} or export A, B from module

[33mwarning[0m: Avoid 'export use *' - exposes unnecessary interfaces
  --> /mnt/data/worktrees/spectriage-1/src/compiler/20.hir/hir_lowering/expressions.spl:6:1
   |
  6 | export use compiler.hir.hir_lowering._Expressions.expression_support.*
   | ^

Use explicit exports instead

Example: export use module.{A, B, C} or export A, B from module

[33mwarning[0m: Avoid 'export use *' - exposes unnecessary interfaces
  --> /mnt/data/worktrees/spectriage-1/src/compiler/20.hir/hir_lowering/expressions.spl:7:1
   |
  7 | export use compiler.hir.hir_lowering._Expressions.expression_core.*
   | ^

Use explicit exports instead

Example: export use module.{A, B, C} or export A, B from module

[33mwarning[0m: Avoid 'export use *' - exposes unnecessary interfaces
  --> /mnt/data/worktrees/spectriage-1/src/compiler/20.hir/hir_lowering/expressions.spl:8:1
   |
  8 | export use compiler.hir.hir_lowering._Expressions.expression_components.*
   | ^

Use explicit exports instead

Example: export use module.{A, B, C} or export A, B from module

[33mwarning[0m: Avoid 'export use *' - exposes unnecessary interfaces
  --> /mnt/data/worktrees/spectriage-1/src/compiler/20.hir/hir_lowering/expressions.spl:9:1
   |
  9 | export use compiler.hir.hir_lowering._Expressions.match_desugaring.*
   | ^

Use explicit exports instead

Example: export use module.{A, B, C} or export A, B from module

[33mwarning[0m: Avoid 'export use *' - exposes unnecessary interfaces
  --> /mnt/data/worktrees/spectriage-1/src/compiler/20.hir/hir_lowering/expressions.spl:10:1
   |
 10 | export use compiler.hir.hir_lowering._Expressions.block_and_asm_lowering.*
   | ^

Use explicit exports instead

Example: export use module.{A, B, C} or export A, B from module

[33mwarning[0m: Common mistake detected: Use <> instead of [] for generics
  --> /mnt/data/worktrees/spectriage-1/src/compiler/20.hir/hir_lowering/_Items/module_build.spl:71:36
   |
 71 |                 recovered_constants[SymbolId(id: const_idx)] = hir_const
   |                                    ^

Use <> instead of [] for generics

Use angle brackets <> for generic types (not square brackets).

Old:     List[T]
New:     List<T>  # industry standard

[33mwarning[0m: Common mistake detected: Use <> instead of [] for generics
  --> /mnt/data/worktrees/spectriage-1/src/compiler/20.hir/hir_lowering/_Items/module_build.spl:79:36
   |
 79 |                 recovered_constants[SymbolId(id: const_idx)] = hir_const
   |                                    ^

Use <> instead of [] for generics

Use angle brackets <> for generic types (not square brackets).

Old:     List[T]
New:     List<T>  # industry standard

[33mwarning[0m: Common mistake detected: Use <> instead of [] for generics
  --> /mnt/data/worktrees/spectriage-1/src/compiler/20.hir/hir_lowering/_Items/module_build.spl:508:30
   |
508 |                     functions[SymbolId(id: bootstrap_impl_fn_key)] = self.lowered_impl_functions[bootstrap_impl_sym]
   |                              ^

Use <> instead of [] for generics

Use angle brackets <> for generic types (not square brackets).

Old:     List[T]
New:     List<T>  # industry standard

[33mwarning[0m: Common mistake detected: Use <> instead of [] for generics
  --> /mnt/data/worktrees/spectriage-1/src/compiler/20.hir/hir_lowering/_Items/module_build.spl:628:22
   |
628 |             constants[SymbolId(id: lower_idx)] = hir_const
   |                      ^

Use <> instead of [] for generics

Use angle brackets <> for generic types (not square brackets).

Old:     List[T]
New:     List<T>  # industry standard

[33mwarning[0m: Avoid 'export use *' - exposes unnecessary interfaces
  --> /mnt/data/worktrees/spectriage-1/src/compiler/15.blocks/blocks/modes.spl:6:1
   |
  6 | export use compiler.frontend.block_types.*
   | ^

Use explicit exports instead

Example: export use module.{A, B, C} or export A, B from module

[33mwarning[0m: Avoid 'export use *' - exposes unnecessary interfaces
  --> /mnt/data/worktrees/spectriage-1/src/compiler/70.backend/backend_types.spl:387:1
   |
387 | export use compiler.backend.backend.backend_types.*
   | ^

Use explicit exports instead

Example: export use module.{A, B, C} or export A, B from module

[33mwarning[0m: Avoid 'export use *' - exposes unnecessary interfaces
  --> /mnt/data/worktrees/spectriage-1/src/lib/platform.spl:3:1
   |
  3 | export use nogc_sync_mut.platform.*
   | ^

Use explicit exports instead

Example: export use module.{A, B, C} or export A, B from module

[33mwarning[0m: Avoid 'export use *' - exposes unnecessary interfaces
  --> /mnt/data/worktrees/spectriage-1/src/compiler/70.backend/backend/mir_to_llvm.spl:7:1
   |
  7 | export use compiler.backend.backend._MirToLlvm.class_def.*
   | ^

Use explicit exports instead

Example: export use module.{A, B, C} or export A, B from module

[33mwarning[0m: Avoid 'export use *' - exposes unnecessary interfaces
  --> /mnt/data/worktrees/spectriage-1/src/compiler/70.backend/backend/mir_to_llvm.spl:8:1
   |
  8 | export use compiler.backend.backend._MirToLlvm.core_codegen.*
   | ^

Use explicit exports instead

Example: export use module.{A, B, C} or export A, B from module

[33mwarning[0m: Avoid 'export use *' - exposes unnecessary interfaces
  --> /mnt/data/worktrees/spectriage-1/src/compiler/70.backend/backend/mir_to_llvm.spl:9:1
   |
  9 | export use compiler.backend.backend._MirToLlvm.aggregate_intrinsics.*
   | ^

Use explicit exports instead

Example: export use module.{A, B, C} or export A, B from module

[33mwarning[0m: Avoid 'export use *' - exposes unnecessary interfaces
  --> /mnt/data/worktrees/spectriage-1/src/compiler/70.backend/backend/mir_to_llvm.spl:10:1
   |
 10 | export use compiler.backend.backend._MirToLlvm.asm_constraints_helpers.*
   | ^

Use explicit exports instead

Example: export use module.{A, B, C} or export A, B from module

[33mwarning[0m: Avoid 'export use *' - exposes unnecessary interfaces
  --> /mnt/data/worktrees/spectriage-1/src/compiler/50.mir/mir_lowering.spl:18:1
   |
 18 | export use compiler.mir._MirLowering.bootstrap_globals.*
   | ^

Use explicit exports instead

Example: export use module.{A, B, C} or export A, B from module

[33mwarning[0m: Avoid 'export use *' - exposes unnecessary interfaces
  --> /mnt/data/worktrees/spectriage-1/src/compiler/50.mir/mir_lowering.spl:19:1
   |
 19 | export use compiler.mir._MirLowering.module_lowering.*
   | ^

Use explicit exports instead

Example: export use module.{A, B, C} or export A, B from module

[33mwarning[0m: Avoid 'export use *' - exposes unnecessary interfaces
  --> /mnt/data/worktrees/spectriage-1/src/compiler/50.mir/mir_lowering.spl:20:1
   |
 20 | export use compiler.mir._MirLowering.function_lowering.*
   | ^

Use explicit exports instead

Example: export use module.{A, B, C} or export A, B from module

[33mwarning[0m: Avoid 'export use *' - exposes unnecessary interfaces
  --> /mnt/data/worktrees/spectriage-1/src/compiler/50.mir/mir_lowering.spl:21:1
   |
 21 | export use compiler.mir._MirLowering.asm_and_targets.*
   | ^

Use explicit exports instead

Example: export use module.{A, B, C} or export A, B from module

[33mwarning[0m: Avoid 'export use *' - exposes unnecessary interfaces
  --> /mnt/data/worktrees/spectriage-1/src/compiler/70.backend/backend/c_backend_translate.spl:16:1
   |
 16 | export use compiler.backend.backend._CBackendTranslate.class_core.*
   | ^

Use explicit exports instead

Example: export use module.{A, B, C} or export A, B from module

[33mwarning[0m: Avoid 'export use *' - exposes unnecessary interfaces
  --> /mnt/data/worktrees/spectriage-1/src/compiler/70.backend/backend/c_backend_translate.spl:17:1
   |
 17 | export use compiler.backend.backend._CBackendTranslate.instruction_lowering.*
   | ^

Use explicit exports instead

Example: export use module.{A, B, C} or export A, B from module

[33mwarning[0m: Avoid 'export use *' - exposes unnecessary interfaces
  --> /mnt/data/worktrees/spectriage-1/src/compiler/70.backend/backend/c_backend_translate.spl:18:1
   |
 18 | export use compiler.backend.backend._CBackendTranslate.export_wrappers.*
   | ^

Use explicit exports instead

Example: export use module.{A, B, C} or export A, B from module

[33mwarning[0m: Avoid 'export use *' - exposes unnecessary interfaces
  --> /mnt/data/worktrees/spectriage-1/src/compiler/70.backend/backend/native/elf_writer.spl:14:1
   |
 14 | export use compiler.backend.native.elf_writer_serialize.*
   | ^

Use explicit exports instead

Example: export use module.{A, B, C} or export A, B from module

[33mwarning[0m: Common mistake detected: Use <> instead of [] for generics
  --> /mnt/data/worktrees/spectriage-1/src/compiler/70.backend/backend/cranelift_codegen_adapter.spl:309:20
   |
309 |             handles[STATICS_FAILED_KEY] = 1
   |                    ^

Use <> instead of [] for generics

Use angle brackets <> for generic types (not square brackets).

Old:     List[T]
New:     List<T>  # industry standard

[33mwarning[0m: Common mistake detected: Use <> instead of [] for generics
  --> /mnt/data/worktrees/spectriage-1/src/compiler/70.backend/backend/cranelift_codegen_adapter.spl:319:20
   |
319 |             handles[STATICS_FAILED_KEY] = 1
   |                    ^

Use <> instead of [] for generics

Use angle brackets <> for generic types (not square brackets).

Old:     List[T]
New:     List<T>  # industry standard

[33mwarning[0m: Avoid 'export use *' - exposes unnecessary interfaces
  --> /mnt/data/worktrees/spectriage-1/src/compiler/70.backend/backend/vhdl_process.spl:4:1
   |
  4 | export use compiler.backend.backend._VhdlProcess.process_codegen.*
   | ^

Use explicit exports instead

Example: export use module.{A, B, C} or export A, B from module

[33mwarning[0m: Avoid 'export use *' - exposes unnecessary interfaces
  --> /mnt/data/worktrees/spectriage-1/src/compiler/70.backend/backend/vhdl_process.spl:5:1
   |
  5 | export use compiler.backend.backend._VhdlProcess.terminator_codegen.*
   | ^

Use explicit exports instead

Example: export use module.{A, B, C} or export A, B from module

[33mwarning[0m: Avoid 'export use *' - exposes unnecessary interfaces
  --> /mnt/data/worktrees/spectriage-1/src/compiler/70.backend/linker/linker_wrapper.spl:22:1
   |
 22 | export use compiler.backend.linker._LinkerWrapper.native_all_support.*
   | ^

Use explicit exports instead

Example: export use module.{A, B, C} or export A, B from module

[33mwarning[0m: Avoid 'export use *' - exposes unnecessary interfaces
  --> /mnt/data/worktrees/spectriage-1/src/compiler/70.backend/linker/linker_wrapper.spl:23:1
   |
 23 | export use compiler.backend.linker._LinkerWrapper.archive_retention.*
   | ^

Use explicit exports instead

Example: export use module.{A, B, C} or export A, B from module

[33mwarning[0m: Avoid 'export use *' - exposes unnecessary interfaces
  --> /mnt/data/worktrees/spectriage-1/src/compiler/70.backend/linker/linker_wrapper.spl:24:1
   |
 24 | export use compiler.backend.linker._LinkerWrapper.native_linking.*
   | ^

Use explicit exports instead

Example: export use module.{A, B, C} or export A, B from module

[33mwarning[0m: Avoid 'export use *' - exposes unnecessary interfaces
  --> /mnt/data/worktrees/spectriage-1/src/compiler/70.backend/linker/linker_wrapper.spl:25:1
   |
 25 | export use compiler.backend.linker._LinkerWrapper.shared_linking.*
   | ^

Use explicit exports instead

Example: export use module.{A, B, C} or export A, B from module

[33mwarning[0m: Avoid 'export use *' - exposes unnecessary interfaces
  --> /mnt/data/worktrees/spectriage-1/src/compiler/70.backend/linker/smf_reader_memory.spl:12:1
   |
 12 | export use compiler.backend.linker._SmfReaderMemory.header_parser.*
   | ^

Use explicit exports instead

Example: export use module.{A, B, C} or export A, B from module

[33mwarning[0m: Avoid 'export use *' - exposes unnecessary interfaces
  --> /mnt/data/worktrees/spectriage-1/src/compiler/70.backend/linker/smf_reader_memory.spl:13:1
   |
 13 | export use compiler.backend.linker._SmfReaderMemory.symbol_parser.*
   | ^

Use explicit exports instead

Example: export use module.{A, B, C} or export A, B from module

[33mwarning[0m: Avoid 'export use *' - exposes unnecessary interfaces
  --> /mnt/data/worktrees/spectriage-1/src/app/io/file_ops.spl:3:1
   |
  3 | export use std.nogc_sync_mut.io.file_ops.*
   | ^

Use explicit exports instead

Example: export use module.{A, B, C} or export A, B from module

[33mwarning[0m: Avoid 'export use *' - exposes unnecessary interfaces
  --> /mnt/data/worktrees/spectriage-1/src/lib/nogc_async_mut/binary_io.spl:8:1
   |
  8 | export use std.common.binary_io.*
   | ^

Use explicit exports instead

Example: export use module.{A, B, C} or export A, B from module

[33mwarning[0m: Avoid 'export use *' - exposes unnecessary interfaces
  --> /mnt/data/worktrees/spectriage-1/src/lib/text.spl:4:1
   |
  4 | export use lib.common.text.*
   | ^

Use explicit exports instead

Example: export use module.{A, B, C} or export A, B from module

[33mwarning[0m: Avoid 'export use *' - exposes unnecessary interfaces
  --> /mnt/data/worktrees/spectriage-1/src/compiler/35.semantics/lint/simd_opportunity_lint.spl:39:1
   |
 39 | export use compiler.semantics.lint._SimdOpportunityLint.loop_analysis.*
   | ^

Use explicit exports instead

Example: export use module.{A, B, C} or export A, B from module

[33mwarning[0m: Avoid 'export use *' - exposes unnecessary interfaces
  --> /mnt/data/worktrees/spectriage-1/src/compiler/35.semantics/lint/simd_opportunity_lint.spl:40:1
   |
 40 | export use compiler.semantics.lint._SimdOpportunityLint.arithmetic_checks.*
   | ^

Use explicit exports instead

Example: export use module.{A, B, C} or export A, B from module

[33mwarning[0m: Avoid 'export use *' - exposes unnecessary interfaces
  --> /mnt/data/worktrees/spectriage-1/src/compiler/35.semantics/lint/simd_opportunity_lint.spl:41:1
   |
 41 | export use compiler.semantics.lint._SimdOpportunityLint.byte_checks.*
   | ^

Use explicit exports instead

Example: export use module.{A, B, C} or export A, B from module

[33mwarning[0m: Avoid 'export use *' - exposes unnecessary interfaces
  --> /mnt/data/worktrees/spectriage-1/src/compiler/35.semantics/lint/simd_opportunity_lint.spl:42:1
   |
 42 | export use compiler.semantics.lint._SimdOpportunityLint.dispatch.*
   | ^

Use explicit exports instead

Example: export use module.{A, B, C} or export A, B from module

[33mwarning[0m: Avoid 'export use *' - exposes unnecessary interfaces
  --> /mnt/data/worktrees/spectriage-1/src/compiler/90.tools/lint/main.spl:8:1
   |
  8 | export use compiler.tools.lint._LintMain.config_and_model.*
   | ^

Use explicit exports instead

Example: export use module.{A, B, C} or export A, B from module

[33mwarning[0m: Avoid 'export use *' - exposes unnecessary interfaces
  --> /mnt/data/worktrees/spectriage-1/src/compiler/90.tools/lint/main.spl:9:1
   |
  9 | export use compiler.tools.lint._LintMain.lint_checks.*
   | ^

Use explicit exports instead

Example: export use module.{A, B, C} or export A, B from module

[33mwarning[0m: Avoid 'export use *' - exposes unnecessary interfaces
  --> /mnt/data/worktrees/spectriage-1/src/compiler/90.tools/lint/main.spl:10:1
   |
 10 | export use compiler.tools.lint._LintMain.traceability_and_assertions.*
   | ^

Use explicit exports instead

Example: export use module.{A, B, C} or export A, B from module

[33mwarning[0m: Avoid 'export use *' - exposes unnecessary interfaces
  --> /mnt/data/worktrees/spectriage-1/src/compiler/90.tools/lint/main.spl:30:1
   |
 30 | export use compiler.tools.lint._LintMain.name_lints.*
   | ^

Use explicit exports instead

Example: export use module.{A, B, C} or export A, B from module

[33mwarning[0m: Avoid 'export use *' - exposes unnecessary interfaces
  --> /mnt/data/worktrees/spectriage-1/src/compiler/90.tools/lint/main.spl:31:1
   |
 31 | export use compiler.tools.lint._LintMain.os_freestanding_lints.*
   | ^

Use explicit exports instead

Example: export use module.{A, B, C} or export A, B from module

[33mwarning[0m: Avoid 'export use *' - exposes unnecessary interfaces
  --> /mnt/data/worktrees/spectriage-1/src/compiler/90.tools/lint/main.spl:32:1
   |
 32 | export use compiler.tools.lint._LintMain.wm_lane_boundary_lints.*
   | ^

Use explicit exports instead

Example: export use module.{A, B, C} or export A, B from module

[33mwarning[0m: '#[runtime_intrinsics]' uses deprecated syntax, use '@runtime_intrinsics' instead
  --> /mnt/data/worktrees/spectriage-1/src/app/io/process_env_ops.spl:1:1
   |
  1 | #[runtime_intrinsics]
   | ^

Replace '#[runtime_intrinsics]' with '@runtime_intrinsics'

[33mwarning[0m: Avoid 'export use *' - exposes unnecessary interfaces
  --> /mnt/data/worktrees/spectriage-1/src/app/io/cli_compile.spl:8:1
   |
  8 | export use app.io._CliCompile.compile_opt_and_driver.*
   | ^

Use explicit exports instead

Example: export use module.{A, B, C} or export A, B from module

[33mwarning[0m: Avoid 'export use *' - exposes unnecessary interfaces
  --> /mnt/data/worktrees/spectriage-1/src/app/io/cli_compile.spl:9:1
   |
  9 | export use app.io._CliCompile.compile_targets.*
   | ^

Use explicit exports instead

Example: export use module.{A, B, C} or export A, B from module

[33mwarning[0m: Avoid 'export use *' - exposes unnecessary interfaces
  --> /mnt/data/worktrees/spectriage-1/src/app/io/dir_ops.spl:3:1
   |
  3 | export use std.nogc_sync_mut.io.dir_ops.*
   | ^

Use explicit exports instead

Example: export use module.{A, B, C} or export A, B from module

[33mwarning[0m: Avoid 'export use *' - exposes unnecessary interfaces
  --> /mnt/data/worktrees/spectriage-1/src/lib/gc_async_mut/io/cuda_sffi.spl:7:1
   |
  7 | export use std.nogc_async_mut.io.cuda_sffi.*
   | ^

Use explicit exports instead

Example: export use module.{A, B, C} or export A, B from module

[33mwarning[0m: Avoid 'export use *' - exposes unnecessary interfaces
  --> /mnt/data/worktrees/spectriage-1/src/lib/gc_async_mut/io/vulkan_sffi.spl:3:1
   |
  3 | export use std.nogc_async_mut.io.vulkan_sffi.*
   | ^

Use explicit exports instead

Example: export use module.{A, B, C} or export A, B from module

[33mwarning[0m: Avoid 'export use *' - exposes unnecessary interfaces
  --> /mnt/data/worktrees/spectriage-1/src/lib/nogc_async_mut/path.spl:7:1
   |
  7 | export use std.nogc_sync_mut.path.*
   | ^

Use explicit exports instead

Example: export use module.{A, B, C} or export A, B from module

[33mwarning[0m: Avoid 'export use *' - exposes unnecessary interfaces
  --> /mnt/data/worktrees/spectriage-1/src/lib/gc_async_mut/gpu/engine2d/sffi_vulkan.spl:3:1
   |
  3 | export use std.nogc_async_mut.gpu.engine2d.sffi_vulkan.*
   | ^

Use explicit exports instead

Example: export use module.{A, B, C} or export A, B from module

[33mwarning[0m: Common mistake detected: Use <> instead of [] for generics
  --> /mnt/data/worktrees/spectriage-1/src/lib/gc_async_mut/gpu_lane/cuda_vm_executor.spl:120:10
   |
120 |     arena[LOG_CAP_OFFSET + 0] = (DEFAULT_LOG_CAP & 0xFF) as u8
   |          ^

Use <> instead of [] for generics

Use angle brackets <> for generic types (not square brackets).

Old:     List[T]
New:     List<T>  # industry standard

[33mwarning[0m: Common mistake detected: Use <> instead of [] for generics
  --> /mnt/data/worktrees/spectriage-1/src/lib/gc_async_mut/gpu_lane/cuda_vm_executor.spl:121:10
   |
121 |     arena[LOG_CAP_OFFSET + 1] = ((DEFAULT_LOG_CAP >> 8) & 0xFF) as u8
   |          ^

Use <> instead of [] for generics

Use angle brackets <> for generic types (not square brackets).

Old:     List[T]
New:     List<T>  # industry standard

[33mwarning[0m: Common mistake detected: Use <> instead of [] for generics
  --> /mnt/data/worktrees/spectriage-1/src/lib/gc_async_mut/gpu_lane/cuda_vm_executor.spl:122:10
   |
122 |     arena[LOG_CAP_OFFSET + 2] = ((DEFAULT_LOG_CAP >> 16) & 0xFF) as u8
   |          ^

Use <> instead of [] for generics

Use angle brackets <> for generic types (not square brackets).

Old:     List[T]
New:     List<T>  # industry standard

[33mwarning[0m: Common mistake detected: Use <> instead of [] for generics
  --> /mnt/data/worktrees/spectriage-1/src/lib/gc_async_mut/gpu_lane/cuda_vm_executor.spl:123:10
   |
123 |     arena[LOG_CAP_OFFSET + 3] = ((DEFAULT_LOG_CAP >> 24) & 0xFF) as u8
   |          ^

Use <> instead of [] for generics

Use angle brackets <> for generic types (not square brackets).

Old:     List[T]
New:     List<T>  # industry standard

[33mwarning[0m: Common mistake detected: Use <> instead of [] for generics
  --> /mnt/data/worktrees/spectriage-1/src/lib/gc_async_mut/gpu_lane/cuda_vm_executor.spl:166:25
   |
166 |         val code = arena[LOG_DATA_OFFSET + i] as i64
   |                         ^

Use <> instead of [] for generics

Use angle brackets <> for generic types (not square brackets).

Old:     List[T]
New:     List<T>  # industry standard

[33mwarning[0m: Common mistake detected: Use <> instead of [] for generics
  --> /mnt/data/worktrees/spectriage-1/src/lib/gc_async_mut/gpu_lane/vulkan_vm_executor.spl:117:10
   |
117 |     arena[LOG_CAP_OFFSET + 0] = (DEFAULT_LOG_CAP & 0xFF) as u8
   |          ^

Use <> instead of [] for generics

Use angle brackets <> for generic types (not square brackets).

Old:     List[T]
New:     List<T>  # industry standard

[33mwarning[0m: Common mistake detected: Use <> instead of [] for generics
  --> /mnt/data/worktrees/spectriage-1/src/lib/gc_async_mut/gpu_lane/vulkan_vm_executor.spl:118:10
   |
118 |     arena[LOG_CAP_OFFSET + 1] = ((DEFAULT_LOG_CAP >> 8) & 0xFF) as u8
   |          ^

Use <> instead of [] for generics

Use angle brackets <> for generic types (not square brackets).

Old:     List[T]
New:     List<T>  # industry standard

[33mwarning[0m: Common mistake detected: Use <> instead of [] for generics
  --> /mnt/data/worktrees/spectriage-1/src/lib/gc_async_mut/gpu_lane/vulkan_vm_executor.spl:119:10
   |
119 |     arena[LOG_CAP_OFFSET + 2] = ((DEFAULT_LOG_CAP >> 16) & 0xFF) as u8
   |          ^

Use <> instead of [] for generics

Use angle brackets <> for generic types (not square brackets).

Old:     List[T]
New:     List<T>  # industry standard

[33mwarning[0m: Common mistake detected: Use <> instead of [] for generics
  --> /mnt/data/worktrees/spectriage-1/src/lib/gc_async_mut/gpu_lane/vulkan_vm_executor.spl:120:10
   |
120 |     arena[LOG_CAP_OFFSET + 3] = ((DEFAULT_LOG_CAP >> 24) & 0xFF) as u8
   |          ^

Use <> instead of [] for generics

Use angle brackets <> for generic types (not square brackets).

Old:     List[T]
New:     List<T>  # industry standard

[33mwarning[0m: Common mistake detected: Use <> instead of [] for generics
  --> /mnt/data/worktrees/spectriage-1/src/lib/gc_async_mut/gpu_lane/vulkan_vm_executor.spl:171:25
   |
171 |         val code = arena[LOG_DATA_OFFSET + i] as i64
   |                         ^

Use <> instead of [] for generics

Use angle brackets <> for generic types (not square brackets).

Old:     List[T]
New:     List<T>  # industry standard

[33mwarning[0m: Avoid 'export use *' - exposes unnecessary interfaces
  --> /mnt/data/worktrees/spectriage-1/src/lib/nogc_async_mut/test_runner/test_runner_output.spl:1:1
   |
  1 | export use std.nogc_sync_mut.test_runner.test_runner_output.*
   | ^

Use explicit exports instead

Example: export use module.{A, B, C} or export A, B from module

[33mwarning[0m: Avoid 'export use *' - exposes unnecessary interfaces
  --> /mnt/data/worktrees/spectriage-1/src/lib/nogc_async_mut/test_runner/test_runner_config.spl:1:1
   |
  1 | export use std.nogc_sync_mut.test_runner.test_runner_config.*
   | ^

Use explicit exports instead

Example: export use module.{A, B, C} or export A, B from module

[33mwarning[0m: Avoid 'export use *' - exposes unnecessary interfaces
  --> /mnt/data/worktrees/spectriage-1/src/lib/nogc_async_mut/test_runner/test_db_compat.spl:1:1
   |
  1 | export use std.nogc_sync_mut.test_runner.test_db_compat.*
   | ^

Use explicit exports instead

Example: export use module.{A, B, C} or export A, B from module

[33mwarning[0m: Avoid 'export use *' - exposes unnecessary interfaces
  --> /mnt/data/worktrees/spectriage-1/src/lib/nogc_async_mut/test_runner/test_db_types.spl:1:1
   |
  1 | export use std.nogc_sync_mut.test_runner.test_db_types.*
   | ^

Use explicit exports instead

Example: export use module.{A, B, C} or export A, B from module

[33mwarning[0m: Avoid 'export use *' - exposes unnecessary interfaces
  --> /mnt/data/worktrees/spectriage-1/src/lib/nogc_async_mut/test_runner/test_db_core.spl:1:1
   |
  1 | export use std.nogc_sync_mut.test_runner.test_db_core.*
   | ^

Use explicit exports instead

Example: export use module.{A, B, C} or export A, B from module

[33mwarning[0m: Avoid 'export use *' - exposes unnecessary interfaces
  --> /mnt/data/worktrees/spectriage-1/src/lib/nogc_async_mut/test_runner/string_interner.spl:1:1
   |
  1 | export use std.nogc_sync_mut.test_runner.string_interner.*
   | ^

Use explicit exports instead

Example: export use module.{A, B, C} or export A, B from module

[33mwarning[0m: Avoid 'export use *' - exposes unnecessary interfaces
  --> /mnt/data/worktrees/spectriage-1/src/lib/nogc_async_mut/test_runner/test_db_io.spl:1:1
   |
  1 | export use std.nogc_sync_mut.test_runner.test_db_io.*
   | ^

Use explicit exports instead

Example: export use module.{A, B, C} or export A, B from module

[33mwarning[0m: Avoid 'export use *' - exposes unnecessary interfaces
  --> /mnt/data/worktrees/spectriage-1/src/lib/nogc_async_mut/test_runner/test_db_lock.spl:1:1
   |
  1 | export use std.nogc_sync_mut.test_runner.test_db_lock.*
   | ^

Use explicit exports instead

Example: export use module.{A, B, C} or export A, B from module

[33mwarning[0m: Avoid 'export use *' - exposes unnecessary interfaces
  --> /mnt/data/worktrees/spectriage-1/src/lib/nogc_async_mut/test_runner/test_db_parser.spl:1:1
   |
  1 | export use std.nogc_sync_mut.test_runner.test_db_parser.*
   | ^

Use explicit exports instead

Example: export use module.{A, B, C} or export A, B from module

[33mwarning[0m: Avoid 'export use *' - exposes unnecessary interfaces
  --> /mnt/data/worktrees/spectriage-1/src/lib/nogc_async_mut/test_runner/test_db_serializer.spl:1:1
   |
  1 | export use std.nogc_sync_mut.test_runner.test_db_serializer.*
   | ^

Use explicit exports instead

Example: export use module.{A, B, C} or export A, B from module

[33mwarning[0m: Avoid 'export use *' - exposes unnecessary interfaces
  --> /mnt/data/worktrees/spectriage-1/src/lib/nogc_async_mut/test_runner/test_runner_helpers.spl:1:1
   |
  1 | export use std.nogc_sync_mut.test_runner.test_runner_helpers.*
   | ^

Use explicit exports instead

Example: export use module.{A, B, C} or export A, B from module

[33mwarning[0m: Avoid 'export use *' - exposes unnecessary interfaces
  --> /mnt/data/worktrees/spectriage-1/src/lib/nogc_async_mut/test_runner/doc_generator.spl:1:1
   |
  1 | export use std.nogc_sync_mut.test_runner.doc_generator.*
   | ^

Use explicit exports instead

Example: export use module.{A, B, C} or export A, B from module

[33mwarning[0m: Avoid 'export use *' - exposes unnecessary interfaces
  --> /mnt/data/worktrees/spectriage-1/src/lib/nogc_async_mut/test_runner/test_runner_modes.spl:1:1
   |
  1 | export use std.nogc_sync_mut.test_runner.test_runner_modes.*
   | ^

Use explicit exports instead

Example: export use module.{A, B, C} or export A, B from module

[33mwarning[0m: Avoid 'export use *' - exposes unnecessary interfaces
  --> /mnt/data/worktrees/spectriage-1/src/lib/nogc_async_mut/test_runner/checkpoint.spl:1:1
   |
  1 | export use std.nogc_sync_mut.test_runner.checkpoint.*
   | ^

Use explicit exports instead

Example: export use module.{A, B, C} or export A, B from module

[33mwarning[0m: Avoid 'export use *' - exposes unnecessary interfaces
  --> /mnt/data/worktrees/spectriage-1/src/lib/nogc_async_mut/test_runner/shutdown.spl:1:1
   |
  1 | export use std.nogc_sync_mut.test_runner.shutdown.*
   | ^

Use explicit exports instead

Example: export use module.{A, B, C} or export A, B from module

[33mwarning[0m: Avoid 'export use *' - exposes unnecessary interfaces
  --> /mnt/data/worktrees/spectriage-1/src/lib/nogc_async_mut/test_runner/qemu_test_runner.spl:1:1
   |
  1 | export use std.nogc_sync_mut.test_runner.qemu_test_runner.*
   | ^

Use explicit exports instead

Example: export use module.{A, B, C} or export A, B from module

[33mwarning[0m: Consider explicit exports to avoid exposing internal APIs
  --> /mnt/data/worktrees/spectriage-1/src/app/test_daemon/__init__.spl:27:1
   |
 27 | export app.test_daemon.types.*
   | ^

Use 'export {A, B, C}' or 'export {A, B} from module' for better control

Glob exports (export module.*) are acceptable for submodule re-exports in __init__.spl files

[33mwarning[0m: Consider explicit exports to avoid exposing internal APIs
  --> /mnt/data/worktrees/spectriage-1/src/app/test_daemon/__init__.spl:28:1
   |
 28 | export app.test_daemon.cache.*
   | ^

Use 'export {A, B, C}' or 'export {A, B} from module' for better control

Glob exports (export module.*) are acceptable for submodule re-exports in __init__.spl files

[33mwarning[0m: Consider explicit exports to avoid exposing internal APIs
  --> /mnt/data/worktrees/spectriage-1/src/app/test_daemon/__init__.spl:29:1
   |
 29 | export app.test_daemon.deps.*
   | ^

Use 'export {A, B, C}' or 'export {A, B} from module' for better control

Glob exports (export module.*) are acceptable for submodule re-exports in __init__.spl files

[33mwarning[0m: Consider explicit exports to avoid exposing internal APIs
  --> /mnt/data/worktrees/spectriage-1/src/app/test_daemon/__init__.spl:30:1
   |
 30 | export app.test_daemon.qemu_broker.*
   | ^

Use 'export {A, B, C}' or 'export {A, B} from module' for better control

Glob exports (export module.*) are acceptable for submodule re-exports in __init__.spl files

[33mwarning[0m: Consider explicit exports to avoid exposing internal APIs
  --> /mnt/data/worktrees/spectriage-1/src/app/test_daemon/__init__.spl:31:1
   |
 31 | export app.test_daemon.qemu_broker_snapshot.*
   | ^

Use 'export {A, B, C}' or 'export {A, B} from module' for better control

Glob exports (export module.*) are acceptable for submodule re-exports in __init__.spl files

[33mwarning[0m: Consider explicit exports to avoid exposing internal APIs
  --> /mnt/data/worktrees/spectriage-1/src/app/test_daemon/__init__.spl:32:1
   |
 32 | export app.test_daemon.resource_policy.*
   | ^

Use 'export {A, B, C}' or 'export {A, B} from module' for better control

Glob exports (export module.*) are acceptable for submodule re-exports in __init__.spl files

[33mwarning[0m: Consider explicit exports to avoid exposing internal APIs
  --> /mnt/data/worktrees/spectriage-1/src/app/test_daemon/__init__.spl:33:1
   |
 33 | export app.test_daemon.resource_snapshot.*
   | ^

Use 'export {A, B, C}' or 'export {A, B} from module' for better control

Glob exports (export module.*) are acceptable for submodule re-exports in __init__.spl files

[33mwarning[0m: Consider explicit exports to avoid exposing internal APIs
  --> /mnt/data/worktrees/spectriage-1/src/app/test_daemon/__init__.spl:34:1
   |
 34 | export app.test_daemon.daemon.*
   | ^

Use 'export {A, B, C}' or 'export {A, B} from module' for better control

Glob exports (export module.*) are acceptable for submodule re-exports in __init__.spl files

[33mwarning[0m: Consider explicit exports to avoid exposing internal APIs
  --> /mnt/data/worktrees/spectriage-1/src/app/test_daemon/__init__.spl:35:1
   |
 35 | export app.test_daemon.client.*
   | ^

Use 'export {A, B, C}' or 'export {A, B} from module' for better control

Glob exports (export module.*) are acceptable for submodule re-exports in __init__.spl files

[33mwarning[0m: Consider explicit exports to avoid exposing internal APIs
  --> /mnt/data/worktrees/spectriage-1/src/app/test_daemon/__init__.spl:36:1
   |
 36 | export app.test_daemon.agent_pool.*
   | ^

Use 'export {A, B, C}' or 'export {A, B} from module' for better control

Glob exports (export module.*) are acceptable for submodule re-exports in __init__.spl files

[33mwarning[0m: Consider explicit exports to avoid exposing internal APIs
  --> /mnt/data/worktrees/spectriage-1/src/app/test_daemon/__init__.spl:37:1
   |
 37 | export app.test_daemon.agent_client.*
   | ^

Use 'export {A, B, C}' or 'export {A, B} from module' for better control

Glob exports (export module.*) are acceptable for submodule re-exports in __init__.spl files

[33mwarning[0m: Consider explicit exports to avoid exposing internal APIs
  --> /mnt/data/worktrees/spectriage-1/src/app/test_daemon/__init__.spl:93:1
   |
 93 | export app.test_daemon.session_types.*
   | ^

Use 'export {A, B, C}' or 'export {A, B} from module' for better control

Glob exports (export module.*) are acceptable for submodule re-exports in __init__.spl files

[33mwarning[0m: Consider explicit exports to avoid exposing internal APIs
  --> /mnt/data/worktrees/spectriage-1/src/app/test_daemon/__init__.spl:94:1
   |
 94 | export app.test_daemon.session_adapter.*
   | ^

Use 'export {A, B, C}' or 'export {A, B} from module' for better control

Glob exports (export module.*) are acceptable for submodule re-exports in __init__.spl files

[33mwarning[0m: Consider explicit exports to avoid exposing internal APIs
  --> /mnt/data/worktrees/spectriage-1/src/app/test_daemon/__init__.spl:95:1
   |
 95 | export app.test_daemon.session_broker.*
   | ^

Use 'export {A, B, C}' or 'export {A, B} from module' for better control

Glob exports (export module.*) are acceptable for submodule re-exports in __init__.spl files

[33mwarning[0m: Consider explicit exports to avoid exposing internal APIs
  --> /mnt/data/worktrees/spectriage-1/src/app/test_daemon/__init__.spl:96:1
   |
 96 | export app.test_daemon.session_scheduler.*
   | ^

Use 'export {A, B, C}' or 'export {A, B} from module' for better control

Glob exports (export module.*) are acceptable for submodule re-exports in __init__.spl files

[33mwarning[0m: Avoid 'export use *' - exposes unnecessary interfaces
  --> /mnt/data/worktrees/spectriage-1/src/app/test_daemon/test_manifest.spl:6:1
   |
  6 | export use std.nogc_sync_mut.test_runner.test_manifest.*
   | ^

Use explicit exports instead

Example: export use module.{A, B, C} or export A, B from module

[33mwarning[0m: Avoid 'export use *' - exposes unnecessary interfaces
  --> /mnt/data/worktrees/spectriage-1/src/app/test_daemon/test_manifest_scanner.spl:6:1
   |
  6 | export use std.nogc_sync_mut.test_runner.test_manifest_scanner.*
   | ^

Use explicit exports instead

Example: export use module.{A, B, C} or export A, B from module

warning: public function `compile_native` has 2 co-compiled definitions with 2 differing signatures ((MirModule,CodegenTarget)->[i64] vs (text,text,bool,text,bool,text,bool,i64,bool,text)->i64); JIT call sites resolve by exact arg-type match (mangled `$dupN` variants), falling back to the last definition when types are ambiguous — a fallback hit may still dispatch to the wrong one. Rename the conflicting helper(s) to a unique name. [compiler_cross_module_private_symbol_collision]
warning: public function `cuda_memset` has 3 co-compiled definitions with 2 differing signatures ((CudaPtr,i64)->bool vs (i64,i64,i64)->i64); JIT call sites resolve by exact arg-type match (mangled `$dupN` variants), falling back to the last definition when types are ambiguous — a fallback hit may still dispatch to the wrong one. Rename the conflicting helper(s) to a unique name. [compiler_cross_module_private_symbol_collision]
warning: public function `cuda_sync` has 3 co-compiled definitions with 2 differing signatures (()->bool vs ()->i64); JIT call sites resolve by exact arg-type match (mangled `$dupN` variants), falling back to the last definition when types are ambiguous — a fallback hit may still dispatch to the wrong one. Rename the conflicting helper(s) to a unique name. [compiler_cross_module_private_symbol_collision]
warning: public function `detect_platform` has 2 co-compiled definitions with 2 differing signatures (()->() vs ()->text); JIT call sites resolve by exact arg-type match (mangled `$dupN` variants), falling back to the last definition when types are ambiguous — a fallback hit may still dispatch to the wrong one. Rename the conflicting helper(s) to a unique name. [compiler_cross_module_private_symbol_collision]
warning: public function `discover_test_files` has 2 co-compiled definitions with 2 differing signatures ((text)->[text] vs (text,TestOptions)->[text]); JIT call sites resolve by exact arg-type match (mangled `$dupN` variants), falling back to the last definition when types are ambiguous — a fallback hit may still dispatch to the wrong one. Rename the conflicting helper(s) to a unique name. [compiler_cross_module_private_symbol_collision]
warning: public function `env_get` has 4 co-compiled definitions with 2 differing signatures ((text)->Optional(text) vs (text)->text); JIT call sites resolve by exact arg-type match (mangled `$dupN` variants), falling back to the last definition when types are ambiguous — a fallback hit may still dispatch to the wrong one. Rename the conflicting helper(s) to a unique name. [compiler_cross_module_private_symbol_collision]
warning: class `Trace32Adapter` has 2 co-compiled definitions across 2 modules; the interpreter resolves class members by NAME across modules, so method bodies from one definition execute against instances of the other — the failure reads as `method not found` or `no field named ...` on a class that has the member. Defined in: /mnt/data/worktrees/spectriage-1/src/lib/nogc_sync_mut/debug/remote/exec/adapter_trace32.spl, <entry file>. Rename one of the classes to a unique name. [compiler_cross_module_private_symbol_collision]
warning: class `Trace32Parser` has 2 co-compiled definitions across 2 modules; the interpreter resolves class members by NAME across modules, so method bodies from one definition execute against instances of the other — the failure reads as `method not found` or `no field named ...` on a class that has the member. Defined in: /mnt/data/worktrees/spectriage-1/src/lib/nogc_async_mut/debug/remote/protocol/trace32.spl, /mnt/data/worktrees/spectriage-1/src/lib/nogc_sync_mut/debug/remote/protocol/trace32.spl. Rename one of the classes to a unique name. [compiler_cross_module_private_symbol_collision]
[jit-fallback] HIR lowering error: Cannot infer field type: struct 'JitInstantiatorConfig' field 'cache_dir' (declared fields: update_smf, max_depth, enabled, verbose) [in src/app/test_runner_new/main.spl]: whole module dropped to the interpreter (expect ~100-1000x slowdown). Set SIMPLE_JIT_STRICT=1 to turn this into a hard error.
[INFO] JIT compilation failed, falling back to interpreter: HIR lowering error: Cannot infer field type: struct 'JitInstantiatorConfig' field 'cache_dir' (declared fields: update_smf, max_depth, enabled, verbose) [in src/app/test_runner_new/main.spl]
[33mwarning[0m: Avoid 'export use *' - exposes unnecessary interfaces
  --> /mnt/data/worktrees/spectriage-1/src/lib/nogc_async_mut/test_runner/test_runner_types.spl:1:1
   |
  1 | export use std.nogc_sync_mut.test_runner.test_runner_types.*
   | ^

Use explicit exports instead

Example: export use module.{A, B, C} or export A, B from module

[33mwarning[0m: Avoid 'export use *' - exposes unnecessary interfaces
  --> /mnt/data/worktrees/spectriage-1/src/lib/nogc_async_mut/test_runner/test_config.spl:1:1
   |
  1 | export use std.nogc_sync_mut.test_runner.test_config.*
   | ^

Use explicit exports instead

Example: export use module.{A, B, C} or export A, B from module

[33mwarning[0m: Avoid 'export use *' - exposes unnecessary interfaces
  --> /mnt/data/worktrees/spectriage-1/src/lib/nogc_async_mut/test_runner/doctest_runner.spl:1:1
   |
  1 | export use std.nogc_sync_mut.test_runner.doctest_runner.*
   | ^

Use explicit exports instead

Example: export use module.{A, B, C} or export A, B from module

[33mwarning[0m: Avoid 'export use *' - exposes unnecessary interfaces
  --> /mnt/data/worktrees/spectriage-1/src/lib/string_core.spl:3:1
   |
  3 | export use lib.common.string_core.*
   | ^

Use explicit exports instead

Example: export use module.{A, B, C} or export A, B from module

[33mwarning[0m: Avoid 'export use *' - exposes unnecessary interfaces
  --> /mnt/data/worktrees/spectriage-1/src/lib/nogc_async_mut/test_runner/test_runner_execute.spl:1:1
   |
  1 | export use std.nogc_sync_mut.test_runner.test_runner_execute.*
   | ^

Use explicit exports instead

Example: export use module.{A, B, C} or export A, B from module

[33mwarning[0m: Avoid 'export use *' - exposes unnecessary interfaces
  --> /mnt/data/worktrees/spectriage-1/src/lib/nogc_async_mut/test_runner/test_executor_composite.spl:1:1
   |
  1 | export use std.nogc_sync_mut.test_runner.test_executor_composite.*
   | ^

Use explicit exports instead

Example: export use module.{A, B, C} or export A, B from module

[33mwarning[0m: Avoid 'export use *' - exposes unnecessary interfaces
  --> /mnt/data/worktrees/spectriage-1/src/lib/nogc_async_mut/test_runner/test_executor_composite_jit_generic.spl:1:1
   |
  1 | export use std.nogc_sync_mut.test_runner.test_executor_composite_jit_generic.*
   | ^

Use explicit exports instead

Example: export use module.{A, B, C} or export A, B from module

[33mwarning[0m: Deprecated syntax for static method/variant access
  --> /mnt/data/worktrees/spectriage-1/src/lib/nogc_sync_mut/debug/remote/replay/hardware_replay_controller.spl:23:65
   |
 23 |             adapter: RemoteReplayAdapter.create(RemoteReplayMode::Off),
   |                                                                 ^

Use dot syntax (.) instead of double colon (::)

Example: Type.new() instead of Type::new()

[33mwarning[0m: Avoid 'export use *' - exposes unnecessary interfaces
  --> /mnt/data/worktrees/spectriage-1/src/app/io/cli_commands.spl:6:1
   |
  6 | export use app.io._CliCommands.run_commands.*
   | ^

Use explicit exports instead

Example: export use module.{A, B, C} or export A, B from module

[33mwarning[0m: Avoid 'export use *' - exposes unnecessary interfaces
  --> /mnt/data/worktrees/spectriage-1/src/app/io/cli_commands.spl:7:1
   |
  7 | export use app.io._CliCommands.handler_commands.*
   | ^

Use explicit exports instead

Example: export use module.{A, B, C} or export A, B from module

[33mwarning[0m: Avoid 'export use *' - exposes unnecessary interfaces
  --> /mnt/data/worktrees/spectriage-1/src/compiler/80.driver/driver_types.spl:7:1
   |
  7 | export use compiler.common.driver_core_types.*
   | ^

Use explicit exports instead

Example: export use module.{A, B, C} or export A, B from module

[33mwarning[0m: Avoid 'export use *' - exposes unnecessary interfaces
  --> /mnt/data/worktrees/spectriage-1/src/compiler/20.hir/hir.spl:9:1
   |
  9 | export use compiler.hir.hir_types.*
   | ^

Use explicit exports instead

Example: export use module.{A, B, C} or export A, B from module

[33mwarning[0m: Avoid 'export use *' - exposes unnecessary interfaces
  --> /mnt/data/worktrees/spectriage-1/src/compiler/20.hir/hir.spl:10:1
   |
 10 | export use compiler.hir.hir_definitions.*
   | ^

Use explicit exports instead

Example: export use module.{A, B, C} or export A, B from module

[33mwarning[0m: Avoid 'export use *' - exposes unnecessary interfaces
  --> /mnt/data/worktrees/spectriage-1/src/compiler/20.hir/hir_lowering/items.spl:6:1
   |
  6 | export use compiler.hir.hir_lowering._Items.lowering_helpers.*
   | ^

Use explicit exports instead

Example: export use module.{A, B, C} or export A, B from module

[33mwarning[0m: Avoid 'export use *' - exposes unnecessary interfaces
  --> /mnt/data/worktrees/spectriage-1/src/compiler/20.hir/hir_lowering/items.spl:7:1
   |
  7 | export use compiler.hir.hir_lowering._Items.module_lowering.*
   | ^

Use explicit exports instead

Example: export use module.{A, B, C} or export A, B from module

[33mwarning[0m: Avoid 'export use *' - exposes unnecessary interfaces
  --> /mnt/data/worktrees/spectriage-1/src/compiler/20.hir/hir_lowering/items.spl:8:1
   |
  8 | export use compiler.hir.hir_lowering._Items.module_callable_types.*
   | ^

Use explicit exports instead

Example: export use module.{A, B, C} or export A, B from module

[33mwarning[0m: Avoid 'export use *' - exposes unnecessary interfaces
  --> /mnt/data/worktrees/spectriage-1/src/compiler/20.hir/hir_lowering/items.spl:9:1
   |
  9 | export use compiler.hir.hir_lowering._Items.module_import_registration.*
   | ^

Use explicit exports instead

Example: export use module.{A, B, C} or export A, B from module

[33mwarning[0m: Avoid 'export use *' - exposes unnecessary interfaces
  --> /mnt/data/worktrees/spectriage-1/src/compiler/20.hir/hir_lowering/items.spl:10:1
   |
 10 | export use compiler.hir.hir_lowering._Items.module_reexport_materialization.*
   | ^

Use explicit exports instead

Example: export use module.{A, B, C} or export A, B from module

[33mwarning[0m: Avoid 'export use *' - exposes unnecessary interfaces
  --> /mnt/data/worktrees/spectriage-1/src/compiler/20.hir/hir_lowering/items.spl:11:1
   |
 11 | export use compiler.hir.hir_lowering._Items.module_import_resolution.*
   | ^

Use explicit exports instead

Example: export use module.{A, B, C} or export A, B from module

[33mwarning[0m: Avoid 'export use *' - exposes unnecessary interfaces
  --> /mnt/data/worktrees/spectriage-1/src/compiler/20.hir/hir_lowering/items.spl:12:1
   |
 12 | export use compiler.hir.hir_lowering._Items.module_build.*
   | ^

Use explicit exports instead

Example: export use module.{A, B, C} or export A, B from module

[33mwarning[0m: Avoid 'export use *' - exposes unnecessary interfaces
  --> /mnt/data/worktrees/spectriage-1/src/compiler/20.hir/hir_lowering/items.spl:13:1
   |
 13 | export use compiler.hir.hir_lowering._Items.module_declarations_bootstrap.*
   | ^

Use explicit exports instead

Example: export use module.{A, B, C} or export A, B from module

[33mwarning[0m: Avoid 'export use *' - exposes unnecessary interfaces
  --> /mnt/data/worktrees/spectriage-1/src/compiler/20.hir/hir_lowering/items.spl:14:1
   |
 14 | export use compiler.hir.hir_lowering._Items.declaration_lowering.*
   | ^

Use explicit exports instead

Example: export use module.{A, B, C} or export A, B from module

[33mwarning[0m: Avoid 'export use *' - exposes unnecessary interfaces
  --> /mnt/data/worktrees/spectriage-1/src/compiler/20.hir/hir_lowering/items.spl:15:1
   |
 15 | export use compiler.hir.hir_lowering._Items.class_declaration_lowering.*
   | ^

Use explicit exports instead

Example: export use module.{A, B, C} or export A, B from module

[33mwarning[0m: Avoid 'export use *' - exposes unnecessary interfaces
  --> /mnt/data/worktrees/spectriage-1/src/compiler/20.hir/hir_lowering/items.spl:16:1
   |
 16 | export use compiler.hir.hir_lowering._Items.verification_contract_lowering.*
   | ^

Use explicit exports instead

Example: export use module.{A, B, C} or export A, B from module

[33mwarning[0m: Avoid 'export use *' - exposes unnecessary interfaces
  --> /mnt/data/worktrees/spectriage-1/src/compiler/20.hir/hir_lowering/items.spl:17:1
   |
 17 | export use compiler.hir.hir_lowering._Items.trait_impl_lowering.*
   | ^

Use explicit exports instead

Example: export use module.{A, B, C} or export A, B from module

[33mwarning[0m: Avoid 'export use *' - exposes unnecessary interfaces
  --> /mnt/data/worktrees/spectriage-1/src/compiler/20.hir/hir_lowering/items.spl:24:1
   |
 24 | export use compiler.hir.hir_lowering.statements.*
   | ^

Use explicit exports instead

Example: export use module.{A, B, C} or export A, B from module

[33mwarning[0m: Avoid 'export use *' - exposes unnecessary interfaces
  --> /mnt/data/worktrees/spectriage-1/src/compiler/10.frontend/flat_ast_bridge.spl:8:1
   |
  8 | export use compiler.frontend._FlatAstBridge.convert_nodes.*
   | ^

Use explicit exports instead

Example: export use module.{A, B, C} or export A, B from module

[33mwarning[0m: Avoid 'export use *' - exposes unnecessary interfaces
  --> /mnt/data/worktrees/spectriage-1/src/compiler/10.frontend/flat_ast_bridge.spl:9:1
   |
  9 | export use compiler.frontend._FlatAstBridge.module_assembly.*
   | ^

Use explicit exports instead

Example: export use module.{A, B, C} or export A, B from module

[33mwarning[0m: Avoid 'export use *' - exposes unnecessary interfaces
  --> /mnt/data/worktrees/spectriage-1/src/compiler/10.frontend/core/ast.spl:18:1
   |
 18 | export use compiler.frontend.core._Ast.decl_nodes.*
   | ^

Use explicit exports instead

Example: export use module.{A, B, C} or export A, B from module

[33mwarning[0m: Avoid 'export use *' - exposes unnecessary interfaces
  --> /mnt/data/worktrees/spectriage-1/src/compiler/10.frontend/core/ast.spl:19:1
   |
 19 | export use compiler.frontend.core._Ast.module_state.*
   | ^

Use explicit exports instead

Example: export use module.{A, B, C} or export A, B from module

[33mwarning[0m: Avoid 'export use *' - exposes unnecessary interfaces
  --> /mnt/data/worktrees/spectriage-1/src/compiler/10.frontend/core/ast_expr.spl:9:1
   |
  9 | export use compiler.frontend.core._AstExpr.nodes.*
   | ^

Use explicit exports instead

Example: export use module.{A, B, C} or export A, B from module

[33mwarning[0m: Avoid 'export use *' - exposes unnecessary interfaces
  --> /mnt/data/worktrees/spectriage-1/src/compiler/10.frontend/core/ast_expr.spl:10:1
   |
 10 | export use compiler.frontend.core._AstExpr.accessors.*
   | ^

Use explicit exports instead

Example: export use module.{A, B, C} or export A, B from module

[33mwarning[0m: Avoid 'export use *' - exposes unnecessary interfaces
  --> /mnt/data/worktrees/spectriage-1/src/compiler/10.frontend/core/parser_primary.spl:8:1
   |
  8 | export use compiler.frontend.core._ParserPrimary.asm_raw_parsing.*
   | ^

Use explicit exports instead

Example: export use module.{A, B, C} or export A, B from module

[33mwarning[0m: Avoid 'export use *' - exposes unnecessary interfaces
  --> /mnt/data/worktrees/spectriage-1/src/compiler/10.frontend/core/parser_primary.spl:9:1
   |
  9 | export use compiler.frontend.core._ParserPrimary.primary_expr.*
   | ^

Use explicit exports instead

Example: export use module.{A, B, C} or export A, B from module

[33mwarning[0m: Avoid 'export use *' - exposes unnecessary interfaces
  --> /mnt/data/worktrees/spectriage-1/src/compiler/10.frontend/core/parser_decls.spl:7:1
   |
  7 | export use compiler.frontend.core._ParserDecls.fn_struct_decls.*
   | ^

Use explicit exports instead

Example: export use module.{A, B, C} or export A, B from module

[33mwarning[0m: Avoid 'export use *' - exposes unnecessary interfaces
  --> /mnt/data/worktrees/spectriage-1/src/compiler/10.frontend/core/parser_decls.spl:8:1
   |
  8 | export use compiler.frontend.core._ParserDecls.enum_module_body.*
   | ^

Use explicit exports instead

Example: export use module.{A, B, C} or export A, B from module

[33mwarning[0m: Avoid 'export use *' - exposes unnecessary interfaces
  --> /mnt/data/worktrees/spectriage-1/src/compiler/10.frontend/core/parser_decls.spl:9:1
   |
  9 | export use compiler.frontend.core._ParserDecls.bitfield_aop_arch_decls.*
   | ^

Use explicit exports instead

Example: export use module.{A, B, C} or export A, B from module

[33mwarning[0m: Avoid 'export use *' - exposes unnecessary interfaces
  --> /mnt/data/worktrees/spectriage-1/src/compiler/10.frontend/core/parser_decls.spl:10:1
   |
 10 | export use compiler.frontend.core._ParserDecls.extend_decls.*
   | ^

Use explicit exports instead

Example: export use module.{A, B, C} or export A, B from module

[33mwarning[0m: Avoid 'export use *' - exposes unnecessary interfaces
  --> /mnt/data/worktrees/spectriage-1/src/compiler/20.hir/hir_lowering/expressions.spl:6:1
   |
  6 | export use compiler.hir.hir_lowering._Expressions.expression_support.*
   | ^

Use explicit exports instead

Example: export use module.{A, B, C} or export A, B from module

[33mwarning[0m: Avoid 'export use *' - exposes unnecessary interfaces
  --> /mnt/data/worktrees/spectriage-1/src/compiler/20.hir/hir_lowering/expressions.spl:7:1
   |
  7 | export use compiler.hir.hir_lowering._Expressions.expression_core.*
   | ^

Use explicit exports instead

Example: export use module.{A, B, C} or export A, B from module

[33mwarning[0m: Avoid 'export use *' - exposes unnecessary interfaces
  --> /mnt/data/worktrees/spectriage-1/src/compiler/20.hir/hir_lowering/expressions.spl:8:1
   |
  8 | export use compiler.hir.hir_lowering._Expressions.expression_components.*
   | ^

Use explicit exports instead

Example: export use module.{A, B, C} or export A, B from module

[33mwarning[0m: Avoid 'export use *' - exposes unnecessary interfaces
  --> /mnt/data/worktrees/spectriage-1/src/compiler/20.hir/hir_lowering/expressions.spl:9:1
   |
  9 | export use compiler.hir.hir_lowering._Expressions.match_desugaring.*
   | ^

Use explicit exports instead

Example: export use module.{A, B, C} or export A, B from module

[33mwarning[0m: Avoid 'export use *' - exposes unnecessary interfaces
  --> /mnt/data/worktrees/spectriage-1/src/compiler/20.hir/hir_lowering/expressions.spl:10:1
   |
 10 | export use compiler.hir.hir_lowering._Expressions.block_and_asm_lowering.*
   | ^

Use explicit exports instead

Example: export use module.{A, B, C} or export A, B from module

[33mwarning[0m: Common mistake detected: Use <> instead of [] for generics
  --> /mnt/data/worktrees/spectriage-1/src/compiler/20.hir/hir_lowering/_Items/module_build.spl:71:36
   |
 71 |                 recovered_constants[SymbolId(id: const_idx)] = hir_const
   |                                    ^

Use <> instead of [] for generics

Use angle brackets <> for generic types (not square brackets).

Old:     List[T]
New:     List<T>  # industry standard

[33mwarning[0m: Common mistake detected: Use <> instead of [] for generics
  --> /mnt/data/worktrees/spectriage-1/src/compiler/20.hir/hir_lowering/_Items/module_build.spl:79:36
   |
 79 |                 recovered_constants[SymbolId(id: const_idx)] = hir_const
   |                                    ^

Use <> instead of [] for generics

Use angle brackets <> for generic types (not square brackets).

Old:     List[T]
New:     List<T>  # industry standard

[33mwarning[0m: Common mistake detected: Use <> instead of [] for generics
  --> /mnt/data/worktrees/spectriage-1/src/compiler/20.hir/hir_lowering/_Items/module_build.spl:508:30
   |
508 |                     functions[SymbolId(id: bootstrap_impl_fn_key)] = self.lowered_impl_functions[bootstrap_impl_sym]
   |                              ^

Use <> instead of [] for generics

Use angle brackets <> for generic types (not square brackets).

Old:     List[T]
New:     List<T>  # industry standard

[33mwarning[0m: Common mistake detected: Use <> instead of [] for generics
  --> /mnt/data/worktrees/spectriage-1/src/compiler/20.hir/hir_lowering/_Items/module_build.spl:628:22
   |
628 |             constants[SymbolId(id: lower_idx)] = hir_const
   |                      ^

Use <> instead of [] for generics

Use angle brackets <> for generic types (not square brackets).

Old:     List[T]
New:     List<T>  # industry standard

[33mwarning[0m: Avoid 'export use *' - exposes unnecessary interfaces
  --> /mnt/data/worktrees/spectriage-1/src/compiler/15.blocks/blocks/modes.spl:6:1
   |
  6 | export use compiler.frontend.block_types.*
   | ^

Use explicit exports instead

Example: export use module.{A, B, C} or export A, B from module

[33mwarning[0m: Avoid 'export use *' - exposes unnecessary interfaces
  --> /mnt/data/worktrees/spectriage-1/src/compiler/70.backend/backend_types.spl:387:1
   |
387 | export use compiler.backend.backend.backend_types.*
   | ^

Use explicit exports instead

Example: export use module.{A, B, C} or export A, B from module

[33mwarning[0m: Avoid 'export use *' - exposes unnecessary interfaces
  --> /mnt/data/worktrees/spectriage-1/src/lib/platform.spl:3:1
   |
  3 | export use nogc_sync_mut.platform.*
   | ^

Use explicit exports instead

Example: export use module.{A, B, C} or export A, B from module

[33mwarning[0m: Avoid 'export use *' - exposes unnecessary interfaces
  --> /mnt/data/worktrees/spectriage-1/src/compiler/70.backend/backend/mir_to_llvm.spl:7:1
   |
  7 | export use compiler.backend.backend._MirToLlvm.class_def.*
   | ^

Use explicit exports instead

Example: export use module.{A, B, C} or export A, B from module

[33mwarning[0m: Avoid 'export use *' - exposes unnecessary interfaces
  --> /mnt/data/worktrees/spectriage-1/src/compiler/70.backend/backend/mir_to_llvm.spl:8:1
   |
  8 | export use compiler.backend.backend._MirToLlvm.core_codegen.*
   | ^

Use explicit exports instead

Example: export use module.{A, B, C} or export A, B from module

[33mwarning[0m: Avoid 'export use *' - exposes unnecessary interfaces
  --> /mnt/data/worktrees/spectriage-1/src/compiler/70.backend/backend/mir_to_llvm.spl:9:1
   |
  9 | export use compiler.backend.backend._MirToLlvm.aggregate_intrinsics.*
   | ^

Use explicit exports instead

Example: export use module.{A, B, C} or export A, B from module

[33mwarning[0m: Avoid 'export use *' - exposes unnecessary interfaces
  --> /mnt/data/worktrees/spectriage-1/src/compiler/70.backend/backend/mir_to_llvm.spl:10:1
   |
 10 | export use compiler.backend.backend._MirToLlvm.asm_constraints_helpers.*
   | ^

Use explicit exports instead

Example: export use module.{A, B, C} or export A, B from module

[33mwarning[0m: Avoid 'export use *' - exposes unnecessary interfaces
  --> /mnt/data/worktrees/spectriage-1/src/compiler/50.mir/mir_lowering.spl:18:1
   |
 18 | export use compiler.mir._MirLowering.bootstrap_globals.*
   | ^

Use explicit exports instead

Example: export use module.{A, B, C} or export A, B from module

[33mwarning[0m: Avoid 'export use *' - exposes unnecessary interfaces
  --> /mnt/data/worktrees/spectriage-1/src/compiler/50.mir/mir_lowering.spl:19:1
   |
 19 | export use compiler.mir._MirLowering.module_lowering.*
   | ^

Use explicit exports instead

Example: export use module.{A, B, C} or export A, B from module

[33mwarning[0m: Avoid 'export use *' - exposes unnecessary interfaces
  --> /mnt/data/worktrees/spectriage-1/src/compiler/50.mir/mir_lowering.spl:20:1
   |
 20 | export use compiler.mir._MirLowering.function_lowering.*
   | ^

Use explicit exports instead

Example: export use module.{A, B, C} or export A, B from module

[33mwarning[0m: Avoid 'export use *' - exposes unnecessary interfaces
  --> /mnt/data/worktrees/spectriage-1/src/compiler/50.mir/mir_lowering.spl:21:1
   |
 21 | export use compiler.mir._MirLowering.asm_and_targets.*
   | ^

Use explicit exports instead

Example: export use module.{A, B, C} or export A, B from module

[33mwarning[0m: Avoid 'export use *' - exposes unnecessary interfaces
  --> /mnt/data/worktrees/spectriage-1/src/compiler/70.backend/backend/c_backend_translate.spl:16:1
   |
 16 | export use compiler.backend.backend._CBackendTranslate.class_core.*
   | ^

Use explicit exports instead

Example: export use module.{A, B, C} or export A, B from module

[33mwarning[0m: Avoid 'export use *' - exposes unnecessary interfaces
  --> /mnt/data/worktrees/spectriage-1/src/compiler/70.backend/backend/c_backend_translate.spl:17:1
   |
 17 | export use compiler.backend.backend._CBackendTranslate.instruction_lowering.*
   | ^

Use explicit exports instead

Example: export use module.{A, B, C} or export A, B from module

[33mwarning[0m: Avoid 'export use *' - exposes unnecessary interfaces
  --> /mnt/data/worktrees/spectriage-1/src/compiler/70.backend/backend/c_backend_translate.spl:18:1
   |
 18 | export use compiler.backend.backend._CBackendTranslate.export_wrappers.*
   | ^

Use explicit exports instead

Example: export use module.{A, B, C} or export A, B from module

[33mwarning[0m: Avoid 'export use *' - exposes unnecessary interfaces
  --> /mnt/data/worktrees/spectriage-1/src/compiler/70.backend/backend/native/elf_writer.spl:14:1
   |
 14 | export use compiler.backend.native.elf_writer_serialize.*
   | ^

Use explicit exports instead

Example: export use module.{A, B, C} or export A, B from module

[33mwarning[0m: Common mistake detected: Use <> instead of [] for generics
  --> /mnt/data/worktrees/spectriage-1/src/compiler/70.backend/backend/cranelift_codegen_adapter.spl:309:20
   |
309 |             handles[STATICS_FAILED_KEY] = 1
   |                    ^

Use <> instead of [] for generics

Use angle brackets <> for generic types (not square brackets).

Old:     List[T]
New:     List<T>  # industry standard

[33mwarning[0m: Common mistake detected: Use <> instead of [] for generics
  --> /mnt/data/worktrees/spectriage-1/src/compiler/70.backend/backend/cranelift_codegen_adapter.spl:319:20
   |
319 |             handles[STATICS_FAILED_KEY] = 1
   |                    ^

Use <> instead of [] for generics

Use angle brackets <> for generic types (not square brackets).

Old:     List[T]
New:     List<T>  # industry standard

[33mwarning[0m: Avoid 'export use *' - exposes unnecessary interfaces
  --> /mnt/data/worktrees/spectriage-1/src/compiler/70.backend/backend/vhdl_process.spl:4:1
   |
  4 | export use compiler.backend.backend._VhdlProcess.process_codegen.*
   | ^

Use explicit exports instead

Example: export use module.{A, B, C} or export A, B from module

[33mwarning[0m: Avoid 'export use *' - exposes unnecessary interfaces
  --> /mnt/data/worktrees/spectriage-1/src/compiler/70.backend/backend/vhdl_process.spl:5:1
   |
  5 | export use compiler.backend.backend._VhdlProcess.terminator_codegen.*
   | ^

Use explicit exports instead

Example: export use module.{A, B, C} or export A, B from module

[33mwarning[0m: Avoid 'export use *' - exposes unnecessary interfaces
  --> /mnt/data/worktrees/spectriage-1/src/compiler/70.backend/linker/linker_wrapper.spl:22:1
   |
 22 | export use compiler.backend.linker._LinkerWrapper.native_all_support.*
   | ^

Use explicit exports instead

Example: export use module.{A, B, C} or export A, B from module

[33mwarning[0m: Avoid 'export use *' - exposes unnecessary interfaces
  --> /mnt/data/worktrees/spectriage-1/src/compiler/70.backend/linker/linker_wrapper.spl:23:1
   |
 23 | export use compiler.backend.linker._LinkerWrapper.archive_retention.*
   | ^

Use explicit exports instead

Example: export use module.{A, B, C} or export A, B from module

[33mwarning[0m: Avoid 'export use *' - exposes unnecessary interfaces
  --> /mnt/data/worktrees/spectriage-1/src/compiler/70.backend/linker/linker_wrapper.spl:24:1
   |
 24 | export use compiler.backend.linker._LinkerWrapper.native_linking.*
   | ^

Use explicit exports instead

Example: export use module.{A, B, C} or export A, B from module

[33mwarning[0m: Avoid 'export use *' - exposes unnecessary interfaces
  --> /mnt/data/worktrees/spectriage-1/src/compiler/70.backend/linker/linker_wrapper.spl:25:1
   |
 25 | export use compiler.backend.linker._LinkerWrapper.shared_linking.*
   | ^

Use explicit exports instead

Example: export use module.{A, B, C} or export A, B from module

[33mwarning[0m: Avoid 'export use *' - exposes unnecessary interfaces
  --> /mnt/data/worktrees/spectriage-1/src/compiler/70.backend/linker/smf_reader_memory.spl:12:1
   |
 12 | export use compiler.backend.linker._SmfReaderMemory.header_parser.*
   | ^

Use explicit exports instead

Example: export use module.{A, B, C} or export A, B from module

[33mwarning[0m: Avoid 'export use *' - exposes unnecessary interfaces
  --> /mnt/data/worktrees/spectriage-1/src/compiler/70.backend/linker/smf_reader_memory.spl:13:1
   |
 13 | export use compiler.backend.linker._SmfReaderMemory.symbol_parser.*
   | ^

Use explicit exports instead

Example: export use module.{A, B, C} or export A, B from module

[33mwarning[0m: Avoid 'export use *' - exposes unnecessary interfaces
  --> /mnt/data/worktrees/spectriage-1/src/app/io/file_ops.spl:3:1
   |
  3 | export use std.nogc_sync_mut.io.file_ops.*
   | ^

Use explicit exports instead

Example: export use module.{A, B, C} or export A, B from module

[33mwarning[0m: Avoid 'export use *' - exposes unnecessary interfaces
  --> /mnt/data/worktrees/spectriage-1/src/lib/nogc_async_mut/binary_io.spl:8:1
   |
  8 | export use std.common.binary_io.*
   | ^

Use explicit exports instead

Example: export use module.{A, B, C} or export A, B from module

[33mwarning[0m: Avoid 'export use *' - exposes unnecessary interfaces
  --> /mnt/data/worktrees/spectriage-1/src/lib/text.spl:4:1
   |
  4 | export use lib.common.text.*
   | ^

Use explicit exports instead

Example: export use module.{A, B, C} or export A, B from module

[33mwarning[0m: Avoid 'export use *' - exposes unnecessary interfaces
  --> /mnt/data/worktrees/spectriage-1/src/compiler/35.semantics/lint/simd_opportunity_lint.spl:39:1
   |
 39 | export use compiler.semantics.lint._SimdOpportunityLint.loop_analysis.*
   | ^

Use explicit exports instead

Example: export use module.{A, B, C} or export A, B from module

[33mwarning[0m: Avoid 'export use *' - exposes unnecessary interfaces
  --> /mnt/data/worktrees/spectriage-1/src/compiler/35.semantics/lint/simd_opportunity_lint.spl:40:1
   |
 40 | export use compiler.semantics.lint._SimdOpportunityLint.arithmetic_checks.*
   | ^

Use explicit exports instead

Example: export use module.{A, B, C} or export A, B from module

[33mwarning[0m: Avoid 'export use *' - exposes unnecessary interfaces
  --> /mnt/data/worktrees/spectriage-1/src/compiler/35.semantics/lint/simd_opportunity_lint.spl:41:1
   |
 41 | export use compiler.semantics.lint._SimdOpportunityLint.byte_checks.*
   | ^

Use explicit exports instead

Example: export use module.{A, B, C} or export A, B from module

[33mwarning[0m: Avoid 'export use *' - exposes unnecessary interfaces
  --> /mnt/data/worktrees/spectriage-1/src/compiler/35.semantics/lint/simd_opportunity_lint.spl:42:1
   |
 42 | export use compiler.semantics.lint._SimdOpportunityLint.dispatch.*
   | ^

Use explicit exports instead

Example: export use module.{A, B, C} or export A, B from module

[33mwarning[0m: Avoid 'export use *' - exposes unnecessary interfaces
  --> /mnt/data/worktrees/spectriage-1/src/compiler/90.tools/lint/main.spl:8:1
   |
  8 | export use compiler.tools.lint._LintMain.config_and_model.*
   | ^

Use explicit exports instead

Example: export use module.{A, B, C} or export A, B from module

[33mwarning[0m: Avoid 'export use *' - exposes unnecessary interfaces
  --> /mnt/data/worktrees/spectriage-1/src/compiler/90.tools/lint/main.spl:9:1
   |
  9 | export use compiler.tools.lint._LintMain.lint_checks.*
   | ^

Use explicit exports instead

Example: export use module.{A, B, C} or export A, B from module

[33mwarning[0m: Avoid 'export use *' - exposes unnecessary interfaces
  --> /mnt/data/worktrees/spectriage-1/src/compiler/90.tools/lint/main.spl:10:1
   |
 10 | export use compiler.tools.lint._LintMain.traceability_and_assertions.*
   | ^

Use explicit exports instead

Example: export use module.{A, B, C} or export A, B from module

[33mwarning[0m: Avoid 'export use *' - exposes unnecessary interfaces
  --> /mnt/data/worktrees/spectriage-1/src/compiler/90.tools/lint/main.spl:30:1
   |
 30 | export use compiler.tools.lint._LintMain.name_lints.*
   | ^

Use explicit exports instead

Example: export use module.{A, B, C} or export A, B from module

[33mwarning[0m: Avoid 'export use *' - exposes unnecessary interfaces
  --> /mnt/data/worktrees/spectriage-1/src/compiler/90.tools/lint/main.spl:31:1
   |
 31 | export use compiler.tools.lint._LintMain.os_freestanding_lints.*
   | ^

Use explicit exports instead

Example: export use module.{A, B, C} or export A, B from module

[33mwarning[0m: Avoid 'export use *' - exposes unnecessary interfaces
  --> /mnt/data/worktrees/spectriage-1/src/compiler/90.tools/lint/main.spl:32:1
   |
 32 | export use compiler.tools.lint._LintMain.wm_lane_boundary_lints.*
   | ^

Use explicit exports instead

Example: export use module.{A, B, C} or export A, B from module

[33mwarning[0m: '#[runtime_intrinsics]' uses deprecated syntax, use '@runtime_intrinsics' instead
  --> /mnt/data/worktrees/spectriage-1/src/app/io/process_env_ops.spl:1:1
   |
  1 | #[runtime_intrinsics]
   | ^

Replace '#[runtime_intrinsics]' with '@runtime_intrinsics'

[33mwarning[0m: Avoid 'export use *' - exposes unnecessary interfaces
  --> /mnt/data/worktrees/spectriage-1/src/app/io/cli_compile.spl:8:1
   |
  8 | export use app.io._CliCompile.compile_opt_and_driver.*
   | ^

Use explicit exports instead

Example: export use module.{A, B, C} or export A, B from module

[33mwarning[0m: Avoid 'export use *' - exposes unnecessary interfaces
  --> /mnt/data/worktrees/spectriage-1/src/app/io/cli_compile.spl:9:1
   |
  9 | export use app.io._CliCompile.compile_targets.*
   | ^

Use explicit exports instead

Example: export use module.{A, B, C} or export A, B from module

[33mwarning[0m: Avoid 'export use *' - exposes unnecessary interfaces
  --> /mnt/data/worktrees/spectriage-1/src/app/io/dir_ops.spl:3:1
   |
  3 | export use std.nogc_sync_mut.io.dir_ops.*
   | ^

Use explicit exports instead

Example: export use module.{A, B, C} or export A, B from module

[33mwarning[0m: Avoid 'export use *' - exposes unnecessary interfaces
  --> /mnt/data/worktrees/spectriage-1/src/lib/gc_async_mut/io/cuda_sffi.spl:7:1
   |
  7 | export use std.nogc_async_mut.io.cuda_sffi.*
   | ^

Use explicit exports instead

Example: export use module.{A, B, C} or export A, B from module

[33mwarning[0m: Avoid 'export use *' - exposes unnecessary interfaces
  --> /mnt/data/worktrees/spectriage-1/src/lib/gc_async_mut/io/vulkan_sffi.spl:3:1
   |
  3 | export use std.nogc_async_mut.io.vulkan_sffi.*
   | ^

Use explicit exports instead

Example: export use module.{A, B, C} or export A, B from module

[33mwarning[0m: Avoid 'export use *' - exposes unnecessary interfaces
  --> /mnt/data/worktrees/spectriage-1/src/lib/nogc_async_mut/path.spl:7:1
   |
  7 | export use std.nogc_sync_mut.path.*
   | ^

Use explicit exports instead

Example: export use module.{A, B, C} or export A, B from module

[33mwarning[0m: Avoid 'export use *' - exposes unnecessary interfaces
  --> /mnt/data/worktrees/spectriage-1/src/lib/gc_async_mut/gpu/engine2d/sffi_vulkan.spl:3:1
   |
  3 | export use std.nogc_async_mut.gpu.engine2d.sffi_vulkan.*
   | ^

Use explicit exports instead

Example: export use module.{A, B, C} or export A, B from module

[33mwarning[0m: Common mistake detected: Use <> instead of [] for generics
  --> /mnt/data/worktrees/spectriage-1/src/lib/gc_async_mut/gpu_lane/cuda_vm_executor.spl:120:10
   |
120 |     arena[LOG_CAP_OFFSET + 0] = (DEFAULT_LOG_CAP & 0xFF) as u8
   |          ^

Use <> instead of [] for generics

Use angle brackets <> for generic types (not square brackets).

Old:     List[T]
New:     List<T>  # industry standard

[33mwarning[0m: Common mistake detected: Use <> instead of [] for generics
  --> /mnt/data/worktrees/spectriage-1/src/lib/gc_async_mut/gpu_lane/cuda_vm_executor.spl:121:10
   |
121 |     arena[LOG_CAP_OFFSET + 1] = ((DEFAULT_LOG_CAP >> 8) & 0xFF) as u8
   |          ^

Use <> instead of [] for generics

Use angle brackets <> for generic types (not square brackets).

Old:     List[T]
New:     List<T>  # industry standard

[33mwarning[0m: Common mistake detected: Use <> instead of [] for generics
  --> /mnt/data/worktrees/spectriage-1/src/lib/gc_async_mut/gpu_lane/cuda_vm_executor.spl:122:10
   |
122 |     arena[LOG_CAP_OFFSET + 2] = ((DEFAULT_LOG_CAP >> 16) & 0xFF) as u8
   |          ^

Use <> instead of [] for generics

Use angle brackets <> for generic types (not square brackets).

Old:     List[T]
New:     List<T>  # industry standard

[33mwarning[0m: Common mistake detected: Use <> instead of [] for generics
  --> /mnt/data/worktrees/spectriage-1/src/lib/gc_async_mut/gpu_lane/cuda_vm_executor.spl:123:10
   |
123 |     arena[LOG_CAP_OFFSET + 3] = ((DEFAULT_LOG_CAP >> 24) & 0xFF) as u8
   |          ^

Use <> instead of [] for generics

Use angle brackets <> for generic types (not square brackets).

Old:     List[T]
New:     List<T>  # industry standard

[33mwarning[0m: Common mistake detected: Use <> instead of [] for generics
  --> /mnt/data/worktrees/spectriage-1/src/lib/gc_async_mut/gpu_lane/cuda_vm_executor.spl:166:25
   |
166 |         val code = arena[LOG_DATA_OFFSET + i] as i64
   |                         ^

Use <> instead of [] for generics

Use angle brackets <> for generic types (not square brackets).

Old:     List[T]
New:     List<T>  # industry standard

[33mwarning[0m: Common mistake detected: Use <> instead of [] for generics
  --> /mnt/data/worktrees/spectriage-1/src/lib/gc_async_mut/gpu_lane/vulkan_vm_executor.spl:117:10
   |
117 |     arena[LOG_CAP_OFFSET + 0] = (DEFAULT_LOG_CAP & 0xFF) as u8
   |          ^

Use <> instead of [] for generics

Use angle brackets <> for generic types (not square brackets).

Old:     List[T]
New:     List<T>  # industry standard

[33mwarning[0m: Common mistake detected: Use <> instead of [] for generics
  --> /mnt/data/worktrees/spectriage-1/src/lib/gc_async_mut/gpu_lane/vulkan_vm_executor.spl:118:10
   |
118 |     arena[LOG_CAP_OFFSET + 1] = ((DEFAULT_LOG_CAP >> 8) & 0xFF) as u8
   |          ^

Use <> instead of [] for generics

Use angle brackets <> for generic types (not square brackets).

Old:     List[T]
New:     List<T>  # industry standard

[33mwarning[0m: Common mistake detected: Use <> instead of [] for generics
  --> /mnt/data/worktrees/spectriage-1/src/lib/gc_async_mut/gpu_lane/vulkan_vm_executor.spl:119:10
   |
119 |     arena[LOG_CAP_OFFSET + 2] = ((DEFAULT_LOG_CAP >> 16) & 0xFF) as u8
   |          ^

Use <> instead of [] for generics

Use angle brackets <> for generic types (not square brackets).

Old:     List[T]
New:     List<T>  # industry standard

[33mwarning[0m: Common mistake detected: Use <> instead of [] for generics
  --> /mnt/data/worktrees/spectriage-1/src/lib/gc_async_mut/gpu_lane/vulkan_vm_executor.spl:120:10
   |
120 |     arena[LOG_CAP_OFFSET + 3] = ((DEFAULT_LOG_CAP >> 24) & 0xFF) as u8
   |          ^

Use <> instead of [] for generics

Use angle brackets <> for generic types (not square brackets).

Old:     List[T]
New:     List<T>  # industry standard

[33mwarning[0m: Common mistake detected: Use <> instead of [] for generics
  --> /mnt/data/worktrees/spectriage-1/src/lib/gc_async_mut/gpu_lane/vulkan_vm_executor.spl:171:25
   |
171 |         val code = arena[LOG_DATA_OFFSET + i] as i64
   |                         ^

Use <> instead of [] for generics

Use angle brackets <> for generic types (not square brackets).

Old:     List[T]
New:     List<T>  # industry standard

[33mwarning[0m: Avoid 'export use *' - exposes unnecessary interfaces
  --> /mnt/data/worktrees/spectriage-1/src/lib/nogc_async_mut/test_runner/test_runner_output.spl:1:1
   |
  1 | export use std.nogc_sync_mut.test_runner.test_runner_output.*
   | ^

Use explicit exports instead

Example: export use module.{A, B, C} or export A, B from module

[33mwarning[0m: Avoid 'export use *' - exposes unnecessary interfaces
  --> /mnt/data/worktrees/spectriage-1/src/lib/nogc_async_mut/test_runner/test_runner_config.spl:1:1
   |
  1 | export use std.nogc_sync_mut.test_runner.test_runner_config.*
   | ^

Use explicit exports instead

Example: export use module.{A, B, C} or export A, B from module

[33mwarning[0m: Avoid 'export use *' - exposes unnecessary interfaces
  --> /mnt/data/worktrees/spectriage-1/src/lib/nogc_async_mut/test_runner/test_db_compat.spl:1:1
   |
  1 | export use std.nogc_sync_mut.test_runner.test_db_compat.*
   | ^

Use explicit exports instead

Example: export use module.{A, B, C} or export A, B from module

[33mwarning[0m: Avoid 'export use *' - exposes unnecessary interfaces
  --> /mnt/data/worktrees/spectriage-1/src/lib/nogc_async_mut/test_runner/test_db_types.spl:1:1
   |
  1 | export use std.nogc_sync_mut.test_runner.test_db_types.*
   | ^

Use explicit exports instead

Example: export use module.{A, B, C} or export A, B from module

[33mwarning[0m: Avoid 'export use *' - exposes unnecessary interfaces
  --> /mnt/data/worktrees/spectriage-1/src/lib/nogc_async_mut/test_runner/test_db_core.spl:1:1
   |
  1 | export use std.nogc_sync_mut.test_runner.test_db_core.*
   | ^

Use explicit exports instead

Example: export use module.{A, B, C} or export A, B from module

[33mwarning[0m: Avoid 'export use *' - exposes unnecessary interfaces
  --> /mnt/data/worktrees/spectriage-1/src/lib/nogc_async_mut/test_runner/string_interner.spl:1:1
   |
  1 | export use std.nogc_sync_mut.test_runner.string_interner.*
   | ^

Use explicit exports instead

Example: export use module.{A, B, C} or export A, B from module

[33mwarning[0m: Avoid 'export use *' - exposes unnecessary interfaces
  --> /mnt/data/worktrees/spectriage-1/src/lib/nogc_async_mut/test_runner/test_db_io.spl:1:1
   |
  1 | export use std.nogc_sync_mut.test_runner.test_db_io.*
   | ^

Use explicit exports instead

Example: export use module.{A, B, C} or export A, B from module

[33mwarning[0m: Avoid 'export use *' - exposes unnecessary interfaces
  --> /mnt/data/worktrees/spectriage-1/src/lib/nogc_async_mut/test_runner/test_db_lock.spl:1:1
   |
  1 | export use std.nogc_sync_mut.test_runner.test_db_lock.*
   | ^

Use explicit exports instead

Example: export use module.{A, B, C} or export A, B from module

[33mwarning[0m: Avoid 'export use *' - exposes unnecessary interfaces
  --> /mnt/data/worktrees/spectriage-1/src/lib/nogc_async_mut/test_runner/test_db_parser.spl:1:1
   |
  1 | export use std.nogc_sync_mut.test_runner.test_db_parser.*
   | ^

Use explicit exports instead

Example: export use module.{A, B, C} or export A, B from module

[33mwarning[0m: Avoid 'export use *' - exposes unnecessary interfaces
  --> /mnt/data/worktrees/spectriage-1/src/lib/nogc_async_mut/test_runner/test_db_serializer.spl:1:1
   |
  1 | export use std.nogc_sync_mut.test_runner.test_db_serializer.*
   | ^

Use explicit exports instead

Example: export use module.{A, B, C} or export A, B from module

[33mwarning[0m: Avoid 'export use *' - exposes unnecessary interfaces
  --> /mnt/data/worktrees/spectriage-1/src/lib/nogc_async_mut/test_runner/test_runner_helpers.spl:1:1
   |
  1 | export use std.nogc_sync_mut.test_runner.test_runner_helpers.*
   | ^

Use explicit exports instead

Example: export use module.{A, B, C} or export A, B from module

[33mwarning[0m: Avoid 'export use *' - exposes unnecessary interfaces
  --> /mnt/data/worktrees/spectriage-1/src/lib/nogc_async_mut/test_runner/doc_generator.spl:1:1
   |
  1 | export use std.nogc_sync_mut.test_runner.doc_generator.*
   | ^

Use explicit exports instead

Example: export use module.{A, B, C} or export A, B from module

[33mwarning[0m: Avoid 'export use *' - exposes unnecessary interfaces
  --> /mnt/data/worktrees/spectriage-1/src/lib/nogc_async_mut/test_runner/test_runner_modes.spl:1:1
   |
  1 | export use std.nogc_sync_mut.test_runner.test_runner_modes.*
   | ^

Use explicit exports instead

Example: export use module.{A, B, C} or export A, B from module

[33mwarning[0m: Avoid 'export use *' - exposes unnecessary interfaces
  --> /mnt/data/worktrees/spectriage-1/src/lib/nogc_async_mut/test_runner/checkpoint.spl:1:1
   |
  1 | export use std.nogc_sync_mut.test_runner.checkpoint.*
   | ^

Use explicit exports instead

Example: export use module.{A, B, C} or export A, B from module

[33mwarning[0m: Avoid 'export use *' - exposes unnecessary interfaces
  --> /mnt/data/worktrees/spectriage-1/src/lib/nogc_async_mut/test_runner/shutdown.spl:1:1
   |
  1 | export use std.nogc_sync_mut.test_runner.shutdown.*
   | ^

Use explicit exports instead

Example: export use module.{A, B, C} or export A, B from module

[33mwarning[0m: Avoid 'export use *' - exposes unnecessary interfaces
  --> /mnt/data/worktrees/spectriage-1/src/lib/nogc_async_mut/test_runner/qemu_test_runner.spl:1:1
   |
  1 | export use std.nogc_sync_mut.test_runner.qemu_test_runner.*
   | ^

Use explicit exports instead

Example: export use module.{A, B, C} or export A, B from module

[33mwarning[0m: Consider explicit exports to avoid exposing internal APIs
  --> /mnt/data/worktrees/spectriage-1/src/app/test_daemon/__init__.spl:27:1
   |
 27 | export app.test_daemon.types.*
   | ^

Use 'export {A, B, C}' or 'export {A, B} from module' for better control

Glob exports (export module.*) are acceptable for submodule re-exports in __init__.spl files

[33mwarning[0m: Consider explicit exports to avoid exposing internal APIs
  --> /mnt/data/worktrees/spectriage-1/src/app/test_daemon/__init__.spl:28:1
   |
 28 | export app.test_daemon.cache.*
   | ^

Use 'export {A, B, C}' or 'export {A, B} from module' for better control

Glob exports (export module.*) are acceptable for submodule re-exports in __init__.spl files

[33mwarning[0m: Consider explicit exports to avoid exposing internal APIs
  --> /mnt/data/worktrees/spectriage-1/src/app/test_daemon/__init__.spl:29:1
   |
 29 | export app.test_daemon.deps.*
   | ^

Use 'export {A, B, C}' or 'export {A, B} from module' for better control

Glob exports (export module.*) are acceptable for submodule re-exports in __init__.spl files

[33mwarning[0m: Consider explicit exports to avoid exposing internal APIs
  --> /mnt/data/worktrees/spectriage-1/src/app/test_daemon/__init__.spl:30:1
   |
 30 | export app.test_daemon.qemu_broker.*
   | ^

Use 'export {A, B, C}' or 'export {A, B} from module' for better control

Glob exports (export module.*) are acceptable for submodule re-exports in __init__.spl files

[33mwarning[0m: Consider explicit exports to avoid exposing internal APIs
  --> /mnt/data/worktrees/spectriage-1/src/app/test_daemon/__init__.spl:31:1
   |
 31 | export app.test_daemon.qemu_broker_snapshot.*
   | ^

Use 'export {A, B, C}' or 'export {A, B} from module' for better control

Glob exports (export module.*) are acceptable for submodule re-exports in __init__.spl files

[33mwarning[0m: Consider explicit exports to avoid exposing internal APIs
  --> /mnt/data/worktrees/spectriage-1/src/app/test_daemon/__init__.spl:32:1
   |
 32 | export app.test_daemon.resource_policy.*
   | ^

Use 'export {A, B, C}' or 'export {A, B} from module' for better control

Glob exports (export module.*) are acceptable for submodule re-exports in __init__.spl files

[33mwarning[0m: Consider explicit exports to avoid exposing internal APIs
  --> /mnt/data/worktrees/spectriage-1/src/app/test_daemon/__init__.spl:33:1
   |
 33 | export app.test_daemon.resource_snapshot.*
   | ^

Use 'export {A, B, C}' or 'export {A, B} from module' for better control

Glob exports (export module.*) are acceptable for submodule re-exports in __init__.spl files

[33mwarning[0m: Consider explicit exports to avoid exposing internal APIs
  --> /mnt/data/worktrees/spectriage-1/src/app/test_daemon/__init__.spl:34:1
   |
 34 | export app.test_daemon.daemon.*
   | ^

Use 'export {A, B, C}' or 'export {A, B} from module' for better control

Glob exports (export module.*) are acceptable for submodule re-exports in __init__.spl files

[33mwarning[0m: Consider explicit exports to avoid exposing internal APIs
  --> /mnt/data/worktrees/spectriage-1/src/app/test_daemon/__init__.spl:35:1
   |
 35 | export app.test_daemon.client.*
   | ^

Use 'export {A, B, C}' or 'export {A, B} from module' for better control

Glob exports (export module.*) are acceptable for submodule re-exports in __init__.spl files

[33mwarning[0m: Consider explicit exports to avoid exposing internal APIs
  --> /mnt/data/worktrees/spectriage-1/src/app/test_daemon/__init__.spl:36:1
   |
 36 | export app.test_daemon.agent_pool.*
   | ^

Use 'export {A, B, C}' or 'export {A, B} from module' for better control

Glob exports (export module.*) are acceptable for submodule re-exports in __init__.spl files

[33mwarning[0m: Consider explicit exports to avoid exposing internal APIs
  --> /mnt/data/worktrees/spectriage-1/src/app/test_daemon/__init__.spl:37:1
   |
 37 | export app.test_daemon.agent_client.*
   | ^

Use 'export {A, B, C}' or 'export {A, B} from module' for better control

Glob exports (export module.*) are acceptable for submodule re-exports in __init__.spl files

[33mwarning[0m: Consider explicit exports to avoid exposing internal APIs
  --> /mnt/data/worktrees/spectriage-1/src/app/test_daemon/__init__.spl:93:1
   |
 93 | export app.test_daemon.session_types.*
   | ^

Use 'export {A, B, C}' or 'export {A, B} from module' for better control

Glob exports (export module.*) are acceptable for submodule re-exports in __init__.spl files

[33mwarning[0m: Consider explicit exports to avoid exposing internal APIs
  --> /mnt/data/worktrees/spectriage-1/src/app/test_daemon/__init__.spl:94:1
   |
 94 | export app.test_daemon.session_adapter.*
   | ^

Use 'export {A, B, C}' or 'export {A, B} from module' for better control

Glob exports (export module.*) are acceptable for submodule re-exports in __init__.spl files

[33mwarning[0m: Consider explicit exports to avoid exposing internal APIs
  --> /mnt/data/worktrees/spectriage-1/src/app/test_daemon/__init__.spl:95:1
   |
 95 | export app.test_daemon.session_broker.*
   | ^

Use 'export {A, B, C}' or 'export {A, B} from module' for better control

Glob exports (export module.*) are acceptable for submodule re-exports in __init__.spl files

[33mwarning[0m: Consider explicit exports to avoid exposing internal APIs
  --> /mnt/data/worktrees/spectriage-1/src/app/test_daemon/__init__.spl:96:1
   |
 96 | export app.test_daemon.session_scheduler.*
   | ^

Use 'export {A, B, C}' or 'export {A, B} from module' for better control

Glob exports (export module.*) are acceptable for submodule re-exports in __init__.spl files

[33mwarning[0m: Avoid 'export use *' - exposes unnecessary interfaces
  --> /mnt/data/worktrees/spectriage-1/src/app/test_daemon/test_manifest.spl:6:1
   |
  6 | export use std.nogc_sync_mut.test_runner.test_manifest.*
   | ^

Use explicit exports instead

Example: export use module.{A, B, C} or export A, B from module

[33mwarning[0m: Avoid 'export use *' - exposes unnecessary interfaces
  --> /mnt/data/worktrees/spectriage-1/src/app/test_daemon/test_manifest_scanner.spl:6:1
   |
  6 | export use std.nogc_sync_mut.test_runner.test_manifest_scanner.*
   | ^

Use explicit exports instead

Example: export use module.{A, B, C} or export A, B from module

[gc-warning] Higher-layer module 'std.nogc_sync_mut.test_runner.test_runner_types' (family: nogc_sync_mut) imported in restricted context (family: nogc_async_mut) (higher_layer_runtime_family)
[gc-warning] Higher-layer module 'std.nogc_sync_mut.test_runner.test_runner_args' (family: nogc_sync_mut) imported in restricted context (family: nogc_async_mut) (higher_layer_runtime_family)
[use-warning] 'test_args_validation_error' is named in `use std.test_runner.test_runner_args.{...}` but module '/mnt/data/worktrees/spectriage-1/src/std/nogc_async_mut/test_runner/test_runner_args.spl' does not provide it (imported from /mnt/data/worktrees/spectriage-1/src/app/test_runner_new/test_runner_main.spl)
[gc-warning] Higher-layer module 'std.nogc_sync_mut.test_runner.test_config' (family: nogc_sync_mut) imported in restricted context (family: nogc_async_mut) (higher_layer_runtime_family)
[gc-warning] Higher-layer module 'std.nogc_sync_mut.test_runner.test_runner_files' (family: nogc_sync_mut) imported in restricted context (family: nogc_async_mut) (higher_layer_runtime_family)
[gc-warning] Higher-layer module 'std.nogc_sync_mut.test_runner.test_manifest' (family: nogc_sync_mut) imported in restricted context (family: nogc_async_mut) (higher_layer_runtime_family)
[use-warning] 'manifest_covers' is named in `use std.test_runner.test_manifest.{...}` but module '/mnt/data/worktrees/spectriage-1/src/std/nogc_async_mut/test_runner/test_manifest.spl' does not provide it (imported from /mnt/data/worktrees/spectriage-1/src/std/nogc_sync_mut/test_runner/test_runner_files.spl)
[gc-warning] Higher-layer module 'std.nogc_sync_mut.test_runner.test_manifest_scanner' (family: nogc_sync_mut) imported in restricted context (family: nogc_async_mut) (higher_layer_runtime_family)
[use-warning] 'manifest_merge_roots' is named in `use std.test_runner.test_manifest.{...}` but module '/mnt/data/worktrees/spectriage-1/src/std/nogc_async_mut/test_runner/test_manifest.spl' does not provide it (imported from /mnt/data/worktrees/spectriage-1/src/std/nogc_sync_mut/test_runner/test_manifest_scanner.spl)
[gc-warning] Higher-layer module 'std.nogc_sync_mut.test_runner.doctest_runner' (family: nogc_sync_mut) imported in restricted context (family: nogc_async_mut) (higher_layer_runtime_family)
[gc-warning] Higher-layer module 'std.nogc_sync_mut.test_runner.test_executor_parsing' (family: nogc_sync_mut) imported in restricted context (family: nogc_async_mut) (higher_layer_runtime_family)
[gc-warning] Higher-layer module 'nogc_sync_mut.test_runner.sdoctest.types' (family: nogc_sync_mut) imported in restricted context (family: nogc_async_mut) (higher_layer_runtime_family)
[gc-warning] Higher-layer module 'nogc_sync_mut.test_runner.sdoctest.types' (family: nogc_sync_mut) imported in restricted context (family: nogc_async_mut) (higher_layer_runtime_family)
[gc-warning] Higher-layer module 'nogc_sync_mut.test_runner.sdoctest.types' (family: nogc_sync_mut) imported in restricted context (family: nogc_async_mut) (higher_layer_runtime_family)
[gc-warning] Higher-layer module 'nogc_sync_mut.test_runner.sdoctest.extractor' (family: nogc_sync_mut) imported in restricted context (family: nogc_async_mut) (higher_layer_runtime_family)
[gc-warning] Higher-layer module 'nogc_sync_mut.test_runner.sdoctest.extractor' (family: nogc_sync_mut) imported in restricted context (family: nogc_async_mut) (higher_layer_runtime_family)
[gc-warning] Higher-layer module 'nogc_sync_mut.test_runner.sdoctest.extractor' (family: nogc_sync_mut) imported in restricted context (family: nogc_async_mut) (higher_layer_runtime_family)
[gc-warning] Higher-layer module 'std.nogc_sync_mut.test_runner.test_runner_coverage' (family: nogc_sync_mut) imported in restricted context (family: nogc_async_mut) (higher_layer_runtime_family)
[gc-warning] Higher-layer module 'std.nogc_sync_mut.test_runner.test_runner_execute' (family: nogc_sync_mut) imported in restricted context (family: nogc_async_mut) (higher_layer_runtime_family)
[gc-warning] Higher-layer module 'std.nogc_sync_mut.test_runner.test_runner_fork' (family: nogc_sync_mut) imported in restricted context (family: nogc_async_mut) (higher_layer_runtime_family)
[use-warning] 'make_result_from_structured_evidence' is named in `use std.test_runner.test_executor_parsing.{...}` but module '/mnt/data/worktrees/spectriage-1/src/std/nogc_async_mut/test_runner/test_executor_parsing.spl' does not provide it (imported from /mnt/data/worktrees/spectriage-1/src/std/nogc_sync_mut/test_runner/test_runner_execute.spl)
[use-warning] '_tp_get_temp_dir' is named in `use std.test_runner.test_executor_parsing.{...}` but module '/mnt/data/worktrees/spectriage-1/src/std/nogc_async_mut/test_runner/test_executor_parsing.spl' does not provide it (imported from /mnt/data/worktrees/spectriage-1/src/std/nogc_sync_mut/test_runner/test_runner_execute.spl)
[use-warning] 'COMPILER_COVERAGE_BEGIN' is named in `use std.test_runner.test_executor_parsing.{...}` but module '/mnt/data/worktrees/spectriage-1/src/std/nogc_async_mut/test_runner/test_executor_parsing.spl' does not provide it (imported from /mnt/data/worktrees/spectriage-1/src/std/nogc_sync_mut/test_runner/test_runner_execute.spl)
[use-warning] 'COMPILER_COVERAGE_END' is named in `use std.test_runner.test_executor_parsing.{...}` but module '/mnt/data/worktrees/spectriage-1/src/std/nogc_async_mut/test_runner/test_executor_parsing.spl' does not provide it (imported from /mnt/data/worktrees/spectriage-1/src/std/nogc_sync_mut/test_runner/test_runner_execute.spl)
[gc-warning] Higher-layer module 'std.nogc_sync_mut.test_runner.test_executor_composite' (family: nogc_sync_mut) imported in restricted context (family: nogc_async_mut) (higher_layer_runtime_family)
[gc-warning] Higher-layer module 'std.nogc_sync_mut.spec.env_detect' (family: nogc_sync_mut) imported in restricted context (family: nogc_async_mut) (higher_layer_runtime_family)
[gc-warning] Higher-layer module 'std.nogc_sync_mut.test_runner.test_executor_composite_jit_generic' (family: nogc_sync_mut) imported in restricted context (family: nogc_async_mut) (higher_layer_runtime_family)
[use-warning] 'module_surface_composite_arrays_aligned' is named in `use compiler.hir.hir_lowering.module_surface_registry_index.{...}` but module '/mnt/data/worktrees/spectriage-1/src/compiler/hir/hir_lowering/module_surface_registry_index.spl' does not provide it (imported from /mnt/data/worktrees/spectriage-1/src/compiler/hir/hir_lowering/_Items/module_lowering.spl)
[use-warning] 'module_surface_composite_index' is named in `use compiler.hir.hir_lowering.module_surface_registry_index.{...}` but module '/mnt/data/worktrees/spectriage-1/src/compiler/hir/hir_lowering/module_surface_registry_index.spl' does not provide it (imported from /mnt/data/worktrees/spectriage-1/src/compiler/hir/hir_lowering/_Items/module_lowering.spl)
[use-warning] 'BackendCompileOptions' is named in `use compiler.common.driver_core_types.{...}` but module '/mnt/data/worktrees/spectriage-1/src/compiler/common/driver_core_types.spl' does not provide it (imported from /mnt/data/worktrees/spectriage-1/src/compiler/backend/target_presets.spl)
[gc-warning] Higher-layer module 'std.nogc_sync_mut.sffi.llvm_loader' (family: nogc_sync_mut) imported in restricted context (family: nogc_async_mut) (higher_layer_runtime_family)
[gc-warning] Higher-layer module 'std.nogc_sync_mut.sffi.dynamic' (family: nogc_sync_mut) imported in restricted context (family: nogc_async_mut) (higher_layer_runtime_family)
[gc-warning] Higher-layer module 'std.nogc_sync_mut.io.file_ops' (family: nogc_sync_mut) imported in restricted context (family: nogc_async_mut) (higher_layer_runtime_family)
[gc-warning] Higher-layer module 'std.nogc_sync_mut.daemon_sdk.types' (family: nogc_sync_mut) imported in restricted context (family: nogc_async_mut) (higher_layer_runtime_family)
[use-warning] 'rt_timestamp_now' is named in `use std.nogc_sync_mut.io.time_ops.{...}` but module '/mnt/data/worktrees/spectriage-1/src/std/nogc_sync_mut/io/time_ops.spl' does not provide it (imported from /mnt/data/worktrees/spectriage-1/src/app/io/time_ops.spl)
[use-warning] 'rt_sleep_ms' is named in `use std.nogc_sync_mut.io.time_ops.{...}` but module '/mnt/data/worktrees/spectriage-1/src/std/nogc_sync_mut/io/time_ops.spl' does not provide it (imported from /mnt/data/worktrees/spectriage-1/src/app/io/time_ops.spl)
[gc-warning] Higher-layer module 'std.nogc_sync_mut.io.cuda_sffi' (family: nogc_sync_mut) imported in restricted context (family: nogc_async_mut) (higher_layer_runtime_family)
[gc-warning] Higher-layer module 'std.nogc_sync_mut.io.vulkan_sffi' (family: nogc_sync_mut) imported in restricted context (family: nogc_async_mut) (higher_layer_runtime_family)
[gc-warning] Higher-layer module 'std.nogc_sync_mut.gpu.engine2d.sffi_vulkan' (family: nogc_sync_mut) imported in restricted context (family: nogc_async_mut) (higher_layer_runtime_family)
[use-warning] 'rt_vulkan_init' is named in `use std.gpu.engine2d.sffi_vulkan.{...}` but module '/mnt/data/worktrees/spectriage-1/src/std/nogc_async_mut/gpu/engine2d/sffi_vulkan.spl' does not provide it (imported from /mnt/data/worktrees/spectriage-1/src/std/nogc_sync_mut/io/vulkan_sffi.spl)
[use-warning] 'rt_vulkan_shutdown' is named in `use std.gpu.engine2d.sffi_vulkan.{...}` but module '/mnt/data/worktrees/spectriage-1/src/std/nogc_async_mut/gpu/engine2d/sffi_vulkan.spl' does not provide it (imported from /mnt/data/worktrees/spectriage-1/src/std/nogc_sync_mut/io/vulkan_sffi.spl)
[use-warning] 'rt_vulkan_is_available' is named in `use std.gpu.engine2d.sffi_vulkan.{...}` but module '/mnt/data/worktrees/spectriage-1/src/std/nogc_async_mut/gpu/engine2d/sffi_vulkan.spl' does not provide it (imported from /mnt/data/worktrees/spectriage-1/src/std/nogc_sync_mut/io/vulkan_sffi.spl)
[use-warning] 'rt_vulkan_device_count' is named in `use std.gpu.engine2d.sffi_vulkan.{...}` but module '/mnt/data/worktrees/spectriage-1/src/std/nogc_async_mut/gpu/engine2d/sffi_vulkan.spl' does not provide it (imported from /mnt/data/worktrees/spectriage-1/src/std/nogc_sync_mut/io/vulkan_sffi.spl)
[use-warning] 'rt_vulkan_select_device' is named in `use std.gpu.engine2d.sffi_vulkan.{...}` but module '/mnt/data/worktrees/spectriage-1/src/std/nogc_async_mut/gpu/engine2d/sffi_vulkan.spl' does not provide it (imported from /mnt/data/worktrees/spectriage-1/src/std/nogc_sync_mut/io/vulkan_sffi.spl)
[use-warning] 'rt_vulkan_device_name' is named in `use std.gpu.engine2d.sffi_vulkan.{...}` but module '/mnt/data/worktrees/spectriage-1/src/std/nogc_async_mut/gpu/engine2d/sffi_vulkan.spl' does not provide it (imported from /mnt/data/worktrees/spectriage-1/src/std/nogc_sync_mut/io/vulkan_sffi.spl)
[use-warning] 'rt_vulkan_device_type' is named in `use std.gpu.engine2d.sffi_vulkan.{...}` but module '/mnt/data/worktrees/spectriage-1/src/std/nogc_async_mut/gpu/engine2d/sffi_vulkan.spl' does not provide it (imported from /mnt/data/worktrees/spectriage-1/src/std/nogc_sync_mut/io/vulkan_sffi.spl)
[use-warning] 'rt_vulkan_device_driver_identity' is named in `use std.gpu.engine2d.sffi_vulkan.{...}` but module '/mnt/data/worktrees/spectriage-1/src/std/nogc_async_mut/gpu/engine2d/sffi_vulkan.spl' does not provide it (imported from /mnt/data/worktrees/spectriage-1/src/std/nogc_sync_mut/io/vulkan_sffi.spl)
[use-warning] 'rt_vulkan_selected_device_type' is named in `use std.gpu.engine2d.sffi_vulkan.{...}` but module '/mnt/data/worktrees/spectriage-1/src/std/nogc_async_mut/gpu/engine2d/sffi_vulkan.spl' does not provide it (imported from /mnt/data/worktrees/spectriage-1/src/std/nogc_sync_mut/io/vulkan_sffi.spl)
[use-warning] 'rt_vulkan_selected_device_driver_identity' is named in `use std.gpu.engine2d.sffi_vulkan.{...}` but module '/mnt/data/worktrees/spectriage-1/src/std/nogc_async_mut/gpu/engine2d/sffi_vulkan.spl' does not provide it (imported from /mnt/data/worktrees/spectriage-1/src/std/nogc_sync_mut/io/vulkan_sffi.spl)
[use-warning] 'rt_vulkan_alloc_buffer' is named in `use std.gpu.engine2d.sffi_vulkan.{...}` but module '/mnt/data/worktrees/spectriage-1/src/std/nogc_async_mut/gpu/engine2d/sffi_vulkan.spl' does not provide it (imported from /mnt/data/worktrees/spectriage-1/src/std/nogc_sync_mut/io/vulkan_sffi.spl)
[use-warning] 'rt_vulkan_free_buffer' is named in `use std.gpu.engine2d.sffi_vulkan.{...}` but module '/mnt/data/worktrees/spectriage-1/src/std/nogc_async_mut/gpu/engine2d/sffi_vulkan.spl' does not provide it (imported from /mnt/data/worktrees/spectriage-1/src/std/nogc_sync_mut/io/vulkan_sffi.spl)
[use-warning] 'rt_vulkan_copy_to_buffer' is named in `use std.gpu.engine2d.sffi_vulkan.{...}` but module '/mnt/data/worktrees/spectriage-1/src/std/nogc_async_mut/gpu/engine2d/sffi_vulkan.spl' does not provide it (imported from /mnt/data/worktrees/spectriage-1/src/std/nogc_sync_mut/io/vulkan_sffi.spl)
[use-warning] 'rt_vulkan_copy_from_buffer' is named in `use std.gpu.engine2d.sffi_vulkan.{...}` but module '/mnt/data/worktrees/spectriage-1/src/std/nogc_async_mut/gpu/engine2d/sffi_vulkan.spl' does not provide it (imported from /mnt/data/worktrees/spectriage-1/src/std/nogc_sync_mut/io/vulkan_sffi.spl)
[use-warning] 'rt_vulkan_compile_spirv' is named in `use std.gpu.engine2d.sffi_vulkan.{...}` but module '/mnt/data/worktrees/spectriage-1/src/std/nogc_async_mut/gpu/engine2d/sffi_vulkan.spl' does not provide it (imported from /mnt/data/worktrees/spectriage-1/src/std/nogc_sync_mut/io/vulkan_sffi.spl)
[use-warning] 'rt_vulkan_compile_spirv_array' is named in `use std.gpu.engine2d.sffi_vulkan.{...}` but module '/mnt/data/worktrees/spectriage-1/src/std/nogc_async_mut/gpu/engine2d/sffi_vulkan.spl' does not provide it (imported from /mnt/data/worktrees/spectriage-1/src/std/nogc_sync_mut/io/vulkan_sffi.spl)
[use-warning] 'rt_vulkan_compile_glsl' is named in `use std.gpu.engine2d.sffi_vulkan.{...}` but module '/mnt/data/worktrees/spectriage-1/src/std/nogc_async_mut/gpu/engine2d/sffi_vulkan.spl' does not provide it (imported from /mnt/data/worktrees/spectriage-1/src/std/nogc_sync_mut/io/vulkan_sffi.spl)
[use-warning] 'rt_vulkan_destroy_shader' is named in `use std.gpu.engine2d.sffi_vulkan.{...}` but module '/mnt/data/worktrees/spectriage-1/src/std/nogc_async_mut/gpu/engine2d/sffi_vulkan.spl' does not provide it (imported from /mnt/data/worktrees/spectriage-1/src/std/nogc_sync_mut/io/vulkan_sffi.spl)
[use-warning] 'rt_vulkan_create_compute_pipeline' is named in `use std.gpu.engine2d.sffi_vulkan.{...}` but module '/mnt/data/worktrees/spectriage-1/src/std/nogc_async_mut/gpu/engine2d/sffi_vulkan.spl' does not provide it (imported from /mnt/data/worktrees/spectriage-1/src/std/nogc_sync_mut/io/vulkan_sffi.spl)
[use-warning] 'rt_vulkan_destroy_pipeline' is named in `use std.gpu.engine2d.sffi_vulkan.{...}` but module '/mnt/data/worktrees/spectriage-1/src/std/nogc_async_mut/gpu/engine2d/sffi_vulkan.spl' does not provide it (imported from /mnt/data/worktrees/spectriage-1/src/std/nogc_sync_mut/io/vulkan_sffi.spl)
[use-warning] 'rt_vulkan_create_descriptor_set' is named in `use std.gpu.engine2d.sffi_vulkan.{...}` but module '/mnt/data/worktrees/spectriage-1/src/std/nogc_async_mut/gpu/engine2d/sffi_vulkan.spl' does not provide it (imported from /mnt/data/worktrees/spectriage-1/src/std/nogc_sync_mut/io/vulkan_sffi.spl)
[use-warning] 'rt_vulkan_bind_buffer' is named in `use std.gpu.engine2d.sffi_vulkan.{...}` but module '/mnt/data/worktrees/spectriage-1/src/std/nogc_async_mut/gpu/engine2d/sffi_vulkan.spl' does not provide it (imported from /mnt/data/worktrees/spectriage-1/src/std/nogc_sync_mut/io/vulkan_sffi.spl)
[use-warning] 'rt_vulkan_destroy_descriptor_set' is named in `use std.gpu.engine2d.sffi_vulkan.{...}` but module '/mnt/data/worktrees/spectriage-1/src/std/nogc_async_mut/gpu/engine2d/sffi_vulkan.spl' does not provide it (imported from /mnt/data/worktrees/spectriage-1/src/std/nogc_sync_mut/io/vulkan_sffi.spl)
[use-warning] 'rt_vulkan_begin_compute' is named in `use std.gpu.engine2d.sffi_vulkan.{...}` but module '/mnt/data/worktrees/spectriage-1/src/std/nogc_async_mut/gpu/engine2d/sffi_vulkan.spl' does not provide it (imported from /mnt/data/worktrees/spectriage-1/src/std/nogc_sync_mut/io/vulkan_sffi.spl)
[use-warning] 'rt_vulkan_bind_pipeline' is named in `use std.gpu.engine2d.sffi_vulkan.{...}` but module '/mnt/data/worktrees/spectriage-1/src/std/nogc_async_mut/gpu/engine2d/sffi_vulkan.spl' does not provide it (imported from /mnt/data/worktrees/spectriage-1/src/std/nogc_sync_mut/io/vulkan_sffi.spl)
[use-warning] 'rt_vulkan_bind_descriptors' is named in `use std.gpu.engine2d.sffi_vulkan.{...}` but module '/mnt/data/worktrees/spectriage-1/src/std/nogc_async_mut/gpu/engine2d/sffi_vulkan.spl' does not provide it (imported from /mnt/data/worktrees/spectriage-1/src/std/nogc_sync_mut/io/vulkan_sffi.spl)
[use-warning] 'rt_vulkan_push_constants' is named in `use std.gpu.engine2d.sffi_vulkan.{...}` but module '/mnt/data/worktrees/spectriage-1/src/std/nogc_async_mut/gpu/engine2d/sffi_vulkan.spl' does not provide it (imported from /mnt/data/worktrees/spectriage-1/src/std/nogc_sync_mut/io/vulkan_sffi.spl)
[use-warning] 'rt_vulkan_dispatch' is named in `use std.gpu.engine2d.sffi_vulkan.{...}` but module '/mnt/data/worktrees/spectriage-1/src/std/nogc_async_mut/gpu/engine2d/sffi_vulkan.spl' does not provide it (imported from /mnt/data/worktrees/spectriage-1/src/std/nogc_sync_mut/io/vulkan_sffi.spl)
[use-warning] 'rt_vulkan_end_compute' is named in `use std.gpu.engine2d.sffi_vulkan.{...}` but module '/mnt/data/worktrees/spectriage-1/src/std/nogc_async_mut/gpu/engine2d/sffi_vulkan.spl' does not provide it (imported from /mnt/data/worktrees/spectriage-1/src/std/nogc_sync_mut/io/vulkan_sffi.spl)
[use-warning] 'rt_vulkan_discard_command' is named in `use std.gpu.engine2d.sffi_vulkan.{...}` but module '/mnt/data/worktrees/spectriage-1/src/std/nogc_async_mut/gpu/engine2d/sffi_vulkan.spl' does not provide it (imported from /mnt/data/worktrees/spectriage-1/src/std/nogc_sync_mut/io/vulkan_sffi.spl)
[use-warning] 'rt_vulkan_submit_and_wait' is named in `use std.gpu.engine2d.sffi_vulkan.{...}` but module '/mnt/data/worktrees/spectriage-1/src/std/nogc_async_mut/gpu/engine2d/sffi_vulkan.spl' does not provide it (imported from /mnt/data/worktrees/spectriage-1/src/std/nogc_sync_mut/io/vulkan_sffi.spl)
[use-warning] 'rt_vulkan_submit_and_wait_fence' is named in `use std.gpu.engine2d.sffi_vulkan.{...}` but module '/mnt/data/worktrees/spectriage-1/src/std/nogc_async_mut/gpu/engine2d/sffi_vulkan.spl' does not provide it (imported from /mnt/data/worktrees/spectriage-1/src/std/nogc_sync_mut/io/vulkan_sffi.spl)
[use-warning] 'rt_vulkan_wait_idle' is named in `use std.gpu.engine2d.sffi_vulkan.{...}` but module '/mnt/data/worktrees/spectriage-1/src/std/nogc_async_mut/gpu/engine2d/sffi_vulkan.spl' does not provide it (imported from /mnt/data/worktrees/spectriage-1/src/std/nogc_sync_mut/io/vulkan_sffi.spl)
[use-warning] 'rt_vulkan_destroy_fence' is named in `use std.gpu.engine2d.sffi_vulkan.{...}` but module '/mnt/data/worktrees/spectriage-1/src/std/nogc_async_mut/gpu/engine2d/sffi_vulkan.spl' does not provide it (imported from /mnt/data/worktrees/spectriage-1/src/std/nogc_sync_mut/io/vulkan_sffi.spl)
[use-warning] 'rt_vulkan_wait_fence' is named in `use std.gpu.engine2d.sffi_vulkan.{...}` but module '/mnt/data/worktrees/spectriage-1/src/std/nogc_async_mut/gpu/engine2d/sffi_vulkan.spl' does not provide it (imported from /mnt/data/worktrees/spectriage-1/src/std/nogc_sync_mut/io/vulkan_sffi.spl)
[use-warning] 'rt_vulkan_get_last_error' is named in `use std.gpu.engine2d.sffi_vulkan.{...}` but module '/mnt/data/worktrees/spectriage-1/src/std/nogc_async_mut/gpu/engine2d/sffi_vulkan.spl' does not provide it (imported from /mnt/data/worktrees/spectriage-1/src/std/nogc_sync_mut/io/vulkan_sffi.spl)
[use-warning] 'rt_vulkan_destroy_swapchain' is named in `use std.gpu.engine2d.sffi_vulkan.{...}` but module '/mnt/data/worktrees/spectriage-1/src/std/nogc_async_mut/gpu/engine2d/sffi_vulkan.spl' does not provide it (imported from /mnt/data/worktrees/spectriage-1/src/std/nogc_sync_mut/io/vulkan_sffi.spl)
[gc-warning] Higher-layer module 'std.nogc_sync_mut.path' (family: nogc_sync_mut) imported in restricted context (family: nogc_async_mut) (higher_layer_runtime_family)
[gc-warning] GC module 'std.gc_async_mut.gpu_lane.cuda_jit_lane_executor' (family: gc_async_mut) imported in restricted context (family: nogc_sync_mut) (nogc_imports_gc_family)
[gc-warning] Higher-layer module 'std.nogc_sync_mut.cuda.sffi' (family: nogc_sync_mut) imported in restricted context (family: nogc_async_mut) (higher_layer_runtime_family)
[gc-warning] Higher-layer module 'std.nogc_sync_mut.simd' (family: nogc_sync_mut) imported in restricted context (family: nogc_async_mut) (higher_layer_runtime_family)
[gc-warning] Higher-layer module 'std.nogc_sync_mut.simd_crypto' (family: nogc_sync_mut) imported in restricted context (family: nogc_async_mut) (higher_layer_runtime_family)
[gc-warning] GC module 'std.gc_async_mut.gpu_lane.vulkan_jit_lane_executor' (family: gc_async_mut) imported in restricted context (family: nogc_sync_mut) (nogc_imports_gc_family)
[gc-warning] GC module 'std.gc_async_mut.gpu_lane.cuda_vm_executor' (family: gc_async_mut) imported in restricted context (family: nogc_sync_mut) (nogc_imports_gc_family)
[gc-warning] GC module 'std.gc_async_mut.gpu_lane.vulkan_vm_executor' (family: gc_async_mut) imported in restricted context (family: nogc_sync_mut) (nogc_imports_gc_family)
[gc-warning] Higher-layer module 'std.nogc_sync_mut.test_runner.test_runner_output' (family: nogc_sync_mut) imported in restricted context (family: nogc_async_mut) (higher_layer_runtime_family)
[gc-warning] Higher-layer module 'std.nogc_sync_mut.test_runner.test_runner_config' (family: nogc_sync_mut) imported in restricted context (family: nogc_async_mut) (higher_layer_runtime_family)
[use-warning] 'normalize_profile_name' is named in `use std.test_runner.test_runner_args.{...}` but module '/mnt/data/worktrees/spectriage-1/src/std/nogc_async_mut/test_runner/test_runner_args.spl' does not provide it (imported from /mnt/data/worktrees/spectriage-1/src/std/nogc_sync_mut/test_runner/test_runner_config.spl)
[gc-warning] Higher-layer module 'std.nogc_sync_mut.test_runner.test_db_compat' (family: nogc_sync_mut) imported in restricted context (family: nogc_async_mut) (higher_layer_runtime_family)
[gc-warning] Higher-layer module 'nogc_sync_mut.database.test_extended.database' (family: nogc_sync_mut) imported in restricted context (family: nogc_async_mut) (higher_layer_runtime_family)
[gc-warning] Higher-layer module 'nogc_sync_mut.database.test_extended.factory' (family: nogc_sync_mut) imported in restricted context (family: nogc_async_mut) (higher_layer_runtime_family)
[gc-warning] Higher-layer module 'nogc_sync_mut.database.test_extended.stubs' (family: nogc_sync_mut) imported in restricted context (family: nogc_async_mut) (higher_layer_runtime_family)
[use-warning] 'rt_timestamp_now' is named in `use nogc_sync_mut.database.test_extended.stubs.{...}` but module '/mnt/data/worktrees/spectriage-1/src/lib/nogc_sync_mut/database/test_extended/stubs.spl' does not provide it (imported from /mnt/data/worktrees/spectriage-1/src/lib/nogc_async_mut/database/test_extended/stubs.spl)
[use-warning] 'rt_getpid' is named in `use nogc_sync_mut.database.test_extended.stubs.{...}` but module '/mnt/data/worktrees/spectriage-1/src/lib/nogc_sync_mut/database/test_extended/stubs.spl' does not provide it (imported from /mnt/data/worktrees/spectriage-1/src/lib/nogc_async_mut/database/test_extended/stubs.spl)
[gc-warning] Higher-layer module 'nogc_sync_mut.database.test_extended.types' (family: nogc_sync_mut) imported in restricted context (family: nogc_async_mut) (higher_layer_runtime_family)
[gc-warning] Higher-layer module 'std.nogc_sync_mut.test_runner.test_db_types' (family: nogc_sync_mut) imported in restricted context (family: nogc_async_mut) (higher_layer_runtime_family)
[gc-warning] Higher-layer module 'std.nogc_sync_mut.test_runner.test_db_core' (family: nogc_sync_mut) imported in restricted context (family: nogc_async_mut) (higher_layer_runtime_family)
[gc-warning] Higher-layer module 'std.nogc_sync_mut.test_runner.string_interner' (family: nogc_sync_mut) imported in restricted context (family: nogc_async_mut) (higher_layer_runtime_family)
[gc-warning] Higher-layer module 'std.nogc_sync_mut.test_runner.test_db_io' (family: nogc_sync_mut) imported in restricted context (family: nogc_async_mut) (higher_layer_runtime_family)
[gc-warning] Higher-layer module 'std.nogc_sync_mut.test_runner.test_db_lock' (family: nogc_sync_mut) imported in restricted context (family: nogc_async_mut) (higher_layer_runtime_family)
[gc-warning] Higher-layer module 'std.nogc_sync_mut.test_runner.test_db_parser' (family: nogc_sync_mut) imported in restricted context (family: nogc_async_mut) (higher_layer_runtime_family)
[gc-warning] Higher-layer module 'std.nogc_sync_mut.test_runner.test_db_serializer' (family: nogc_sync_mut) imported in restricted context (family: nogc_async_mut) (higher_layer_runtime_family)
[gc-warning] Higher-layer module 'std.nogc_sync_mut.test_runner.test_stats' (family: nogc_sync_mut) imported in restricted context (family: nogc_async_mut) (higher_layer_runtime_family)
[gc-warning] Higher-layer module 'std.nogc_sync_mut.test_runner.test_runner_helpers' (family: nogc_sync_mut) imported in restricted context (family: nogc_async_mut) (higher_layer_runtime_family)
[gc-warning] Higher-layer module 'std.nogc_sync_mut.database.core' (family: nogc_sync_mut) imported in restricted context (family: nogc_async_mut) (higher_layer_runtime_family)
[gc-warning] Higher-layer module 'std.nogc_sync_mut.io' (family: nogc_sync_mut) imported in restricted context (family: nogc_async_mut) (higher_layer_runtime_family)
[gc-warning] Higher-layer module 'std.nogc_sync_mut.io.time_ops' (family: nogc_sync_mut) imported in restricted context (family: nogc_async_mut) (higher_layer_runtime_family)
[gc-warning] Higher-layer module 'std.nogc_sync_mut.io.file_ops' (family: nogc_sync_mut) imported in restricted context (family: nogc_async_mut) (higher_layer_runtime_family)
[gc-warning] Higher-layer module 'std.nogc_sync_mut.io.dir_entry_ops' (family: nogc_sync_mut) imported in restricted context (family: nogc_async_mut) (higher_layer_runtime_family)
[gc-warning] Higher-layer module 'std.nogc_sync_mut.io.tcp' (family: nogc_sync_mut) imported in restricted context (family: nogc_async_mut) (higher_layer_runtime_family)
[gc-warning] Higher-layer module 'std.nogc_sync_mut.io.tcp' (family: nogc_sync_mut) imported in restricted context (family: nogc_async_mut) (higher_layer_runtime_family)
[gc-warning] Higher-layer module 'std.nogc_sync_mut.io.udp' (family: nogc_sync_mut) imported in restricted context (family: nogc_async_mut) (higher_layer_runtime_family)
[gc-warning] Higher-layer module 'std.nogc_sync_mut.database.checker' (family: nogc_sync_mut) imported in restricted context (family: nogc_async_mut) (higher_layer_runtime_family)
[gc-warning] Higher-layer module 'std.io' (family: nogc_sync_mut) imported in restricted context (family: nogc_async_mut) (higher_layer_runtime_family)
[gc-warning] Higher-layer module 'std.nogc_sync_mut.test_runner.doc_generator' (family: nogc_sync_mut) imported in restricted context (family: nogc_async_mut) (higher_layer_runtime_family)
[gc-warning] Higher-layer module 'nogc_sync_mut.test_runner.sdoctest.config' (family: nogc_sync_mut) imported in restricted context (family: nogc_async_mut) (higher_layer_runtime_family)
[gc-warning] Higher-layer module 'nogc_sync_mut.test_runner.sdoctest.config' (family: nogc_sync_mut) imported in restricted context (family: nogc_async_mut) (higher_layer_runtime_family)
[gc-warning] Higher-layer module 'nogc_sync_mut.test_runner.sdoctest.runner' (family: nogc_sync_mut) imported in restricted context (family: nogc_async_mut) (higher_layer_runtime_family)
[gc-warning] Higher-layer module 'nogc_sync_mut.test_runner.sdoctest.runner' (family: nogc_sync_mut) imported in restricted context (family: nogc_async_mut) (higher_layer_runtime_family)
[gc-warning] Higher-layer module 'nogc_sync_mut.test_runner.sdoctest.runner' (family: nogc_sync_mut) imported in restricted context (family: nogc_async_mut) (higher_layer_runtime_family)
[gc-warning] Higher-layer module 'std.nogc_sync_mut.test_runner.test_runner_modes' (family: nogc_sync_mut) imported in restricted context (family: nogc_async_mut) (higher_layer_runtime_family)
[gc-warning] Higher-layer module 'std.nogc_sync_mut.test_runner.checkpoint' (family: nogc_sync_mut) imported in restricted context (family: nogc_async_mut) (higher_layer_runtime_family)
[gc-warning] Higher-layer module 'std.nogc_sync_mut.test_runner.system_monitor' (family: nogc_sync_mut) imported in restricted context (family: nogc_async_mut) (higher_layer_runtime_family)
[use-warning] 'self_tree_exceeds_threshold' is named in `use std.test_runner.system_monitor.{...}` but module '/mnt/data/worktrees/spectriage-1/src/std/nogc_async_mut/test_runner/system_monitor.spl' does not provide it (imported from /mnt/data/worktrees/spectriage-1/src/app/test_runner_new/test_runner_main.spl)
[gc-warning] Higher-layer module 'std.nogc_sync_mut.test_runner.shutdown' (family: nogc_sync_mut) imported in restricted context (family: nogc_async_mut) (higher_layer_runtime_family)
[gc-warning] Higher-layer module 'std.nogc_sync_mut.test_runner.process_tracker' (family: nogc_sync_mut) imported in restricted context (family: nogc_async_mut) (higher_layer_runtime_family)
[gc-warning] Higher-layer module 'std.nogc_sync_mut.test_runner.test_runner_async' (family: nogc_sync_mut) imported in restricted context (family: nogc_async_mut) (higher_layer_runtime_family)
[gc-warning] Higher-layer module 'std.nogc_sync_mut.io.sysinfo_ops' (family: nogc_sync_mut) imported in restricted context (family: nogc_async_mut) (higher_layer_runtime_family)
[gc-warning] Higher-layer module 'std.nogc_sync_mut.test_runner.runner_lifecycle' (family: nogc_sync_mut) imported in restricted context (family: nogc_async_mut) (higher_layer_runtime_family)
[use-warning] 'tracker_container_runtime' is named in `use std.test_runner.process_tracker.{...}` but module '/mnt/data/worktrees/spectriage-1/src/std/nogc_async_mut/test_runner/process_tracker.spl' does not provide it (imported from /mnt/data/worktrees/spectriage-1/src/std/nogc_sync_mut/test_runner/runner_lifecycle.spl)
[gc-warning] Higher-layer module 'std.nogc_sync_mut.test_runner.resource_governor' (family: nogc_sync_mut) imported in restricted context (family: nogc_async_mut) (higher_layer_runtime_family)
[gc-warning] Higher-layer module 'std.nogc_sync_mut.test_runner.test_classification' (family: nogc_sync_mut) imported in restricted context (family: nogc_async_mut) (higher_layer_runtime_family)
[gc-warning] Higher-layer module 'std.nogc_sync_mut.test_runner.qemu_test_runner' (family: nogc_sync_mut) imported in restricted context (family: nogc_async_mut) (higher_layer_runtime_family)
[gc-warning] Higher-layer module 'std.nogc_sync_mut.qemu.qmp_client' (family: nogc_sync_mut) imported in restricted context (family: nogc_async_mut) (higher_layer_runtime_family)
[gc-warning] Higher-layer module 'std.nogc_sync_mut.daemon_sdk.client' (family: nogc_sync_mut) imported in restricted context (family: nogc_async_mut) (higher_layer_runtime_family)
[gc-warning] Higher-layer module 'std.nogc_sync_mut.daemon_sdk.lock' (family: nogc_sync_mut) imported in restricted context (family: nogc_async_mut) (higher_layer_runtime_family)
[gc-warning] Higher-layer module 'std.nogc_sync_mut.daemon_sdk.protocol' (family: nogc_sync_mut) imported in restricted context (family: nogc_async_mut) (higher_layer_runtime_family)
[gc-warning] Higher-layer module 'std.nogc_sync_mut.daemon_sdk.daemon' (family: nogc_sync_mut) imported in restricted context (family: nogc_async_mut) (higher_layer_runtime_family)
[gc-warning] Higher-layer module 'std.nogc_sync_mut.debug.remote.types' (family: nogc_sync_mut) imported in restricted context (family: nogc_async_mut) (higher_layer_runtime_family)
WARNING: this Rust-built Simple binary is a bootstrap seed only; do not use it as the normal tool.
Build and use the pure-Simple bin/simple instead.
WARNING: this Rust-built Simple binary is a bootstrap seed only; do not use it as the normal tool.
Build and use the pure-Simple bin/simple instead.
error[E1002]: function `runtime_file_rename` not found
  = help: check the function name or import the module that defines it
