symbol	class	scoped_callsites	declaring_file
FreeLibrary	GENUINELY_MISSING	1	src/app/interpreter/ffi/extern.spl
GetProcAddress	GENUINELY_MISSING	1	src/app/interpreter/ffi/extern.spl
LoadLibraryA	GENUINELY_MISSING	1	src/app/interpreter/ffi/extern.spl
__native_resource_registry_clear	GENUINELY_MISSING	1	src/compiler_rust/lib/std/src/core/resource_registry.spl
__native_resource_registry_close_all	GENUINELY_MISSING	1	src/compiler_rust/lib/std/src/core/resource_registry.spl
__native_resource_registry_get_all	GENUINELY_MISSING	1	src/compiler_rust/lib/std/src/core/resource_registry.spl
__native_resource_registry_register	GENUINELY_MISSING	1	src/compiler_rust/lib/std/src/core/resource_registry.spl
__native_resource_registry_unregister	GENUINELY_MISSING	1	src/compiler_rust/lib/std/src/core/resource_registry.spl
__native_time_now	GENUINELY_MISSING	1	src/compiler_rust/lib/std/src/core/resource_registry.spl
__simple_call_module_inits	GENUINELY_MISSING	2	src/os/kernel/arch/riscv64/boot.spl
__simple_main	GENUINELY_MISSING	2	src/os/runtime/baremetal/runtime_minimal.spl
_get_bss_start	DEAD_DECLARATION	0	src/os/kernel/arch/x86_64/boot.spl
_get_kernel_end	GENUINELY_MISSING	7	src/os/kernel/arch/x86_32/boot.spl
_get_kernel_start	GENUINELY_MISSING	1	src/os/kernel/arch/x86_32/boot.spl
_http_get_response_body	GENUINELY_MISSING	1	src/compiler_rust/lib/std/src/core/net/http_client.spl
_http_post	GENUINELY_MISSING	1	src/compiler_rust/lib/std/src/core/net/http_client.spl
_rv64_enter_user	SHADOWED_BY_SPL_FN	2	src/os/kernel/arch/riscv64/context.spl
add_external	DEAD_DECLARATION	0	test/03_system/feature/usage/parser_functions_spec.spl
align_of	DEAD_DECLARATION	0	src/compiler_rust/lib/std/src/core_nogc/arena.spl
arm_fs_exec_trace	GENUINELY_MISSING	60	src/os/services/vfs/arm_fs_exec_vfs.spl
array_cap	SHADOWED_BY_SPL_FN	10	src/runtime/simple_core/core_array_ops.spl
array_flags	SHADOWED_BY_SPL_FN	8	src/runtime/simple_core/core_array_ops.spl
array_is_valid	SHADOWED_BY_SPL_FN	65	src/runtime/simple_core/core_array_ops.spl
array_items	SHADOWED_BY_SPL_FN	63	src/runtime/simple_core/core_array_ops.spl
array_len_value	SHADOWED_BY_SPL_FN	59	src/runtime/simple_core/core_array_ops.spl
array_ptr	SHADOWED_BY_SPL_FN	13	src/runtime/simple_core/core_array_ops.spl
async_join	DEAD_DECLARATION	0	src/lib/nogc_async_mut/async/sffi.spl
async_read_file	DEAD_DECLARATION	0	src/lib/nogc_async_mut/async/sffi.spl
async_select	DEAD_DECLARATION	0	src/lib/nogc_async_mut/async/sffi.spl
async_sleep	DEAD_DECLARATION	0	src/lib/nogc_async_mut/async/sffi.spl
async_write_file	DEAD_DECLARATION	0	src/lib/nogc_async_mut/async/sffi.spl
barrier	GENUINELY_MISSING	2	src/compiler_rust/lib/std/src/gpu/kernel/memory.spl
barrier_and_fence	DEAD_DECLARATION	0	src/compiler_rust/lib/std/src/gpu/kernel/memory.spl
bits_to_float	GENUINELY_MISSING	3	src/lib/gc_async_mut/runtime_value.spl
browser	GENUINELY_MISSING	1	src/compiler/70.backend/backend/wasm_backend.spl
call_ffi_0	GENUINELY_MISSING	2	src/app/interpreter/ffi/extern.spl
call_ffi_1	GENUINELY_MISSING	2	src/app/interpreter/ffi/extern.spl
call_ffi_2	GENUINELY_MISSING	2	src/app/interpreter/ffi/extern.spl
call_ffi_3	GENUINELY_MISSING	2	src/app/interpreter/ffi/extern.spl
call_ffi_4	GENUINELY_MISSING	2	src/app/interpreter/ffi/extern.spl
char_code	SHADOWED_BY_SPL_FN	1	src/lib/nogc_sync_mut/web_framework/asset_pipeline.spl
clear_ffi_recording	external_library_symbol	0	test/01_unit/app/diagram/call_flow_profiling_spec.spl
clock_ms	external_library_symbol	3	src/os/tools/net/ping_tool.spl
create_streams	DEAD_DECLARATION	0	src/compiler_rust/lib/std/src/gpu/host/async_nogc_mut/stream.spl
create_window	SHADOWED_BY_SPL_FN	1	src/compiler_rust/lib/std/examples/vulkan_triangle.spl
current_time_micros	external_library_symbol	6	src/lib/gc_async_mut/gc.spl
current_timestamp	external_library_symbol	2	src/app/portal/services/auth_service.spl
default_device	DEAD_DECLARATION	0	src/compiler_rust/lib/std/src/gpu/host/async_nogc_mut/device.spl
default_stream	DEAD_DECLARATION	0	src/compiler_rust/lib/std/src/gpu/host/async_nogc_mut/stream.spl
device_count	DEAD_DECLARATION	0	src/compiler_rust/lib/std/src/gpu/host/async_nogc_mut/device.spl
devices	DEAD_DECLARATION	0	src/compiler_rust/lib/std/src/gpu/host/async_nogc_mut/device.spl
disable_ffi_recording	DEAD_DECLARATION	0	test/01_unit/app/diagram/call_flow_profiling_spec.spl
enable_ffi_recording	DEAD_DECLARATION	0	test/01_unit/app/diagram/call_flow_profiling_spec.spl
env_get	SHADOWED_BY_SPL_FN	22	src/lib/nogc_sync_mut/platform.spl
ffi_func	DEAD_DECLARATION	0	test/03_system/feature/usage/parser_functions_spec.spl
file_metadata	GENUINELY_MISSING	2	src/lib/nogc_async_mut/fs.spl
file_write_bytes	SHADOWED_BY_SPL_FN	2	src/lib/gc_async_mut/net/ffi.spl
float_to_bits	GENUINELY_MISSING	3	src/lib/gc_async_mut/runtime_value.spl
fs_copy_cstr	SHADOWED_BY_SPL_FN	20	src/runtime/simple_core/core_sha256.spl
future_alloc_pending	DEAD_DECLARATION	0	src/lib/nogc_async_mut/async/sffi.spl
future_alloc_ready	DEAD_DECLARATION	0	src/lib/nogc_async_mut/async/sffi.spl
future_free	DEAD_DECLARATION	0	src/lib/nogc_async_mut/async/sffi.spl
future_map	DEAD_DECLARATION	0	src/lib/nogc_async_mut/async/sffi.spl
future_poll	DEAD_DECLARATION	0	src/lib/nogc_async_mut/async/sffi.spl
future_poll_any	DEAD_DECLARATION	0	src/lib/nogc_async_mut/async/sffi.spl
future_then	DEAD_DECLARATION	0	src/lib/nogc_async_mut/async/sffi.spl
generate_sequence_ffi	DEAD_DECLARATION	0	test/01_unit/app/diagram/call_flow_profiling_spec.spl
get_kernel_syscall_entry_addr	GENUINELY_MISSING	2	src/os/kernel/arch/x86_64/cpu.spl
get_time	SHADOWED_BY_SPL_FN	6	src/compiler_rust/lib/std/examples/vulkan_gui_demo.spl
glob_find	external_library_symbol	2	src/lib/nogc_async_mut/fs.spl
glob_matches	external_library_symbol	2	src/lib/nogc_async_mut/fs.spl
global_id	external_library_symbol	0	src/compiler_rust/lib/std/src/gpu/kernel/core.spl
global_id_dim	external_library_symbol	0	src/compiler_rust/lib/std/src/gpu/kernel/core.spl
global_size	external_library_symbol	0	src/compiler_rust/lib/std/src/gpu/kernel/core.spl
global_size_dim	external_library_symbol	0	src/compiler_rust/lib/std/src/gpu/kernel/core.spl
gpu_broadcast	GENUINELY_MISSING	1	src/os/ml/autograd.spl
gpu_relu_mask	GENUINELY_MISSING	1	src/os/ml/autograd.spl
gpu_transpose	GENUINELY_MISSING	2	src/os/ml/autograd.spl
group_id	DEAD_DECLARATION	0	src/compiler_rust/lib/std/src/gpu/kernel/core.spl
group_id_dim	DEAD_DECLARATION	0	src/compiler_rust/lib/std/src/gpu/kernel/core.spl
header_size	GENUINELY_MISSING	15	src/lib/gc_async_mut/gc.spl
http_request	SHADOWED_BY_SPL_FN	3	src/lib/gc_async_mut/net/ffi.spl
i64_to_ptr	GENUINELY_MISSING	3	src/lib/gc_async_mut/runtime_value.spl
is_little_endian	GENUINELY_MISSING	20	src/lib/common/binary_io.spl
is_nan_bits	GENUINELY_MISSING	3	src/lib/gc_async_mut/runtime_value.spl
json_parse	SHADOWED_BY_SPL_FN	1	src/app/ffi_gen.specs/lib_wrappers.spl
json_stringify	DEAD_DECLARATION	0	src/app/ffi_gen.specs/lib_wrappers.spl
json_stringify_pretty	DEAD_DECLARATION	0	src/app/ffi_gen.specs/lib_wrappers.spl
lane_definitely_absent_at_probe	GENUINELY_MISSING	1	test/fixtures/extern_unimplemented_weak_stub/at_negative/main.spl
lane_definitely_absent_probe	GENUINELY_MISSING	2	test/fixtures/extern_unimplemented_weak_stub/negative/main.spl
lane_id	DEAD_DECLARATION	0	src/compiler_rust/lib/std/src/gpu/kernel/core.spl
local_id	DEAD_DECLARATION	0	src/compiler_rust/lib/std/src/gpu/kernel/core.spl
local_id_dim	DEAD_DECLARATION	0	src/compiler_rust/lib/std/src/gpu/kernel/core.spl
local_size	DEAD_DECLARATION	0	src/compiler_rust/lib/std/src/gpu/kernel/core.spl
local_size_dim	DEAD_DECLARATION	0	src/compiler_rust/lib/std/src/gpu/kernel/core.spl
log_raw_println	SHADOWED_BY_SPL_FN	281	src/os/kernel/arch/riscv64/boot.spl
lsp_diagnostics	GENUINELY_MISSING	1	src/compiler_rust/lib/std/src/mcp/lsp/mod.spl
lsp_document_symbols	GENUINELY_MISSING	1	src/compiler_rust/lib/std/src/mcp/lsp/mod.spl
lsp_find_references	GENUINELY_MISSING	1	src/compiler_rust/lib/std/src/mcp/lsp/mod.spl
lsp_go_to_definition	GENUINELY_MISSING	1	src/compiler_rust/lib/std/src/mcp/lsp/mod.spl
lsp_hover	GENUINELY_MISSING	1	src/compiler_rust/lib/std/src/mcp/lsp/mod.spl
lua_createtable	GENUINELY_MISSING	2	src/lib/nogc_sync_mut/lua/lua_sffi.spl
lua_gettop	DEAD_DECLARATION	0	src/lib/nogc_sync_mut/lua/lua_sffi.spl
lua_pushcfunction	GENUINELY_MISSING	1	src/lib/nogc_sync_mut/lua/lua_sffi.spl
lua_pushinteger	DEAD_DECLARATION	0	src/lib/nogc_sync_mut/lua/lua_sffi.spl
lua_pushnumber	DEAD_DECLARATION	0	src/lib/nogc_sync_mut/lua/lua_sffi.spl
lua_setfield	GENUINELY_MISSING	2	src/lib/nogc_sync_mut/lua/lua_sffi.spl
lua_settop	GENUINELY_MISSING	1	src/lib/nogc_sync_mut/lua/lua_sffi.spl
lua_tointeger	DEAD_DECLARATION	0	src/lib/nogc_sync_mut/lua/lua_sffi.spl
lua_tonumber	DEAD_DECLARATION	0	src/lib/nogc_sync_mut/lua/lua_sffi.spl
mem_fence	DEAD_DECLARATION	0	src/compiler_rust/lib/std/src/gpu/kernel/memory.spl
memory_init	SHADOWED_BY_SPL_FN	4	src/os/kernel/boot/limine_boot.spl
mmio_read16	SHADOWED_BY_SPL_FN	4	src/os/services/netstack/_NetstackService/ipc_handlers.spl
mmio_read32	SHADOWED_BY_SPL_FN	27	src/os/kernel/fd_io.spl
mmio_read64	SHADOWED_BY_SPL_FN	5	src/os/services/netstack/_NetstackService/ipc_handlers.spl
mmio_read8	SHADOWED_BY_SPL_FN	37	src/os/apps/sshd/ssh_pty.spl
mmio_write32	SHADOWED_BY_SPL_FN	2	src/os/kernel/pipe_compat.spl
mmio_write8	SHADOWED_BY_SPL_FN	7	src/os/kernel/fd_io.spl
monoio_block_on	rust_source_feature_gated	1	src/compiler_rust/lib/std/src/host/common/net/runtime.spl
monoio_configure_entries	rust_source_feature_gated	1	src/compiler_rust/lib/std/src/host/common/net/runtime.spl
monoio_get_num_cores	rust_source_feature_gated	3	src/compiler_rust/lib/std/src/host/common/net/runtime.spl
monoio_get_stats	rust_source_feature_gated	1	src/compiler_rust/lib/std/src/host/common/net/runtime.spl
monoio_reset_stats	rust_source_feature_gated	1	src/compiler_rust/lib/std/src/host/common/net/runtime.spl
monoio_runtime_init	rust_source_feature_gated	1	src/compiler_rust/lib/std/src/host/common/net/runtime.spl
monoio_runtime_init_global	rust_source_feature_gated	1	src/compiler_rust/lib/std/src/host/common/net/runtime.spl
monoio_runtime_shutdown	rust_source_feature_gated	1	src/compiler_rust/lib/std/src/host/common/net/runtime.spl
monoio_runtime_shutdown_global	rust_source_feature_gated	1	src/compiler_rust/lib/std/src/host/common/net/runtime.spl
monoio_spawn_local	rust_source_feature_gated	1	src/compiler_rust/lib/std/src/host/common/net/runtime.spl
monoio_tcp_accept	rust_source_feature_gated	1	src/compiler_rust/lib/std/src/net/tcp.spl
monoio_tcp_close	rust_source_feature_gated	1	src/compiler_rust/lib/std/src/mcp/core/transport.spl
monoio_tcp_connect	rust_source_feature_gated	2	src/compiler_rust/lib/std/src/mcp/core/transport.spl
monoio_tcp_flush	rust_source_feature_gated	1	src/compiler_rust/lib/std/src/net/tcp.spl
monoio_tcp_listen	rust_source_feature_gated	1	src/compiler_rust/lib/std/src/net/tcp.spl
monoio_tcp_listener_close	rust_source_feature_gated	1	src/compiler_rust/lib/std/src/net/tcp.spl
monoio_tcp_local_addr	rust_source_feature_gated	2	src/compiler_rust/lib/std/src/net/tcp.spl
monoio_tcp_peer_addr	rust_source_feature_gated	2	src/compiler_rust/lib/std/src/net/tcp.spl
monoio_tcp_read	rust_source_feature_gated	3	src/compiler_rust/lib/std/src/mcp/core/transport.spl
monoio_tcp_set_keepalive	rust_source_feature_gated	1	src/compiler_rust/lib/std/src/net/tcp.spl
monoio_tcp_set_nodelay	rust_source_feature_gated	1	src/compiler_rust/lib/std/src/net/tcp.spl
monoio_tcp_shutdown	rust_source_feature_gated	1	src/compiler_rust/lib/std/src/net/tcp.spl
monoio_tcp_write	rust_source_feature_gated	3	src/compiler_rust/lib/std/src/mcp/core/transport.spl
monoio_udp_bind	rust_source_feature_gated	1	src/compiler_rust/lib/std/src/net/udp.spl
monoio_udp_close	rust_source_feature_gated	1	src/compiler_rust/lib/std/src/net/udp.spl
monoio_udp_connect	rust_source_feature_gated	1	src/compiler_rust/lib/std/src/net/udp.spl
monoio_udp_join_multicast	rust_source_feature_gated	1	src/compiler_rust/lib/std/src/net/udp.spl
monoio_udp_leave_multicast	rust_source_feature_gated	1	src/compiler_rust/lib/std/src/net/udp.spl
monoio_udp_local_addr	rust_source_feature_gated	1	src/compiler_rust/lib/std/src/net/udp.spl
monoio_udp_recv	rust_source_feature_gated	1	src/compiler_rust/lib/std/src/net/udp.spl
monoio_udp_recv_from	rust_source_feature_gated	1	src/compiler_rust/lib/std/src/net/udp.spl
monoio_udp_send	rust_source_feature_gated	1	src/compiler_rust/lib/std/src/net/udp.spl
monoio_udp_send_to	rust_source_feature_gated	1	src/compiler_rust/lib/std/src/net/udp.spl
monoio_udp_set_broadcast	rust_source_feature_gated	1	src/compiler_rust/lib/std/src/net/udp.spl
monoio_udp_set_multicast_ttl	rust_source_feature_gated	1	src/compiler_rust/lib/std/src/net/udp.spl
native_alloc	GENUINELY_MISSING	2	src/compiler_rust/lib/std/src/core_nogc/arena.spl
native_close	GENUINELY_MISSING	1	src/compiler_rust/lib/std/src/file/mmap.spl
native_file_exists_sync	GENUINELY_MISSING	3	src/compiler_rust/lib/std/src/host/common/io/fs_sffi.spl
native_file_flush_sync	DEAD_DECLARATION	0	src/compiler_rust/lib/std/src/host/common/io/fs_sffi.spl
native_file_get_size	GENUINELY_MISSING	1	src/compiler_rust/lib/std/src/host/common/io/fs_sffi.spl
native_file_pread	GENUINELY_MISSING	1	src/compiler_rust/lib/std/src/host/common/io/fs_sffi.spl
native_file_pwrite	GENUINELY_MISSING	1	src/compiler_rust/lib/std/src/host/common/io/fs_sffi.spl
native_file_read_sync	GENUINELY_MISSING	1	src/compiler_rust/lib/std/src/host/common/io/fs_sffi.spl
native_file_seek_sync	GENUINELY_MISSING	7	src/compiler_rust/lib/std/src/host/common/io/fs_sffi.spl
native_file_sync_sync	DEAD_DECLARATION	0	src/compiler_rust/lib/std/src/host/common/io/fs_sffi.spl
native_file_write_sync	GENUINELY_MISSING	1	src/compiler_rust/lib/std/src/host/common/io/fs_sffi.spl
native_free	GENUINELY_MISSING	2	src/compiler_rust/lib/std/src/core_nogc/arena.spl
native_fs_metadata_sync	GENUINELY_MISSING	1	src/compiler_rust/lib/std/src/host/common/io/fs_sffi.spl
native_fs_read_sync	GENUINELY_MISSING	1	src/compiler_rust/lib/std/src/host/common/io/fs_sffi.spl
native_fs_write_sync	GENUINELY_MISSING	1	src/compiler_rust/lib/std/src/host/common/io/fs_sffi.spl
native_ftp_cdup	GENUINELY_MISSING	1	src/compiler_rust/lib/std/src/host/common/net/ftp.spl
native_ftp_connect	GENUINELY_MISSING	1	src/compiler_rust/lib/std/src/host/common/net/ftp.spl
native_ftp_cwd	GENUINELY_MISSING	1	src/compiler_rust/lib/std/src/host/common/net/ftp.spl
native_ftp_delete	GENUINELY_MISSING	1	src/compiler_rust/lib/std/src/host/common/net/ftp.spl
native_ftp_download	GENUINELY_MISSING	1	src/compiler_rust/lib/std/src/host/common/net/ftp.spl
native_ftp_download_bytes	GENUINELY_MISSING	1	src/compiler_rust/lib/std/src/host/common/net/ftp.spl
native_ftp_feat	GENUINELY_MISSING	1	src/compiler_rust/lib/std/src/host/common/net/ftp.spl
native_ftp_list	GENUINELY_MISSING	1	src/compiler_rust/lib/std/src/host/common/net/ftp.spl
native_ftp_list_path	GENUINELY_MISSING	1	src/compiler_rust/lib/std/src/host/common/net/ftp.spl
native_ftp_login	GENUINELY_MISSING	1	src/compiler_rust/lib/std/src/host/common/net/ftp.spl
native_ftp_mdtm	GENUINELY_MISSING	1	src/compiler_rust/lib/std/src/host/common/net/ftp.spl
native_ftp_mkdir	GENUINELY_MISSING	1	src/compiler_rust/lib/std/src/host/common/net/ftp.spl
native_ftp_noop	GENUINELY_MISSING	1	src/compiler_rust/lib/std/src/host/common/net/ftp.spl
native_ftp_pwd	GENUINELY_MISSING	1	src/compiler_rust/lib/std/src/host/common/net/ftp.spl
native_ftp_quit	GENUINELY_MISSING	1	src/compiler_rust/lib/std/src/host/common/net/ftp.spl
native_ftp_raw	GENUINELY_MISSING	1	src/compiler_rust/lib/std/src/host/common/net/ftp.spl
native_ftp_rename	GENUINELY_MISSING	1	src/compiler_rust/lib/std/src/host/common/net/ftp.spl
native_ftp_resume_download	GENUINELY_MISSING	1	src/compiler_rust/lib/std/src/host/common/net/ftp.spl
native_ftp_rmdir	GENUINELY_MISSING	1	src/compiler_rust/lib/std/src/host/common/net/ftp.spl
native_ftp_size	GENUINELY_MISSING	1	src/compiler_rust/lib/std/src/host/common/net/ftp.spl
native_ftp_stat	GENUINELY_MISSING	1	src/compiler_rust/lib/std/src/host/common/net/ftp.spl
native_ftp_upload	GENUINELY_MISSING	1	src/compiler_rust/lib/std/src/host/common/net/ftp.spl
native_ftp_upload_bytes	GENUINELY_MISSING	1	src/compiler_rust/lib/std/src/host/common/net/ftp.spl
native_http_request	GENUINELY_MISSING	1	src/compiler_rust/lib/std/src/host/async_gc_immut/net/http.spl
native_madvise	SHADOWED_BY_SPL_FN	1	src/compiler_rust/lib/std/src/host/common/io/fs_sffi.spl
native_memcpy	GENUINELY_MISSING	2	src/compiler_rust/lib/std/src/core_nogc/arena.spl
native_memset	GENUINELY_MISSING	2	src/compiler_rust/lib/std/src/core_nogc/arena.spl
native_munmap	SHADOWED_BY_SPL_FN	1	src/compiler_rust/lib/std/src/file/mmap.spl
native_tcp_listener_close	GENUINELY_MISSING	1	src/compiler_rust/lib/std/src/host/async_gc_immut/net/tcp.spl
native_tcp_local_addr	GENUINELY_MISSING	1	src/compiler_rust/lib/std/src/host/async_gc_immut/net/tcp.spl
native_tcp_recv	GENUINELY_MISSING	1	src/compiler_rust/lib/std/src/host/async_gc_immut/net/tcp.spl
native_tcp_send	GENUINELY_MISSING	1	src/compiler_rust/lib/std/src/host/async_gc_immut/net/tcp.spl
normalize_index	SHADOWED_BY_SPL_FN	4	src/runtime/simple_core/core_array_ops.spl
notify_task	DEAD_DECLARATION	0	src/os/posix/signal_dispatch.spl
num_groups	DEAD_DECLARATION	0	src/compiler_rust/lib/std/src/gpu/kernel/core.spl
num_groups_dim	DEAD_DECLARATION	0	src/compiler_rust/lib/std/src/gpu/kernel/core.spl
numeric_index	SHADOWED_BY_SPL_FN	2	src/runtime/simple_core/core_array_ops.spl
par_filter	DEAD_DECLARATION	0	src/app/ffi_gen.specs/lib_wrappers.spl
par_map	DEAD_DECLARATION	0	src/app/ffi_gen.specs/lib_wrappers.spl
par_reduce	DEAD_DECLARATION	0	src/app/ffi_gen.specs/lib_wrappers.spl
par_sort	DEAD_DECLARATION	0	src/app/ffi_gen.specs/lib_wrappers.spl
path_components	GENUINELY_MISSING	2	src/lib/nogc_async_mut/fs.spl
path_extension	SHADOWED_BY_SPL_FN	2	src/lib/nogc_async_mut/fs.spl
path_filename	SHADOWED_BY_SPL_FN	2	src/lib/nogc_async_mut/fs.spl
path_is_absolute	DEAD_DECLARATION	0	src/lib/nogc_async_mut/fs.spl
path_join	SHADOWED_BY_SPL_FN	2	src/lib/nogc_async_mut/fs.spl
path_normalize	DEAD_DECLARATION	0	src/lib/nogc_async_mut/fs.spl
path_parent	SHADOWED_BY_SPL_FN	2	src/lib/nogc_async_mut/fs.spl
path_stem	SHADOWED_BY_SPL_FN	2	src/lib/nogc_async_mut/fs.spl
path_with_extension	SHADOWED_BY_SPL_FN	2	src/lib/nogc_async_mut/fs.spl
pmm_alloc_page_raw	SHADOWED_BY_SPL_FN	3	src/os/kernel/loader/x86_64_fs_exec_ring3.spl
promise_alloc	DEAD_DECLARATION	0	src/lib/nogc_async_mut/async/sffi.spl
promise_complete	DEAD_DECLARATION	0	src/lib/nogc_async_mut/async/sffi.spl
promise_free	DEAD_DECLARATION	0	src/lib/nogc_async_mut/async/sffi.spl
promise_get_future	DEAD_DECLARATION	0	src/lib/nogc_async_mut/async/sffi.spl
promise_is_completed	DEAD_DECLARATION	0	src/lib/nogc_async_mut/async/sffi.spl
ptr_add	GENUINELY_MISSING	6	src/lib/gc_async_mut/gc.spl
ptr_const_i32	GENUINELY_MISSING	1	test/01_unit/bugs/parser_const_pointer_spec.spl
ptr_const_i64	GENUINELY_MISSING	1	test/01_unit/bugs/parser_const_pointer_spec.spl
ptr_const_u16	GENUINELY_MISSING	1	test/01_unit/bugs/parser_const_pointer_spec.spl
ptr_const_u32	GENUINELY_MISSING	1	test/01_unit/bugs/parser_const_pointer_spec.spl
ptr_const_u64	GENUINELY_MISSING	1	test/01_unit/bugs/parser_const_pointer_spec.spl
ptr_const_u8	GENUINELY_MISSING	1	test/01_unit/bugs/parser_const_pointer_spec.spl
ptr_mixed_cmp	DEAD_DECLARATION	0	test/01_unit/bugs/parser_const_pointer_spec.spl
ptr_mixed_copy	GENUINELY_MISSING	1	test/01_unit/bugs/parser_const_pointer_spec.spl
ptr_mixed_set	DEAD_DECLARATION	0	test/01_unit/bugs/parser_const_pointer_spec.spl
ptr_multi_const	GENUINELY_MISSING	1	test/01_unit/bugs/parser_const_pointer_spec.spl
ptr_multi_mixed	GENUINELY_MISSING	1	test/01_unit/bugs/parser_const_pointer_spec.spl
ptr_multi_mut	GENUINELY_MISSING	1	test/01_unit/bugs/parser_const_pointer_spec.spl
ptr_mut_u16	GENUINELY_MISSING	1	test/01_unit/bugs/parser_const_pointer_spec.spl
ptr_mut_u32	GENUINELY_MISSING	1	test/01_unit/bugs/parser_const_pointer_spec.spl
ptr_mut_u64	GENUINELY_MISSING	1	test/01_unit/bugs/parser_const_pointer_spec.spl
ptr_mut_u8	GENUINELY_MISSING	1	test/01_unit/bugs/parser_const_pointer_spec.spl
ptr_plain	GENUINELY_MISSING	1	test/01_unit/bugs/parser_const_pointer_spec.spl
ptr_plain_wide	GENUINELY_MISSING	1	test/01_unit/bugs/parser_const_pointer_spec.spl
ptr_ret_const	GENUINELY_MISSING	1	test/01_unit/bugs/parser_const_pointer_spec.spl
ptr_ret_mut	GENUINELY_MISSING	1	test/01_unit/bugs/parser_const_pointer_spec.spl
ptr_strlen	GENUINELY_MISSING	1	test/01_unit/bugs/parser_const_pointer_spec.spl
ptr_sub	GENUINELY_MISSING	6	src/lib/gc_async_mut/gc.spl
ptr_to_i64	GENUINELY_MISSING	3	src/lib/gc_async_mut/runtime_value.spl
ptr_with_regular	GENUINELY_MISSING	1	test/01_unit/bugs/parser_const_pointer_spec.spl
read_header	SHADOWED_BY_SPL_FN	9	src/lib/gc_async_mut/gc.spl
read_i64	SHADOWED_BY_SPL_FN	4	src/lib/gc_async_mut/gc.spl
register_array	SHADOWED_BY_SPL_FN	4	src/runtime/simple_core/core_array_ops.spl
rt_aarch64_wfe_spin	GENUINELY_MISSING	2	src/os/kernel/boot/limine_boot_aarch64.spl
rt_aes_gcm_decrypt_hex	c_runtime_source_only	1	src/lib/nogc_async_mut/io/quic/quic_crypto.spl
rt_aes_gcm_encrypt_hex	c_runtime_source_only	0	src/lib/nogc_async_mut/io/quic/quic_crypto.spl
rt_alloc_exec_memory	DEAD_DECLARATION	0	src/compiler/90.tools/sffi_gen/specs/exec_memory.spl
rt_alloc_page_aligned	GENUINELY_MISSING	1	src/os/drivers/virtio/virtio_gpu.spl
rt_alloc_rw_memory	GENUINELY_MISSING	1	src/compiler/90.tools/sffi_gen/specs/exec_memory.spl
rt_alloc_zeroed	DEAD_DECLARATION	0	src/compiler_rust/lib/std/src/alloc/sffi.spl
rt_args_all	GENUINELY_MISSING	4	src/compiler_rust/lib/std/src/sys/args.spl
rt_args_count	GENUINELY_MISSING	3	src/compiler_rust/lib/std/src/sys/args.spl
rt_args_get	GENUINELY_MISSING	2	src/compiler_rust/lib/std/src/sys/args.spl
rt_arm32_context_restore	GENUINELY_MISSING	1	src/os/kernel/arch/arm32/context.spl
rt_arm32_context_save	GENUINELY_MISSING	1	src/os/kernel/arch/arm32/context.spl
rt_arm32_context_switch	GENUINELY_MISSING	1	src/os/kernel/arch/arm32/context.spl
rt_arm32_cpsid_f	DEAD_DECLARATION	0	src/os/kernel/arch/arm32/cpu.spl
rt_arm32_cpsid_i	GENUINELY_MISSING	1	src/os/kernel/arch/arm32/cpu.spl
rt_arm32_cpsid_if	GENUINELY_MISSING	1	src/os/kernel/arch/arm32/cpu.spl
rt_arm32_cpsie_f	DEAD_DECLARATION	0	src/os/kernel/arch/arm32/cpu.spl
rt_arm32_cpsie_i	GENUINELY_MISSING	1	src/os/kernel/arch/arm32/cpu.spl
rt_arm32_cpsie_if	GENUINELY_MISSING	1	src/os/kernel/arch/arm32/cpu.spl
rt_arm32_dmb	GENUINELY_MISSING	1	src/os/kernel/arch/arm32/cpu.spl
rt_arm32_dsb	GENUINELY_MISSING	1	src/os/kernel/arch/arm32/cpu.spl
rt_arm32_enter_user_first	GENUINELY_MISSING	1	src/os/kernel/arch/arm32/user_entry.spl
rt_arm32_exec_reap	GENUINELY_MISSING	1	src/os/kernel/arch/arm32/user_entry.spl
rt_arm32_exec_token_install	GENUINELY_MISSING	1	src/os/kernel/arch/arm32/user_entry.spl
rt_arm32_isb	GENUINELY_MISSING	1	src/os/kernel/arch/arm32/cpu.spl
rt_arm32_mcr_cntp_ctl	GENUINELY_MISSING	5	src/os/kernel/arch/arm32/timer.spl
rt_arm32_mcr_cntp_tval	GENUINELY_MISSING	1	src/os/kernel/arch/arm32/timer.spl
rt_arm32_mcr_dacr	GENUINELY_MISSING	1	src/os/kernel/arch/arm32/cpu.spl
rt_arm32_mcr_sctlr	GENUINELY_MISSING	1	src/os/kernel/arch/arm32/cpu.spl
rt_arm32_mcr_tlbiall	GENUINELY_MISSING	1	src/os/kernel/arch/arm32/cpu.spl
rt_arm32_mcr_tlbimva	GENUINELY_MISSING	1	src/os/kernel/arch/arm32/cpu.spl
rt_arm32_mcr_ttbcr	GENUINELY_MISSING	1	src/os/kernel/arch/arm32/cpu.spl
rt_arm32_mcr_ttbr0	GENUINELY_MISSING	1	src/os/kernel/arch/arm32/cpu.spl
rt_arm32_mcr_ttbr1	GENUINELY_MISSING	1	src/os/kernel/arch/arm32/cpu.spl
rt_arm32_mcr_vbar	GENUINELY_MISSING	1	src/os/kernel/arch/arm32/cpu.spl
rt_arm32_mrc_cntfrq	GENUINELY_MISSING	1	src/os/kernel/arch/arm32/timer.spl
rt_arm32_mrc_cntp_ctl	GENUINELY_MISSING	1	src/os/kernel/arch/arm32/timer.spl
rt_arm32_mrc_cntp_tval	DEAD_DECLARATION	0	src/os/kernel/arch/arm32/timer.spl
rt_arm32_mrc_midr	GENUINELY_MISSING	1	src/os/kernel/arch/arm32/cpu.spl
rt_arm32_mrc_mpidr	GENUINELY_MISSING	1	src/os/kernel/arch/arm32/cpu.spl
rt_arm32_mrc_sctlr	GENUINELY_MISSING	1	src/os/kernel/arch/arm32/cpu.spl
rt_arm32_mrc_ttbr0	GENUINELY_MISSING	1	src/os/kernel/arch/arm32/cpu.spl
rt_arm32_mrc_ttbr1	GENUINELY_MISSING	1	src/os/kernel/arch/arm32/cpu.spl
rt_arm32_mrrc_cntpct_hi	GENUINELY_MISSING	1	src/os/kernel/arch/arm32/timer.spl
rt_arm32_mrrc_cntpct_lo	GENUINELY_MISSING	1	src/os/kernel/arch/arm32/timer.spl
rt_arm32_wfe	GENUINELY_MISSING	1	src/os/kernel/arch/arm32/cpu.spl
rt_arm32_wfi	GENUINELY_MISSING	1	src/os/kernel/arch/arm32/cpu.spl
rt_arm64_context_restore	GENUINELY_MISSING	1	src/os/kernel/arch/arm64/context.spl
rt_arm64_context_save	GENUINELY_MISSING	1	src/os/kernel/arch/arm64/context.spl
rt_arm64_context_switch	GENUINELY_MISSING	1	src/os/kernel/arch/arm64/context.spl
rt_arm64_daif_clr	GENUINELY_MISSING	1	src/os/kernel/arch/arm64/cpu.spl
rt_arm64_daif_set	GENUINELY_MISSING	1	src/os/kernel/arch/arm64/cpu.spl
rt_arm64_dcache_clean_range	GENUINELY_MISSING	1	src/os/kernel/boot/mmio_hardware.spl
rt_arm64_dcache_invalidate_range	GENUINELY_MISSING	1	src/os/kernel/boot/mmio_hardware.spl
rt_arm64_dmb	GENUINELY_MISSING	1	src/os/kernel/arch/arm64/cpu.spl
rt_arm64_dsb	GENUINELY_MISSING	1	src/os/kernel/arch/arm64/cpu.spl
rt_arm64_enter_recorded_user_live	GENUINELY_MISSING	1	src/os/kernel/arch/arm64/user_entry.spl
rt_arm64_enter_user_first_probe	GENUINELY_MISSING	1	src/os/kernel/arch/arm64/user_entry.spl
rt_arm64_isb	GENUINELY_MISSING	1	src/os/kernel/arch/arm64/cpu.spl
rt_arm64_mrs_cntfrq_el0	GENUINELY_MISSING	1	src/os/kernel/arch/arm64/timer.spl
rt_arm64_mrs_cntp_ctl_el0	GENUINELY_MISSING	1	src/os/kernel/arch/arm64/timer.spl
rt_arm64_mrs_cntp_tval_el0	DEAD_DECLARATION	0	src/os/kernel/arch/arm64/timer.spl
rt_arm64_mrs_cntpct_el0	GENUINELY_MISSING	4	src/os/kernel/arch/arm64/timer.spl
rt_arm64_mrs_currentel	GENUINELY_MISSING	1	src/os/kernel/arch/arm64/cpu.spl
rt_arm64_mrs_mpidr_el1	GENUINELY_MISSING	1	src/os/kernel/arch/arm64/cpu.spl
rt_arm64_mrs_sctlr_el1	GENUINELY_MISSING	2	src/os/kernel/arch/arm64/cpu.spl
rt_arm64_mrs_ttbr0_el1	GENUINELY_MISSING	1	src/os/kernel/arch/arm64/cpu.spl
rt_arm64_mrs_ttbr1_el1	GENUINELY_MISSING	1	src/os/kernel/arch/arm64/cpu.spl
rt_arm64_msr_cntp_ctl_el0	GENUINELY_MISSING	5	src/os/kernel/arch/arm64/timer.spl
rt_arm64_msr_cntp_tval_el0	GENUINELY_MISSING	1	src/os/kernel/arch/arm64/timer.spl
rt_arm64_msr_mair_el1	GENUINELY_MISSING	1	src/os/kernel/arch/arm64/cpu.spl
rt_arm64_msr_sctlr_el1	GENUINELY_MISSING	1	src/os/kernel/arch/arm64/cpu.spl
rt_arm64_msr_tcr_el1	GENUINELY_MISSING	1	src/os/kernel/arch/arm64/cpu.spl
rt_arm64_msr_ttbr0_el1	GENUINELY_MISSING	1	src/os/kernel/arch/arm64/cpu.spl
rt_arm64_msr_ttbr1_el1	GENUINELY_MISSING	1	src/os/kernel/arch/arm64/cpu.spl
rt_arm64_msr_vbar_el1	GENUINELY_MISSING	1	src/os/kernel/arch/arm64/cpu.spl
rt_arm64_probe_recorded_user_handoff	GENUINELY_MISSING	1	src/os/kernel/arch/arm64/user_entry.spl
rt_arm64_read_sctlr	GENUINELY_MISSING	1	src/os/kernel/arch_adapt/arm64_hardening_probe.spl
rt_arm64_record_user_handoff	GENUINELY_MISSING	2	src/os/kernel/scheduler/scheduler_arm_bootstrap.spl
rt_arm64_set_exec_image	GENUINELY_MISSING	1	src/os/kernel/loader/process_image.spl
rt_arm64_tlbi_alle1	GENUINELY_MISSING	1	src/os/kernel/arch/arm64/cpu.spl
rt_arm64_tlbi_vae1	GENUINELY_MISSING	1	src/os/kernel/arch/arm64/cpu.spl
rt_arm64_user_as_create	GENUINELY_MISSING	1	src/os/kernel/memory/user_address_space.spl
rt_arm64_user_as_map_elf64	SHADOWED_BY_SPL_FN	2	src/os/kernel/loader/segment_mapper.spl
rt_arm64_user_as_map_page	GENUINELY_MISSING	1	src/os/kernel/memory/user_address_space.spl
rt_arm64_user_as_translate	SHADOWED_BY_SPL_FN	2	src/os/kernel/loader/segment_mapper.spl
rt_arm64_user_as_ttbr0_probe	SHADOWED_BY_SPL_FN	2	src/os/kernel/loader/segment_mapper.spl
rt_arm64_user_copyin	GENUINELY_MISSING	1	src/os/kernel/memory/user_copy.spl
rt_arm64_user_copyout	GENUINELY_MISSING	1	src/os/kernel/memory/user_copy.spl
rt_arm64_virtio_input_event_code	GENUINELY_MISSING	1	src/os/kernel/arch/arm64/virtio_input.spl
rt_arm64_virtio_input_event_device_kind	GENUINELY_MISSING	1	src/os/kernel/arch/arm64/virtio_input.spl
rt_arm64_virtio_input_event_irq_status	GENUINELY_MISSING	1	src/os/kernel/arch/arm64/virtio_input.spl
rt_arm64_virtio_input_event_type	GENUINELY_MISSING	1	src/os/kernel/arch/arm64/virtio_input.spl
rt_arm64_virtio_input_event_value	GENUINELY_MISSING	1	src/os/kernel/arch/arm64/virtio_input.spl
rt_arm64_virtio_input_init	GENUINELY_MISSING	1	src/os/kernel/arch/arm64/virtio_input.spl
rt_arm64_virtio_input_poll	GENUINELY_MISSING	1	src/os/kernel/arch/arm64/virtio_input.spl
rt_arm64_virtio_net_init	GENUINELY_MISSING	1	src/os/drivers/virtio/_VirtioNet/driver_operations.spl
rt_arm64_virtio_net_mac_octet	GENUINELY_MISSING	6	src/os/drivers/virtio/_VirtioNet/driver_operations.spl
rt_arm64_virtio_net_ready	GENUINELY_MISSING	2	src/os/drivers/virtio/_VirtioNet/driver_operations.spl
rt_arm64_virtio_net_recv	GENUINELY_MISSING	1	src/os/drivers/virtio/_VirtioNet/driver_operations.spl
rt_arm64_virtio_net_send	GENUINELY_MISSING	1	src/os/drivers/virtio/_VirtioNet/driver_operations.spl
rt_arm64_wfe	GENUINELY_MISSING	1	src/os/kernel/arch/arm64/cpu.spl
rt_arm64_wfi	GENUINELY_MISSING	1	src/os/kernel/arch/arm64/cpu.spl
rt_arm_array_append_bytes	GENUINELY_MISSING	2	src/os/services/vfs/arm_fs_exec_vfs.spl
rt_arm_array_clone_bytes	DEAD_DECLARATION	0	src/os/kernel/loader/process_image.spl
rt_arm_array_empty_exact	GENUINELY_MISSING	1	src/os/kernel/loader/process_image.spl
rt_arm_array_get_byte_u32	GENUINELY_MISSING	2	src/os/kernel/loader/byte_utils.spl
rt_arm_array_get_u16_le	GENUINELY_MISSING	1	src/os/services/vfs/arm_fs_exec_vfs.spl
rt_arm_array_get_u32_le	GENUINELY_MISSING	1	src/os/services/vfs/arm_fs_exec_vfs.spl
rt_arm_array_len_u32	GENUINELY_MISSING	30	src/os/apps/shell/path_search.spl
rt_arm_array_slice_bytes	DEAD_DECLARATION	0	src/os/kernel/loader/process_image.spl
rt_arm_context_restore	GENUINELY_MISSING	1	src/os/realtime/context/arm.spl
rt_arm_context_save	GENUINELY_MISSING	1	src/os/realtime/context/arm.spl
rt_arm_elf64_direct_entry	SHADOWED_BY_SPL_FN	3	src/os/kernel/loader/segment_mapper.spl
rt_arm_elf64_direct_entry_bytes_ok	SHADOWED_BY_SPL_FN	2	src/os/kernel/loader/segment_mapper.spl
rt_arm_elf64_entry	GENUINELY_MISSING	2	src/os/kernel/loader/elf_loader.spl
rt_arm_elf64_pt_load_align	GENUINELY_MISSING	2	src/os/kernel/loader/elf_loader.spl
rt_arm_elf64_pt_load_count	GENUINELY_MISSING	2	src/os/kernel/loader/elf_loader.spl
rt_arm_elf64_pt_load_filesz	GENUINELY_MISSING	2	src/os/kernel/loader/elf_loader.spl
rt_arm_elf64_pt_load_flags	GENUINELY_MISSING	2	src/os/kernel/loader/elf_loader.spl
rt_arm_elf64_pt_load_memsz	GENUINELY_MISSING	2	src/os/kernel/loader/elf_loader.spl
rt_arm_elf64_pt_load_offset	GENUINELY_MISSING	2	src/os/kernel/loader/elf_loader.spl
rt_arm_elf64_pt_load_vaddr	GENUINELY_MISSING	2	src/os/kernel/loader/elf_loader.spl
rt_arm_fat32_probe_bpb_from_virtio	GENUINELY_MISSING	1	src/os/services/vfs/arm_fs_exec_vfs.spl
rt_arm_get_psp	GENUINELY_MISSING	1	src/os/realtime/context/arm.spl
rt_arm_set_psp	GENUINELY_MISSING	1	src/os/realtime/context/arm.spl
rt_arm_smf_elf_stub_size	GENUINELY_MISSING	2	src/os/kernel/loader/process_image.spl
rt_arm_stage_elf64_load_image	SHADOWED_BY_SPL_FN	2	src/os/kernel/loader/segment_mapper.spl
rt_arm_stage_raw_image	SHADOWED_BY_SPL_FN	2	src/os/kernel/loader/segment_mapper.spl
rt_arm_virtio_blk_configure_queue	GENUINELY_MISSING	2	src/os/drivers/virtio/_VirtioBlk/driver_class.spl
rt_arm_virtio_blk_dma_base	GENUINELY_MISSING	1	src/os/drivers/virtio/_VirtioBlk/driver_class.spl
rt_arm_virtio_blk_mmio_read_u32	GENUINELY_MISSING	1	src/os/drivers/virtio/_VirtioBlk/driver_class.spl
rt_arm_virtio_blk_mmio_read_u64	GENUINELY_MISSING	1	src/os/drivers/virtio/_VirtioBlk/driver_class.spl
rt_arm_virtio_blk_mmio_write_u32	GENUINELY_MISSING	1	src/os/drivers/virtio/_VirtioBlk/driver_class.spl
rt_arm_virtio_blk_prepare_read	DEAD_DECLARATION	0	src/os/drivers/virtio/_VirtioBlk/driver_class.spl
rt_arm_virtio_blk_queue_base	GENUINELY_MISSING	2	src/os/drivers/virtio/_VirtioBlk/driver_class.spl
rt_arm_virtio_blk_read_hello_smf	DEAD_DECLARATION	0	src/os/services/vfs/arm_fs_exec_vfs.spl
rt_arm_virtio_blk_read_prefix	GENUINELY_MISSING	3	src/os/services/vfs/arm_fs_exec_vfs.spl
rt_arm_virtio_blk_read_sector_direct	GENUINELY_MISSING	2	src/os/drivers/virtio/_VirtioBlk/driver_class.spl
rt_arm_virtio_blk_sector_bytes	GENUINELY_MISSING	2	src/os/drivers/virtio/_VirtioBlk/driver_class.spl
rt_arm_virtio_blk_set_mmio_base	GENUINELY_MISSING	3	src/os/drivers/virtio/_VirtioBlk/driver_class.spl
rt_arm_virtio_blk_status_u8	DEAD_DECLARATION	0	src/os/drivers/virtio/_VirtioBlk/driver_class.spl
rt_arm_virtio_blk_wait_completion	DEAD_DECLARATION	0	src/os/drivers/virtio/_VirtioBlk/driver_class.spl
rt_arm_virtq_push_avail	DEAD_DECLARATION	0	src/os/drivers/virtio/_VirtioBlk/driver_class.spl
rt_arm_virtq_reset	DEAD_DECLARATION	0	src/os/drivers/virtio/_VirtioBlk/driver_class.spl
rt_arm_virtq_used_idx	GENUINELY_MISSING	1	src/os/drivers/virtio/_VirtioBlk/driver_class.spl
rt_array_capacity	DEAD_DECLARATION	0	src/compiler_rust/lib/std/src/alloc/sffi.spl
rt_array_new_cap	GENUINELY_MISSING	2	test/05_perf/bench/http_server/bench_raw_native_opt.spl
rt_array_slice	DEAD_DECLARATION	0	src/compiler_rust/lib/std/src/alloc/sffi.spl
rt_async_await	DEAD_DECLARATION	0	src/compiler_rust/lib/std/src/async/sffi/executor.spl
rt_async_yield	DEAD_DECLARATION	0	src/compiler_rust/lib/std/src/async/sffi/executor.spl
rt_bdd_after_all	DEAD_DECLARATION	0	src/compiler_rust/lib/std/src/ext/test/sffi.spl
rt_bdd_assert_eq	DEAD_DECLARATION	0	src/compiler_rust/lib/std/src/ext/test/sffi.spl
rt_bdd_assert_ne	DEAD_DECLARATION	0	src/compiler_rust/lib/std/src/ext/test/sffi.spl
rt_bdd_assert_true	DEAD_DECLARATION	0	src/compiler_rust/lib/std/src/ext/test/sffi.spl
rt_bdd_before_all	DEAD_DECLARATION	0	src/compiler_rust/lib/std/src/ext/test/sffi.spl
rt_bdd_describe	DEAD_DECLARATION	0	src/compiler_rust/lib/std/src/ext/test/sffi.spl
rt_bdd_expect	DEAD_DECLARATION	0	src/compiler_rust/lib/std/src/ext/test/sffi.spl
rt_bdd_it	DEAD_DECLARATION	0	src/compiler_rust/lib/std/src/ext/test/sffi.spl
rt_bits_to_f64	DEAD_DECLARATION	0	src/os/ml/gpu_tensor.spl
rt_boot_tcp_accept_timeout	GENUINELY_MISSING	3	src/os/apps/sshd/sshd.spl
rt_boot_tcp_bind	GENUINELY_MISSING	4	src/os/apps/sshd/sshd.spl
rt_boot_tcp_bind_port	GENUINELY_MISSING	1	src/os/kernel/net/rt_net_socket_facade.spl
rt_boot_tcp_close	GENUINELY_MISSING	3	src/os/kernel/boot/tcp_baremetal_min.spl
rt_boot_tcp_read_bytes	GENUINELY_MISSING	4	src/os/kernel/boot/tcp_baremetal_min.spl
rt_boot_tcp_read_bytes_for_fd	GENUINELY_MISSING	1	src/os/kernel/net/rt_net_socket_facade.spl
rt_boot_tcp_read_ssh_plain_packet_payload	GENUINELY_MISSING	1	src/os/kernel/net/rt_net_socket_facade.spl
rt_boot_tcp_send_kex_reply_ed25519	DEAD_DECLARATION	0	src/os/apps/sshd/ssh_session_kex.spl
rt_boot_tcp_send_kex_reply_fixed	DEAD_DECLARATION	0	src/os/apps/sshd/ssh_session.spl
rt_boot_tcp_send_newkeys_fixed	DEAD_DECLARATION	0	src/os/apps/sshd/ssh_session.spl
rt_boot_tcp_send_ssh_banner	GENUINELY_MISSING	2	src/os/kernel/net/rt_net_socket_facade.spl
rt_boot_tcp_take_version_bytes	GENUINELY_MISSING	1	src/os/kernel/net/rt_net_socket_facade.spl
rt_boot_tcp_take_version_text	GENUINELY_MISSING	2	src/os/kernel/net/rt_net_socket_facade.spl
rt_boot_tcp_write_auto	GENUINELY_MISSING	1	src/os/kernel/boot/tcp_baremetal_min.spl
rt_boot_tcp_write_bytes	GENUINELY_MISSING	2	src/os/kernel/net/rt_net_socket_facade.spl
rt_boot_tcp_write_text	GENUINELY_MISSING	1	src/os/apps/sshd/ssh_session.spl
rt_build_symbol_table	GENUINELY_MISSING	1	src/compiler/90.tools/sffi_gen/specs/compiler_query.spl
rt_bytes_concat	GENUINELY_MISSING	5	src/os/apps/sshd/ssh_session.spl
rt_bytes_slice	GENUINELY_MISSING	4	src/os/apps/sshd/ssh_session.spl
rt_bytes_to_f64_array	GENUINELY_MISSING	1	src/os/ml/gpu_tensor.spl
rt_call_function_0	DEAD_DECLARATION	0	src/compiler/90.tools/sffi_gen/specs/exec_memory.spl
rt_call_function_1	DEAD_DECLARATION	0	src/compiler/90.tools/sffi_gen/specs/exec_memory.spl
rt_call_function_2	DEAD_DECLARATION	0	src/compiler/90.tools/sffi_gen/specs/exec_memory.spl
rt_channel_is_empty	DEAD_DECLARATION	0	src/compiler_rust/lib/std/src/async/sffi/channel.spl
rt_channel_len	DEAD_DECLARATION	0	src/compiler_rust/lib/std/src/async/sffi/channel.spl
rt_cli	c_runtime_source_only	5	src/os/kernel/arch/x86_32/cpu.spl
rt_cli_args	GENUINELY_MISSING	2	src/app/dashboard/web_entry.spl
rt_cli_run_ffi_gen	GENUINELY_MISSING	2	src/lib/nogc_sync_mut/ffi/cli.spl
rt_close_fd	c_runtime_source_only	4	src/compiler/90.tools/sffi_gen/specs/mmap_syscalls.spl
rt_command_output	GENUINELY_MISSING	10	src/lib/nogc_sync_mut/baremetal/transport/dedicated_hw.spl
rt_coverage_branch	DEAD_DECLARATION	0	src/compiler_rust/lib/std/src/ext/coverage/sffi.spl
rt_coverage_branch_count	DEAD_DECLARATION	0	src/compiler_rust/lib/std/src/ext/coverage/sffi.spl
rt_coverage_branch_hit_count	DEAD_DECLARATION	0	src/compiler_rust/lib/std/src/ext/coverage/sffi.spl
rt_coverage_function_enter	DEAD_DECLARATION	0	src/compiler_rust/lib/std/src/ext/coverage/sffi.spl
rt_coverage_function_exit	DEAD_DECLARATION	0	src/compiler_rust/lib/std/src/ext/coverage/sffi.spl
rt_coverage_hit	DEAD_DECLARATION	0	src/compiler_rust/lib/std/src/ext/coverage/sffi.spl
rt_coverage_init	DEAD_DECLARATION	0	src/compiler_rust/lib/std/src/ext/coverage/sffi.spl
rt_coverage_line_count	DEAD_DECLARATION	0	src/compiler_rust/lib/std/src/ext/coverage/sffi.spl
rt_coverage_line_hit_count	DEAD_DECLARATION	0	src/compiler_rust/lib/std/src/ext/coverage/sffi.spl
rt_coverage_path_finalizer	GENUINELY_MISSING	1	src/lib/nogc_sync_mut/io/coverage_simple.spl
rt_coverage_report	DEAD_DECLARATION	0	src/compiler_rust/lib/std/src/ext/coverage/sffi.spl
rt_coverage_report_json	DEAD_DECLARATION	0	src/compiler_rust/lib/std/src/ext/coverage/sffi.spl
rt_coverage_reset	DEAD_DECLARATION	0	src/compiler_rust/lib/std/src/ext/coverage/sffi.spl
rt_cpu_arch_name	GENUINELY_MISSING	1	src/lib/gc_async_mut/gpu/engine2d/host_ops.spl
rt_cpu_count	GENUINELY_MISSING	2	src/compiler/00.common/parallel.spl
rt_cpu_has_avx2	GENUINELY_MISSING	1	src/lib/nogc_sync_mut/gpu/engine3d/simd_kernels3d.spl
rt_cpu_has_avx512	GENUINELY_MISSING	1	src/lib/nogc_sync_mut/gpu/engine3d/simd_kernels3d.spl
rt_cpu_has_neon	GENUINELY_MISSING	1	src/lib/nogc_sync_mut/gpu/engine3d/simd_kernels3d.spl
rt_cpu_has_sse42	GENUINELY_MISSING	1	src/lib/nogc_sync_mut/gpu/engine3d/simd_kernels3d.spl
rt_cpu_present_pixels	GENUINELY_MISSING	1	src/lib/nogc_sync_mut/gpu/present_hooks.spl
rt_cuda3d_available	GENUINELY_MISSING	2	src/lib/nogc_sync_mut/gpu/engine3d/ffi_cuda3d.spl
rt_cuda3d_init	GENUINELY_MISSING	2	src/lib/nogc_sync_mut/gpu/engine3d/ffi_cuda3d.spl
rt_cuda3d_shutdown	GENUINELY_MISSING	2	src/lib/nogc_sync_mut/gpu/engine3d/ffi_cuda3d.spl
rt_cuda_alloc_device	GENUINELY_MISSING	1	src/lib/nogc_sync_mut/gpu/engine2d/cuda_session.spl
rt_cuda_alloc_fb	GENUINELY_MISSING	1	src/lib/gc_async_mut/gpu/engine2d/backend_cuda_proof.spl
rt_cuda_cleanup	GENUINELY_MISSING	2	src/lib/gc_async_mut/gpu/engine2d/backend_cuda_proof.spl
rt_cuda_clear	GENUINELY_MISSING	1	src/lib/gc_async_mut/gpu/engine2d/backend_cuda_proof.spl
rt_cuda_compile_ptx	GENUINELY_MISSING	4	src/lib/nogc_async_mut/engine/physics/backend_gpu/gpu_solver.spl
rt_cuda_compute_capability	GENUINELY_MISSING	1	src/lib/nogc_sync_mut/io/cuda_sffi.spl
rt_cuda_device_init	GENUINELY_MISSING	2	src/lib/gc_async_mut/gpu/engine2d/backend_cuda_proof.spl
rt_cuda_device_memory	GENUINELY_MISSING	1	src/lib/nogc_sync_mut/io/cuda_sffi.spl
rt_cuda_draw_rect	GENUINELY_MISSING	1	src/lib/gc_async_mut/gpu/engine2d/backend_cuda_proof.spl
rt_cuda_get_device	GENUINELY_MISSING	1	src/lib/nogc_sync_mut/io/cuda_sffi.spl
rt_cuda_get_function	GENUINELY_MISSING	4	src/lib/nogc_async_mut/engine/physics/backend_gpu/gpu_solver.spl
rt_cuda_get_last_error	GENUINELY_MISSING	1	src/lib/nogc_sync_mut/io/cuda_sffi.spl
rt_cuda_kernel_get	GENUINELY_MISSING	2	src/lib/nogc_sync_mut/gpu/engine2d/cuda_session.spl
rt_cuda_kernel_launch	GENUINELY_MISSING	1	src/lib/nogc_sync_mut/gpu/engine2d/cuda_session.spl
rt_cuda_memcpy_d2d	GENUINELY_MISSING	2	src/lib/nogc_sync_mut/io/cuda_sffi.spl
rt_cuda_memcpy_d2h	GENUINELY_MISSING	9	src/lib/nogc_async_mut/engine/physics/backend_gpu/gpu_solver.spl
rt_cuda_memcpy_h2d	GENUINELY_MISSING	19	src/lib/nogc_async_mut/engine/physics/backend_gpu/gpu_solver.spl
rt_cuda_peek_last_error	GENUINELY_MISSING	1	src/lib/nogc_sync_mut/io/cuda_sffi.spl
rt_cuda_primary_ctx_release	GENUINELY_MISSING	1	src/lib/nogc_sync_mut/gpu/engine2d/cuda_session.spl
rt_cuda_primary_ctx_retain	GENUINELY_MISSING	1	src/lib/nogc_sync_mut/gpu/engine2d/cuda_session.spl
rt_cuda_readback	GENUINELY_MISSING	1	src/lib/gc_async_mut/gpu/engine2d/backend_cuda_proof.spl
rt_cuda_set_device	GENUINELY_MISSING	1	src/lib/nogc_sync_mut/io/cuda_sffi.spl
rt_cuda_shutdown	GENUINELY_MISSING	2	src/lib/nogc_sync_mut/gpu/engine2d/ffi_cuda.spl
rt_cuda_sm_version	GENUINELY_MISSING	1	src/compiler/30.types/simd_capabilities.spl
rt_cuda_stream_create	GENUINELY_MISSING	1	src/lib/nogc_async_mut/engine/physics/backend_gpu/gpu_solver.spl
rt_cuda_stream_destroy	GENUINELY_MISSING	1	src/lib/nogc_async_mut/engine/physics/backend_gpu/gpu_solver.spl
rt_cuda_stream_sync	GENUINELY_MISSING	1	src/lib/nogc_sync_mut/gpu/engine2d/cuda_session.spl
rt_cuda_stream_synchronize	GENUINELY_MISSING	1	src/lib/nogc_sync_mut/io/cuda_sffi.spl
rt_cuda_submit	GENUINELY_MISSING	1	src/lib/gc_async_mut/gpu/session/backend_runtime_ops.spl
rt_cuda_synchronize	GENUINELY_MISSING	17	src/lib/nogc_async_mut/engine/physics/backend_gpu/gpu_solver.spl
rt_cuda_unload_module	GENUINELY_MISSING	3	src/lib/nogc_async_mut/engine/physics/backend_gpu/gpu_solver.spl
rt_debug_clear_breakpoints	GENUINELY_MISSING	2	src/lib/nogc_sync_mut/ffi/debug.spl
rt_debug_clear_globals	GENUINELY_MISSING	2	src/lib/nogc_sync_mut/ffi/debug.spl
rt_debug_clear_locals	GENUINELY_MISSING	2	src/lib/nogc_sync_mut/ffi/debug.spl
rt_debug_current_column	GENUINELY_MISSING	2	src/lib/nogc_sync_mut/ffi/debug.spl
rt_debug_get_step_mode	GENUINELY_MISSING	2	src/lib/nogc_sync_mut/ffi/debug.spl
rt_debug_get_step_start_depth	GENUINELY_MISSING	2	src/lib/nogc_sync_mut/ffi/debug.spl
rt_debug_globals	GENUINELY_MISSING	2	src/lib/nogc_sync_mut/ffi/debug.spl
rt_debug_has_breakpoint	GENUINELY_MISSING	2	src/lib/nogc_sync_mut/ffi/debug.spl
rt_debug_is_paused	GENUINELY_MISSING	2	src/lib/nogc_sync_mut/ffi/debug.spl
rt_debug_pop_frame	GENUINELY_MISSING	2	src/lib/nogc_sync_mut/ffi/debug.spl
rt_debug_push_frame	GENUINELY_MISSING	2	src/lib/nogc_sync_mut/ffi/debug.spl
rt_debug_set_current_location	GENUINELY_MISSING	2	src/lib/nogc_sync_mut/ffi/debug.spl
rt_debug_set_global	GENUINELY_MISSING	2	src/lib/nogc_sync_mut/ffi/debug.spl
rt_debug_set_local	GENUINELY_MISSING	2	src/lib/nogc_sync_mut/ffi/debug.spl
rt_debug_set_step_start_depth	GENUINELY_MISSING	2	src/lib/nogc_sync_mut/ffi/debug.spl
rt_debug_should_break	GENUINELY_MISSING	2	src/lib/nogc_sync_mut/ffi/debug.spl
rt_debug_wait_for_continue	GENUINELY_MISSING	2	src/lib/nogc_sync_mut/ffi/debug.spl
rt_decrypt_aes256	GENUINELY_MISSING	2	src/app/io/crypto_ffi.spl
rt_deflate_compress	GENUINELY_MISSING	1	src/lib/nogc_sync_mut/io/compress_sffi.spl
rt_deflate_decompress	GENUINELY_MISSING	1	src/lib/nogc_sync_mut/io/compress_sffi.spl
rt_derive_key_pbkdf2	GENUINELY_MISSING	2	src/app/io/crypto_ffi.spl
rt_dir_delete	c_runtime_source_only	2	src/compiler_rust/lib/std/src/sys/sffi/io.spl
rt_display_bpp	GENUINELY_MISSING	1	src/os/kernel/arch/riscv64/display.spl
rt_display_framebuffer_address	GENUINELY_MISSING	1	src/os/kernel/arch/riscv64/display.spl
rt_display_generation	GENUINELY_MISSING	1	src/os/kernel/arch/riscv64/display.spl
rt_display_height	GENUINELY_MISSING	1	src/os/kernel/arch/riscv64/display.spl
rt_display_init	GENUINELY_MISSING	1	src/os/kernel/arch/riscv64/display.spl
rt_display_pitch	GENUINELY_MISSING	1	src/os/kernel/arch/riscv64/display.spl
rt_display_present	GENUINELY_MISSING	1	src/os/kernel/arch/riscv64/display.spl
rt_display_width	GENUINELY_MISSING	1	src/os/kernel/arch/riscv64/display.spl
rt_dma_alloc	c_runtime_source_only	5	src/lib/nogc_sync_mut/io/dma.spl
rt_dma_bytes_to_array	GENUINELY_MISSING	2	src/os/drivers/virtio/_VirtioBlk/driver_class.spl
rt_dma_cache_line_size	c_runtime_source_only	1	src/lib/nogc_sync_mut/io/dma.spl
rt_dma_free	c_runtime_source_only	6	src/lib/nogc_sync_mut/io/dma.spl
rt_dma_phys_of	c_runtime_source_only	6	src/lib/nogc_sync_mut/io/dma.spl
rt_dma_sync_for_cpu	c_runtime_source_only	8	src/lib/nogc_sync_mut/io/dma.spl
rt_dma_sync_for_device	c_runtime_source_only	13	src/lib/nogc_sync_mut/io/dma.spl
rt_dma_virt_of	c_runtime_source_only	6	src/lib/nogc_sync_mut/io/dma.spl
rt_dwarf_addr_to_line	GENUINELY_MISSING	6	src/app/debug/native_agent.spl
rt_dwarf_free	GENUINELY_MISSING	4	src/app/debug/native_agent.spl
rt_dwarf_function_at	GENUINELY_MISSING	6	src/app/debug/native_agent.spl
rt_dwarf_line_to_addr	GENUINELY_MISSING	4	src/app/debug/native_agent.spl
rt_dwarf_load	GENUINELY_MISSING	4	src/app/debug/native_agent.spl
rt_dwarf_locals_at	GENUINELY_MISSING	4	src/app/debug/native_agent.spl
rt_ed25519_keypair_pk	DEAD_DECLARATION	0	src/os/apps/sshd/ssh_session.spl
rt_encrypt_aes256	GENUINELY_MISSING	2	src/app/io/crypto_ffi.spl
rt_engine2d_download_pixels	GENUINELY_MISSING	2	src/lib/nogc_sync_mut/gpu/engine2d/ffi_cuda.spl
rt_engine2d_pack_args_4	GENUINELY_MISSING	2	src/lib/nogc_sync_mut/gpu/engine2d/ffi_cuda.spl
rt_engine2d_pack_args_8	GENUINELY_MISSING	2	src/lib/nogc_sync_mut/gpu/engine2d/ffi_cuda.spl
rt_engine2d_upload_host_buf	GENUINELY_MISSING	2	src/lib/nogc_sync_mut/gpu/engine2d/ffi_cuda.spl
rt_engine2d_upload_pixels	GENUINELY_MISSING	2	src/lib/nogc_sync_mut/gpu/engine2d/ffi_cuda.spl
rt_ensure_dir	GENUINELY_MISSING	2	src/lib/nogc_sync_mut/terminal/credential/store.spl
rt_entropy_fill	GENUINELY_MISSING	1	src/lib/nogc_sync_mut/crypto/entropy_platform.spl
rt_env_get_home	GENUINELY_MISSING	2	src/lib/nogc_sync_mut/terminal/credential/store.spl
rt_env_has	DEAD_DECLARATION	0	src/compiler_rust/lib/std/src/sys/sffi/env.spl
rt_env_set_cwd	DEAD_DECLARATION	0	src/compiler_rust/lib/std/src/sys/sffi/env.spl
rt_eprintln	c_runtime_source_only	2	src/os/services/vfs/nvfs_connector.spl
rt_event_loop_poll_into	GENUINELY_MISSING	2	test/05_perf/bench/http_server/bench_raw_native_opt.spl
rt_exec_memory_count	DEAD_DECLARATION	0	src/compiler/90.tools/sffi_gen/specs/exec_memory.spl
rt_exec_memory_dump_stats	DEAD_DECLARATION	0	src/compiler/90.tools/sffi_gen/specs/exec_memory.spl
rt_exec_memory_total	DEAD_DECLARATION	0	src/compiler/90.tools/sffi_gen/specs/exec_memory.spl
rt_execute_command	DEAD_DECLARATION	0	src/compiler_rust/lib/std/src/tooling/dashboard/collectors/vcs_collector.spl
rt_executor_block_on	DEAD_DECLARATION	0	src/compiler_rust/lib/std/src/async/sffi/executor.spl
rt_executor_new	DEAD_DECLARATION	0	src/compiler_rust/lib/std/src/async/sffi/executor.spl
rt_executor_run	DEAD_DECLARATION	0	src/compiler_rust/lib/std/src/async/sffi/executor.spl
rt_executor_spawn	DEAD_DECLARATION	0	src/compiler_rust/lib/std/src/async/sffi/executor.spl
rt_extract_all_symbols	GENUINELY_MISSING	1	src/compiler/90.tools/sffi_gen/specs/compiler_query.spl
rt_extract_all_symbols_v2	DEAD_DECLARATION	0	src/compiler/90.tools/sffi_gen/specs/compiler_query.spl
rt_f64_array_to_bytes	GENUINELY_MISSING	1	src/os/ml/gpu_tensor.spl
rt_f64_to_bits	GENUINELY_MISSING	5	src/os/ml/gpu_tensor.spl
rt_file_append	c_runtime_source_only	1	src/lib/nogc_sync_mut/cli_output/buffer.spl
rt_file_modified_time	GENUINELY_MISSING	6	src/app/watch/watcher.spl
rt_file_mtime	DEAD_DECLARATION	0	src/compiler_rust/lib/std/src/tooling/core/incremental.spl
rt_file_read	GENUINELY_MISSING	4	src/compiler_rust/lib/std/src/tooling/testing/discovery.spl
rt_file_read_all_text	c_runtime_source_only	2	test/05_perf/bench/http_server/bench_raw_tcp_static.spl
rt_file_read_bytes_range	GENUINELY_MISSING	2	test/system/os/port/dbfs_disk_boot_spec.spl
rt_file_set_mode	GENUINELY_MISSING	1	src/lib/gc_async_mut/file_system/permissions.spl
rt_file_write	c_runtime_source_only	0	src/compiler_rust/lib/std/src/tooling/testing/aggregation.spl
rt_file_write_bytes_b64	GENUINELY_MISSING	2	src/lib/nogc_sync_mut/play/page.spl
rt_find_symbol_at_position	GENUINELY_MISSING	1	src/compiler/90.tools/sffi_gen/specs/compiler_query.spl
rt_find_symbol_at_position_v2	DEAD_DECLARATION	0	src/compiler/90.tools/sffi_gen/specs/compiler_query.spl
rt_find_symbol_references	GENUINELY_MISSING	1	src/compiler/90.tools/sffi_gen/specs/compiler_query.spl
rt_flush_icache	DEAD_DECLARATION	0	src/compiler/90.tools/sffi_gen/specs/exec_memory.spl
rt_font_find_table	GENUINELY_MISSING	1	src/lib/skia/entity/glyph_outline.spl
rt_font_read_i16	GENUINELY_MISSING	1	src/lib/skia/entity/glyph_outline.spl
rt_font_read_u16	GENUINELY_MISSING	1	src/lib/skia/entity/glyph_outline.spl
rt_font_read_u32	GENUINELY_MISSING	1	src/lib/skia/entity/glyph_outline.spl
rt_free_ast	GENUINELY_MISSING	1	src/compiler/90.tools/sffi_gen/specs/compiler_query.spl
rt_free_exec_memory	DEAD_DECLARATION	0	src/compiler/90.tools/sffi_gen/specs/exec_memory.spl
rt_free_symbol_table	GENUINELY_MISSING	1	src/compiler/90.tools/sffi_gen/specs/compiler_query.spl
rt_fs_read_text	GENUINELY_MISSING	17	test/01_unit/lib/gpu/engine2d/backend_software_simd_span_source_spec.spl
rt_ftp_append	GENUINELY_MISSING	1	src/lib/nogc_sync_mut/io/ftp_sffi.spl
rt_ftp_cdup	GENUINELY_MISSING	1	src/lib/nogc_sync_mut/io/ftp_sffi.spl
rt_ftp_connect	GENUINELY_MISSING	1	src/lib/nogc_sync_mut/io/ftp_sffi.spl
rt_ftp_connect_secure	GENUINELY_MISSING	1	src/lib/nogc_sync_mut/io/ftp_sffi.spl
rt_ftp_cwd	GENUINELY_MISSING	1	src/lib/nogc_sync_mut/io/ftp_sffi.spl
rt_ftp_delete	GENUINELY_MISSING	1	src/lib/nogc_sync_mut/io/ftp_sffi.spl
rt_ftp_disconnect	GENUINELY_MISSING	1	src/lib/nogc_sync_mut/io/ftp_sffi.spl
rt_ftp_get	GENUINELY_MISSING	1	src/lib/nogc_sync_mut/io/ftp_sffi.spl
rt_ftp_get_welcome_msg	GENUINELY_MISSING	1	src/lib/nogc_sync_mut/io/ftp_sffi.spl
rt_ftp_is_connected	GENUINELY_MISSING	1	src/lib/nogc_sync_mut/io/ftp_sffi.spl
rt_ftp_list	GENUINELY_MISSING	1	src/lib/nogc_sync_mut/io/ftp_sffi.spl
rt_ftp_login	GENUINELY_MISSING	1	src/lib/nogc_sync_mut/io/ftp_sffi.spl
rt_ftp_mdtm	GENUINELY_MISSING	1	src/lib/nogc_sync_mut/io/ftp_sffi.spl
rt_ftp_mkdir	GENUINELY_MISSING	1	src/lib/nogc_sync_mut/io/ftp_sffi.spl
rt_ftp_noop	GENUINELY_MISSING	1	src/lib/nogc_sync_mut/io/ftp_sffi.spl
rt_ftp_put	GENUINELY_MISSING	1	src/lib/nogc_sync_mut/io/ftp_sffi.spl
rt_ftp_pwd	GENUINELY_MISSING	1	src/lib/nogc_sync_mut/io/ftp_sffi.spl
rt_ftp_quit	GENUINELY_MISSING	1	src/lib/nogc_sync_mut/io/ftp_sffi.spl
rt_ftp_rename	GENUINELY_MISSING	1	src/lib/nogc_sync_mut/io/ftp_sffi.spl
rt_ftp_rmdir	GENUINELY_MISSING	1	src/lib/nogc_sync_mut/io/ftp_sffi.spl
rt_ftp_set_mode_active	GENUINELY_MISSING	1	src/lib/nogc_sync_mut/io/ftp_sffi.spl
rt_ftp_set_mode_passive	GENUINELY_MISSING	1	src/lib/nogc_sync_mut/io/ftp_sffi.spl
rt_ftp_set_transfer_type_ascii	GENUINELY_MISSING	1	src/lib/nogc_sync_mut/io/ftp_sffi.spl
rt_ftp_set_transfer_type_binary	GENUINELY_MISSING	1	src/lib/nogc_sync_mut/io/ftp_sffi.spl
rt_ftp_size	GENUINELY_MISSING	1	src/lib/nogc_sync_mut/io/ftp_sffi.spl
rt_gamepad_axis_data	GENUINELY_MISSING	2	src/app/io/gamepad_sffi.spl
rt_gamepad_button_data	GENUINELY_MISSING	2	src/app/io/gamepad_sffi.spl
rt_gamepad_button_is_pressed	GENUINELY_MISSING	2	src/app/io/gamepad_sffi.spl
rt_gamepad_event_free	GENUINELY_MISSING	2	src/app/io/gamepad_sffi.spl
rt_gamepad_event_get_axis	GENUINELY_MISSING	2	src/app/io/gamepad_sffi.spl
rt_gamepad_event_get_button	GENUINELY_MISSING	2	src/app/io/gamepad_sffi.spl
rt_gamepad_event_get_gamepad_id	GENUINELY_MISSING	2	src/app/io/gamepad_sffi.spl
rt_gamepad_event_get_type	GENUINELY_MISSING	2	src/app/io/gamepad_sffi.spl
rt_gamepad_event_get_value	GENUINELY_MISSING	2	src/app/io/gamepad_sffi.spl
rt_gamepad_get_last_error	GENUINELY_MISSING	2	src/app/io/gamepad_sffi.spl
rt_gamepad_get_name	GENUINELY_MISSING	2	src/app/io/gamepad_sffi.spl
rt_gamepad_get_power_info	GENUINELY_MISSING	2	src/app/io/gamepad_sffi.spl
rt_gamepad_init	GENUINELY_MISSING	2	src/app/io/gamepad_sffi.spl
rt_gamepad_is_connected	GENUINELY_MISSING	2	src/app/io/gamepad_sffi.spl
rt_gamepad_poll_event	GENUINELY_MISSING	2	src/app/io/gamepad_sffi.spl
rt_gamepad_set_rumble	GENUINELY_MISSING	2	src/app/io/gamepad_sffi.spl
rt_gamepad_shutdown	GENUINELY_MISSING	2	src/app/io/gamepad_sffi.spl
rt_gamepad_stop_rumble	GENUINELY_MISSING	2	src/app/io/gamepad_sffi.spl
rt_gamepad_update	GENUINELY_MISSING	2	src/app/io/gamepad_sffi.spl
rt_gc_collect	GENUINELY_MISSING	4	src/app/ffi_gen.specs/gc.spl
rt_generate_key	GENUINELY_MISSING	2	src/app/io/crypto_ffi.spl
rt_generate_key_hex	GENUINELY_MISSING	2	src/app/io/crypto_ffi.spl
rt_get_arg_count	DEAD_DECLARATION	0	src/compiler_rust/lib/std/src/sys/sffi/env.spl
rt_get_context_keywords	GENUINELY_MISSING	1	src/compiler/90.tools/sffi_gen/specs/compiler_query.spl
rt_get_file_mtime	GENUINELY_MISSING	1	src/compiler/90.tools/sffi_gen/specs/compiler_query.spl
rt_get_function_pointer	DEAD_DECLARATION	0	src/compiler/90.tools/sffi_gen/specs/exec_memory.spl
rt_get_page_size	DEAD_DECLARATION	0	src/compiler/90.tools/sffi_gen/specs/mmap.spl
rt_get_protection	DEAD_DECLARATION	0	src/compiler/90.tools/sffi_gen/specs/exec_memory.spl
rt_get_scope_at_position	GENUINELY_MISSING	1	src/compiler/90.tools/sffi_gen/specs/compiler_query.spl
rt_get_scope_at_position_v2	DEAD_DECLARATION	0	src/compiler/90.tools/sffi_gen/specs/compiler_query.spl
rt_getauxval	GENUINELY_MISSING	2	src/compiler/30.types/simd_capabilities.spl
rt_ghdl_verify_return_zero_contract	GENUINELY_MISSING	2	src/lib/hardware/riscv_common/core/riscv_formal.spl
rt_ghdl_verify_vhdl_constraints	GENUINELY_MISSING	1	src/lib/hardware/riscv_common/core/riscv_formal.spl
rt_glfw_zzz_bogus	GENUINELY_MISSING	1	test/fixture/interpreter_extern/glfw_bogus_probe.spl
rt_glob	DEAD_DECLARATION	0	src/compiler_rust/lib/std/src/mcp/core/provider.spl
rt_gpu_buffer_create	DEAD_DECLARATION	0	src/compiler_rust/lib/std/src/ext/gpu/sffi.spl
rt_gpu_buffer_download	DEAD_DECLARATION	0	src/compiler_rust/lib/std/src/ext/gpu/sffi.spl
rt_gpu_buffer_free	DEAD_DECLARATION	0	src/compiler_rust/lib/std/src/ext/gpu/sffi.spl
rt_gpu_buffer_upload	DEAD_DECLARATION	0	src/compiler_rust/lib/std/src/ext/gpu/sffi.spl
rt_gpu_device_count	DEAD_DECLARATION	0	src/compiler_rust/lib/std/src/ext/gpu/sffi.spl
rt_gpu_device_name	DEAD_DECLARATION	0	src/compiler_rust/lib/std/src/ext/gpu/sffi.spl
rt_gpu_device_select	DEAD_DECLARATION	0	src/compiler_rust/lib/std/src/ext/gpu/sffi.spl
rt_gpu_kernel_compile	DEAD_DECLARATION	0	src/compiler_rust/lib/std/src/ext/gpu/sffi.spl
rt_gpu_kernel_launch	DEAD_DECLARATION	0	src/compiler_rust/lib/std/src/ext/gpu/sffi.spl
rt_gpu_kernel_set_arg	DEAD_DECLARATION	0	src/compiler_rust/lib/std/src/ext/gpu/sffi.spl
rt_gpu_synchronize	DEAD_DECLARATION	0	src/compiler_rust/lib/std/src/ext/gpu/sffi.spl
rt_gui_begin_frame	GENUINELY_MISSING	1	src/os/compositor/glass_effects.spl
rt_gui_blend_fill	GENUINELY_MISSING	1	src/os/compositor/glass_effects.spl
rt_gui_blend_span4	GENUINELY_MISSING	1	src/os/drivers/framebuffer/fb_driver.spl
rt_gui_box_blur	GENUINELY_MISSING	1	src/os/compositor/glass_effects.spl
rt_gui_fill4	GENUINELY_MISSING	5	src/os/compositor/engine2d_baremetal_core.spl
rt_gui_gradient_h	DEAD_DECLARATION	0	src/os/compositor/glass_effects.spl
rt_gui_gradient_v	GENUINELY_MISSING	1	src/os/compositor/glass_effects.spl
rt_gui_hline	GENUINELY_MISSING	2	src/os/drivers/framebuffer/fb_driver.spl
rt_gui_present	GENUINELY_MISSING	1	src/os/compositor/glass_effects.spl
rt_gui_present_html	GENUINELY_MISSING	3	src/app/editor/gui_shell.spl
rt_gui_set_gpu_accel_enabled	GENUINELY_MISSING	3	src/os/drivers/gpu/gpu_accel.spl
rt_gui_set_gpu_mode	GENUINELY_MISSING	2	src/os/drivers/gpu/gpu_accel.spl
rt_gui_shadow	GENUINELY_MISSING	1	src/os/compositor/glass_effects.spl
rt_gui_shadow_fill	GENUINELY_MISSING	1	src/os/compositor/glass_effects.spl
rt_gui_simd_fill_chunks	GENUINELY_MISSING	1	src/os/compositor/engine2d_baremetal_core.spl
rt_gui_simd_fill_enabled	GENUINELY_MISSING	1	src/os/compositor/engine2d_baremetal_core.spl
rt_gui_simd_fill_hits	GENUINELY_MISSING	1	src/os/compositor/engine2d_baremetal_core.spl
rt_gui_simd_fill_scalar_parity	GENUINELY_MISSING	1	src/os/kernel/arch/arm64/simd_receipt.spl
rt_gui_simd_fill_tail_pixels	GENUINELY_MISSING	1	src/os/compositor/engine2d_baremetal_core.spl
rt_gui_take_pending_flush	GENUINELY_MISSING	1	src/os/drivers/gpu/gpu_accel.spl
rt_gzip_compress	GENUINELY_MISSING	1	src/lib/nogc_sync_mut/io/compress_sffi.spl
rt_gzip_compress_file	GENUINELY_MISSING	1	src/lib/nogc_sync_mut/io/compress_sffi.spl
rt_gzip_decompress	GENUINELY_MISSING	1	src/lib/nogc_sync_mut/io/compress_sffi.spl
rt_gzip_decompress_file	GENUINELY_MISSING	1	src/lib/nogc_sync_mut/io/compress_sffi.spl
rt_halt_exit	c_runtime_source_only	2	src/os/runtime/baremetal/runtime_minimal.spl
rt_hash_blake3	GENUINELY_MISSING	2	src/app/io/crypto_ffi.spl
rt_hash_sha256	GENUINELY_MISSING	2	src/app/io/crypto_ffi.spl
rt_hash_sha3_256	GENUINELY_MISSING	2	src/app/io/crypto_ffi.spl
rt_hash_sha512	GENUINELY_MISSING	2	src/app/io/crypto_ffi.spl
rt_hda_dma_probe_live_count	GENUINELY_MISSING	3	test/01_unit/os/drivers/audio/probe_hda_dma_resources.spl
rt_hda_dma_probe_reset	GENUINELY_MISSING	2	test/01_unit/os/drivers/audio/probe_hda_dma_resources.spl
rt_hda_pci_probe_set_mode	GENUINELY_MISSING	5	test/01_unit/os/drivers/audio/probe_hda_pci_binding.spl
rt_heap_ref_wellformed	c_runtime_source_only	2	src/compiler/80.driver/driver_hir_pipeline_lowering.spl
rt_hex_to_wire	c_runtime_source_only	3	src/lib/nogc_sync_mut/io/tls_common_hooks.spl
rt_hlt	c_runtime_source_only	5	src/os/kernel/arch/x86_32/cpu.spl
rt_hmac_sha256	GENUINELY_MISSING	2	src/app/io/crypto_ffi.spl
rt_hmac_sha512	GENUINELY_MISSING	2	src/app/io/crypto_ffi.spl
rt_hook_add_breakpoint	GENUINELY_MISSING	3	src/compiler/90.tools/sffi_gen/specs/interpreter_hooks.spl
rt_hook_continue	GENUINELY_MISSING	3	src/compiler/90.tools/sffi_gen/specs/interpreter_hooks.spl
rt_hook_disable_debugging	GENUINELY_MISSING	3	src/compiler/90.tools/sffi_gen/specs/interpreter_hooks.spl
rt_hook_enable_debugging	SHADOWED_BY_SPL_FN	3	src/compiler/90.tools/sffi_gen/specs/interpreter_hooks.spl
rt_hook_evaluate_condition	GENUINELY_MISSING	3	src/compiler/90.tools/sffi_gen/specs/interpreter_hooks.spl
rt_hook_evaluate_expression	GENUINELY_MISSING	3	src/compiler/90.tools/sffi_gen/specs/interpreter_hooks.spl
rt_hook_get_call_depth	GENUINELY_MISSING	9	src/compiler/90.tools/sffi_gen/specs/interpreter_hooks.spl
rt_hook_get_stack_frames	GENUINELY_MISSING	3	src/compiler/90.tools/sffi_gen/specs/interpreter_hooks.spl
rt_hook_get_variables	GENUINELY_MISSING	3	src/compiler/90.tools/sffi_gen/specs/interpreter_hooks.spl
rt_hook_pause	GENUINELY_MISSING	3	src/compiler/90.tools/sffi_gen/specs/interpreter_hooks.spl
rt_hook_remove_breakpoint	GENUINELY_MISSING	3	src/compiler/90.tools/sffi_gen/specs/interpreter_hooks.spl
rt_hook_set_breakpoint_enabled	GENUINELY_MISSING	3	src/compiler/90.tools/sffi_gen/specs/interpreter_hooks.spl
rt_hook_step	GENUINELY_MISSING	7	src/compiler/90.tools/sffi_gen/specs/interpreter_hooks.spl
rt_hook_terminate	GENUINELY_MISSING	3	src/compiler/90.tools/sffi_gen/specs/interpreter_hooks.spl
rt_host_gpu_active_backend_handle	GENUINELY_MISSING	1	src/compiler/10.frontend/core/interpreter/_EvalOps/call_method_eval.spl
rt_http_client_create	c_runtime_source_only	3	src/app/io/http_ffi.spl
rt_http_client_destroy	c_runtime_source_only	3	src/app/io/http_ffi.spl
rt_http_client_request	c_runtime_source_only	3	src/app/io/http_ffi.spl
rt_http_client_set_header	GENUINELY_MISSING	3	src/app/io/http_ffi.spl
rt_http_client_set_timeout	c_runtime_source_only	3	src/app/io/http_ffi.spl
rt_http_delete	GENUINELY_MISSING	3	src/app/io/http_ffi.spl
rt_http_download	c_runtime_source_only	4	src/app/io/http_ffi.spl
rt_http_head	GENUINELY_MISSING	3	src/app/io/http_ffi.spl
rt_http_patch	GENUINELY_MISSING	3	src/app/io/http_ffi.spl
rt_http_post	GENUINELY_MISSING	6	src/app/io/http_ffi.spl
rt_http_put	GENUINELY_MISSING	3	src/app/io/http_ffi.spl
rt_http_server_create	GENUINELY_MISSING	3	src/app/io/http_ffi.spl
rt_http_server_destroy	GENUINELY_MISSING	3	src/app/io/http_ffi.spl
rt_http_server_route	GENUINELY_MISSING	3	src/app/io/http_ffi.spl
rt_http_server_start	GENUINELY_MISSING	3	src/app/io/http_ffi.spl
rt_http_server_static	GENUINELY_MISSING	3	src/app/io/http_ffi.spl
rt_http_server_stop	GENUINELY_MISSING	3	src/app/io/http_ffi.spl
rt_http_upload	GENUINELY_MISSING	3	src/app/io/http_ffi.spl
rt_http_url_decode	GENUINELY_MISSING	3	src/app/io/http_ffi.spl
rt_http_url_encode	GENUINELY_MISSING	3	src/app/io/http_ffi.spl
rt_init_signal_handlers	GENUINELY_MISSING	1	src/app/interpreter/core/execution_guard.spl
rt_install_rich_fault_hook	GENUINELY_MISSING	2	src/os/kernel/arch/x86_64/arch_init.spl
rt_intel3d_available	GENUINELY_MISSING	2	src/lib/nogc_sync_mut/gpu/engine3d/ffi_intel3d.spl
rt_intel3d_init	GENUINELY_MISSING	2	src/lib/nogc_sync_mut/gpu/engine3d/ffi_intel3d.spl
rt_intel3d_shutdown	GENUINELY_MISSING	2	src/lib/nogc_sync_mut/gpu/engine3d/ffi_intel3d.spl
rt_intel_command_list_create	GENUINELY_MISSING	2	src/lib/nogc_sync_mut/gpu/engine2d/ffi_intel.spl
rt_intel_device_count	GENUINELY_MISSING	2	src/lib/nogc_sync_mut/gpu/engine2d/ffi_intel.spl
rt_intel_driver_count	GENUINELY_MISSING	2	src/lib/nogc_sync_mut/gpu/engine2d/ffi_intel.spl
rt_intel_engine2d_download_pixels	c_runtime_source_only	3	src/lib/gc_async_mut/gpu/engine2d/backend_intel_kernels.spl
rt_intel_engine2d_set_args_blit	c_runtime_source_only	3	src/lib/gc_async_mut/gpu/engine2d/backend_intel_kernels.spl
rt_intel_engine2d_set_args_circle	c_runtime_source_only	3	src/lib/gc_async_mut/gpu/engine2d/backend_intel_kernels.spl
rt_intel_engine2d_set_args_clear	c_runtime_source_only	3	src/lib/gc_async_mut/gpu/engine2d/backend_intel_kernels.spl
rt_intel_engine2d_set_args_gradient	c_runtime_source_only	3	src/lib/gc_async_mut/gpu/engine2d/backend_intel_kernels.spl
rt_intel_engine2d_set_args_line	c_runtime_source_only	3	src/lib/gc_async_mut/gpu/engine2d/backend_intel_kernels.spl
rt_intel_engine2d_set_args_rect	c_runtime_source_only	3	src/lib/gc_async_mut/gpu/engine2d/backend_intel_kernels.spl
rt_intel_engine2d_set_args_rounded_rect	c_runtime_source_only	3	src/lib/gc_async_mut/gpu/engine2d/backend_intel_kernels.spl
rt_intel_engine2d_set_args_triangle	c_runtime_source_only	3	src/lib/gc_async_mut/gpu/engine2d/backend_intel_kernels.spl
rt_intel_engine2d_upload_host_buf	c_runtime_source_only	3	src/lib/gc_async_mut/gpu/engine2d/backend_intel_kernels.spl
rt_intel_engine2d_upload_pixels	c_runtime_source_only	3	src/lib/gc_async_mut/gpu/engine2d/backend_intel_kernels.spl
rt_intel_init	GENUINELY_MISSING	2	src/lib/nogc_sync_mut/gpu/engine2d/ffi_intel.spl
rt_intel_is_available	GENUINELY_MISSING	2	src/lib/nogc_sync_mut/gpu/engine2d/ffi_intel.spl
rt_intel_kernel_create	GENUINELY_MISSING	2	src/lib/nogc_sync_mut/gpu/engine2d/ffi_intel.spl
rt_intel_launch_kernel	GENUINELY_MISSING	2	src/lib/nogc_sync_mut/gpu/engine2d/ffi_intel.spl
rt_intel_mem_alloc	GENUINELY_MISSING	2	src/lib/nogc_sync_mut/gpu/engine2d/ffi_intel.spl
rt_intel_mem_free	GENUINELY_MISSING	2	src/lib/nogc_sync_mut/gpu/engine2d/ffi_intel.spl
rt_intel_shutdown	GENUINELY_MISSING	2	src/lib/nogc_sync_mut/gpu/engine2d/ffi_intel.spl
rt_invlpg	c_runtime_source_only	4	src/os/kernel/arch/x86_32/cpu.spl
rt_io_tcp_read_into	GENUINELY_MISSING	2	test/05_perf/bench/http_server/bench_raw_native_opt.spl
rt_io_udp_bind	c_runtime_source_only	8	src/lib/nogc_async_mut/io/quic/quic_server.spl
rt_io_udp_close	GENUINELY_MISSING	4	src/lib/nogc_async_mut/io/quic/quic_server.spl
rt_io_udp_connect	c_runtime_source_only	1	src/lib/nogc_sync_mut/io/udp.spl
rt_io_udp_local_addr	GENUINELY_MISSING	1	src/lib/nogc_sync_mut/io/udp.spl
rt_io_udp_recv	c_runtime_source_only	1	src/lib/nogc_sync_mut/io/udp.spl
rt_io_udp_recv_from	c_runtime_source_only	4	src/lib/nogc_async_mut/io/driver.spl
rt_io_udp_send	c_runtime_source_only	1	src/lib/nogc_sync_mut/io/udp.spl
rt_io_udp_send_to	c_runtime_source_only	7	src/lib/nogc_async_mut/io/driver.spl
rt_io_udp_set_broadcast	c_runtime_source_only	1	src/lib/nogc_sync_mut/io/udp.spl
rt_io_udp_set_nonblocking	GENUINELY_MISSING	2	test/05_perf/bench/http_server/bench_udp_echo.spl
rt_io_udp_set_read_timeout	GENUINELY_MISSING	1	src/lib/nogc_sync_mut/io/udp.spl
rt_ipc_recv	DEAD_DECLARATION	0	src/os/kernel/socket_compat.spl
rt_ipc_recv_bytes	GENUINELY_MISSING	4	src/os/kernel/socket_compat.spl
rt_ipc_send	DEAD_DECLARATION	0	src/os/kernel/socket_compat.spl
rt_ipc_send_bytes	GENUINELY_MISSING	5	src/os/kernel/socket_compat.spl
rt_is_darwin_arm64	GENUINELY_MISSING	1	src/compiler/30.types/simd_capabilities.spl
rt_is_executable	DEAD_DECLARATION	0	src/compiler/90.tools/sffi_gen/specs/exec_memory.spl
rt_lgdt	c_runtime_source_only	4	src/os/kernel/arch/x86_32/cpu.spl
rt_lidt	c_runtime_source_only	5	src/os/kernel/arch/x86_32/cpu.spl
rt_limine_framebuffer_response	GENUINELY_MISSING	1	src/os/kernel/boot/limine_boot_aarch64.spl
rt_limine_hhdm_response	GENUINELY_MISSING	1	src/os/kernel/boot/limine_boot_aarch64.spl
rt_limine_kernel_addr_response	GENUINELY_MISSING	1	src/os/kernel/boot/limine_boot_aarch64.spl
rt_limine_memmap_response	GENUINELY_MISSING	1	src/os/kernel/boot/limine_boot_aarch64.spl
rt_limine_rsdp_response	GENUINELY_MISSING	1	src/os/kernel/boot/limine_boot_aarch64.spl
rt_list_dir	GENUINELY_MISSING	1	src/compiler/35.semantics/lint/remote_exec_lint.spl
rt_ltr	c_runtime_source_only	4	src/os/kernel/arch/x86_32/cpu.spl
rt_lyon_fill_tessellate_with_rule	GENUINELY_MISSING	2	src/app/io/graphics2d_sffi.spl
rt_lyon_fill_tessellation_get_indices	GENUINELY_MISSING	2	src/app/io/graphics2d_sffi.spl
rt_lyon_fill_tessellation_get_vertices	GENUINELY_MISSING	2	src/app/io/graphics2d_sffi.spl
rt_lyon_fill_tessellation_index_count	GENUINELY_MISSING	2	src/app/io/graphics2d_sffi.spl
rt_lyon_fill_tessellation_vertex_count	GENUINELY_MISSING	2	src/app/io/graphics2d_sffi.spl
rt_lyon_get_last_error	GENUINELY_MISSING	2	src/app/io/graphics2d_sffi.spl
rt_lyon_index_buffer_free	GENUINELY_MISSING	2	src/app/io/graphics2d_sffi.spl
rt_lyon_index_buffer_get	GENUINELY_MISSING	2	src/app/io/graphics2d_sffi.spl
rt_lyon_index_buffer_size	GENUINELY_MISSING	2	src/app/io/graphics2d_sffi.spl
rt_lyon_index_buffer_to_array	GENUINELY_MISSING	2	src/app/io/graphics2d_sffi.spl
rt_lyon_path_builder_arc_to	GENUINELY_MISSING	2	src/app/io/graphics2d_sffi.spl
rt_lyon_path_builder_begin	GENUINELY_MISSING	2	src/app/io/graphics2d_sffi.spl
rt_lyon_path_builder_build	GENUINELY_MISSING	2	src/app/io/graphics2d_sffi.spl
rt_lyon_path_builder_close	GENUINELY_MISSING	2	src/app/io/graphics2d_sffi.spl
rt_lyon_path_builder_cubic_bezier_to	GENUINELY_MISSING	2	src/app/io/graphics2d_sffi.spl
rt_lyon_path_builder_free	GENUINELY_MISSING	2	src/app/io/graphics2d_sffi.spl
rt_lyon_path_builder_line_to	GENUINELY_MISSING	2	src/app/io/graphics2d_sffi.spl
rt_lyon_path_builder_new	GENUINELY_MISSING	2	src/app/io/graphics2d_sffi.spl
rt_lyon_path_builder_quadratic_bezier_to	GENUINELY_MISSING	2	src/app/io/graphics2d_sffi.spl
rt_lyon_path_circle	GENUINELY_MISSING	2	src/app/io/graphics2d_sffi.spl
rt_lyon_path_contains_point	GENUINELY_MISSING	2	src/app/io/graphics2d_sffi.spl
rt_lyon_path_ellipse	GENUINELY_MISSING	2	src/app/io/graphics2d_sffi.spl
rt_lyon_path_free	GENUINELY_MISSING	2	src/app/io/graphics2d_sffi.spl
rt_lyon_path_get_bounds	GENUINELY_MISSING	2	src/app/io/graphics2d_sffi.spl
rt_lyon_path_polygon	GENUINELY_MISSING	2	src/app/io/graphics2d_sffi.spl
rt_lyon_path_rectangle	GENUINELY_MISSING	2	src/app/io/graphics2d_sffi.spl
rt_lyon_path_rounded_rectangle	GENUINELY_MISSING	2	src/app/io/graphics2d_sffi.spl
rt_lyon_path_star	GENUINELY_MISSING	2	src/app/io/graphics2d_sffi.spl
rt_lyon_path_transform	GENUINELY_MISSING	2	src/app/io/graphics2d_sffi.spl
rt_lyon_stroke_tessellate	GENUINELY_MISSING	2	src/app/io/graphics2d_sffi.spl
rt_lyon_stroke_tessellate_with_options	GENUINELY_MISSING	2	src/app/io/graphics2d_sffi.spl
rt_lyon_stroke_tessellation_free	GENUINELY_MISSING	2	src/app/io/graphics2d_sffi.spl
rt_lyon_stroke_tessellation_get_indices	GENUINELY_MISSING	2	src/app/io/graphics2d_sffi.spl
rt_lyon_stroke_tessellation_get_vertices	GENUINELY_MISSING	2	src/app/io/graphics2d_sffi.spl
rt_lyon_stroke_tessellation_index_count	GENUINELY_MISSING	2	src/app/io/graphics2d_sffi.spl
rt_lyon_stroke_tessellation_vertex_count	GENUINELY_MISSING	2	src/app/io/graphics2d_sffi.spl
rt_lyon_transform_free	GENUINELY_MISSING	2	src/app/io/graphics2d_sffi.spl
rt_lyon_transform_identity	GENUINELY_MISSING	2	src/app/io/graphics2d_sffi.spl
rt_lyon_transform_multiply	GENUINELY_MISSING	2	src/app/io/graphics2d_sffi.spl
rt_lyon_transform_rotate	GENUINELY_MISSING	2	src/app/io/graphics2d_sffi.spl
rt_lyon_transform_scale	GENUINELY_MISSING	2	src/app/io/graphics2d_sffi.spl
rt_lyon_transform_translate	GENUINELY_MISSING	2	src/app/io/graphics2d_sffi.spl
rt_lyon_vertex_buffer_free	GENUINELY_MISSING	2	src/app/io/graphics2d_sffi.spl
rt_lyon_vertex_buffer_get_normal	GENUINELY_MISSING	2	src/app/io/graphics2d_sffi.spl
rt_lyon_vertex_buffer_get_position	GENUINELY_MISSING	2	src/app/io/graphics2d_sffi.spl
rt_lyon_vertex_buffer_size	GENUINELY_MISSING	2	src/app/io/graphics2d_sffi.spl
rt_lyon_vertex_buffer_to_array	GENUINELY_MISSING	2	src/app/io/graphics2d_sffi.spl
rt_make_executable	GENUINELY_MISSING	2	src/compiler/90.tools/sffi_gen/specs/exec_memory.spl
rt_malloc	DEAD_DECLARATION	0	src/app/ffi_gen.specs/memory_syscalls.spl
rt_mem_read_i64	GENUINELY_MISSING	1	src/app/gc/core.spl
rt_mem_read_u32_boxed	GENUINELY_MISSING	1	src/os/drivers/virtio/virtio_gpu_regs.spl
rt_mem_read_u8	GENUINELY_MISSING	15	src/app/gc/core.spl
rt_mem_write_i64	GENUINELY_MISSING	1	src/app/gc/core.spl
rt_mem_write_u32_boxed	GENUINELY_MISSING	1	src/os/drivers/virtio/virtio_gpu_regs.spl
rt_mem_write_u8	GENUINELY_MISSING	2	src/app/gc/core.spl
rt_memcmp	c_runtime_source_only	0	src/app/ffi_gen.specs/memory_syscalls.spl
rt_metal_begin_command	GENUINELY_MISSING	1	src/lib/nogc_sync_mut/gpu/engine2d/metal_session.spl
rt_metal_cleanup	GENUINELY_MISSING	1	src/lib/gc_async_mut/gpu/session/backend_runtime_ops.spl
rt_metal_cleanup_device	GENUINELY_MISSING	1	src/lib/nogc_sync_mut/gpu/engine2d/metal_session.spl
rt_metal_commit_command	GENUINELY_MISSING	1	src/lib/nogc_sync_mut/gpu/engine2d/metal_session.spl
rt_metal_create_library	GENUINELY_MISSING	1	src/lib/nogc_sync_mut/gpu/engine2d/metal_session.spl
rt_metal_create_queue	GENUINELY_MISSING	1	src/lib/nogc_sync_mut/gpu/engine2d/metal_session.spl
rt_metal_device_identity	GENUINELY_MISSING	1	src/lib/nogc_sync_mut/io/metal_sffi.spl
rt_metal_device_supports_metal3	GENUINELY_MISSING	1	src/lib/nogc_sync_mut/io/metal_sffi.spl
rt_metal_load_library_bytes	GENUINELY_MISSING	1	src/lib/nogc_sync_mut/io/metal_sffi.spl
rt_metal_load_library_file	GENUINELY_MISSING	1	src/lib/nogc_sync_mut/io/metal_sffi.spl
rt_metal_submit	GENUINELY_MISSING	1	src/lib/gc_async_mut/gpu/session/backend_runtime_ops.spl
rt_metal_wait_completion	GENUINELY_MISSING	1	src/lib/nogc_sync_mut/gpu/engine2d/metal_session.spl
rt_mlock	c_runtime_source_only	2	src/compiler/90.tools/sffi_gen/specs/mmap.spl
rt_mmap_file	DEAD_DECLARATION	0	src/compiler/90.tools/sffi_gen/specs/mmap.spl
rt_mmap_read_bytes	DEAD_DECLARATION	0	src/compiler/90.tools/sffi_gen/specs/mmap.spl
rt_mmap_read_string	DEAD_DECLARATION	0	src/compiler/90.tools/sffi_gen/specs/mmap.spl
rt_mmio_read_u32_real	GENUINELY_MISSING	2	src/os/drivers/virtio/virtio_gpu.spl
rt_mmio_read_u64	c_runtime_source_only	0	src/os/drivers/virtio/virtio_gpu.spl
rt_mmio_read_u64_real	GENUINELY_MISSING	1	src/os/drivers/virtio/virtio_gpu_regs.spl
rt_mmio_write_u16_real	GENUINELY_MISSING	1	src/os/drivers/virtio/virtio_gpu_regs.spl
rt_mmio_write_u32_real	GENUINELY_MISSING	1	src/os/drivers/virtio/virtio_gpu_regs.spl
rt_mmio_write_u64	c_runtime_source_only	1	src/os/drivers/virtio/virtio_gpu.spl
rt_mmio_write_u64_real	GENUINELY_MISSING	1	src/os/drivers/virtio/virtio_gpu_regs.spl
rt_munlock	c_runtime_source_only	2	src/compiler/90.tools/sffi_gen/specs/mmap.spl
rt_net_accept	SHADOWED_BY_SPL_FN	3	src/os/apps/dbd/dbd.spl
rt_net_bind	SHADOWED_BY_SPL_FN	2	src/os/apps/dbd/dbd.spl
rt_net_close	SHADOWED_BY_SPL_FN	5	src/os/apps/dbd/dbd.spl
rt_net_connect	GENUINELY_MISSING	1	test/fixtures/net_sffi.spl
rt_net_init	GENUINELY_MISSING	4	src/os/kernel/boot/riscv_services.spl
rt_net_listen	SHADOWED_BY_SPL_FN	2	src/os/apps/dbd/dbd.spl
rt_net_recv_bytes	SHADOWED_BY_SPL_FN	5	src/os/apps/dbd/dbd.spl
rt_net_rx_ready	GENUINELY_MISSING	5	src/os/kernel/boot/riscv_services.spl
rt_net_send_bytes	SHADOWED_BY_SPL_FN	5	src/os/apps/dbd/dbd.spl
rt_net_socket	SHADOWED_BY_SPL_FN	2	src/os/apps/dbd/dbd.spl
rt_net_stats	GENUINELY_MISSING	5	src/os/kernel/boot/os_main.spl
rt_net_tx_test	GENUINELY_MISSING	5	src/os/kernel/boot/riscv_services.spl
rt_numeric_xor_sum_u64_data	DEAD_DECLARATION	0	test/05_perf/collections/collection_simple.spl
rt_numeric_xor_sum_u64_repeated_data	SHADOWED_BY_SPL_FN	2	test/05_perf/collections/collection_simple.spl
rt_oneapi_device_memory	GENUINELY_MISSING	1	src/lib/nogc_sync_mut/io/oneapi_sffi.spl
rt_oneapi_device_name	GENUINELY_MISSING	1	src/lib/nogc_sync_mut/io/oneapi_sffi.spl
rt_oneapi_device_type	GENUINELY_MISSING	1	src/lib/nogc_sync_mut/io/oneapi_sffi.spl
rt_oneapi_get_device	GENUINELY_MISSING	1	src/lib/nogc_sync_mut/io/oneapi_sffi.spl
rt_oneapi_get_last_error	GENUINELY_MISSING	1	src/lib/nogc_sync_mut/io/oneapi_sffi.spl
rt_oneapi_malloc_shared	GENUINELY_MISSING	1	src/lib/nogc_sync_mut/io/oneapi_sffi.spl
rt_oneapi_memcpy_d2h	GENUINELY_MISSING	1	src/lib/nogc_sync_mut/io/oneapi_sffi.spl
rt_oneapi_memcpy_h2d	GENUINELY_MISSING	1	src/lib/nogc_sync_mut/io/oneapi_sffi.spl
rt_oneapi_set_device	GENUINELY_MISSING	1	src/lib/nogc_sync_mut/io/oneapi_sffi.spl
rt_oneapi_synchronize	GENUINELY_MISSING	1	src/lib/nogc_sync_mut/io/oneapi_sffi.spl
rt_open_fd	c_runtime_source_only	2	src/compiler/90.tools/sffi_gen/specs/mmap_syscalls.spl
rt_opengl_get_last_error	GENUINELY_MISSING	1	src/lib/nogc_sync_mut/io/opengl_sffi.spl
rt_page_size	c_runtime_source_only	1	src/compiler/90.tools/sffi_gen/specs/mmap_syscalls.spl
rt_parse_brief_items	DEAD_DECLARATION	0	src/compiler_rust/lib/std/src/tooling/brief_view.spl
rt_parse_source	GENUINELY_MISSING	1	src/compiler/90.tools/sffi_gen/specs/compiler_query.spl
rt_password_hash	GENUINELY_MISSING	2	src/app/io/crypto_ffi.spl
rt_password_hash_bcrypt	GENUINELY_MISSING	2	src/app/io/crypto_ffi.spl
rt_password_verify	GENUINELY_MISSING	2	src/app/io/crypto_ffi.spl
rt_password_verify_bcrypt	GENUINELY_MISSING	2	src/app/io/crypto_ffi.spl
rt_path_extension	c_runtime_source_only	1	src/compiler_rust/lib/std/src/sys/sffi/io.spl
rt_path_filename	c_runtime_source_only	1	src/compiler_rust/lib/std/src/sys/sffi/io.spl
rt_path_normalize	GENUINELY_MISSING	1	src/compiler_rust/lib/std/src/sys/sffi/io.spl
rt_pci_device_count	GENUINELY_MISSING	4	src/os/drivers/audio/hda_pci_binding.spl
rt_pci_enable_memory_bus_master	GENUINELY_MISSING	1	src/os/drivers/audio/hda_pci_binding.spl
rt_pci_get_field	GENUINELY_MISSING	21	src/os/drivers/audio/hda_pci_binding.spl
rt_pci_read_bar0	GENUINELY_MISSING	1	src/os/drivers/audio/hda_pci_binding.spl
rt_port_inb	c_runtime_source_only	18	src/os/drivers/framebuffer/ramfb.spl
rt_port_inl	c_runtime_source_only	4	src/os/drivers/pci/pci.spl
rt_port_inw	c_runtime_source_only	4	src/os/drivers/framebuffer/ramfb.spl
rt_port_io_wait	c_runtime_source_only	3	src/os/kernel/arch/x86_32/cpu.spl
rt_port_outb	c_runtime_source_only	27	src/os/drivers/framebuffer/ramfb.spl
rt_port_outl	c_runtime_source_only	6	src/os/drivers/pci/pci.spl
rt_port_outw	c_runtime_source_only	5	src/os/drivers/framebuffer/ramfb.spl
rt_println_err	DEAD_DECLARATION	0	src/compiler_rust/lib/std/src/sys/sffi/print.spl
rt_process_exec	GENUINELY_MISSING	1	test/fixtures/shell_backed_example.spl
rt_process_get_rss_kb	GENUINELY_MISSING	1	src/app/compile/test_dc_leak.spl
rt_ptrace_attach	GENUINELY_MISSING	2	src/app/debug/native_agent.spl
rt_ptrace_continue	GENUINELY_MISSING	10	src/app/debug/native_agent.spl
rt_ptrace_detach	GENUINELY_MISSING	6	src/app/debug/native_agent.spl
rt_ptrace_get_registers	GENUINELY_MISSING	8	src/app/debug/native_agent.spl
rt_ptrace_read_memory	GENUINELY_MISSING	6	src/app/debug/native_agent.spl
rt_ptrace_single_step	GENUINELY_MISSING	6	src/app/debug/native_agent.spl
rt_ptrace_wait_stop	GENUINELY_MISSING	2	src/app/debug/native_agent.spl
rt_ptrace_write_memory	GENUINELY_MISSING	10	src/app/debug/native_agent.spl
rt_push_byte	GENUINELY_MISSING	192	src/os/apps/sshd/ssh_identification.spl
rt_quic_accept	GENUINELY_MISSING	1	src/lib/nogc_async_mut/quic/quic_sffi.spl
rt_quic_config_new	GENUINELY_MISSING	2	src/lib/nogc_async_mut/quic/quic_sffi.spl
rt_quic_config_set_initial_max_streams_bidi	GENUINELY_MISSING	2	src/lib/nogc_async_mut/quic/quic_sffi.spl
rt_quic_config_set_max_idle_timeout	GENUINELY_MISSING	2	src/lib/nogc_async_mut/quic/quic_sffi.spl
rt_quic_conn_close	GENUINELY_MISSING	1	src/lib/nogc_async_mut/quic/quic_sffi.spl
rt_quic_connect	GENUINELY_MISSING	1	src/lib/nogc_async_mut/quic/quic_sffi.spl
rt_quic_is_closed	GENUINELY_MISSING	2	src/lib/nogc_async_mut/quic/quic_sffi.spl
rt_quic_is_established	GENUINELY_MISSING	2	src/lib/nogc_async_mut/quic/quic_sffi.spl
rt_quic_on_timeout	GENUINELY_MISSING	1	src/lib/nogc_async_mut/quic/quic_sffi.spl
rt_quic_recv	GENUINELY_MISSING	1	src/lib/nogc_async_mut/quic/quic_sffi.spl
rt_quic_send	GENUINELY_MISSING	1	src/lib/nogc_async_mut/quic/quic_sffi.spl
rt_quic_stream_recv	GENUINELY_MISSING	1	src/lib/nogc_async_mut/quic/quic_sffi.spl
rt_quic_stream_send	GENUINELY_MISSING	1	src/lib/nogc_async_mut/quic/quic_sffi.spl
rt_quic_timeout_as_millis	GENUINELY_MISSING	1	src/lib/nogc_async_mut/quic/quic_sffi.spl
rt_random_bytes	GENUINELY_MISSING	2	src/app/io/crypto_ffi.spl
rt_rdrand	SHADOWED_BY_SPL_FN	4	src/os/crypto/random.spl
rt_read_cr0	GENUINELY_MISSING	1	src/os/kernel/arch/x86_32/cpu.spl
rt_read_cr2	c_runtime_source_only	4	src/os/kernel/arch/x86_32/cpu.spl
rt_read_cr3	c_runtime_source_only	4	src/os/kernel/arch/x86_32/cpu.spl
rt_read_cr3_raw	c_runtime_source_only	1	src/os/kernel/memory/vmm_core.spl
rt_read_line	DEAD_DECLARATION	0	src/compiler_rust/lib/std/src/sys/sffi/print.spl
rt_read_msr	c_runtime_source_only	3	src/os/kernel/arch/x86_64/cpu.spl
rt_read_u8	DEAD_DECLARATION	0	src/app/ffi_gen.specs/memory_syscalls.spl
rt_readline	c_runtime_source_only	1	src/lib/nogc_sync_mut/baremetal/terminal.spl
rt_reflect_function_name	DEAD_DECLARATION	0	src/compiler_rust/lib/std/src/spec/snapshot/runner.spl
rt_reflect_source_file	DEAD_DECLARATION	0	src/compiler_rust/lib/std/src/spec/snapshot/runner.spl
rt_reload_segments	c_runtime_source_only	1	src/os/kernel/interrupts/gdt.spl
rt_riscv64_cbo_clean	GENUINELY_MISSING	1	src/lib/nogc_async_mut_noalloc/baremetal/riscv/cmo.spl
rt_riscv64_cbo_flush	GENUINELY_MISSING	1	src/lib/nogc_async_mut_noalloc/baremetal/riscv/cmo.spl
rt_riscv64_cbo_inval	GENUINELY_MISSING	1	src/lib/nogc_async_mut_noalloc/baremetal/riscv/cmo.spl
rt_riscv64_cbo_zero	GENUINELY_MISSING	1	src/lib/nogc_async_mut_noalloc/baremetal/riscv/cmo.spl
rt_riscv64_csr_clear	GENUINELY_MISSING	2	src/os/kernel/arch/riscv64/cpu.spl
rt_riscv64_csr_read	GENUINELY_MISSING	12	src/os/kernel/arch/riscv64/cpu.spl
rt_riscv64_csr_set	GENUINELY_MISSING	2	src/os/kernel/arch/riscv64/cpu.spl
rt_riscv64_csr_write	GENUINELY_MISSING	6	src/os/kernel/arch/riscv64/cpu.spl
rt_riscv64_fence_i	GENUINELY_MISSING	1	src/lib/nogc_async_mut_noalloc/baremetal/riscv/cmo.spl
rt_riscv64_prefetch_i	GENUINELY_MISSING	1	src/lib/nogc_async_mut_noalloc/baremetal/riscv/cmo.spl
rt_riscv64_prefetch_r	GENUINELY_MISSING	1	src/lib/nogc_async_mut_noalloc/baremetal/riscv/cmo.spl
rt_riscv64_prefetch_w	GENUINELY_MISSING	1	src/lib/nogc_async_mut_noalloc/baremetal/riscv/cmo.spl
rt_riscv64_read_gp	GENUINELY_MISSING	1	src/os/kernel/arch/riscv64/cpu.spl
rt_riscv64_read_sp	GENUINELY_MISSING	1	src/os/kernel/arch/riscv64/cpu.spl
rt_riscv64_read_tp	GENUINELY_MISSING	1	src/os/kernel/arch/riscv64/cpu.spl
rt_riscv64_sbi_call	GENUINELY_MISSING	2	src/lib/nogc_async_mut_noalloc/baremetal/riscv/sbi.spl
rt_riscv64_sfence_vma_addr	GENUINELY_MISSING	1	src/os/kernel/arch/riscv64/cpu.spl
rt_riscv64_sfence_vma_asid	GENUINELY_MISSING	1	src/os/kernel/arch/riscv64/cpu.spl
rt_riscv64_syscall	GENUINELY_MISSING	1	src/os/userlib/syscall_raw.spl
rt_riscv64_virtio_blk_fat32_capacity_sectors	GENUINELY_MISSING	1	src/os/services/vfs/riscv64_virtio_blk_adapter.spl
rt_riscv64_virtio_blk_fat32_init	GENUINELY_MISSING	1	src/os/services/vfs/riscv64_virtio_blk_adapter.spl
rt_riscv64_virtio_blk_fat32_read_sector_bytes	GENUINELY_MISSING	1	src/os/services/vfs/riscv64_virtio_blk_adapter.spl
rt_riscv64_virtio_input_event_code	GENUINELY_MISSING	1	src/os/kernel/arch/riscv64/virtio_input.spl
rt_riscv64_virtio_input_event_device_kind	GENUINELY_MISSING	1	src/os/kernel/arch/riscv64/virtio_input.spl
rt_riscv64_virtio_input_event_irq_status	GENUINELY_MISSING	1	src/os/kernel/arch/riscv64/virtio_input.spl
rt_riscv64_virtio_input_event_type	GENUINELY_MISSING	1	src/os/kernel/arch/riscv64/virtio_input.spl
rt_riscv64_virtio_input_event_value	GENUINELY_MISSING	1	src/os/kernel/arch/riscv64/virtio_input.spl
rt_riscv64_virtio_input_init	GENUINELY_MISSING	1	src/os/kernel/arch/riscv64/virtio_input.spl
rt_riscv64_virtio_input_poll	GENUINELY_MISSING	1	src/os/kernel/arch/riscv64/virtio_input.spl
rt_riscv64_write_tp	GENUINELY_MISSING	1	src/os/kernel/arch/riscv64/cpu.spl
rt_riscv_context_restore	GENUINELY_MISSING	1	src/os/realtime/context/riscv32.spl
rt_riscv_context_save	GENUINELY_MISSING	1	src/os/realtime/context/riscv32.spl
rt_riscv_has_v_ext	GENUINELY_MISSING	2	src/compiler/30.types/simd_capabilities.spl
rt_riscv_noalloc_pmm_init	GENUINELY_MISSING	4	src/os/kernel/arch/riscv64/boot.spl
rt_riscv_noalloc_pmm_init_default	GENUINELY_MISSING	3	src/os/kernel/arch/riscv32/boot.spl
rt_riscv_qemu_heap_size	GENUINELY_MISSING	3	src/os/kernel/arch/riscv32/boot.spl
rt_riscv_qemu_heap_start	GENUINELY_MISSING	4	src/os/kernel/arch/riscv32/boot.spl
rt_riscv_qemu_ram_base	GENUINELY_MISSING	1	src/os/kernel/arch/riscv64/boot.spl
rt_riscv_qemu_ram_size	GENUINELY_MISSING	1	src/os/kernel/arch/riscv64/boot.spl
rt_riscv_qemu_reserved_end	GENUINELY_MISSING	1	src/os/kernel/arch/riscv64/boot.spl
rt_riscv_read_csr_mepc	DEAD_DECLARATION	0	src/os/realtime/context/riscv32.spl
rt_riscv_read_csr_mscratch	GENUINELY_MISSING	1	src/os/realtime/context/riscv32.spl
rt_riscv_read_sstatus	GENUINELY_MISSING	1	src/os/kernel/arch_adapt/riscv64_hardening_probe.spl
rt_riscv_read_vlenb	GENUINELY_MISSING	2	src/compiler/30.types/simd_capabilities.spl
rt_riscv_seed	SHADOWED_BY_SPL_FN	2	src/os/crypto/random.spl
rt_riscv_uart_put	GENUINELY_MISSING	32	src/os/kernel/arch/riscv32/boot.spl
rt_riscv_write_csr_mepc	DEAD_DECLARATION	0	src/os/realtime/context/riscv32.spl
rt_riscv_write_csr_mscratch	GENUINELY_MISSING	1	src/os/realtime/context/riscv32.spl
rt_rndr	SHADOWED_BY_SPL_FN	2	src/os/crypto/random.spl
rt_rocm3d_available	GENUINELY_MISSING	2	src/lib/nogc_sync_mut/gpu/engine3d/ffi_rocm3d.spl
rt_rocm3d_init	GENUINELY_MISSING	2	src/lib/nogc_sync_mut/gpu/engine3d/ffi_rocm3d.spl
rt_rocm3d_shutdown	GENUINELY_MISSING	2	src/lib/nogc_sync_mut/gpu/engine3d/ffi_rocm3d.spl
rt_rsa_decrypt	c_runtime_source_only	1	src/lib/nogc_sync_mut/io/tls_common_hooks.spl
rt_rtos_jump_to_task	GENUINELY_MISSING	1	src/os/realtime/boot/entry.spl
rt_rv32_boot_optional_nvme_fw_selftest	GENUINELY_MISSING	1	src/os/kernel/arch/riscv32/optional_firmware_provider.spl
rt_rv32_context_restore	GENUINELY_MISSING	1	src/os/kernel/arch/riscv32/context.spl
rt_rv32_context_save	GENUINELY_MISSING	1	src/os/kernel/arch/riscv32/context.spl
rt_rv32_context_switch	GENUINELY_MISSING	1	src/os/kernel/arch/riscv32/context.spl
rt_rv32_csrr_satp	GENUINELY_MISSING	1	src/os/kernel/arch/riscv32/cpu.spl
rt_rv32_csrr_scause	GENUINELY_MISSING	1	src/os/kernel/arch/riscv32/cpu.spl
rt_rv32_csrr_sepc	GENUINELY_MISSING	1	src/os/kernel/arch/riscv32/cpu.spl
rt_rv32_csrr_sie	GENUINELY_MISSING	1	src/os/kernel/arch/riscv32/cpu.spl
rt_rv32_csrr_sip	GENUINELY_MISSING	1	src/os/kernel/arch/riscv32/cpu.spl
rt_rv32_csrr_sscratch	DEAD_DECLARATION	0	src/os/kernel/arch/riscv32/cpu.spl
rt_rv32_csrr_sstatus	GENUINELY_MISSING	1	src/os/kernel/arch/riscv32/cpu.spl
rt_rv32_csrr_stval	GENUINELY_MISSING	1	src/os/kernel/arch/riscv32/cpu.spl
rt_rv32_csrr_stvec	GENUINELY_MISSING	1	src/os/kernel/arch/riscv32/cpu.spl
rt_rv32_csrw_satp	GENUINELY_MISSING	1	src/os/kernel/arch/riscv32/cpu.spl
rt_rv32_csrw_sepc	GENUINELY_MISSING	1	src/os/kernel/arch/riscv32/cpu.spl
rt_rv32_csrw_sie	GENUINELY_MISSING	1	src/os/kernel/arch/riscv32/cpu.spl
rt_rv32_csrw_sscratch	DEAD_DECLARATION	0	src/os/kernel/arch/riscv32/cpu.spl
rt_rv32_csrw_sstatus	GENUINELY_MISSING	1	src/os/kernel/arch/riscv32/cpu.spl
rt_rv32_csrw_stvec	GENUINELY_MISSING	1	src/os/kernel/arch/riscv32/cpu.spl
rt_rv32_sbi_call	GENUINELY_MISSING	1	src/os/kernel/arch/riscv32/sbi.spl
rt_rv32_sfence_vma	GENUINELY_MISSING	1	src/os/kernel/arch/riscv32/cpu.spl
rt_rv32_sfence_vma_all	GENUINELY_MISSING	1	src/os/kernel/arch/riscv32/cpu.spl
rt_rv32_wfi	GENUINELY_MISSING	1	src/os/kernel/arch/riscv32/cpu.spl
rt_sdl3_zzz_bogus	GENUINELY_MISSING	1	test/fixture/interpreter_extern/sdl3_bogus_probe.spl
rt_sdn_parse	GENUINELY_MISSING	1	src/lib/nogc_sync_mut/src/config.spl
rt_serial_available	GENUINELY_MISSING	2	src/app/io/serial_ffi.spl
rt_serial_readline	GENUINELY_MISSING	1	src/os/kernel/arch/x86_64/up_squared/console.spl
rt_serial_set_baud	GENUINELY_MISSING	1	src/app/io/serial_ffi.spl
rt_serial_set_databits	GENUINELY_MISSING	1	src/app/io/serial_ffi.spl
rt_serial_set_parity	GENUINELY_MISSING	1	src/app/io/serial_ffi.spl
rt_serial_set_stopbits	GENUINELY_MISSING	1	src/app/io/serial_ffi.spl
rt_set_protection	DEAD_DECLARATION	0	src/compiler/90.tools/sffi_gen/specs/exec_memory.spl
rt_sftp_download	GENUINELY_MISSING	1	src/lib/nogc_sync_mut/io/ssh_sffi.spl
rt_sftp_init	GENUINELY_MISSING	1	src/lib/nogc_sync_mut/io/ssh_sffi.spl
rt_sftp_mkdir	GENUINELY_MISSING	1	src/lib/nogc_sync_mut/io/ssh_sffi.spl
rt_sftp_readdir	GENUINELY_MISSING	1	src/lib/nogc_sync_mut/io/ssh_sffi.spl
rt_sftp_rename	GENUINELY_MISSING	1	src/lib/nogc_sync_mut/io/ssh_sffi.spl
rt_sftp_rmdir	GENUINELY_MISSING	1	src/lib/nogc_sync_mut/io/ssh_sffi.spl
rt_sftp_shutdown	GENUINELY_MISSING	1	src/lib/nogc_sync_mut/io/ssh_sffi.spl
rt_sftp_stat	GENUINELY_MISSING	1	src/lib/nogc_sync_mut/io/ssh_sffi.spl
rt_sftp_unlink	GENUINELY_MISSING	1	src/lib/nogc_sync_mut/io/ssh_sffi.spl
rt_sftp_upload	GENUINELY_MISSING	1	src/lib/nogc_sync_mut/io/ssh_sffi.spl
rt_sha256	DEAD_DECLARATION	0	src/compiler_rust/lib/std/src/tooling/core/incremental.spl
rt_shell_output	GENUINELY_MISSING	1	src/compiler/90.tools/leak_check/main.spl
rt_simd_mat4_mul_avx2	GENUINELY_MISSING	2	src/lib/nogc_sync_mut/gpu/engine3d/simd_kernels3d.spl
rt_simd_mat4_mul_neon	GENUINELY_MISSING	1	src/lib/nogc_sync_mut/gpu/engine3d/simd_kernels3d.spl
rt_simd_mat4_mul_sse42	GENUINELY_MISSING	1	src/lib/nogc_sync_mut/gpu/engine3d/simd_kernels3d.spl
rt_simd_transform_verts_avx2	GENUINELY_MISSING	2	src/lib/nogc_sync_mut/gpu/engine3d/simd_kernels3d.spl
rt_simd_transform_verts_neon	GENUINELY_MISSING	1	src/lib/nogc_sync_mut/gpu/engine3d/simd_kernels3d.spl
rt_simd_transform_verts_sse42	GENUINELY_MISSING	1	src/lib/nogc_sync_mut/gpu/engine3d/simd_kernels3d.spl
rt_simple_core_argv_array_new_owned	SHADOWED_BY_SPL_FN	2	src/runtime/simple_core/core_process.spl
rt_simple_core_argv_array_push_owned	SHADOWED_BY_SPL_FN	2	src/runtime/simple_core/core_process.spl
rt_simple_sandbox_section_end	c_runtime_source_only	1	src/os/kernel/security/sandbox_boot_apply.spl
rt_simple_sandbox_section_start	c_runtime_source_only	1	src/os/kernel/security/sandbox_boot_apply.spl
rt_simpleos_file_atomic_caps	SHADOWED_BY_SPL_FN	1	src/os/apps/servers_user/database_persistence_adapter.spl
rt_simpleos_file_open_bytes	c_runtime_source_only	2	src/os/userlib/rt_file_facade.spl
rt_simpleos_file_read_bytes	c_runtime_source_only	3	src/os/userlib/rt_file_facade.spl
rt_simpleos_file_rename_bytes	c_runtime_source_only	2	src/os/userlib/rt_file_facade.spl
rt_simpleos_file_write_bytes	c_runtime_source_only	2	src/os/userlib/rt_file_facade.spl
rt_simpleos_percpu_is_online	GENUINELY_MISSING	1	src/os/kernel/smp/percpu.spl
rt_simpleos_percpu_mark_online	GENUINELY_MISSING	1	src/os/kernel/smp/percpu.spl
rt_simpleos_percpu_online_count	GENUINELY_MISSING	1	src/os/kernel/smp/percpu.spl
rt_simpleos_percpu_online_reset	GENUINELY_MISSING	1	src/os/kernel/smp/percpu.spl
rt_simpleos_socket_bind_bytes	c_runtime_source_only	1	src/os/userlib/syscall_raw.spl
rt_simpleos_socket_connect_bytes	c_runtime_source_only	1	src/os/userlib/syscall_raw.spl
rt_simpleos_socket_recv_bytes	c_runtime_source_only	2	src/os/userlib/syscall_raw.spl
rt_simpleos_socket_send_bytes	c_runtime_source_only	2	src/os/userlib/syscall_raw.spl
rt_sleep_nanos	c_runtime_source_only	1	src/lib/nogc_sync_mut/ui/host_frame_clock.spl
rt_ssh_aes128_gcm_decrypt_packet	DEAD_DECLARATION	0	src/os/apps/sshd/ssh_session_helpers.spl
rt_ssh_aes128_gcm_encrypt_packet	DEAD_DECLARATION	0	src/os/apps/sshd/ssh_session_helpers.spl
rt_ssh_auth_agent	GENUINELY_MISSING	1	src/lib/nogc_sync_mut/io/ssh_sffi.spl
rt_ssh_auth_password	GENUINELY_MISSING	1	src/lib/nogc_sync_mut/io/ssh_sffi.spl
rt_ssh_auth_pubkey	GENUINELY_MISSING	1	src/lib/nogc_sync_mut/io/ssh_sffi.spl
rt_ssh_channel_close	GENUINELY_MISSING	1	src/lib/nogc_sync_mut/io/ssh_sffi.spl
rt_ssh_channel_read	GENUINELY_MISSING	1	src/lib/nogc_sync_mut/io/ssh_sffi.spl
rt_ssh_channel_write	GENUINELY_MISSING	1	src/lib/nogc_sync_mut/io/ssh_sffi.spl
rt_ssh_connect	GENUINELY_MISSING	1	src/lib/nogc_sync_mut/io/ssh_sffi.spl
rt_ssh_curve25519_exchange_hash	GENUINELY_MISSING	1	src/os/apps/sshd/ssh_session_kex.spl
rt_ssh_disconnect	GENUINELY_MISSING	1	src/lib/nogc_sync_mut/io/ssh_sffi.spl
rt_ssh_exec	GENUINELY_MISSING	1	src/lib/nogc_sync_mut/io/ssh_sffi.spl
rt_ssh_get_banner	GENUINELY_MISSING	1	src/lib/nogc_sync_mut/io/ssh_sffi.spl
rt_ssh_is_authenticated	GENUINELY_MISSING	1	src/lib/nogc_sync_mut/io/ssh_sffi.spl
rt_ssh_set_timeout	GENUINELY_MISSING	1	src/lib/nogc_sync_mut/io/ssh_sffi.spl
rt_ssh_shell	GENUINELY_MISSING	1	src/lib/nogc_sync_mut/io/ssh_sffi.spl
rt_starfive_delay_ms	GENUINELY_MISSING	1	src/os/kernel/arch/riscv64/starfive/pcie_init.spl
rt_starfive_mmio_read32	GENUINELY_MISSING	9	src/os/kernel/arch/riscv64/starfive/nvme_probe.spl
rt_starfive_mmio_write32	GENUINELY_MISSING	9	src/os/kernel/arch/riscv64/starfive/nvme_probe.spl
rt_starfive_resolve_dtb	GENUINELY_MISSING	1	src/os/kernel/arch/riscv64/starfive/entry.spl
rt_starfive_uart_read	GENUINELY_MISSING	1	src/os/kernel/arch/riscv64/starfive/console.spl
rt_stdin_read	GENUINELY_MISSING	2	src/lib/nogc_sync_mut/io/pipe.spl
rt_stdin_read_all	GENUINELY_MISSING	1	src/lib/nogc_sync_mut/io/pipe.spl
rt_stdin_read_bytes	GENUINELY_MISSING	1	src/app/md_lsp/md_lsp_main.spl
rt_sti	c_runtime_source_only	3	src/os/kernel/arch/x86_32/cpu.spl
rt_storage_capacity_sectors	GENUINELY_MISSING	1	src/os/kernel/boot/riscv_services.spl
rt_storage_init	GENUINELY_MISSING	1	src/os/kernel/boot/riscv_services.spl
rt_storage_nvfs_arena_ready	GENUINELY_MISSING	1	src/os/kernel/boot/riscv_services.spl
rt_storage_nvfs_ready	GENUINELY_MISSING	1	src/os/kernel/boot/riscv_services.spl
rt_storage_read_probe	GENUINELY_MISSING	1	src/os/kernel/boot/riscv_services.spl
rt_string_from_char	GENUINELY_MISSING	1	src/os/kernel/arch/cortex_m33/shell_lite.spl
rt_string_is_text	SHADOWED_BY_SPL_FN	2	src/runtime/simple_core/core_array.spl
rt_string_slice	DEAD_DECLARATION	0	src/compiler_rust/lib/std/src/alloc/sffi.spl
rt_sysctlbyname_i32	GENUINELY_MISSING	2	src/compiler/30.types/simd_capabilities.spl
rt_system	GENUINELY_MISSING	2	src/lib/nogc_sync_mut/baremetal/transport/stlink.spl
rt_tar_add_data	GENUINELY_MISSING	1	src/lib/nogc_sync_mut/io/compress_sffi.spl
rt_tar_add_file	GENUINELY_MISSING	1	src/lib/nogc_sync_mut/io/compress_sffi.spl
rt_tar_close	GENUINELY_MISSING	1	src/lib/nogc_sync_mut/io/compress_sffi.spl
rt_tar_create	GENUINELY_MISSING	1	src/lib/nogc_sync_mut/io/compress_sffi.spl
rt_tar_extract	GENUINELY_MISSING	1	src/lib/nogc_sync_mut/io/compress_sffi.spl
rt_tar_extract_file	GENUINELY_MISSING	1	src/lib/nogc_sync_mut/io/compress_sffi.spl
rt_tar_list	GENUINELY_MISSING	1	src/lib/nogc_sync_mut/io/compress_sffi.spl
rt_tar_open	GENUINELY_MISSING	1	src/lib/nogc_sync_mut/io/compress_sffi.spl
rt_target_arch_name	GENUINELY_MISSING	1	src/lib/gc_async_mut/gpu/engine2d/render_2d_x86_session.spl
rt_target_pointer_bits	GENUINELY_MISSING	1	src/lib/gc_async_mut/gpu/engine2d/render_2d_x86_session.spl
rt_targz_create	GENUINELY_MISSING	1	src/lib/nogc_sync_mut/io/compress_sffi.spl
rt_targz_extract	GENUINELY_MISSING	1	src/lib/nogc_sync_mut/io/compress_sffi.spl
rt_tcp_close	DEAD_DECLARATION	0	src/os/realtime/jtag/openocd_probe.spl
rt_tcp_connect	GENUINELY_MISSING	7	src/app/test_daemon/adapters/hardware_adapter.spl
rt_tcp_connect_timeout	GENUINELY_MISSING	1	src/lib/nogc_sync_mut/terminal/power/host_power.spl
rt_tcp_recv	GENUINELY_MISSING	1	src/os/realtime/jtag/openocd_probe.spl
rt_tcp_send	GENUINELY_MISSING	2	src/os/realtime/jtag/openocd_probe.spl
rt_term_poll	SHADOWED_BY_SPL_FN	2	src/app/mem/top_tui.spl
rt_term_read_timeout	SHADOWED_BY_SPL_FN	2	src/app/mem/top_tui.spl
rt_test262_eval	DEAD_DECLARATION	0	src/app/ui.chromium/js_audit.spl
rt_test262_load_corpus	DEAD_DECLARATION	0	src/app/ui.chromium/js_audit.spl
rt_test_it	GENUINELY_MISSING	5	src/lib/nogc_sync_mut/spec/decorators.spl
rt_text_copy_to_phys	GENUINELY_MISSING	1	src/os/kernel/loader/x86_64_fs_exec_ring3.spl
rt_text_slice_audit_note_range	c_runtime_source_only	1	src/runtime/simple_core/core_string.spl
rt_thread_sleep_ms	GENUINELY_MISSING	3	test/01_unit/lib/std/time_spec.spl
rt_thread_spawn	DEAD_DECLARATION	0	src/compiler_rust/lib/std/src/async/sffi/thread.spl
rt_thread_spawn_isolated2	GENUINELY_MISSING	2	test/unit/lib/nogc_async_mut/concurrent_wrappers_spec.spl
rt_time_millis	GENUINELY_MISSING	5	src/compiler/80.driver/build_log.spl
rt_time_now_iso	GENUINELY_MISSING	3	src/compiler/80.driver/build_log.spl
rt_time_now_millis	DEAD_DECLARATION	0	src/app/ffi_gen.specs/memory_syscalls.spl
rt_time_now_unix_millis	GENUINELY_MISSING	3	src/compiler/70.backend/build_native.spl
rt_time_sleep_millis	DEAD_DECLARATION	0	src/compiler_rust/lib/std/src/sys/sffi/time.spl
rt_timestamp_now	GENUINELY_MISSING	4	test/03_system/feature/lib/database_fixtures.spl
rt_tls13_build_client_hello	DEAD_DECLARATION	0	src/os/tls13/_Tls13/context_io.spl
rt_tls13_build_client_hello_record	GENUINELY_MISSING	1	src/os/tls13/_Tls13/context_io.spl
rt_tls13_bytes_equal	GENUINELY_MISSING	1	src/os/tls13/_Tls13/context_io.spl
rt_tls13_certificate_body_ed25519_pubkey	GENUINELY_MISSING	2	src/os/tls13/_Tls13/context_io.spl
rt_tls13_certificate_verify_algorithm	GENUINELY_MISSING	1	src/os/tls13/_Tls13/context_io.spl
rt_tls13_certificate_verify_msg_algorithm	GENUINELY_MISSING	1	src/os/tls13/_Tls13/context_io.spl
rt_tls13_certificate_verify_msg_signature	GENUINELY_MISSING	1	src/os/tls13/_Tls13/context_io.spl
rt_tls13_certificate_verify_signature	GENUINELY_MISSING	1	src/os/tls13/_Tls13/context_io.spl
rt_tls13_find_handshake_message	GENUINELY_MISSING	8	src/os/tls13/_Tls13/context_io.spl
rt_tls13_finished_msg_verify_data	GENUINELY_MISSING	1	src/os/tls13/_Tls13/context_io.spl
rt_tls13_handshake_secret_from_record	GENUINELY_MISSING	1	src/os/tls13/_Tls13/context_io.spl
rt_tls13_inner_plaintext_content	DEAD_DECLARATION	0	src/os/tls13/_Tls13/context_io.spl
rt_tls13_inner_plaintext_type	DEAD_DECLARATION	0	src/os/tls13/_Tls13/context_io.spl
rt_tls13_prepare_app_secrets_7	GENUINELY_MISSING	1	src/os/tls13/_Tls13/context_io.spl
rt_tls13_record_content_type	GENUINELY_MISSING	1	src/os/tls13/_Tls13/context_io.spl
rt_tls13_record_encrypt	DEAD_DECLARATION	0	src/os/tls13/record13.spl
rt_tls13_record_find_handshake_message	GENUINELY_MISSING	4	src/os/tls13/_Tls13/context_io.spl
rt_tls13_record_find_handshake_message_fd	GENUINELY_MISSING	4	src/os/tls13/_Tls13/context_io.spl
rt_tls13_record_payload_len	GENUINELY_MISSING	6	src/os/tls13/_Tls13/context_io.spl
rt_tls13_record_serverhello_x25519_pub	GENUINELY_MISSING	1	src/os/tls13/_Tls13/context_io.spl
rt_tls13_recv_record	GENUINELY_MISSING	3	src/os/tls13/_Tls13/context_io.spl
rt_tls13_server_finished_verify_data_fd	GENUINELY_MISSING	1	src/os/tls13/_Tls13/context_io.spl
rt_tls13_serverhello_x25519_pub	DEAD_DECLARATION	0	src/os/tls13/_Tls13/context_io.spl
rt_tls13_take_cached_client_app_secret	GENUINELY_MISSING	1	src/os/tls13/_Tls13/context_io.spl
rt_tls13_take_cached_server_app_secret	GENUINELY_MISSING	1	src/os/tls13/_Tls13/context_io.spl
rt_tls13_transcript_hash_2	DEAD_DECLARATION	0	src/os/tls13/_Tls13/context_io.spl
rt_tls13_transcript_hash_6	GENUINELY_MISSING	1	src/os/tls13/_Tls13/context_io.spl
rt_tls13_transcript_hash_finished_fd	DEAD_DECLARATION	0	src/os/tls13/_Tls13/context_io.spl
rt_tls13_transcript_hash_record_payloads	GENUINELY_MISSING	1	src/os/tls13/_Tls13/context_io.spl
rt_tls13_verify_data_hmac	GENUINELY_MISSING	1	src/os/tls13/_Tls13/context_io.spl
rt_tls13_x25519_public_key	GENUINELY_MISSING	1	src/os/apps/sshd/ssh_session_helpers.spl
rt_tls13_x25519_shared_secret	GENUINELY_MISSING	1	src/os/apps/sshd/ssh_session_helpers.spl
rt_total_memory	GENUINELY_MISSING	1	src/os/tools/proc/free_tool.spl
rt_type_check_ast	GENUINELY_MISSING	1	src/compiler/90.tools/sffi_gen/specs/compiler_query.spl
rt_type_registry_has	GENUINELY_MISSING	1	src/compiler/30.types/type_system/builtin_registry.spl
rt_type_registry_lookup	GENUINELY_MISSING	1	src/compiler/30.types/type_system/builtin_registry.spl
rt_typed_bytes_u32_le_set	c_runtime_source_only	32	test/05_perf/port_algorithms/port_algorithms_simple.spl
rt_uart_read_byte	GENUINELY_MISSING	1	src/lib/nogc_async_mut_noalloc/tls/transport.spl
rt_uart_write_byte	GENUINELY_MISSING	1	src/lib/nogc_async_mut_noalloc/tls/transport.spl
rt_udp_send	GENUINELY_MISSING	1	src/lib/nogc_sync_mut/terminal/power/host_power.spl
rt_used_memory	GENUINELY_MISSING	1	src/os/tools/proc/free_tool.spl
rt_user_heap_init	DEAD_DECLARATION	0	src/os/kernel/loader/x86_64_fs_exec_ring3.spl
rt_user_heap_init_returning	GENUINELY_MISSING	1	src/os/kernel/loader/x86_64_fs_exec_ring3.spl
rt_uuid_v4	GENUINELY_MISSING	2	src/compiler/80.driver/build_log.spl
rt_vec_f32x4_add	DEAD_DECLARATION	0	src/compiler_rust/lib/std/src/ext/simd/sffi.spl
rt_vec_f32x4_div	DEAD_DECLARATION	0	src/compiler_rust/lib/std/src/ext/simd/sffi.spl
rt_vec_f32x4_dot	DEAD_DECLARATION	0	src/compiler_rust/lib/std/src/ext/simd/sffi.spl
rt_vec_f32x4_extract	DEAD_DECLARATION	0	src/compiler_rust/lib/std/src/ext/simd/sffi.spl
rt_vec_f32x4_load	DEAD_DECLARATION	0	src/compiler_rust/lib/std/src/ext/simd/sffi.spl
rt_vec_f32x4_max	DEAD_DECLARATION	0	src/compiler_rust/lib/std/src/ext/simd/sffi.spl
rt_vec_f32x4_min	DEAD_DECLARATION	0	src/compiler_rust/lib/std/src/ext/simd/sffi.spl
rt_vec_f32x4_mul	DEAD_DECLARATION	0	src/compiler_rust/lib/std/src/ext/simd/sffi.spl
rt_vec_f32x4_new	DEAD_DECLARATION	0	src/compiler_rust/lib/std/src/ext/simd/sffi.spl
rt_vec_f32x4_splat	DEAD_DECLARATION	0	src/compiler_rust/lib/std/src/ext/simd/sffi.spl
rt_vec_f32x4_sqrt	DEAD_DECLARATION	0	src/compiler_rust/lib/std/src/ext/simd/sffi.spl
rt_vec_f32x4_store	DEAD_DECLARATION	0	src/compiler_rust/lib/std/src/ext/simd/sffi.spl
rt_vec_f32x4_sub	DEAD_DECLARATION	0	src/compiler_rust/lib/std/src/ext/simd/sffi.spl
rt_vec_f32x4_sum	DEAD_DECLARATION	0	src/compiler_rust/lib/std/src/ext/simd/sffi.spl
rt_virtio_gpu_write_ctrl_hdr	GENUINELY_MISSING	1	src/os/drivers/virtio/virtio_gpu.spl
rt_virtio_notify_addr	GENUINELY_MISSING	1	src/os/drivers/virtio/virtio_gpu.spl
rt_virtio_notify_write16	GENUINELY_MISSING	1	src/os/drivers/virtio/virtio_gpu.spl
rt_virtq_avail_slot_addr	GENUINELY_MISSING	1	src/os/drivers/virtio/virtio_gpu.spl
rt_virtq_desc_write	GENUINELY_MISSING	6	src/os/drivers/virtio/_VirtioBlk/driver_class.spl
rt_virtq_write_req_resp_chain	GENUINELY_MISSING	1	src/os/drivers/virtio/virtio_gpu.spl
rt_vk3d_available	GENUINELY_MISSING	2	src/lib/nogc_sync_mut/gpu/engine3d/ffi_vulkan3d.spl
rt_vk3d_init	GENUINELY_MISSING	2	src/lib/nogc_sync_mut/gpu/engine3d/ffi_vulkan3d.spl
rt_vk3d_shutdown	GENUINELY_MISSING	2	src/lib/nogc_sync_mut/gpu/engine3d/ffi_vulkan3d.spl
rt_vk_alloc_cmd_buffer	GENUINELY_MISSING	1	src/lib/nogc_sync_mut/gpu/engine2d/vulkan_session.spl
rt_vk_begin_cmd	GENUINELY_MISSING	1	src/lib/nogc_sync_mut/gpu/engine2d/vulkan_session.spl
rt_vk_clear	GENUINELY_MISSING	1	src/lib/gc_async_mut/gpu/engine2d/backend_vulkan_session_runtime_ops.spl
rt_vk_command_buffer_begin	rust_source_feature_gated	0	src/compiler_rust/lib/std/src/ext/gpu/sffi.spl
rt_vk_command_buffer_end	rust_source_feature_gated	0	src/compiler_rust/lib/std/src/ext/gpu/sffi.spl
rt_vk_create_allocator	GENUINELY_MISSING	1	src/lib/nogc_sync_mut/gpu/engine2d/vulkan_session.spl
rt_vk_create_cmd_pool	GENUINELY_MISSING	1	src/lib/nogc_sync_mut/gpu/engine2d/vulkan_session.spl
rt_vk_create_descriptor_pool	GENUINELY_MISSING	1	src/lib/nogc_sync_mut/gpu/engine2d/vulkan_session.spl
rt_vk_create_device	GENUINELY_MISSING	3	src/lib/gc_async_mut/gpu/engine2d/backend_vulkan_session_runtime_ops.spl
rt_vk_create_instance	GENUINELY_MISSING	1	src/lib/nogc_sync_mut/gpu/engine2d/vulkan_session.spl
rt_vk_create_pipeline_cache	GENUINELY_MISSING	1	src/lib/nogc_sync_mut/gpu/engine2d/vulkan_session.spl
rt_vk_destroy_cmd_pool	GENUINELY_MISSING	1	src/lib/nogc_sync_mut/gpu/engine2d/vulkan_session.spl
rt_vk_destroy_device	GENUINELY_MISSING	1	src/lib/nogc_sync_mut/gpu/engine2d/vulkan_session.spl
rt_vk_destroy_instance	GENUINELY_MISSING	1	src/lib/nogc_sync_mut/gpu/engine2d/vulkan_session.spl
rt_vk_device_name	GENUINELY_MISSING	1	src/lib/nogc_sync_mut/gpu/engine2d/vulkan_session.spl
rt_vk_draw_rect	GENUINELY_MISSING	1	src/lib/gc_async_mut/gpu/engine2d/backend_vulkan_session_runtime_ops.spl
rt_vk_end_cmd	GENUINELY_MISSING	1	src/lib/nogc_sync_mut/gpu/engine2d/vulkan_session.spl
rt_vk_get_queue	GENUINELY_MISSING	1	src/lib/nogc_sync_mut/gpu/engine2d/vulkan_session.spl
rt_vk_has_glslc	GENUINELY_MISSING	1	src/lib/gc_async_mut/gpu/engine2d/backend_vulkan_session_runtime_ops.spl
rt_vk_has_spirv_support	GENUINELY_MISSING	1	src/lib/gc_async_mut/gpu/engine2d/backend_vulkan_session_runtime_ops.spl
rt_vk_instance_create	DEAD_DECLARATION	0	src/compiler_rust/lib/std/src/ext/gpu/sffi.spl
rt_vk_load_spirv	GENUINELY_MISSING	1	src/lib/nogc_sync_mut/gpu/engine2d/vulkan_session.spl
rt_vk_present	GENUINELY_MISSING	3	src/lib/gc_async_mut/gpu/engine2d/backend_vulkan_session_runtime_ops.spl
rt_vk_queue_submit	GENUINELY_MISSING	1	src/compiler_rust/lib/std/src/ext/gpu/sffi.spl
rt_vk_queue_wait_idle	GENUINELY_MISSING	1	src/lib/nogc_sync_mut/gpu/engine2d/vulkan_session.spl
rt_vk_readback	GENUINELY_MISSING	2	src/lib/gc_async_mut/gpu/engine2d/backend_vulkan_session_runtime_ops.spl
rt_vk_submit	GENUINELY_MISSING	2	src/lib/gc_async_mut/gpu/engine2d/backend_vulkan_session_runtime_ops.spl
rt_wait_u16_change	GENUINELY_MISSING	1	src/os/drivers/virtio/virtio_gpu.spl
rt_watchdog_start	GENUINELY_MISSING	1	src/lib/nogc_async_mut_noalloc/execution/watchdog_manager.spl
rt_watchdog_stop	GENUINELY_MISSING	1	src/lib/nogc_async_mut_noalloc/execution/watchdog_manager.spl
rt_webgpu_adapter_is_cpu	GENUINELY_MISSING	2	src/lib/nogc_sync_mut/gpu/engine2d/webgpu_ffi.spl
rt_webgpu_adapter_name	GENUINELY_MISSING	2	src/lib/nogc_sync_mut/gpu/engine2d/webgpu_ffi.spl
rt_webgpu_cleanup	GENUINELY_MISSING	1	src/lib/gc_async_mut/gpu/session/backend_runtime_ops.spl
rt_webgpu_create_device	GENUINELY_MISSING	1	src/lib/gc_async_mut/gpu/session/backend_runtime_ops.spl
rt_webgpu_submit	GENUINELY_MISSING	1	src/lib/gc_async_mut/gpu/session/backend_runtime_ops.spl
rt_wgpu_adapter_backend	GENUINELY_MISSING	1	src/lib/nogc_sync_mut/gpu/engine2d/webgpu_session.spl
rt_wgpu_adapter_name	GENUINELY_MISSING	1	src/lib/nogc_sync_mut/gpu/engine2d/webgpu_session.spl
rt_wgpu_cleanup	GENUINELY_MISSING	1	src/lib/nogc_sync_mut/gpu/engine2d/webgpu_session.spl
rt_wgpu_create_device	GENUINELY_MISSING	1	src/lib/nogc_sync_mut/gpu/engine2d/webgpu_session.spl
rt_wgpu_create_instance	GENUINELY_MISSING	1	src/lib/nogc_sync_mut/gpu/engine2d/webgpu_session.spl
rt_wgpu_create_shader	GENUINELY_MISSING	1	src/lib/nogc_sync_mut/gpu/engine2d/webgpu_session.spl
rt_wgpu_get_queue	GENUINELY_MISSING	1	src/lib/nogc_sync_mut/gpu/engine2d/webgpu_session.spl
rt_wgpu_is_stub	GENUINELY_MISSING	1	src/lib/nogc_sync_mut/gpu/engine2d/webgpu_session.spl
rt_wgpu_present	GENUINELY_MISSING	1	src/lib/nogc_sync_mut/gpu/engine2d/webgpu_session.spl
rt_wgpu_request_adapter	GENUINELY_MISSING	1	src/lib/nogc_sync_mut/gpu/engine2d/webgpu_session.spl
rt_wgpu_submit	GENUINELY_MISSING	1	src/lib/nogc_sync_mut/gpu/engine2d/webgpu_session.spl
rt_win32_dib_present_rect	c_runtime_source_only	2	src/os/compositor/hosted_backend_win32.spl
rt_win32_dib_resize	c_runtime_source_only	1	src/os/compositor/hosted_backend_win32.spl
rt_win32_window_resize	c_runtime_source_only	1	src/os/compositor/hosted_backend_win32.spl
rt_winit_window_surface_display	GENUINELY_MISSING	1	src/os/hosted/hosted_entry.spl
rt_winit_window_surface_kind	GENUINELY_MISSING	1	src/os/hosted/hosted_entry.spl
rt_winit_window_surface_window	GENUINELY_MISSING	1	src/os/hosted/hosted_entry.spl
rt_wire_to_hex	c_runtime_source_only	9	src/lib/nogc_sync_mut/io/tls_common_hooks.spl
rt_write_cr0	GENUINELY_MISSING	1	src/os/kernel/arch/x86_32/cpu.spl
rt_write_cr3	c_runtime_source_only	4	src/os/kernel/arch/x86_32/cpu.spl
rt_write_cr3_raw	c_runtime_source_only	1	src/os/kernel/memory/vmm_core.spl
rt_write_exec_memory	GENUINELY_MISSING	1	src/compiler/90.tools/sffi_gen/specs/exec_memory.spl
rt_write_msr	c_runtime_source_only	3	src/os/kernel/arch/x86_64/cpu.spl
rt_write_stdout	GENUINELY_MISSING	3	src/lib/nogc_sync_mut/io/serial_proxy.spl
rt_ws_close	GENUINELY_MISSING	3	src/app/io/http_ffi.spl
rt_ws_connect	GENUINELY_MISSING	3	src/app/io/http_ffi.spl
rt_ws_receive	GENUINELY_MISSING	3	src/app/io/http_ffi.spl
rt_ws_send	GENUINELY_MISSING	6	src/app/io/http_ffi.spl
rt_x86_32_context_switch	GENUINELY_MISSING	1	src/os/kernel/arch/x86_32/context.spl
rt_x86_32_enter_user_first	GENUINELY_MISSING	1	src/os/kernel/arch/x86_32/user_entry.spl
rt_x86_32_exec_token_cancel	GENUINELY_MISSING	2	src/os/kernel/arch/x86_32/user_entry.spl
rt_x86_32_exec_token_install	GENUINELY_MISSING	1	src/os/kernel/arch/x86_32/user_entry.spl
rt_x86_32_exec_token_take_result	GENUINELY_MISSING	1	src/os/kernel/arch/x86_32/user_entry.spl
rt_x86_32_fpu_restore	GENUINELY_MISSING	1	src/os/kernel/arch/x86_32/context.spl
rt_x86_32_fpu_save	GENUINELY_MISSING	1	src/os/kernel/arch/x86_32/context.spl
rt_x86_32_tss_bind_task	GENUINELY_MISSING	1	src/os/kernel/arch/x86_32/user_entry.spl
rt_x86_64_context_switch	GENUINELY_MISSING	1	src/os/kernel/arch/x86_64/context.spl
rt_x86_64_fpu_restore	GENUINELY_MISSING	1	src/os/kernel/arch/x86_64/context.spl
rt_x86_64_fpu_save	GENUINELY_MISSING	1	src/os/kernel/arch/x86_64/context.spl
rt_x86_ap_trampoline_phys	GENUINELY_MISSING	1	src/os/kernel/arch/x86_64/cpu.spl
rt_x86_context_restore	GENUINELY_MISSING	1	src/os/realtime/context/x86_64.spl
rt_x86_context_save	GENUINELY_MISSING	1	src/os/realtime/context/x86_64.spl
rt_x86_enter_user_first	GENUINELY_MISSING	2	src/os/kernel/arch/x86_64/context.spl
rt_x86_exec_token_cancel	GENUINELY_MISSING	2	src/os/kernel/arch/x86_64/user_entry.spl
rt_x86_exec_token_install	GENUINELY_MISSING	1	src/os/kernel/arch/x86_64/user_entry.spl
rt_x86_exec_token_take_result	GENUINELY_MISSING	1	src/os/kernel/arch/x86_64/user_entry.spl
rt_x86_get_rsp	GENUINELY_MISSING	1	src/os/realtime/context/x86_64.spl
rt_x86_install_syscall_entry_raw	GENUINELY_MISSING	1	src/os/kernel/arch/x86_64/cpu.spl
rt_x86_prepare_ap_startup	GENUINELY_MISSING	1	src/os/kernel/arch/x86_64/cpu.spl
rt_x86_rdrand_or_rdtsc	GENUINELY_MISSING	1	src/os/kernel/arch_adapt/x86_64_hardening_probe.spl
rt_x86_read_cr0	GENUINELY_MISSING	1	src/os/kernel/arch_adapt/x86_64_hardening_probe.spl
rt_x86_read_cr4	GENUINELY_MISSING	1	src/os/kernel/arch_adapt/x86_64_hardening_probe.spl
rt_x86_read_efer	GENUINELY_MISSING	1	src/os/kernel/arch_adapt/x86_64_hardening_probe.spl
rt_x86_ring3_exit_rc	GENUINELY_MISSING	1	src/os/kernel/loader/x86_64_fs_exec_ring3.spl
rt_x86_syscall	GENUINELY_MISSING	1	src/os/userlib/syscall_raw.spl
rt_x86_topology_field	GENUINELY_MISSING	5	src/os/kernel/arch/x86_64/topology.spl
rt_zero_bss	c_runtime_source_only	2	src/os/runtime/baremetal/runtime_minimal.spl
rt_zip_add_data	GENUINELY_MISSING	1	src/lib/nogc_sync_mut/io/compress_sffi.spl
rt_zip_add_file	GENUINELY_MISSING	1	src/lib/nogc_sync_mut/io/compress_sffi.spl
rt_zip_close	GENUINELY_MISSING	1	src/lib/nogc_sync_mut/io/compress_sffi.spl
rt_zip_create	GENUINELY_MISSING	1	src/lib/nogc_sync_mut/io/compress_sffi.spl
rt_zip_extract	GENUINELY_MISSING	1	src/lib/nogc_sync_mut/io/compress_sffi.spl
rt_zip_extract_file	GENUINELY_MISSING	1	src/lib/nogc_sync_mut/io/compress_sffi.spl
rt_zip_list	GENUINELY_MISSING	1	src/lib/nogc_sync_mut/io/compress_sffi.spl
rt_zip_open	GENUINELY_MISSING	1	src/lib/nogc_sync_mut/io/compress_sffi.spl
self_extract_create	rust_source_feature_gated	3	src/lib/gc_async_mut/compress/upx.spl
self_extract_get_ratio	rust_source_feature_gated	3	src/lib/gc_async_mut/compress/upx.spl
self_extract_is_compressed	rust_source_feature_gated	3	src/lib/gc_async_mut/compress/upx.spl
send_smtp_message	GENUINELY_MISSING	1	src/compiler_rust/lib/std/src/tooling/dashboard/notify.spl
set_array_cap	SHADOWED_BY_SPL_FN	9	src/runtime/simple_core/core_array_ops.spl
set_array_items	SHADOWED_BY_SPL_FN	7	src/runtime/simple_core/core_array_ops.spl
set_array_len	SHADOWED_BY_SPL_FN	26	src/runtime/simple_core/core_array_ops.spl
sffi_v2_symbol_that_does_not_exist	GENUINELY_MISSING	1	test/03_system/compiler/fixtures/sffi_v2_unresolved_dynamic_extern_probe.spl
signal_deliver	SHADOWED_BY_SPL_FN	1	src/os/apps/coreutils/kill.spl
simpleos_audio_q15_word_raw	GENUINELY_MISSING	3	src/os/lib/audio_offload/ivshmem_protocol.spl
simpleos_fat32_path_read_buffer_addr	GENUINELY_MISSING	5	src/os/apps/sshd/ssh_session_channel.spl
simpleos_fat32_read_path	GENUINELY_MISSING	2	src/os/services/vfs/c_nvme_block_adapter.spl
simpleos_fat32_read_path_array	GENUINELY_MISSING	1	src/os/services/vfs/c_nvme_block_adapter.spl
simpleos_fat32_read_path_size	GENUINELY_MISSING	11	src/os/services/vfs/c_nvme_block_adapter.spl
simpleos_fat32_stream_open	GENUINELY_MISSING	3	src/os/apps/sshd/ssh_session_channel.spl
simpleos_fat32_stream_read_at	GENUINELY_MISSING	2	src/os/apps/sshd/ssh_session_channel.spl
simpleos_guest_arch_id	GENUINELY_MISSING	1	src/app/simpleos_tool/guest_target.spl
simpleos_nvme_init	GENUINELY_MISSING	1	src/os/services/vfs/q35_pure_nvme_perf_boot.spl
simpleos_nvme_read_sector	GENUINELY_MISSING	1	src/os/services/vfs/q35_pure_nvme_perf_boot.spl
simpleos_nvme_write_sector	GENUINELY_MISSING	1	src/os/services/vfs/q35_pure_nvme_perf_boot.spl
simpleos_syscall	c_runtime_source_only	1	src/os/userlib/syscall_raw.spl
simpleos_user_context_ok	GENUINELY_MISSING	1	src/app/simpleos_tool/guest_target.spl
size_of	DEAD_DECLARATION	0	src/compiler_rust/lib/std/src/core_nogc/arena.spl
sleep_ms	SHADOWED_BY_SPL_FN	3	src/os/tools/net/ping_tool.spl
spl_eprintln	c_runtime_source_only	2	src/compiler/10.frontend/core/compiler/driver.spl
spl_handle_debug_write	SHADOWED_BY_SPL_FN	1	src/os/kernel/abi/syscall_shim.spl
spl_load_i64	GENUINELY_MISSING	195	src/runtime/simple_core/core_array.spl
spl_load_u8	GENUINELY_MISSING	86	src/runtime/simple_core/core_array.spl
spl_shim_current_task_id	SHADOWED_BY_SPL_FN	6	src/os/services/netstack/netstack_init.spl
spl_store_i64	GENUINELY_MISSING	66	src/runtime/simple_core/core_array.spl
spl_store_u8	GENUINELY_MISSING	171	src/runtime/simple_core/core_array.spl
task_alloc_id	SHADOWED_BY_SPL_FN	1	src/lib/nogc_async_mut/async/sffi.spl
tcp_listener_accept	DEAD_DECLARATION	0	src/lib/gc_async_mut/net/ffi.spl
tcp_listener_accept_timeout	DEAD_DECLARATION	0	src/lib/gc_async_mut/net/ffi.spl
tcp_listener_bind	DEAD_DECLARATION	0	src/lib/gc_async_mut/net/ffi.spl
tcp_listener_close	DEAD_DECLARATION	0	src/lib/gc_async_mut/net/ffi.spl
tcp_listener_local_addr	DEAD_DECLARATION	0	src/lib/gc_async_mut/net/ffi.spl
tcp_listener_set_nonblocking	DEAD_DECLARATION	0	src/lib/gc_async_mut/net/ffi.spl
tcp_stream_close	DEAD_DECLARATION	0	src/lib/gc_async_mut/net/ffi.spl
tcp_stream_connect	DEAD_DECLARATION	0	src/lib/gc_async_mut/net/ffi.spl
tcp_stream_connect_timeout	DEAD_DECLARATION	0	src/lib/gc_async_mut/net/ffi.spl
tcp_stream_flush	DEAD_DECLARATION	0	src/lib/gc_async_mut/net/ffi.spl
tcp_stream_local_addr	DEAD_DECLARATION	0	src/lib/gc_async_mut/net/ffi.spl
tcp_stream_peer_addr	DEAD_DECLARATION	0	src/lib/gc_async_mut/net/ffi.spl
tcp_stream_read	DEAD_DECLARATION	0	src/lib/gc_async_mut/net/ffi.spl
tcp_stream_read_exact	DEAD_DECLARATION	0	src/lib/gc_async_mut/net/ffi.spl
tcp_stream_read_line	DEAD_DECLARATION	0	src/lib/gc_async_mut/net/ffi.spl
tcp_stream_set_nodelay	DEAD_DECLARATION	0	src/lib/gc_async_mut/net/ffi.spl
tcp_stream_set_nonblocking	DEAD_DECLARATION	0	src/lib/gc_async_mut/net/ffi.spl
tcp_stream_set_read_timeout	DEAD_DECLARATION	0	src/lib/gc_async_mut/net/ffi.spl
tcp_stream_set_write_timeout	DEAD_DECLARATION	0	src/lib/gc_async_mut/net/ffi.spl
tcp_stream_write	DEAD_DECLARATION	0	src/lib/gc_async_mut/net/ffi.spl
tcp_stream_write_all	DEAD_DECLARATION	0	src/lib/gc_async_mut/net/ffi.spl
trace_call	DEAD_DECLARATION	0	test/01_unit/app/diagram/call_flow_profiling_spec.spl
trace_method	DEAD_DECLARATION	0	test/01_unit/app/diagram/call_flow_profiling_spec.spl
trace_return	DEAD_DECLARATION	0	test/01_unit/app/diagram/call_flow_profiling_spec.spl
trampoline_invoke	DEAD_DECLARATION	0	src/os/posix/signal_dispatch.spl
tree_sitter_rust	GENUINELY_MISSING	1	src/compiler_rust/lib/std/src/mcp/multi_lang/rust_provider.spl
ts_node_child	GENUINELY_MISSING	1	src/compiler_rust/lib/std/src/mcp/multi_lang/rust_provider.spl
ts_node_child_count	GENUINELY_MISSING	1	src/compiler_rust/lib/std/src/mcp/multi_lang/rust_provider.spl
ts_node_end_byte	GENUINELY_MISSING	1	src/compiler_rust/lib/std/src/mcp/multi_lang/rust_provider.spl
ts_node_start_byte	GENUINELY_MISSING	1	src/compiler_rust/lib/std/src/mcp/multi_lang/rust_provider.spl
ts_node_type	GENUINELY_MISSING	1	src/compiler_rust/lib/std/src/mcp/multi_lang/rust_provider.spl
ts_parser_delete	GENUINELY_MISSING	1	src/compiler_rust/lib/std/src/mcp/multi_lang/rust_provider.spl
ts_parser_new	GENUINELY_MISSING	1	src/compiler_rust/lib/std/src/mcp/multi_lang/rust_provider.spl
ts_parser_parse_string	GENUINELY_MISSING	1	src/compiler_rust/lib/std/src/mcp/multi_lang/rust_provider.spl
ts_parser_set_language	GENUINELY_MISSING	1	src/compiler_rust/lib/std/src/mcp/multi_lang/rust_provider.spl
ts_tree_delete	GENUINELY_MISSING	1	src/compiler_rust/lib/std/src/mcp/multi_lang/rust_provider.spl
ts_tree_root_node	GENUINELY_MISSING	1	src/compiler_rust/lib/std/src/mcp/multi_lang/rust_provider.spl
type_id_of	DEAD_DECLARATION	0	src/lib/gc_async_mut/gc.spl
udp_socket_bind	GENUINELY_MISSING	1	src/lib/gc_async_mut/net/ffi.spl
udp_socket_close	GENUINELY_MISSING	1	src/lib/gc_async_mut/net/ffi.spl
udp_socket_connect	GENUINELY_MISSING	1	src/lib/gc_async_mut/net/ffi.spl
udp_socket_join_multicast	GENUINELY_MISSING	1	src/lib/gc_async_mut/net/ffi.spl
udp_socket_leave_multicast	GENUINELY_MISSING	1	src/lib/gc_async_mut/net/ffi.spl
udp_socket_local_addr	GENUINELY_MISSING	1	src/lib/gc_async_mut/net/ffi.spl
udp_socket_recv	GENUINELY_MISSING	1	src/lib/gc_async_mut/net/ffi.spl
udp_socket_recv_from	GENUINELY_MISSING	1	src/lib/gc_async_mut/net/ffi.spl
udp_socket_send	GENUINELY_MISSING	1	src/lib/gc_async_mut/net/ffi.spl
udp_socket_send_to	GENUINELY_MISSING	1	src/lib/gc_async_mut/net/ffi.spl
udp_socket_set_broadcast	GENUINELY_MISSING	1	src/lib/gc_async_mut/net/ffi.spl
udp_socket_set_multicast_loop	GENUINELY_MISSING	1	src/lib/gc_async_mut/net/ffi.spl
udp_socket_set_nonblocking	GENUINELY_MISSING	1	src/lib/gc_async_mut/net/ffi.spl
udp_socket_set_read_timeout	GENUINELY_MISSING	1	src/lib/gc_async_mut/net/ffi.spl
unregister_array	SHADOWED_BY_SPL_FN	2	src/runtime/simple_core/core_array_ops.spl
unsafe_addr_of	c_runtime_source_only	101	src/os/apps/shell/shell_async_file.spl
upx_compress_file	rust_source_feature_gated	3	src/lib/gc_async_mut/compress/upx.spl
upx_decompress_file	rust_source_feature_gated	3	src/lib/gc_async_mut/compress/upx.spl
upx_ensure_available	rust_source_feature_gated	3	src/lib/gc_async_mut/compress/upx.spl
upx_get_path	rust_source_feature_gated	3	src/lib/gc_async_mut/compress/upx.spl
upx_get_ratio	rust_source_feature_gated	3	src/lib/gc_async_mut/compress/upx.spl
upx_is_available	rust_source_feature_gated	3	src/lib/gc_async_mut/compress/upx.spl
upx_is_compressed	rust_source_feature_gated	3	src/lib/gc_async_mut/compress/upx.spl
url_decode	SHADOWED_BY_SPL_FN	6	src/lib/gc_async_mut/net/ffi.spl
url_encode	SHADOWED_BY_SPL_FN	6	src/lib/gc_async_mut/net/ffi.spl
url_parse	GENUINELY_MISSING	3	src/lib/gc_async_mut/net/ffi.spl
utf8_bytes_of_t	GENUINELY_MISSING	1	test/01_unit/lib/driver/driver_manifest_test.spl
uw_probe_extern_provided	DEAD_DECLARATION	0	src/lib/common/use_warning_probe.spl
val_get_array	SHADOWED_BY_SPL_FN	1	src/compiler/10.frontend/core/type_checker.spl
val_get_float	SHADOWED_BY_SPL_FN	1	src/compiler/10.frontend/core/type_checker.spl
val_get_int	SHADOWED_BY_SPL_FN	1	src/compiler/10.frontend/core/type_checker.spl
val_get_kind	SHADOWED_BY_SPL_FN	4	src/compiler/10.frontend/core/type_checker.spl
val_get_struct_fields	SHADOWED_BY_SPL_FN	1	src/compiler/10.frontend/core/type_checker.spl
val_get_struct_name	SHADOWED_BY_SPL_FN	1	src/compiler/10.frontend/core/type_checker.spl
val_get_struct_values	SHADOWED_BY_SPL_FN	1	src/compiler/10.frontend/core/type_checker.spl
val_get_text	SHADOWED_BY_SPL_FN	1	src/compiler/10.frontend/core/type_checker.spl
vfs_chmod	GENUINELY_MISSING	1	src/os/apps/coreutils/chmod.spl
vfs_close	GENUINELY_MISSING	6	src/os/apps/coreutils/cat.spl
vfs_closedir	GENUINELY_MISSING	1	src/os/apps/coreutils/ls.spl
vfs_create	GENUINELY_MISSING	2	src/os/apps/coreutils/cp.spl
vfs_mkdir	GENUINELY_MISSING	1	src/os/apps/coreutils/mkdir.spl
vfs_open	GENUINELY_MISSING	4	src/os/apps/coreutils/cat.spl
vfs_opendir	GENUINELY_MISSING	1	src/os/apps/coreutils/ls.spl
vfs_read_all	GENUINELY_MISSING	2	src/os/apps/coreutils/cp.spl
vfs_read_line	GENUINELY_MISSING	4	src/os/apps/coreutils/cat.spl
vfs_readdir	GENUINELY_MISSING	2	src/os/apps/coreutils/ls.spl
vfs_rename	GENUINELY_MISSING	1	src/os/apps/coreutils/mv.spl
vfs_unlink	GENUINELY_MISSING	2	src/os/apps/coreutils/mv.spl
vfs_write_all	GENUINELY_MISSING	2	src/os/apps/coreutils/cp.spl
vmm_map_page	SHADOWED_BY_SPL_FN	4	src/os/kernel/memory/heap.spl
vscode_actions_apply_edit	GENUINELY_MISSING	1	src/compiler_rust/lib/std/src/vscode/actions.spl
vscode_actions_create_workspace_edit	GENUINELY_MISSING	1	src/compiler_rust/lib/std/src/vscode/actions.spl
vscode_actions_edit_delete	GENUINELY_MISSING	1	src/compiler_rust/lib/std/src/vscode/actions.spl
vscode_actions_edit_insert	GENUINELY_MISSING	1	src/compiler_rust/lib/std/src/vscode/actions.spl
vscode_actions_edit_replace	GENUINELY_MISSING	1	src/compiler_rust/lib/std/src/vscode/actions.spl
vscode_actions_register_provider	GENUINELY_MISSING	1	src/compiler_rust/lib/std/src/vscode/actions.spl
vscode_commands_execute	GENUINELY_MISSING	1	src/compiler_rust/lib/std/src/vscode/commands.spl
vscode_commands_get_commands	GENUINELY_MISSING	1	src/compiler_rust/lib/std/src/vscode/commands.spl
vscode_commands_register	GENUINELY_MISSING	1	src/compiler_rust/lib/std/src/vscode/commands.spl
vscode_debug_continue	GENUINELY_MISSING	1	src/compiler_rust/lib/std/src/vscode/dap.spl
vscode_debug_evaluate	GENUINELY_MISSING	1	src/compiler_rust/lib/std/src/vscode/dap.spl
vscode_debug_pause	GENUINELY_MISSING	1	src/compiler_rust/lib/std/src/vscode/dap.spl
vscode_debug_register_adapter	GENUINELY_MISSING	1	src/compiler_rust/lib/std/src/vscode/dap.spl
vscode_debug_set_breakpoint	GENUINELY_MISSING	1	src/compiler_rust/lib/std/src/vscode/dap.spl
vscode_debug_start_session	GENUINELY_MISSING	1	src/compiler_rust/lib/std/src/vscode/dap.spl
vscode_debug_step_into	GENUINELY_MISSING	1	src/compiler_rust/lib/std/src/vscode/dap.spl
vscode_debug_step_out	GENUINELY_MISSING	1	src/compiler_rust/lib/std/src/vscode/dap.spl
vscode_debug_step_over	GENUINELY_MISSING	1	src/compiler_rust/lib/std/src/vscode/dap.spl
vscode_debug_stop	GENUINELY_MISSING	1	src/compiler_rust/lib/std/src/vscode/dap.spl
vscode_document_provider_fire_change	GENUINELY_MISSING	1	src/compiler_rust/lib/std/src/vscode/document_provider.spl
vscode_document_provider_register	GENUINELY_MISSING	1	src/compiler_rust/lib/std/src/vscode/document_provider.spl
vscode_languages_create_diagnostic_collection	GENUINELY_MISSING	1	src/compiler_rust/lib/std/src/vscode/languages.spl
vscode_languages_register_code_actions	DEAD_DECLARATION	0	src/compiler_rust/lib/std/src/vscode/languages.spl
vscode_languages_register_completion	GENUINELY_MISSING	1	src/compiler_rust/lib/std/src/vscode/languages.spl
vscode_languages_register_definition	GENUINELY_MISSING	1	src/compiler_rust/lib/std/src/vscode/languages.spl
vscode_languages_register_hover	GENUINELY_MISSING	1	src/compiler_rust/lib/std/src/vscode/languages.spl
vscode_languages_set_diagnostics	GENUINELY_MISSING	1	src/compiler_rust/lib/std/src/vscode/languages.spl
vscode_tasks_execute_task	GENUINELY_MISSING	1	src/compiler_rust/lib/std/src/vscode/tasks.spl
vscode_tasks_fetch_tasks	GENUINELY_MISSING	1	src/compiler_rust/lib/std/src/vscode/tasks.spl
vscode_tasks_register_provider	GENUINELY_MISSING	1	src/compiler_rust/lib/std/src/vscode/tasks.spl
vscode_terminal_create	GENUINELY_MISSING	2	src/compiler_rust/lib/std/src/vscode/terminal.spl
vscode_terminal_dispose	GENUINELY_MISSING	1	src/compiler_rust/lib/std/src/vscode/terminal.spl
vscode_terminal_get_exit_status	GENUINELY_MISSING	1	src/compiler_rust/lib/std/src/vscode/terminal.spl
vscode_terminal_get_process_id	GENUINELY_MISSING	1	src/compiler_rust/lib/std/src/vscode/terminal.spl
vscode_terminal_hide	GENUINELY_MISSING	1	src/compiler_rust/lib/std/src/vscode/terminal.spl
vscode_terminal_on_exit	GENUINELY_MISSING	1	src/compiler_rust/lib/std/src/vscode/terminal.spl
vscode_terminal_send_text	GENUINELY_MISSING	2	src/compiler_rust/lib/std/src/vscode/terminal.spl
vscode_terminal_show	GENUINELY_MISSING	2	src/compiler_rust/lib/std/src/vscode/terminal.spl
vscode_tree_view_refresh	GENUINELY_MISSING	1	src/compiler_rust/lib/std/src/vscode/tree_view.spl
vscode_tree_view_register	GENUINELY_MISSING	1	src/compiler_rust/lib/std/src/vscode/tree_view.spl
vscode_tree_view_reveal	GENUINELY_MISSING	1	src/compiler_rust/lib/std/src/vscode/tree_view.spl
vscode_webview_create_panel	GENUINELY_MISSING	1	src/compiler_rust/lib/std/src/vscode/webview.spl
vscode_webview_dispose	GENUINELY_MISSING	1	src/compiler_rust/lib/std/src/vscode/webview.spl
vscode_webview_on_message	GENUINELY_MISSING	1	src/compiler_rust/lib/std/src/vscode/webview.spl
vscode_webview_post_message	GENUINELY_MISSING	1	src/compiler_rust/lib/std/src/vscode/webview.spl
vscode_webview_set_html	GENUINELY_MISSING	1	src/compiler_rust/lib/std/src/vscode/webview.spl
vscode_window_create_status_bar_item	GENUINELY_MISSING	1	src/compiler_rust/lib/std/src/vscode/window.spl
vscode_window_get_active_editor_uri	GENUINELY_MISSING	1	src/compiler_rust/lib/std/src/vscode/window.spl
vscode_window_show_error	GENUINELY_MISSING	1	src/compiler_rust/lib/std/src/vscode/window.spl
vscode_window_show_info	GENUINELY_MISSING	1	src/compiler_rust/lib/std/src/vscode/window.spl
vscode_window_show_message	GENUINELY_MISSING	1	src/compiler_rust/lib/std/src/vscode/window.spl
vscode_window_show_warning	GENUINELY_MISSING	1	src/compiler_rust/lib/std/src/vscode/window.spl
vscode_window_status_bar_hide	GENUINELY_MISSING	1	src/compiler_rust/lib/std/src/vscode/window.spl
vscode_window_status_bar_set_text	GENUINELY_MISSING	1	src/compiler_rust/lib/std/src/vscode/window.spl
vscode_window_status_bar_show	GENUINELY_MISSING	1	src/compiler_rust/lib/std/src/vscode/window.spl
vscode_workspace_close_text_document	GENUINELY_MISSING	1	src/compiler_rust/lib/std/src/vscode/workspace.spl
vscode_workspace_find_files	GENUINELY_MISSING	1	src/compiler_rust/lib/std/src/vscode/workspace.spl
vscode_workspace_get_configuration	GENUINELY_MISSING	1	src/compiler_rust/lib/std/src/vscode/workspace.spl
vscode_workspace_get_folders	GENUINELY_MISSING	1	src/compiler_rust/lib/std/src/vscode/workspace.spl
vscode_workspace_get_workspace_folder	GENUINELY_MISSING	1	src/compiler_rust/lib/std/src/vscode/workspace.spl
vscode_workspace_open_text_document	GENUINELY_MISSING	1	src/compiler_rust/lib/std/src/vscode/workspace.spl
vscode_workspace_save_text_document	GENUINELY_MISSING	1	src/compiler_rust/lib/std/src/vscode/workspace.spl
vscode_workspace_update_configuration	GENUINELY_MISSING	1	src/compiler_rust/lib/std/src/vscode/workspace.spl
warp_size	DEAD_DECLARATION	0	src/compiler_rust/lib/std/src/gpu/kernel/core.spl
wasm_lsp_initialize	GENUINELY_MISSING	1	src/compiler_rust/lib/std/src/vscode/wasm_lsp.spl
wasm_lsp_register_handler	GENUINELY_MISSING	5	src/compiler_rust/lib/std/src/vscode/wasm_lsp.spl
wasm_lsp_send_notification	GENUINELY_MISSING	1	src/compiler_rust/lib/std/src/vscode/wasm_lsp.spl
wasm_lsp_send_response	DEAD_DECLARATION	0	src/compiler_rust/lib/std/src/vscode/wasm_lsp.spl
wasm_rt_free	c_runtime_source_only	2	src/lib/scv/wasm_executor.spl
wasm_rt_load	c_runtime_source_only	2	src/lib/scv/wasm_executor.spl
wasm_rt_parse_all	c_runtime_source_only	2	src/lib/scv/wasm_executor.spl
with	DEAD_DECLARATION	0	test/01_unit/compiler/linker/extern_unimplemented_weak_stub_fabrication_spec.spl
write_header	GENUINELY_MISSING	12	src/lib/gc_async_mut/gc.spl
write_header_field	GENUINELY_MISSING	6	src/lib/gc_async_mut/gc.spl
