finding	platform	record_id	path	detail
exact-status-conflict	common	2026-08-05_wm_content_frame_web_provenance_unreachable_via_widget_panel	doc/08_tracking/bug/2026-08-05_wm_content_frame_web_provenance_unreachable_via_widget_panel.md	document=OPEN (P2); DB=fixed; no status change authorized by this audit
exact-status-conflict	common	2026-08-05_wm_false_success_family_guard_blocked_by_out_of_scope_gaps	doc/08_tracking/bug/2026-08-05_wm_false_success_family_guard_blocked_by_out_of_scope_gaps.md	document=OPEN (P2); DB=fixed; no status change authorized by this audit
exact-status-conflict	common	a2_target_ir_blocked_on_untracked_target_graph_2026-08-10	doc/08_tracking/bug/a2_target_ir_blocked_on_untracked_target_graph_2026-08-10.md	document=OPEN (P2); DB=fixed; no status change authorized by this audit
registration-added	common	acpi_spec_three_reads_return_zero_2026-09-19	doc/08_tracking/bug/acpi_spec_three_reads_return_zero_2026-09-19.md	registered open on 2026-09-21; authored priority retained when explicit; otherwise P3 is an untriaged schema placeholder, not a severity decision
registration-added	common	admit_is_a_hard_keyword_unusable_as_identifier_2026-08-21	doc/08_tracking/bug/admit_is_a_hard_keyword_unusable_as_identifier_2026-08-21.md	registered open on 2026-09-21; authored priority retained when explicit; otherwise P3 is an untriaged schema placeholder, not a severity decision
registration-added	common	admitted_stage2_minimal_native_compile_str_clear_2026-08-16	doc/08_tracking/bug/admitted_stage2_minimal_native_compile_str_clear_2026-08-16.md	registered open on 2026-09-21; authored priority retained when explicit; otherwise P3 is an untriaged schema placeholder, not a severity decision
exact-status-conflict	common	aes128_ccm_rfc3610_kat_mismatch_2026-07-20	doc/08_tracking/bug/aes128_ccm_rfc3610_kat_mismatch_2026-07-20.md	document=OPEN. Do not touch the expected vectors — RFC 3610 §8; DB=closed; no status change authorized by this audit
registration-added	common	aes128_gcm_verification_blocked_by_env_access_parse_2026-08-25	doc/08_tracking/bug/aes128_gcm_verification_blocked_by_env_access_parse_2026-08-25.md	registered open on 2026-09-21; authored priority retained when explicit; otherwise P3 is an untriaged schema placeholder, not a severity decision
exact-status-conflict	common	aes256_ctr_keystream_wrong_after_first_block_2026-07-20	doc/08_tracking/bug/aes256_ctr_keystream_wrong_after_first_block_2026-07-20.md	document=OPEN. Do not touch the expected vector — NIST SP 800-38A; DB=fixed; no status change authorized by this audit
exact-status-conflict	common	aliased_array_mut_param_mutation_lost_interpreter_2026-08-06	doc/08_tracking/bug/aliased_array_mut_param_mutation_lost_interpreter_2026-08-06.md	document=OPEN (P1); DB=closed; no status change authorized by this audit
registration-added	common	aliased_import_shadowed_by_local_fn_native_codegen_2026-09-03	doc/08_tracking/bug/aliased_import_shadowed_by_local_fn_native_codegen_2026-09-03.md	registered open on 2026-09-21; authored priority retained when explicit; otherwise P3 is an untriaged schema placeholder, not a severity decision
registration-added	common	aliased_use_import_does_not_bind_in_transitive_module_2026-08-10	doc/08_tracking/bug/aliased_use_import_does_not_bind_in_transitive_module_2026-08-10.md	registered open on 2026-09-21; authored priority retained when explicit; otherwise P3 is an untriaged schema placeholder, not a severity decision
registration-added	common	allow_reserved_as_hard_keyword_2026-09-13	doc/08_tracking/bug/allow_reserved_as_hard_keyword_2026-09-13.md	registered open on 2026-09-21; authored priority retained when explicit; otherwise P3 is an untriaged schema placeholder, not a severity decision
exact-status-conflict	common	angle_bracket_index_lint_parse_mismatch_2026-06-06	doc/08_tracking/bug/angle_bracket_index_lint_parse_mismatch_2026-06-06.md	document=Open; DB=fixed; no status change authorized by this audit
exact-status-conflict	common	any_receiver_element_read_shift_and_tag_2026-08-06	doc/08_tracking/bug/any_receiver_element_read_shift_and_tag_2026-08-06.md	document=OPEN (P1); DB=fixed; no status change authorized by this audit
exact-status-conflict	common	any_typed_closure_param_destroys_value_2026-07-28	doc/08_tracking/bug/any_typed_closure_param_destroys_value_2026-07-28.md	document=open; DB=closed; no status change authorized by this audit
registration-added	common	arm32_qemu_release_lineage_and_nonce_gap_2026-08-11	doc/08_tracking/bug/arm32_qemu_release_lineage_and_nonce_gap_2026-08-11.md	registered open on 2026-09-21; authored priority retained when explicit; otherwise P3 is an untriaged schema placeholder, not a severity decision
registration-added	common	arm64_attested_build_rejects_rust_seed_by_design_2026-09-01	doc/08_tracking/bug/arm64_attested_build_rejects_rust_seed_by_design_2026-09-01.md	registered open on 2026-09-21; authored priority retained when explicit; otherwise P3 is an untriaged schema placeholder, not a severity decision
registration-added	common	arm64_desktop_engine2d_media_chain_blockers_2026-09-01	doc/08_tracking/bug/arm64_desktop_engine2d_media_chain_blockers_2026-09-01.md	registered open on 2026-09-21; authored priority retained when explicit; otherwise P3 is an untriaged schema placeholder, not a severity decision
registration-added	common	arm64_desktop_engine2d_seed_codegen_dbd_unresolved_global_2026-09-01	doc/08_tracking/bug/arm64_desktop_engine2d_seed_codegen_dbd_unresolved_global_2026-09-01.md	registered open on 2026-09-21; authored priority retained when explicit; otherwise P3 is an untriaged schema placeholder, not a severity decision
registration-added	simpleos	arm64_framebuffer_color_struct_return_abi_2026-08-21	doc/08_tracking/bug/arm64_framebuffer_color_struct_return_abi_2026-08-21.md	registered open on 2026-09-21; authored priority retained when explicit; otherwise P3 is an untriaged schema placeholder, not a severity decision
registration-added	common	arm64_wm_vulkan_real_firmware_lane_blocked_2026-09-01	doc/08_tracking/bug/arm64_wm_vulkan_real_firmware_lane_blocked_2026-09-01.md	registered open on 2026-09-21; authored priority retained when explicit; otherwise P3 is an untriaged schema placeholder, not a severity decision
registration-added	common	array_at_method_missing_dash_path_2026-07-20	doc/08_tracking/bug/array_at_method_missing_dash_path_2026-07-20.md	registered open on 2026-09-21; authored priority retained when explicit; otherwise P3 is an untriaged schema placeholder, not a severity decision
registration-added	common	array_set_missing_on_interpreter_2026-08-18	doc/08_tracking/bug/array_set_missing_on_interpreter_2026-08-18.md	registered open on 2026-09-21; authored priority retained when explicit; otherwise P3 is an untriaged schema placeholder, not a severity decision
registration-added	common	arrow_lambda_parser_half_reverted_by_snapshot_commit_2026-09-01	doc/08_tracking/bug/arrow_lambda_parser_half_reverted_by_snapshot_commit_2026-09-01.md	registered open on 2026-09-21; authored priority retained when explicit; otherwise P3 is an untriaged schema placeholder, not a severity decision
registration-added	common	arrow_match_arm_multi_field_pattern_parse_fail_2026-08-18	doc/08_tracking/bug/arrow_match_arm_multi_field_pattern_parse_fail_2026-08-18.md	registered open on 2026-09-21; authored priority retained when explicit; otherwise P3 is an untriaged schema placeholder, not a severity decision
registration-added	common	asm_block_form_discards_operand_constraints_2026-09-01	doc/08_tracking/bug/asm_block_form_discards_operand_constraints_2026-09-01.md	registered open on 2026-09-21; authored priority retained when explicit; otherwise P3 is an untriaged schema placeholder, not a severity decision
exact-status-conflict	common	asm_template_placeholders_never_bind_2026-08-07	doc/08_tracking/bug/asm_template_placeholders_never_bind_2026-08-07.md	document=OPEN (P2 — downgraded from P1) — root cause C and the arch-gating gap; DB=fixed; no status change authorized by this audit
registration-added	common	aspect_dynload_producer_absent_and_mode_silent_downgrade_2026-08-23	doc/08_tracking/bug/aspect_dynload_producer_absent_and_mode_silent_downgrade_2026-08-23.md	registered open on 2026-09-21; authored priority retained when explicit; otherwise P3 is an untriaged schema placeholder, not a severity decision
registration-added	common	aspect_weave_specs_timeout_vacuous_green_2026-08-18	doc/08_tracking/bug/aspect_weave_specs_timeout_vacuous_green_2026-08-18.md	registered open on 2026-09-21; authored priority retained when explicit; otherwise P3 is an untriaged schema placeholder, not a severity decision
registration-added	common	assignment_rhs_line_continuation_rejected_2026-08-21	doc/08_tracking/bug/assignment_rhs_line_continuation_rejected_2026-08-21.md	registered open on 2026-09-21; authored priority retained when explicit; otherwise P3 is an untriaged schema placeholder, not a severity decision
registration-added	common	async_handler_registry_removed_apis_2026-09-16	doc/08_tracking/bug/async_handler_registry_removed_apis_2026-09-16.md	registered open on 2026-09-21; authored priority retained when explicit; otherwise P3 is an untriaged schema placeholder, not a severity decision
registration-added	common	async_host_missing_async_core_module_breaks_task_handle_cancel_2026-07-29	doc/08_tracking/bug/async_host_missing_async_core_module_breaks_task_handle_cancel_2026-07-29.md	registered open on 2026-09-21; authored priority retained when explicit; otherwise P3 is an untriaged schema placeholder, not a severity decision
exact-status-conflict	common	async_mutex_blocks_carrier_thread_no_suspend_2026-07-28	doc/08_tracking/bug/async_mutex_blocks_carrier_thread_no_suspend_2026-07-28.md	document=open (follow-up; deliberate interim state); DB=closed; no status change authorized by this audit
exact-status-conflict	common	async_runtime_detached_completed_results_unbounded_2026-08-13	doc/08_tracking/bug/async_runtime_detached_completed_results_unbounded_2026-08-13.md	document=OPEN (P2); DB=fixed; no status change authorized by this audit
registration-added	common	async_spec_taskstate_enum_fix_hangs_2026-09-01	doc/08_tracking/bug/async_spec_taskstate_enum_fix_hangs_2026-09-01.md	registered open on 2026-09-21; authored priority retained when explicit; otherwise P3 is an untriaged schema placeholder, not a severity decision
registration-added	common	auto_vectorize_pass_is_analysis_only_2026-09-13	doc/08_tracking/bug/auto_vectorize_pass_is_analysis_only_2026-09-13.md	registered open on 2026-09-21; authored priority retained when explicit; otherwise P3 is an untriaged schema placeholder, not a severity decision
exact-status-conflict	common	backend_linker_check_arm_body_const_assign_2026-07-02	doc/08_tracking/bug/backend_linker_check_arm_body_const_assign_2026-07-02.md	document=OPEN; DB=fixed; no status change authorized by this audit
exact-status-conflict	common	bare_hardware_namespace_import_unresolved_2026-07-20	doc/08_tracking/bug/bare_hardware_namespace_import_unresolved_2026-07-20.md	document=open; DB=closed; no status change authorized by this audit
registration-added	common	baremetal_bool_macros_disagree_with_codegen_tags_2026-09-01	doc/08_tracking/bug/baremetal_bool_macros_disagree_with_codegen_tags_2026-09-01.md	registered open on 2026-09-21; authored priority retained when explicit; otherwise P3 is an untriaged schema placeholder, not a severity decision
registration-added	common	baremetal_image_perf_probe_no_verdict_2026-08-12	doc/08_tracking/bug/baremetal_image_perf_probe_no_verdict_2026-08-12.md	registered open on 2026-09-21; authored priority retained when explicit; otherwise P3 is an untriaged schema placeholder, not a severity decision
registration-added	common	base64url_decode_accepts_invalid_alphabet_2026-08-18	doc/08_tracking/bug/base64url_decode_accepts_invalid_alphabet_2026-08-18.md	registered open on 2026-09-21; authored priority retained when explicit; otherwise P3 is an untriaged schema placeholder, not a severity decision
registration-added	common	be_dom_event_path_family_arity_and_style_serialize_2026-08-19	doc/08_tracking/bug/be_dom_event_path_family_arity_and_style_serialize_2026-08-19.md	registered open on 2026-09-21; authored priority retained when explicit; otherwise P3 is an untriaged schema placeholder, not a severity decision
registration-added	linux	bin_simple_is_seed_aarch64_stage3_blocked_2026-09-04	doc/08_tracking/bug/bin_simple_is_seed_aarch64_stage3_blocked_2026-09-04.md	registered open on 2026-09-21; authored priority retained when explicit; otherwise P3 is an untriaged schema placeholder, not a severity decision
registration-added	common	binding_module_shadow_census_2026-08-18	doc/08_tracking/bug/binding_module_shadow_census_2026-08-18.md	registered open on 2026-09-21; authored priority retained when explicit; otherwise P3 is an untriaged schema placeholder, not a severity decision
registration-added	common	bitfield_specs_vacuous_and_custom_primitive_bitfield_dead_2026-08-18	doc/08_tracking/bug/bitfield_specs_vacuous_and_custom_primitive_bitfield_dead_2026-08-18.md	registered open on 2026-09-21; authored priority retained when explicit; otherwise P3 is an untriaged schema placeholder, not a severity decision
registration-added	common	blake2s_std_crypto_module_missing_2026-07-20	doc/08_tracking/bug/blake2s_std_crypto_module_missing_2026-07-20.md	registered open on 2026-09-21; authored priority retained when explicit; otherwise P3 is an untriaged schema placeholder, not a severity decision
exact-status-conflict	common	blink_parse_declarations_cross_module_collision_2026-08-11	doc/08_tracking/bug/blink_parse_declarations_cross_module_collision_2026-08-11.md	document=OPEN (P2); DB=fixed; no status change authorized by this audit
exact-status-conflict	common	blink_specs_import_unimplemented_modules_2026-08-10	doc/08_tracking/bug/blink_specs_import_unimplemented_modules_2026-08-10.md	document=OPEN (P2); DB=fixed; no status change authorized by this audit
registration-added	common	block_scoped_use_no_op_symbol_resolution_2026-08-18	doc/08_tracking/bug/block_scoped_use_no_op_symbol_resolution_2026-08-18.md	registered open on 2026-09-21; authored priority retained when explicit; otherwise P3 is an untriaged schema placeholder, not a severity decision
registration-added	common	bm25_checked_rejects_valid_multiterm_and_shingle_aliasing_2026-08-31	doc/08_tracking/bug/bm25_checked_rejects_valid_multiterm_and_shingle_aliasing_2026-08-31.md	registered open on 2026-09-21; authored priority retained when explicit; otherwise P3 is an untriaged schema placeholder, not a severity decision
registration-added	common	board_vulkan_spec_manual_honesty_and_docgen_stub_2026-08-11	doc/08_tracking/bug/board_vulkan_spec_manual_honesty_and_docgen_stub_2026-08-11.md	registered open on 2026-09-21; authored priority retained when explicit; otherwise P3 is an untriaged schema placeholder, not a severity decision
registration-added	common	boot_layout_a9_board_blocked_2026-09-19	doc/08_tracking/bug/boot_layout_a9_board_blocked_2026-09-19.md	registered open on 2026-09-21; authored priority retained when explicit; otherwise P3 is an untriaged schema placeholder, not a severity decision
registration-added	common	bootstrap_admission_producer_selftest_greps_wrong_file_2026-09-05	doc/08_tracking/bug/bootstrap_admission_producer_selftest_greps_wrong_file_2026-09-05.md	registered open on 2026-09-21; authored priority retained when explicit; otherwise P3 is an untriaged schema placeholder, not a severity decision
registration-added	common	bootstrap_admission_v2_circular_and_cannot_express_imported_parent_2026-08-18	doc/08_tracking/bug/bootstrap_admission_v2_circular_and_cannot_express_imported_parent_2026-08-18.md	registered open on 2026-09-21; authored priority retained when explicit; otherwise P3 is an untriaged schema placeholder, not a severity decision
registration-added	common	bootstrap_blocked_unknown_extern_rt_transient_array_scope_begin_2026-07-27	doc/08_tracking/bug/bootstrap_blocked_unknown_extern_rt_transient_array_scope_begin_2026-07-27.md	registered open on 2026-09-21; authored priority retained when explicit; otherwise P3 is an untriaged schema placeholder, not a severity decision
registration-added	common	bootstrap_determinism_check_races_live_working_tree_2026-08-21	doc/08_tracking/bug/bootstrap_determinism_check_races_live_working_tree_2026-08-21.md	registered open on 2026-09-21; authored priority retained when explicit; otherwise P3 is an untriaged schema placeholder, not a severity decision
registration-added	common	bootstrap_diagnostic_multifile_check_startup_blocker_2026-08-02	doc/08_tracking/bug/bootstrap_diagnostic_multifile_check_startup_blocker_2026-08-02.md	registered open on 2026-09-21; authored priority retained when explicit; otherwise P3 is an untriaged schema placeholder, not a severity decision
registration-added	common	bootstrap_facade_check_silent_exit_on_symlinked_pwd_2026-08-31	doc/08_tracking/bug/bootstrap_facade_check_silent_exit_on_symlinked_pwd_2026-08-31.md	registered open on 2026-09-21; authored priority retained when explicit; otherwise P3 is an untriaged schema placeholder, not a severity decision
registration-added	common	bootstrap_failure_leaves_orphan_workers_holding_output_lock_2026-09-06	doc/08_tracking/bug/bootstrap_failure_leaves_orphan_workers_holding_output_lock_2026-09-06.md	registered open on 2026-09-21; authored priority retained when explicit; otherwise P3 is an untriaged schema placeholder, not a severity decision
registration-added	common	bootstrap_flat_function_tail_local_payload_loss_2026-08-16	doc/08_tracking/bug/bootstrap_flat_function_tail_local_payload_loss_2026-08-16.md	registered open on 2026-09-21; authored priority retained when explicit; otherwise P3 is an untriaged schema placeholder, not a severity decision
exact-status-conflict	common	bootstrap_low_memory_positional_bridge_circularity_2026-07-26	doc/08_tracking/bug/bootstrap_low_memory_positional_bridge_circularity_2026-07-26.md	document=BLOCKED — final preflight found no admissible distinct route; one cycle remains unspent; DB=closed; no status change authorized by this audit
registration-added	cross-platform	bootstrap_macos_blocked_seed_compile_and_linux_only_stage3_authority_2026-09-06	doc/08_tracking/bug/bootstrap_macos_blocked_seed_compile_and_linux_only_stage3_authority_2026-09-06.md	registered open on 2026-09-21; authored priority retained when explicit; otherwise P3 is an untriaged schema placeholder, not a severity decision
registration-added	common	bootstrap_match_keyword_index_ambiguity_2026-07-27	doc/08_tracking/bug/bootstrap_match_keyword_index_ambiguity_2026-07-27.md	registered open on 2026-09-21; authored priority retained when explicit; otherwise P3 is an untriaged schema placeholder, not a severity decision
registration-added	common	bootstrap_parent_multiline_or_pattern_2026-08-22	doc/08_tracking/bug/bootstrap_parent_multiline_or_pattern_2026-08-22.md	registered open on 2026-09-21; authored priority retained when explicit; otherwise P3 is an untriaged schema placeholder, not a severity decision
exact-status-conflict	common	bootstrap_planner_v1_unbound_authorization_2026-08-14	doc/08_tracking/bug/bootstrap_planner_v1_unbound_authorization_2026-08-14.md	document=OPEN (P1); DB=closed; no status change authorized by this audit
exact-status-conflict	common	bootstrap_prefix_address_of_parser_gap_2026-07-27	doc/08_tracking/bug/bootstrap_prefix_address_of_parser_gap_2026-07-27.md	document=OPEN.; DB=closed; no status change authorized by this audit
registration-added	windows	bootstrap_publish_blocked_windows_native_symlink_privilege_2026-09-07	doc/08_tracking/bug/bootstrap_publish_blocked_windows_native_symlink_privilege_2026-09-07.md	registered open on 2026-09-21; authored priority retained when explicit; otherwise P3 is an untriaged schema placeholder, not a severity decision
exact-status-conflict	common	bootstrap_pure_simple_stage2_stall_yoon_note_2026-07-02	doc/08_tracking/bug/bootstrap_pure_simple_stage2_stall_yoon_note_2026-07-02.md	document=open (blocks redeploying bin/simple on this host); DB=closed; no status change authorized by this audit
registration-added	linux	bootstrap_reads_transiently_broken_shared_working_copy_2026-09-05	doc/08_tracking/bug/bootstrap_reads_transiently_broken_shared_working_copy_2026-09-05.md	registered open on 2026-09-21; authored priority retained when explicit; otherwise P3 is an untriaged schema placeholder, not a severity decision
registration-added	common	bootstrap_receipt_planner_conflated_error_and_no_admittable_receipt_2026-08-18	doc/08_tracking/bug/bootstrap_receipt_planner_conflated_error_and_no_admittable_receipt_2026-08-18.md	registered open on 2026-09-21; authored priority retained when explicit; otherwise P3 is an untriaged schema placeholder, not a severity decision
exact-status-conflict	common	bootstrap_seed_jit_host_evidence_chain_false_negative_2026-07-27	doc/08_tracking/bug/bootstrap_seed_jit_host_evidence_chain_false_negative_2026-07-27.md	document=open, diagnostic runner only; DB=closed; no status change authorized by this audit
registration-added	common	bootstrap_seed_path_escapes_output_dir_lock_2026-07-31	doc/08_tracking/bug/bootstrap_seed_path_escapes_output_dir_lock_2026-07-31.md	registered open on 2026-09-21; authored priority retained when explicit; otherwise P3 is an untriaged schema placeholder, not a severity decision
exact-status-conflict	common	bootstrap_stage1_native_build_llvm_icmp_segfault_2026-07-09	doc/08_tracking/bug/bootstrap_stage1_native_build_llvm_icmp_segfault_2026-07-09.md	document=OPEN — root-caused via crash report ~/Library/Logs/DiagnosticReports/simple-2026-07-09-084618.ips.; DB=closed; no status change authorized by this audit
registration-added	common	bootstrap_stage2_admission_refused_by_concurrent_source_edits_2026-09-05	doc/08_tracking/bug/bootstrap_stage2_admission_refused_by_concurrent_source_edits_2026-09-05.md	registered open on 2026-09-21; authored priority retained when explicit; otherwise P3 is an untriaged schema placeholder, not a severity decision
registration-added	common	bootstrap_stage2_cranelift_aot_extern_missing_2026-07-01	doc/08_tracking/bug/bootstrap_stage2_cranelift_aot_extern_missing_2026-07-01.md	registered open on 2026-09-21; authored priority retained when explicit; otherwise P3 is an untriaged schema placeholder, not a severity decision
exact-status-conflict	common	bootstrap_stage3_selfhost_seed_wrapper_fallback_2026-06-17	doc/08_tracking/bug/bootstrap_stage3_selfhost_seed_wrapper_fallback_2026-06-17.md	document=Open; DB=closed; no status change authorized by this audit
registration-added	common	bootstrap_stage3_surface_driver_segfault_2026-08-12	doc/08_tracking/bug/bootstrap_stage3_surface_driver_segfault_2026-08-12.md	registered open on 2026-09-21; authored priority retained when explicit; otherwise P3 is an untriaged schema placeholder, not a severity decision
exact-status-conflict	common	bootstrap_stage4_get_args_infinite_recursion_coredump_2026-06-21	doc/08_tracking/bug/bootstrap_stage4_get_args_infinite_recursion_coredump_2026-06-21.md	document=Open root cause; guarded 2026-06-22; DB=fixed; no status change authorized by this audit
exact-status-conflict	other-platform	bootstrap_stage4_graph_load_timeout_2026-07-05	doc/08_tracking/bug/bootstrap_stage4_graph_load_timeout_2026-07-05.md	document=OPEN; DB=closed; no status change authorized by this audit
registration-added	common	bootstrap_stage4_import_mangling_runtime_gap_2026-07-12	doc/08_tracking/bug/bootstrap_stage4_import_mangling_runtime_gap_2026-07-12.md	registered open on 2026-09-21; authored priority retained when explicit; otherwise P3 is an untriaged schema placeholder, not a severity decision
exact-status-conflict	common	bootstrap_stage4_optional_arg_and_mixed_tail_miscompile_2026-07-23	doc/08_tracking/bug/bootstrap_stage4_optional_arg_and_mixed_tail_miscompile_2026-07-23.md	document=open (seed defect; .spl call sites worked around, fix pinned by probes); DB=closed; no status change authorized by this audit
exact-status-conflict	cross-platform	bootstrap_stage4_seed_compiled_full_cli_run_test_crash_2026-07-20	doc/08_tracking/bug/bootstrap_stage4_seed_compiled_full_cli_run_test_crash_2026-07-20.md	document=PARTIALLY FIXED — SIGSEGV closed, /proc/meminfo closed; 2 symptoms still OPEN (see "2026-07-20 follow-up" below); DB=closed; no status change authorized by this audit
registration-added	common	bootstrap_stage4_segfault_and_native_all_60s_file_timeout_2026-08-17	doc/08_tracking/bug/bootstrap_stage4_segfault_and_native_all_60s_file_timeout_2026-08-17.md	registered open on 2026-09-21; authored priority retained when explicit; otherwise P3 is an untriaged schema placeholder, not a severity decision
registration-added	common	bootstrap_stage_determinism_mismatch_fresh_seed_2026-09-01	doc/08_tracking/bug/bootstrap_stage_determinism_mismatch_fresh_seed_2026-09-01.md	registered open on 2026-09-21; authored priority retained when explicit; otherwise P3 is an untriaged schema placeholder, not a severity decision
registration-added	common	browser_composition_revision_counters_never_increment_2026-08-19	doc/08_tracking/bug/browser_composition_revision_counters_never_increment_2026-08-19.md	registered open on 2026-09-21; authored priority retained when explicit; otherwise P3 is an untriaged schema placeholder, not a severity decision
exact-status-conflict	common	browser_engine_css_float_layout_unimplemented_2026-07-20	doc/08_tracking/bug/browser_engine_css_float_layout_unimplemented_2026-07-20.md	document=open; DB=closed; no status change authorized by this audit
exact-status-conflict	common	browser_engine_css_size_quadratic_pixel_render_2026-07-04	doc/08_tracking/bug/browser_engine_css_size_quadratic_pixel_render_2026-07-04.md	document=open — diagnosis complete, measured; DB=closed; no status change authorized by this audit
exact-status-conflict	common	browser_engine_free_fn_arg_mutation_lost_2026-06-30	doc/08_tracking/bug/browser_engine_free_fn_arg_mutation_lost_2026-06-30.md	document=PARTIALLY-RESOLVED (2026-07-17); DB=closed; no status change authorized by this audit
registration-added	common	browser_engine_missing_ua_defaults_2026-07-11	doc/08_tracking/bug/browser_engine_missing_ua_defaults_2026-07-11.md	registered open on 2026-09-21; authored priority retained when explicit; otherwise P3 is an untriaged schema placeholder, not a severity decision
registration-added	common	browser_engine_table_row_horizontal_layout_2026-07-11	doc/08_tracking/bug/browser_engine_table_row_horizontal_layout_2026-07-11.md	registered open on 2026-09-21; authored priority retained when explicit; otherwise P3 is an untriaged schema placeholder, not a severity decision
registration-added	common	browser_has_no_vulkan_render_lane_2026-08-15	doc/08_tracking/bug/browser_has_no_vulkan_render_lane_2026-08-15.md	registered open on 2026-09-21; authored priority retained when explicit; otherwise P3 is an untriaged schema placeholder, not a severity decision
exact-status-conflict	common	browser_layout_large_simd_fill_facade_unsafe_2026-07-09	doc/08_tracking/bug/browser_layout_large_simd_fill_facade_unsafe_2026-07-09.md	document=open; DB=closed; no status change authorized by this audit
exact-status-conflict	common	browser_net_real_site_gaps_2026-07-11	doc/08_tracking/bug/browser_net_real_site_gaps_2026-07-11.md	document=OPEN; DB=closed; no status change authorized by this audit
exact-status-conflict	common	browser_network_policy_check_blocker_2026-07-26	doc/08_tracking/bug/browser_network_policy_check_blocker_2026-07-26.md	document=open; DB=closed; no status change authorized by this audit
registration-added	common	browser_renderer_surface_state_not_bound_to_engine2d_owner_2026-09-09	doc/08_tracking/bug/browser_renderer_surface_state_not_bound_to_engine2d_owner_2026-09-09.md	registered open on 2026-09-21; authored priority retained when explicit; otherwise P3 is an untriaged schema placeholder, not a severity decision
registration-added	common	browser_script_crossmodule_mutation_breaks_timer_event_2026-07-11	doc/08_tracking/bug/browser_script_crossmodule_mutation_breaks_timer_event_2026-07-11.md	registered open on 2026-09-21; authored priority retained when explicit; otherwise P3 is an untriaged schema placeholder, not a severity decision
exact-status-conflict	common	browser_session_animation_target_build_blockers_2026-07-26	doc/08_tracking/bug/browser_session_animation_target_build_blockers_2026-07-26.md	document=open; DB=closed; no status change authorized by this audit
registration-added	common	browser_session_fetch_body_not_disturbed_and_timer_rollback_2026-08-21	doc/08_tracking/bug/browser_session_fetch_body_not_disturbed_and_timer_rollback_2026-08-21.md	registered open on 2026-09-21; authored priority retained when explicit; otherwise P3 is an untriaged schema placeholder, not a severity decision
registration-added	common	browser_session_input_path_inline_handler_title_writes_lost_2026-08-19	doc/08_tracking/bug/browser_session_input_path_inline_handler_title_writes_lost_2026-08-19.md	registered open on 2026-09-21; authored priority retained when explicit; otherwise P3 is an untriaged schema placeholder, not a severity decision
registration-added	common	browser_session_js_lane_inert_under_test_interpreter_2026-08-15	doc/08_tracking/bug/browser_session_js_lane_inert_under_test_interpreter_2026-08-15.md	registered open on 2026-09-21; authored priority retained when explicit; otherwise P3 is an untriaged schema placeholder, not a severity decision
registration-added	common	browser_session_rendering_spec_residual_failures_2026-08-19	doc/08_tracking/bug/browser_session_rendering_spec_residual_failures_2026-08-19.md	registered open on 2026-09-21; authored priority retained when explicit; otherwise P3 is an untriaged schema placeholder, not a severity decision
exact-status-conflict	common	browser_text_node_blanks_frame_2026-08-05	doc/08_tracking/bug/browser_text_node_blanks_frame_2026-08-05.md	document=OPEN (P1); DB=fixed; no status change authorized by this audit
exact-status-conflict	common	browser_webgpu_queue_wasm_memory_sspec_promise_2026-06-14	doc/08_tracking/bug/browser_webgpu_queue_wasm_memory_sspec_promise_2026-06-14.md	document=open (re-triaged 2026-09-13 — see the note at the end of this file); DB=closed; no status change authorized by this audit
exact-status-conflict	common	bug_sspec_daemon_optional_lookup_equality_divergence_2026-07-20	doc/08_tracking/bug/bug_sspec_daemon_optional_lookup_equality_divergence_2026-07-20.md	document=OPEN — workaround applied in new code, latent defect left in place in existing code per scope constraint (see below); DB=closed; no status change authorized by this audit
exact-status-conflict	common	build11_stage3_compile_context_corruption_2026-08-14	doc/08_tracking/bug/build11_stage3_compile_context_corruption_2026-08-14.md	document=OPEN (P1) — but the TITLE'S CLAIM IS NOW DISPROVED at the named; DB=closed; no status change authorized by this audit
registration-added	common	builtin_type_name_shadowing_is_an_undecided_language_question_2026-08-22	doc/08_tracking/bug/builtin_type_name_shadowing_is_an_undecided_language_question_2026-08-22.md	registered open on 2026-09-21; authored priority retained when explicit; otherwise P3 is an untriaged schema placeholder, not a severity decision
registration-added	common	byte_at_reads_zero_from_slice_result_2026-07-28	doc/08_tracking/bug/byte_at_reads_zero_from_slice_result_2026-07-28.md	registered open on 2026-09-21; authored priority retained when explicit; otherwise P3 is an untriaged schema placeholder, not a severity decision
registration-added	common	bytebuffer_struct_param_mutation_not_persisted_2026-09-01	doc/08_tracking/bug/bytebuffer_struct_param_mutation_not_persisted_2026-09-01.md	registered open on 2026-09-21; authored priority retained when explicit; otherwise P3 is an untriaged schema placeholder, not a severity decision
exact-status-conflict	simpleos	bytespan_equals_boxed_int_pointer_slot_93_guest_faults_2026-07-28	doc/08_tracking/bug/bytespan_equals_boxed_int_pointer_slot_93_guest_faults_2026-07-28.md	document=OPEN — producer located and characterized, fix NOT landed; DB=closed; no status change authorized by this audit
registration-added	common	c_runtime_compile_gate_red_browser_renderer_selfcheck_2026-08-18	doc/08_tracking/bug/c_runtime_compile_gate_red_browser_renderer_selfcheck_2026-08-18.md	registered open on 2026-09-21; authored priority retained when explicit; otherwise P3 is an untriaged schema placeholder, not a severity decision
registration-added	common	c_runtime_exclusion_analysis_2026-05-18	doc/08_tracking/bug/c_runtime_exclusion_analysis_2026-05-18.md	registered open on 2026-09-21; authored priority retained when explicit; otherwise P3 is an untriaged schema placeholder, not a severity decision
registration-added	common	c_runtime_string_concat_quadratic_2026-08-22	doc/08_tracking/bug/c_runtime_string_concat_quadratic_2026-08-22.md	registered open on 2026-09-21; authored priority retained when explicit; otherwise P3 is an untriaged schema placeholder, not a severity decision
registration-added	common	cache_authority_externs_unbacked_in_pure_simple_native_lane_2026-09-06	doc/08_tracking/bug/cache_authority_externs_unbacked_in_pure_simple_native_lane_2026-09-06.md	registered open on 2026-09-21; authored priority retained when explicit; otherwise P3 is an untriaged schema placeholder, not a severity decision
exact-status-conflict	common	calculator_canned_content_missing_marker_2026-07-14	doc/08_tracking/bug/calculator_canned_content_missing_marker_2026-07-14.md	document=Open; DB=closed; no status change authorized by this audit
registration-added	common	callerless_vfs_executable_read_bypass_2026-08-11	doc/08_tracking/bug/callerless_vfs_executable_read_bypass_2026-08-11.md	registered open on 2026-09-21; authored priority retained when explicit; otherwise P3 is an untriaged schema placeholder, not a severity decision
exact-status-conflict	common	cancellation_token_two_level_propagation_stale_after_third_alloc_2026-07-29	doc/08_tracking/bug/cancellation_token_two_level_propagation_stale_after_third_alloc_2026-07-29.md	document=open — root cause identified (receiver-less function calls not; DB=closed; no status change authorized by this audit
registration-added	common	caret_external_receipt_semantic_authenticity_2026-08-25	doc/08_tracking/bug/caret_external_receipt_semantic_authenticity_2026-08-25.md	registered open on 2026-09-21; authored priority retained when explicit; otherwise P3 is an untriaged schema placeholder, not a severity decision
registration-added	common	caret_smux_multi_launch_adapter_missing_2026-08-21	doc/08_tracking/bug/caret_smux_multi_launch_adapter_missing_2026-08-21.md	registered open on 2026-09-21; authored priority retained when explicit; otherwise P3 is an untriaged schema placeholder, not a severity decision
registration-added	common	cargo_test_lib_does_not_compile_on_aarch64_2026-09-13	doc/08_tracking/bug/cargo_test_lib_does_not_compile_on_aarch64_2026-09-13.md	registered open on 2026-09-21; authored priority retained when explicit; otherwise P3 is an untriaged schema placeholder, not a severity decision
registration-added	common	catalog_service_named_capability_syscall_mismatch_2026-08-11	doc/08_tracking/bug/catalog_service_named_capability_syscall_mismatch_2026-08-11.md	registered open on 2026-09-21; authored priority retained when explicit; otherwise P3 is an untriaged schema placeholder, not a severity decision
exact-status-conflict	common	chacha20_poly1305_seal_open_api_mismatch_2026-07-20	doc/08_tracking/bug/chacha20_poly1305_seal_open_api_mismatch_2026-07-20.md	document=OPEN.; DB=closed; no status change authorized by this audit
registration-added	common	chained_method_on_param_aliases_caller_argument_2026-09-05	doc/08_tracking/bug/chained_method_on_param_aliases_caller_argument_2026-09-05.md	registered open on 2026-09-21; authored priority retained when explicit; otherwise P3 is an untriaged schema placeholder, not a severity decision
registration-added	common	check_dangling_references_alias_reexport_false_positive_2026-07-28	doc/08_tracking/bug/check_dangling_references_alias_reexport_false_positive_2026-07-28.md	registered open on 2026-09-21; authored priority retained when explicit; otherwise P3 is an untriaged schema placeholder, not a severity decision
registration-added	common	check_gates_remaining_red_2026-09-02	doc/08_tracking/bug/check_gates_remaining_red_2026-09-02.md	registered open on 2026-09-21; authored priority retained when explicit; otherwise P3 is an untriaged schema placeholder, not a severity decision
registration-added	common	check_hook_installation_rejects_shared_worktree_launcher_2026-08-24	doc/08_tracking/bug/check_hook_installation_rejects_shared_worktree_launcher_2026-08-24.md	registered open on 2026-09-21; authored priority retained when explicit; otherwise P3 is an untriaged schema placeholder, not a severity decision
registration-added	common	check_push_must_pass_requires_unobtainable_bootstrap_fingerprint_2026-08-22	doc/08_tracking/bug/check_push_must_pass_requires_unobtainable_bootstrap_fingerprint_2026-08-22.md	registered open on 2026-09-21; authored priority retained when explicit; otherwise P3 is an untriaged schema placeholder, not a severity decision
registration-added	common	check_scripts_vacuity_census_2026-08-17	doc/08_tracking/bug/check_scripts_vacuity_census_2026-08-17.md	registered open on 2026-09-21; authored priority retained when explicit; otherwise P3 is an untriaged schema placeholder, not a severity decision
semantic-alias-resolved	common	check_stage3_recovery_authority_arity_drift_2026-09-17	doc/08_tracking/bug/check_stage3_recovery_authority_arity_drift_2026-09-17.md	maps explicitly to authoritative P1/fixed ID check_stage3_recovery_authority_arity_drift_2026_09_17; generated P3/open shadow row removed
registration-added	common	ci_rust_bootstrap_multiplatform_all_lanes_red_2026-08-31	doc/08_tracking/bug/ci_rust_bootstrap_multiplatform_all_lanes_red_2026-08-31.md	registered open on 2026-09-21; authored priority retained when explicit; otherwise P3 is an untriaged schema placeholder, not a severity decision
exact-status-conflict	common	class_field_reference_semantics_diverge_2026-08-06	doc/08_tracking/bug/class_field_reference_semantics_diverge_2026-08-06.md	document=OPEN (P1); DB=closed; no status change authorized by this audit
registration-added	common	class_instances_copy_on_bind_and_for_loop_drops_mutation_2026-08-04	doc/08_tracking/bug/class_instances_copy_on_bind_and_for_loop_drops_mutation_2026-08-04.md	registered open on 2026-09-21; authored priority retained when explicit; otherwise P3 is an untriaged schema placeholder, not a severity decision
exact-status-conflict	common	cli_help_dispatch_alignment_gate_red_2026-08-09	doc/08_tracking/bug/cli_help_dispatch_alignment_gate_red_2026-08-09.md	document=OPEN (P2); DB=fixed; no status change authorized by this audit
registration-added	common	cli_surface_registry_dispatch_table_drift_2026-09-05	doc/08_tracking/bug/cli_surface_registry_dispatch_table_drift_2026-09-05.md	registered open on 2026-09-21; authored priority retained when explicit; otherwise P3 is an untriaged schema placeholder, not a severity decision
registration-added	common	clobber_4edef8fab8_458_files_unrepaired_2026-08-27	doc/08_tracking/bug/clobber_4edef8fab8_458_files_unrepaired_2026-08-27.md	registered open on 2026-09-21; authored priority retained when explicit; otherwise P3 is an untriaged schema placeholder, not a severity decision
exact-status-conflict	common	closure_param_cross_module_result_mistag_2026-07-28	doc/08_tracking/bug/closure_param_cross_module_result_mistag_2026-07-28.md	document=open; DB=closed; no status change authorized by this audit
registration-added	common	co_compiled_duplicate_signature_dispatch_class_2026-08-31	doc/08_tracking/bug/co_compiled_duplicate_signature_dispatch_class_2026-08-31.md	registered open on 2026-09-21; authored priority retained when explicit; otherwise P3 is an untriaged schema placeholder, not a severity decision
registration-added	common	coalesce_optional_accessor_sentinel_value_eaten_jit_2026-08-17	doc/08_tracking/bug/coalesce_optional_accessor_sentinel_value_eaten_jit_2026-08-17.md	registered open on 2026-09-21; authored priority retained when explicit; otherwise P3 is an untriaged schema placeholder, not a severity decision
registration-added	common	code_idiom_gate_red_on_main_blocks_all_prs_2026-09-01	doc/08_tracking/bug/code_idiom_gate_red_on_main_blocks_all_prs_2026-09-01.md	registered open on 2026-09-21; authored priority retained when explicit; otherwise P3 is an untriaged schema placeholder, not a severity decision
exact-status-conflict	common	codegen_bare_method_receiver_type_blind_candidate_selection_2026-07-28	doc/08_tracking/bug/codegen_bare_method_receiver_type_blind_candidate_selection_2026-07-28.md	document=OPEN (mitigated per-name only); DB=closed; no status change authorized by this audit
registration-added	common	codegen_contract_bad_arity_unwrap_on_err_2026-07-20	doc/08_tracking/bug/codegen_contract_bad_arity_unwrap_on_err_2026-07-20.md	registered open on 2026-09-21; authored priority retained when explicit; otherwise P3 is an untriaged schema placeholder, not a severity decision
registration-added	common	codegen_lane_still_slow_base64url_utf8_time_utils_2026-08-18	doc/08_tracking/bug/codegen_lane_still_slow_base64url_utf8_time_utils_2026-08-18.md	registered open on 2026-09-21; authored priority retained when explicit; otherwise P3 is an untriaged schema placeholder, not a severity decision
exact-status-conflict	common	codegen_large_match_dispatch_body_2026-07-27	doc/08_tracking/bug/codegen_large_match_dispatch_body_2026-07-27.md	document=open — blocks stage4 full-CLI build (last remaining compile blocker); DB=closed; no status change authorized by this audit
exact-status-conflict	common	collection_desugar_scalar_merge_rewrite_2026-07-29	doc/08_tracking/bug/collection_desugar_scalar_merge_rewrite_2026-07-29.md	document=open; DB=closed; no status change authorized by this audit
registration-added	common	command_dispatch_migrated_app_paths_missing_2026-08-12	doc/08_tracking/bug/command_dispatch_migrated_app_paths_missing_2026-08-12.md	registered open on 2026-09-21; authored priority retained when explicit; otherwise P3 is an untriaged schema placeholder, not a severity decision
exact-status-conflict	common	common_encoding_yaml_broken_cross_submodule_import_2026-07-20	doc/08_tracking/bug/common_encoding_yaml_broken_cross_submodule_import_2026-07-20.md	document=open — needs a source fix, out of test-triage scope (not a; DB=fixed; no status change authorized by this audit
exact-status-conflict	common	commonjs_granted_module_execution_limitations_2026-06-01	doc/08_tracking/bug/commonjs_granted_module_execution_limitations_2026-06-01.md	document=open (triaged 2026-06-11); DB=closed; no status change authorized by this audit
registration-added	common	compat_loader_partial_exec_mapping_rollback_2026-08-25	doc/08_tracking/bug/compat_loader_partial_exec_mapping_rollback_2026-08-25.md	registered open on 2026-09-21; authored priority retained when explicit; otherwise P3 is an untriaged schema placeholder, not a severity decision
exact-status-conflict	common	compile_format_smf_nil_receiver_crash_2026-07-31	doc/08_tracking/bug/compile_format_smf_nil_receiver_crash_2026-07-31.md	document=Open.; DB=fixed; no status change authorized by this audit
exact-status-conflict	common	compile_lane_false_fails_globals_in_mainless_modules_2026-07-29	doc/08_tracking/bug/compile_lane_false_fails_globals_in_mainless_modules_2026-07-29.md	document=open. Severity: verification-lane defect — run/native-build; DB=closed; no status change authorized by this audit
registration-added	common	compiler_interpreter_integration_real_gaps_found_2026-09-06	doc/08_tracking/bug/compiler_interpreter_integration_real_gaps_found_2026-09-06.md	registered open on 2026-09-21; authored priority retained when explicit; otherwise P3 is an untriaged schema placeholder, not a severity decision
registration-added	common	compiler_semantic_cache_weakness_audit_2026-09-01	doc/08_tracking/bug/compiler_semantic_cache_weakness_audit_2026-09-01.md	registered open on 2026-09-21; authored priority retained when explicit; otherwise P3 is an untriaged schema placeholder, not a severity decision
exact-status-conflict	common	compositor_render_all_color_name_collapse_2026-08-06	doc/08_tracking/bug/compositor_render_all_color_name_collapse_2026-08-06.md	document=OPEN (P2); DB=closed; no status change authorized by this audit
exact-status-conflict	common	compress_lz4_empty_payload_roundtrip_corruptstream_2026-07-20	doc/08_tracking/bug/compress_lz4_empty_payload_roundtrip_corruptstream_2026-07-20.md	document=OPEN; DB=fixed; no status change authorized by this audit
registration-added	common	compression_stored_only_encoders_lz4_2026-09-16	doc/08_tracking/bug/compression_stored_only_encoders_lz4_2026-09-16.md	registered open on 2026-09-21; authored priority retained when explicit; otherwise P3 is an untriaged schema placeholder, not a severity decision
registration-added	common	concrete_receiver_unwrap_returns_receiver_word_2026-08-25	doc/08_tracking/bug/concrete_receiver_unwrap_returns_receiver_word_2026-08-25.md	registered open on 2026-09-21; authored priority retained when explicit; otherwise P3 is an untriaged schema placeholder, not a severity decision
registration-added	common	constant_time_black_box_missing_2026-07-20	doc/08_tracking/bug/constant_time_black_box_missing_2026-07-20.md	registered open on 2026-09-21; authored priority retained when explicit; otherwise P3 is an untriaged schema placeholder, not a severity decision
registration-added	common	context_pack_expands_input_blocks_required_check_2026-08-31	doc/08_tracking/bug/context_pack_expands_input_blocks_required_check_2026-08-31.md	registered open on 2026-09-21; authored priority retained when explicit; otherwise P3 is an untriaged schema placeholder, not a severity decision
exact-status-conflict	common	contract_expr_forall_ge_call_member_not_found_2026-07-20	doc/08_tracking/bug/contract_expr_forall_ge_call_member_not_found_2026-07-20.md	document=open; DB=fixed; no status change authorized by this audit
registration-added	common	core_c_lane_cannot_host_browser_renderer_preinit_2026-08-22	doc/08_tracking/bug/core_c_lane_cannot_host_browser_renderer_preinit_2026-08-22.md	registered open on 2026-09-21; authored priority retained when explicit; otherwise P3 is an untriaged schema placeholder, not a severity decision
registration-added	common	core_c_runtime_capsule_script_missing_runtime_contracts_2026-07-29	doc/08_tracking/bug/core_c_runtime_capsule_script_missing_runtime_contracts_2026-07-29.md	registered open on 2026-09-21; authored priority retained when explicit; otherwise P3 is an untriaged schema placeholder, not a severity decision
registration-added	common	core_lexer_query_helpers_declared_fn_not_me_2026-09-06	doc/08_tracking/bug/core_lexer_query_helpers_declared_fn_not_me_2026-09-06.md	registered open on 2026-09-21; authored priority retained when explicit; otherwise P3 is an untriaged schema placeholder, not a severity decision
registration-added	common	core_worktree_config_disables_all_pre_push_guards_2026-08-08	doc/08_tracking/bug/core_worktree_config_disables_all_pre_push_guards_2026-08-08.md	registered open on 2026-09-21; authored priority retained when explicit; otherwise P3 is an untriaged schema placeholder, not a severity decision
registration-added	common	cov_wrapper_hir_lowering_residuals_2026-08-31	doc/08_tracking/bug/cov_wrapper_hir_lowering_residuals_2026-08-31.md	registered open on 2026-09-21; authored priority retained when explicit; otherwise P3 is an untriaged schema placeholder, not a severity decision
exact-status-conflict	common	coverage_entry_misfiling_is_not_bounded_at_two_lines_2026-08-04	doc/08_tracking/bug/coverage_entry_misfiling_is_not_bounded_at_two_lines_2026-08-04.md	document=OPEN; DB=fixed; no status change authorized by this audit
registration-added	common	coverage_native_build_worker_abnormal_exit_2026-08-31	doc/08_tracking/bug/coverage_native_build_worker_abnormal_exit_2026-08-31.md	registered open on 2026-09-21; authored priority retained when explicit; otherwise P3 is an untriaged schema placeholder, not a severity decision
registration-added	common	coverage_wrapper_not_retained_keep_artifacts_2026-08-31	doc/08_tracking/bug/coverage_wrapper_not_retained_keep_artifacts_2026-08-31.md	registered open on 2026-09-21; authored priority retained when explicit; otherwise P3 is an untriaged schema placeholder, not a severity decision
registration-added	common	coverage_wrapper_undefined_identifier_clusters_2026-08-31	doc/08_tracking/bug/coverage_wrapper_undefined_identifier_clusters_2026-08-31.md	registered open on 2026-09-21; authored priority retained when explicit; otherwise P3 is an untriaged schema placeholder, not a severity decision
exact-status-conflict	common	cpu_simd_external_cairo_8k_perf_gap_2026-07-09	doc/08_tracking/bug/cpu_simd_external_cairo_8k_perf_gap_2026-07-09.md	document=open; DB=closed; no status change authorized by this audit
registration-added	common	cpu_simd_lanes_blocked_on_self_hosted_binary_2026-08-19	doc/08_tracking/bug/cpu_simd_lanes_blocked_on_self_hosted_binary_2026-08-19.md	registered open on 2026-09-21; authored priority retained when explicit; otherwise P3 is an untriaged schema placeholder, not a severity decision
exact-status-conflict	common	cpu_simd_mutable_array_extern_wiring_2026-05-31	doc/08_tracking/bug/cpu_simd_mutable_array_extern_wiring_2026-05-31.md	document=Open.; DB=closed; no status change authorized by this audit
exact-status-conflict	common	cranelift_direct_string_constant_null_pointer_2026-07-12	doc/08_tracking/bug/cranelift_direct_string_constant_null_pointer_2026-07-12.md	document=OPEN (P1); DB=closed; no status change authorized by this audit
registration-added	common	cranelift_inline_len_heap_tag_space_collision_dict_closure_2026-09-06	doc/08_tracking/bug/cranelift_inline_len_heap_tag_space_collision_dict_closure_2026-09-06.md	registered open on 2026-09-21; authored priority retained when explicit; otherwise P3 is an untriaged schema placeholder, not a severity decision
registration-added	common	cranelift_jit_bare_local_binding_lowered_as_global_2026-08-17	doc/08_tracking/bug/cranelift_jit_bare_local_binding_lowered_as_global_2026-08-17.md	registered open on 2026-09-21; authored priority retained when explicit; otherwise P3 is an untriaged schema placeholder, not a severity decision
exact-status-conflict	common	cranelift_native_aggregate_return_nil_receiver_hosted_wm_2026-07-26	doc/08_tracking/bug/cranelift_native_aggregate_return_nil_receiver_hosted_wm_2026-07-26.md	document=OPEN (systemic). Five consumer sites converted to the; DB=closed; no status change authorized by this audit
exact-status-conflict	common	cranelift_seed_missing_sffi_externs_2026-07-16	doc/08_tracking/bug/cranelift_seed_missing_sffi_externs_2026-07-16.md	document=OPEN; DB=closed; no status change authorized by this audit
exact-status-conflict	common	cranelift_unannotated_module_bool_global_tagbox_truthy_2026-07-27	doc/08_tracking/bug/cranelift_unannotated_module_bool_global_tagbox_truthy_2026-07-27.md	document=OPEN — root-caused, reproduced at object level, not fixed; DB=closed; no status change authorized by this audit
registration-added	other-platform	crash_handler_and_fork_bridge_absent_from_seed_macos_2026-09-06	doc/08_tracking/bug/crash_handler_and_fork_bridge_absent_from_seed_macos_2026-09-06.md	registered open on 2026-09-21; authored priority retained when explicit; otherwise P3 is an untriaged schema placeholder, not a severity decision
exact-status-conflict	common	crash_signal_bundle_extern_gap_2026-07-29	doc/08_tracking/bug/crash_signal_bundle_extern_gap_2026-07-29.md	document=OPEN; DB=closed; no status change authorized by this audit
registration-added	linux	crc32_text_codegen_lane_14x_slower_than_c_2026-08-18	doc/08_tracking/bug/crc32_text_codegen_lane_14x_slower_than_c_2026-08-18.md	registered open on 2026-09-21; authored priority retained when explicit; otherwise P3 is an untriaged schema placeholder, not a severity decision
exact-status-conflict	common	credential_kdf_multi_derivation_spec_aborts_runner_2026-08-08	doc/08_tracking/bug/credential_kdf_multi_derivation_spec_aborts_runner_2026-08-08.md	document=OPEN (P2); DB=fixed; no status change authorized by this audit
exact-status-conflict	common	credential_key_file_write_has_no_mode_argument_2026-08-08	doc/08_tracking/bug/credential_key_file_write_has_no_mode_argument_2026-08-08.md	document=OPEN (P2); DB=fixed; no status change authorized by this audit
exact-status-conflict	common	cross_clang_codegen_broken_2026-07-06	doc/08_tracking/bug/cross_clang_codegen_broken_2026-07-06.md	document=OPEN (P2) — UNVERIFIABLE HERE (no cross toolchain present); DB=closed; no status change authorized by this audit
exact-status-conflict	common	cross_import_const_no_hir_linkage_2026-07-25	doc/08_tracking/bug/cross_import_const_no_hir_linkage_2026-07-25.md	document=OPEN (P2); DB=closed; no status change authorized by this audit
registration-added	common	cross_module_class_name_collision_resolution_2026-08-17	doc/08_tracking/bug/cross_module_class_name_collision_resolution_2026-08-17.md	registered open on 2026-09-21; authored priority retained when explicit; otherwise P3 is an untriaged schema placeholder, not a severity decision
registration-added	common	cross_tree_file_sync_must_diff_whole_import_block_2026-08-17	doc/08_tracking/bug/cross_tree_file_sync_must_diff_whole_import_block_2026-08-17.md	registered open on 2026-09-21; authored priority retained when explicit; otherwise P3 is an untriaged schema placeholder, not a severity decision
exact-status-conflict	common	crypto_interp_watchdog_timeout_heavy_pqc_specs_2026-07-20	doc/08_tracking/bug/crypto_interp_watchdog_timeout_heavy_pqc_specs_2026-07-20.md	document=OPEN. This is not one of the guide's literal ENV categories; DB=closed; no status change authorized by this audit
exact-status-conflict	common	crypto_reference_signature_key_ops_unresolvable_2026-07-20	doc/08_tracking/bug/crypto_reference_signature_key_ops_unresolvable_2026-07-20.md	document=OPEN.; DB=fixed; no status change authorized by this audit
registration-added	common	css_bytes_helpers_dead_code_2026-07-07	doc/08_tracking/bug/css_bytes_helpers_dead_code_2026-07-07.md	registered open on 2026-09-21; authored priority retained when explicit; otherwise P3 is an untriaged schema placeholder, not a severity decision
exact-status-conflict	common	cuda_backend_gpu_warp_ballot_arity_mismatch_2026-07-20	doc/08_tracking/bug/cuda_backend_gpu_warp_ballot_arity_mismatch_2026-07-20.md	document=Open; DB=closed; no status change authorized by this audit
registration-added	common	cuda_device_compute_capability_returns_nocuda_sentinel_2026-08-25	doc/08_tracking/bug/cuda_device_compute_capability_returns_nocuda_sentinel_2026-08-25.md	registered open on 2026-09-21; authored priority retained when explicit; otherwise P3 is an untriaged schema placeholder, not a severity decision
exact-status-conflict	linux	cuda_ffi_is_available_and_device_count_wrong_2026-08-09	doc/08_tracking/bug/cuda_ffi_is_available_and_device_count_wrong_2026-08-09.md	document=OPEN (P2); DB=fixed; no status change authorized by this audit
registration-added	common	cuda_jit_hello_lane_lower_module_missing_import_2026-08-25	doc/08_tracking/bug/cuda_jit_hello_lane_lower_module_missing_import_2026-08-25.md	registered open on 2026-09-21; authored priority retained when explicit; otherwise P3 is an untriaged schema placeholder, not a severity decision
exact-status-conflict	common	cuda_lane_session_create_unresolved_across_module_boundary_2026-08-07	doc/08_tracking/bug/cuda_lane_session_create_unresolved_across_module_boundary_2026-08-07.md	document=OPEN (P2); DB=closed; no status change authorized by this audit
exact-status-conflict	common	cuda_resident_session_missing_mapped_memory_and_watchdog_sffi_2026-08-07	doc/08_tracking/bug/cuda_resident_session_missing_mapped_memory_and_watchdog_sffi_2026-08-07.md	document=OPEN (P2); DB=fixed; no status change authorized by this audit
registration-added	common	damage_budget_slice_interpreter_timeout_2026-08-12	doc/08_tracking/bug/damage_budget_slice_interpreter_timeout_2026-08-12.md	registered open on 2026-09-21; authored priority retained when explicit; otherwise P3 is an untriaged schema placeholder, not a severity decision
registration-added	common	db_request_port_evidence_authenticity_2026-08-25	doc/08_tracking/bug/db_request_port_evidence_authenticity_2026-08-25.md	registered open on 2026-09-21; authored priority retained when explicit; otherwise P3 is an untriaged schema placeholder, not a severity decision
registration-added	common	db_server_tcp_transport_unbounded_line_read_2026-08-20	doc/08_tracking/bug/db_server_tcp_transport_unbounded_line_read_2026-08-20.md	registered open on 2026-09-21; authored priority retained when explicit; otherwise P3 is an untriaged schema placeholder, not a severity decision
registration-added	common	dbfs_open_on_device_refuses_staged_volume_in_guest_2026-09-01	doc/08_tracking/bug/dbfs_open_on_device_refuses_staged_volume_in_guest_2026-09-01.md	registered open on 2026-09-21; authored priority retained when explicit; otherwise P3 is an untriaged schema placeholder, not a severity decision
registration-added	common	declare_globals_fallback_debug_print_ungated_2026-08-21	doc/08_tracking/bug/declare_globals_fallback_debug_print_ungated_2026-08-21.md	registered open on 2026-09-21; authored priority retained when explicit; otherwise P3 is an untriaged schema placeholder, not a severity decision
registration-added	common	declared_optional_local_loses_question_mark_expect_refused_2026-09-13	doc/08_tracking/bug/declared_optional_local_loses_question_mark_expect_refused_2026-09-13.md	registered open on 2026-09-21; authored priority retained when explicit; otherwise P3 is an untriaged schema placeholder, not a severity decision
exact-status-conflict	common	declared_return_type_not_enforced_2026-08-09	doc/08_tracking/bug/declared_return_type_not_enforced_2026-08-09.md	document=OPEN (P1); DB=fixed; no status change authorized by this audit
exact-status-conflict	common	decorator_aop_interpreter_fallback_noop_2026-07-20	doc/08_tracking/bug/decorator_aop_interpreter_fallback_noop_2026-07-20.md	document=open (found triaging test/feature/usage/{decorators,aop,aoppointcut}spec.spl, collectionsspec.spl "Decorators" section); DB=fixed; no status change authorized by this audit
exact-status-conflict	common	deployed_bin_simple_bootstrap_only_2026-07-31	doc/08_tracking/bug/deployed_bin_simple_bootstrap_only_2026-07-31.md	document=open; DB=fixed; no status change authorized by this audit
registration-added	common	deployed_bin_simple_lost_full_cli_2026-07-31	doc/08_tracking/bug/deployed_bin_simple_lost_full_cli_2026-07-31.md	registered open on 2026-09-21; authored priority retained when explicit; otherwise P3 is an untriaged schema placeholder, not a severity decision
exact-status-conflict	common	deployed_bin_simple_still_seed_2026-08-05	doc/08_tracking/bug/deployed_bin_simple_still_seed_2026-08-05.md	document=OPEN (P2); DB=fixed; no status change authorized by this audit
registration-added	common	deployed_binary_reads_stdlib_from_its_build_worktree_2026-08-25	doc/08_tracking/bug/deployed_binary_reads_stdlib_from_its_build_worktree_2026-08-25.md	registered open on 2026-09-21; authored priority retained when explicit; otherwise P3 is an untriaged schema placeholder, not a severity decision
registration-added	common	deployed_binary_refuses_pure_simple_tools_2026-07-30	doc/08_tracking/bug/deployed_binary_refuses_pure_simple_tools_2026-07-30.md	registered open on 2026-09-21; authored priority retained when explicit; otherwise P3 is an untriaged schema placeholder, not a severity decision
registration-added	common	deployed_seed_binary_missing_var_roots_cache_fix_2026-09-13	doc/08_tracking/bug/deployed_seed_binary_missing_var_roots_cache_fix_2026-09-13.md	registered open on 2026-09-21; authored priority retained when explicit; otherwise P3 is an untriaged schema placeholder, not a severity decision
registration-added	common	deployed_seed_resolves_stdlib_from_foreign_worktree_2026-08-20	doc/08_tracking/bug/deployed_seed_resolves_stdlib_from_foreign_worktree_2026-08-20.md	registered open on 2026-09-21; authored priority retained when explicit; otherwise P3 is an untriaged schema placeholder, not a severity decision
exact-status-conflict	common	deployed_seed_test_runner_init_hang_2026-07-17	doc/08_tracking/bug/deployed_seed_test_runner_init_hang_2026-07-17.md	document=OPEN — hypothesis pending fresh-seed confirmation; DB=closed; no status change authorized by this audit
exact-status-conflict	common	deployed_selfhost_env_set_miscompile_segv_2026-07-14	doc/08_tracking/bug/deployed_selfhost_env_set_miscompile_segv_2026-07-14.md	document=OPEN (P1); DB=closed; no status change authorized by this audit
registration-added	common	deployed_selfhost_test_subcommand_segv_blocks_bootstrap_2026-08-16	doc/08_tracking/bug/deployed_selfhost_test_subcommand_segv_blocks_bootstrap_2026-08-16.md	registered open on 2026-09-21; authored priority retained when explicit; otherwise P3 is an untriaged schema placeholder, not a severity decision
registration-added	common	deployed_simple_runtime_missing_blocks_mcdc_rt_hal_2026-08-25	doc/08_tracking/bug/deployed_simple_runtime_missing_blocks_mcdc_rt_hal_2026-08-25.md	registered open on 2026-09-21; authored priority retained when explicit; otherwise P3 is an untriaged schema placeholder, not a severity decision
registration-added	common	devhub_convert_storage_multibyte_index_out_of_bounds_2026-09-03	doc/08_tracking/bug/devhub_convert_storage_multibyte_index_out_of_bounds_2026-09-03.md	registered open on 2026-09-21; authored priority retained when explicit; otherwise P3 is an untriaged schema placeholder, not a severity decision
registration-added	common	devhub_native_build_hir_unresolved_json_helpers_2026-09-03	doc/08_tracking/bug/devhub_native_build_hir_unresolved_json_helpers_2026-09-03.md	registered open on 2026-09-21; authored priority retained when explicit; otherwise P3 is an untriaged schema placeholder, not a severity decision
exact-status-conflict	common	diag_stage_facet_cross_module_collision_under_test_2026-07-06	doc/08_tracking/bug/diag_stage_facet_cross_module_collision_under_test_2026-07-06.md	document=OPEN — root cause (bare-name function registry) NOT fixed. As of; DB=fixed; no status change authorized by this audit
exact-status-conflict	common	dict_array_contains_raw_untagged_key_2026-08-02	doc/08_tracking/bug/dict_array_contains_raw_untagged_key_2026-08-02.md	document=OPEN — root cause PROVED, emitter LOCATED 2026-08-02 (Rust seed; DB=fixed; no status change authorized by this audit
exact-status-conflict	common	dict_class_field_contains_key_after_insert_2026-08-08	doc/08_tracking/bug/dict_class_field_contains_key_after_insert_2026-08-08.md	document=OPEN (P1); DB=closed; no status change authorized by this audit
registration-added	common	dict_memo_contains_key_native_shapes_2026-09-14	doc/08_tracking/bug/dict_memo_contains_key_native_shapes_2026-09-14.md	registered open on 2026-09-21; authored priority retained when explicit; otherwise P3 is an untriaged schema placeholder, not a severity decision
registration-added	common	dict_struct_key_identity_keyed_copied_key_misses_2026-09-13	doc/08_tracking/bug/dict_struct_key_identity_keyed_copied_key_misses_2026-09-13.md	registered open on 2026-09-21; authored priority retained when explicit; otherwise P3 is an untriaged schema placeholder, not a severity decision
registration-added	common	direct_abi_syscall_enforcement_coverage_2026-08-11	doc/08_tracking/bug/direct_abi_syscall_enforcement_coverage_2026-08-11.md	registered open on 2026-09-21; authored priority retained when explicit; otherwise P3 is an untriaged schema placeholder, not a severity decision
registration-added	cross-platform	directx_2d_has_no_gpu_text_path_2026-09-05	doc/08_tracking/bug/directx_2d_has_no_gpu_text_path_2026-09-05.md	registered open on 2026-09-21; authored priority retained when explicit; otherwise P3 is an untriaged schema placeholder, not a severity decision
registration-added	windows	directx_gpu_text_deferred_no_windows_host_2026-09-06	doc/08_tracking/bug/directx_gpu_text_deferred_no_windows_host_2026-09-06.md	registered open on 2026-09-21; authored priority retained when explicit; otherwise P3 is an untriaged schema placeholder, not a severity decision
exact-status-conflict	common	disk_image_fat32_builder_defects	doc/08_tracking/bug/disk_image_fat32_builder_defects.md	document=open (all pre-existing; found while producing a >4 MiB streaming-loader test image); DB=fixed; no status change authorized by this audit
registration-added	common	dns_aaaa_query_qtype_not_28_2026-08-17	doc/08_tracking/bug/dns_aaaa_query_qtype_not_28_2026-08-17.md	registered open on 2026-09-21; authored priority retained when explicit; otherwise P3 is an untriaged schema placeholder, not a severity decision
registration-added	common	doc_coverage_command_broken_missing_load_sdoctest_blocks_2026-09-05	doc/08_tracking/bug/doc_coverage_command_broken_missing_load_sdoctest_blocks_2026-09-05.md	registered open on 2026-09-21; authored priority retained when explicit; otherwise P3 is an untriaged schema placeholder, not a severity decision
registration-added	common	doc_coverage_sdoctest_functions_never_implemented_2026-09-02	doc/08_tracking/bug/doc_coverage_sdoctest_functions_never_implemented_2026-09-02.md	registered open on 2026-09-21; authored priority retained when explicit; otherwise P3 is an untriaged schema placeholder, not a severity decision
registration-added	common	docker_cross_language_profile_native_link_2026-06-08	doc/08_tracking/bug/docker_cross_language_profile_native_link_2026-06-08.md	registered open on 2026-09-21; authored priority retained when explicit; otherwise P3 is an untriaged schema placeholder, not a severity decision
exact-status-conflict	common	docs_titled_commit_2313821fd77_reverted_five_landed_fixes_2026-08-10	doc/08_tracking/bug/docs_titled_commit_2313821fd77_reverted_five_landed_fixes_2026-08-10.md	document=OPEN (P1); DB=closed; no status change authorized by this audit
exact-status-conflict	common	doctest_parser_spec_api_mismatch_2026-07-20	doc/08_tracking/bug/doctest_parser_spec_api_mismatch_2026-07-20.md	document=open; DB=closed; no status change authorized by this audit
registration-added	common	doctest_surfaces_registered_but_not_executed_2026-09-19	doc/08_tracking/bug/doctest_surfaces_registered_but_not_executed_2026-09-19.md	registered open on 2026-09-21; authored priority retained when explicit; otherwise P3 is an untriaged schema placeholder, not a severity decision
exact-status-conflict	common	dot_question_truthy_op_returns_payload_as_call_arg_2026-07-20	doc/08_tracking/bug/dot_question_truthy_op_returns_payload_as_call_arg_2026-07-20.md	document=open (worked around at the spec level, not root-fixed) — CLOSED 2026-09-13 (see top section); DB=fixed; no status change authorized by this audit
exact-status-conflict	common	dotq_existence_check_is_scalar_truthiness_on_jit_2026-07-27	doc/08_tracking/bug/dotq_existence_check_is_scalar_truthiness_on_jit_2026-07-27.md	document=Open — root cause is in a compiler tree, NOT patched by this lane; DB=closed; no status change authorized by this audit
registration-added	common	dotq_on_empty_collection_reads_present_2026-09-13	doc/08_tracking/bug/dotq_on_empty_collection_reads_present_2026-09-13.md	registered open on 2026-09-21; authored priority retained when explicit; otherwise P3 is an untriaged schema placeholder, not a severity decision
registration-added	common	draw_ir_producer_allocation_counter_selfhost_gap_2026-07-31	doc/08_tracking/bug/draw_ir_producer_allocation_counter_selfhost_gap_2026-07-31.md	registered open on 2026-09-21; authored priority retained when explicit; otherwise P3 is an untriaged schema placeholder, not a severity decision
registration-added	common	draw_ir_runtime_queue_spec_unrelated_drift_2026-09-13	doc/08_tracking/bug/draw_ir_runtime_queue_spec_unrelated_drift_2026-09-13.md	registered open on 2026-09-21; authored priority retained when explicit; otherwise P3 is an untriaged schema placeholder, not a severity decision
exact-status-conflict	common	draw_ir_sdn_roundtrip_composition_field_assign_on_non_object_2026-08-15	doc/08_tracking/bug/draw_ir_sdn_roundtrip_composition_field_assign_on_non_object_2026-08-15.md	document=OPEN (root-caused to the SDN round-trip input, exact assignment site not yet pinned); DB=fixed; no status change authorized by this audit
registration-added	common	draw_ir_tiled_8k_software_timeout_2026-08-11	doc/08_tracking/bug/draw_ir_tiled_8k_software_timeout_2026-08-11.md	registered open on 2026-09-21; authored priority retained when explicit; otherwise P3 is an untriaged schema placeholder, not a severity decision
exact-status-conflict	common	draw_ir_window_shadow_clipped_2026-07-13	doc/08_tracking/bug/draw_ir_window_shadow_clipped_2026-07-13.md	document=open (TODO 554); DB=closed; no status change authorized by this audit
registration-added	common	duplicate_check_invalid_option_value_false_green_2026-07-19	doc/08_tracking/bug/duplicate_check_invalid_option_value_false_green_2026-07-19.md	registered open on 2026-09-21; authored priority retained when explicit; otherwise P3 is an untriaged schema placeholder, not a severity decision
exact-status-conflict	common	duplicate_hirtype_enum_decls_drop_module_to_interpreter_2026-08-04	doc/08_tracking/bug/duplicate_hirtype_enum_decls_drop_module_to_interpreter_2026-08-04.md	document=OPEN (P3); DB=fixed; no status change authorized by this audit
exact-status-conflict	common	duplicate_impl_method_definitions_silent_first_wins_2026-08-08	doc/08_tracking/bug/duplicate_impl_method_definitions_silent_first_wins_2026-08-08.md	document=RESOLVED (2026-09-18) — the duplicate half was an ORPHANED file that; DB=open; no status change authorized by this audit
registration-added	common	dynamic_runtime_lane_dual_rt_definitions_2026-09-06	doc/08_tracking/bug/dynamic_runtime_lane_dual_rt_definitions_2026-09-06.md	registered open on 2026-09-21; authored priority retained when explicit; otherwise P3 is an untriaged schema placeholder, not a severity decision
exact-status-conflict	common	ecc_p384_p521_sign_verify_broken_2026-07-20	doc/08_tracking/bug/ecc_p384_p521_sign_verify_broken_2026-07-20.md	document=OPEN. Do not touch the NIST CAVP vectors.; DB=closed; no status change authorized by this audit
exact-status-conflict	common	ecdsa_p256_sign_verify_roundtrip_broken_2026-07-20	doc/08_tracking/bug/ecdsa_p256_sign_verify_roundtrip_broken_2026-07-20.md	document=OPEN. Do not touch the NIST CAVP vector.; DB=closed; no status change authorized by this audit
exact-status-conflict	common	ed25519_live_baremetal_self_test_unproven_2026-06-06	doc/08_tracking/bug/ed25519_live_baremetal_self_test_unproven_2026-06-06.md	document=Open.; DB=closed; no status change authorized by this audit
exact-status-conflict	common	ed25519_rfc8032_t_sha_abc_pubkey_mismatch_2026-07-20	doc/08_tracking/bug/ed25519_rfc8032_t_sha_abc_pubkey_mismatch_2026-07-20.md	document=OPEN.; DB=closed; no status change authorized by this audit
exact-status-conflict	common	ed25519_scalar_mul_ct_regression_2026-07-20	doc/08_tracking/bug/ed25519_scalar_mul_ct_regression_2026-07-20.md	document=OPEN — do NOT fix from a test-cluster triage pass; flagging with; DB=closed; no status change authorized by this audit
registration-added	common	ed25519_sffi_argument_order_and_error_conflation_2026-08-21	doc/08_tracking/bug/ed25519_sffi_argument_order_and_error_conflation_2026-08-21.md	registered open on 2026-09-21; authored priority retained when explicit; otherwise P3 is an untriaged schema placeholder, not a severity decision
registration-added	common	effect_glass_screenshot_specs_exceed_solo_timeout_2026-08-19	doc/08_tracking/bug/effect_glass_screenshot_specs_exceed_solo_timeout_2026-08-19.md	registered open on 2026-09-21; authored priority retained when explicit; otherwise P3 is an untriaged schema placeholder, not a severity decision
registration-added	common	effects_family_reroute_audit_2026-08-02	doc/08_tracking/bug/effects_family_reroute_audit_2026-08-02.md	registered open on 2026-09-21; authored priority retained when explicit; otherwise P3 is an untriaged schema placeholder, not a severity decision
registration-added	common	electron_simple_web_layout_gate_bypasses_render_lane_flag_2026-08-11	doc/08_tracking/bug/electron_simple_web_layout_gate_bypasses_render_lane_flag_2026-08-11.md	registered open on 2026-09-21; authored priority retained when explicit; otherwise P3 is an untriaged schema placeholder, not a severity decision
registration-added	common	elif_val_pattern_in_if_expression_fails_to_bind_2026-08-19	doc/08_tracking/bug/elif_val_pattern_in_if_expression_fails_to_bind_2026-08-19.md	registered open on 2026-09-21; authored priority retained when explicit; otherwise P3 is an untriaged schema placeholder, not a severity decision
registration-added	common	engine2d_compositor_add_layer_insertion_sort_double_decrement_2026-07-20	doc/08_tracking/bug/engine2d_compositor_add_layer_insertion_sort_double_decrement_2026-07-20.md	registered open on 2026-09-21; authored priority retained when explicit; otherwise P3 is an untriaged schema placeholder, not a severity decision
exact-status-conflict	common	engine2d_cpu_offscreen_render_commands_first_frame_fault_2026-07-17	doc/08_tracking/bug/engine2d_cpu_offscreen_render_commands_first_frame_fault_2026-07-17.md	document=Open.; DB=closed; no status change authorized by this audit
exact-status-conflict	common	engine2d_factory_returns_dict_under_test_runner_2026-08-19	doc/08_tracking/bug/engine2d_factory_returns_dict_under_test_runner_2026-08-19.md	document=OPEN (P1); DB=closed; no status change authorized by this audit
registration-added	common	engine2d_font_api_interpreter_lane_crashes_2026-08-15	doc/08_tracking/bug/engine2d_font_api_interpreter_lane_crashes_2026-08-15.md	registered open on 2026-09-21; authored priority retained when explicit; otherwise P3 is an untriaged schema placeholder, not a severity decision
registration-added	common	engine2d_interpreter_span_kernel_marshalling_perf_gap_2026-08-14	doc/08_tracking/bug/engine2d_interpreter_span_kernel_marshalling_perf_gap_2026-08-14.md	registered open on 2026-09-21; authored priority retained when explicit; otherwise P3 is an untriaged schema placeholder, not a severity decision
exact-status-conflict	common	engine2d_simd_gpu_layer_audit_2026-08-08	doc/08_tracking/bug/engine2d_simd_gpu_layer_audit_2026-08-08.md	document=OPEN (P3); DB=fixed; no status change authorized by this audit
exact-status-conflict	common	engine2d_simd_span_kernels_slower_and_fill_colour_corrupt_2026-08-06	doc/08_tracking/bug/engine2d_simd_span_kernels_slower_and_fill_colour_corrupt_2026-08-06.md	document=PARTIALLY RESOLVED / OPEN (P3, downgraded from P2); DB=closed; no status change authorized by this audit
registration-added	common	engine2d_six_showcase_fixture_painters_never_implemented_2026-09-06	doc/08_tracking/bug/engine2d_six_showcase_fixture_painters_never_implemented_2026-09-06.md	registered open on 2026-09-21; authored priority retained when explicit; otherwise P3 is an untriaged schema placeholder, not a severity decision
registration-added	common	engine2d_strict_vulkan_evidence_fails_after_shared_session_example_2026-08-19	doc/08_tracking/bug/engine2d_strict_vulkan_evidence_fails_after_shared_session_example_2026-08-19.md	registered open on 2026-09-21; authored priority retained when explicit; otherwise P3 is an untriaged schema placeholder, not a severity decision
exact-status-conflict	common	engine2d_vulkan_software_showcase_frame_divergence_2026-07-02	doc/08_tracking/bug/engine2d_vulkan_software_showcase_frame_divergence_2026-07-02.md	document=open; DB=closed; no status change authorized by this audit
registration-added	common	engine2d_vulkan_swapchain_registry_disconnect_2026-08-11	doc/08_tracking/bug/engine2d_vulkan_swapchain_registry_disconnect_2026-08-11.md	registered open on 2026-09-21; authored priority retained when explicit; otherwise P3 is an untriaged schema placeholder, not a severity decision
registration-added	common	engine2d_vulkan_window_8k_gate_is_device_present_proxy_2026-08-31	doc/08_tracking/bug/engine2d_vulkan_window_8k_gate_is_device_present_proxy_2026-08-31.md	registered open on 2026-09-21; authored priority retained when explicit; otherwise P3 is an untriaged schema placeholder, not a severity decision
registration-added	common	engine3d_facade_no_vulkan_backend_dispatch_2026-07-03	doc/08_tracking/bug/engine3d_facade_no_vulkan_backend_dispatch_2026-07-03.md	registered open on 2026-09-21; authored priority retained when explicit; otherwise P3 is an untriaged schema placeholder, not a severity decision
registration-added	common	engine_divergence_guard_control_depends_on_fixed_defect_2026-08-17	doc/08_tracking/bug/engine_divergence_guard_control_depends_on_fixed_defect_2026-08-17.md	registered open on 2026-09-21; authored priority retained when explicit; otherwise P3 is an untriaged schema placeholder, not a severity decision
registration-added	common	engine_facade_spec_api_drift_common_types	doc/08_tracking/bug/engine_facade_spec_api_drift_common_types.md	registered open on 2026-09-21; authored priority retained when explicit; otherwise P3 is an untriaged schema placeholder, not a severity decision
registration-added	common	engine_specs_spec_runner_interpreter_divergence_2026-09-16	doc/08_tracking/bug/engine_specs_spec_runner_interpreter_divergence_2026-09-16.md	registered open on 2026-09-21; authored priority retained when explicit; otherwise P3 is an untriaged schema placeholder, not a severity decision
registration-added	common	engine_specs_stale_api_contracts_2026-09-16	doc/08_tracking/bug/engine_specs_stale_api_contracts_2026-09-16.md	registered open on 2026-09-21; authored priority retained when explicit; otherwise P3 is an untriaged schema placeholder, not a severity decision
registration-added	windows	entry_closure_drops_facade_reexport_owner_modules_2026-09-03	doc/08_tracking/bug/entry_closure_drops_facade_reexport_owner_modules_2026-09-03.md	registered open on 2026-09-21; authored priority retained when explicit; otherwise P3 is an untriaged schema placeholder, not a severity decision
exact-status-conflict	common	enum_associated_fn_never_called_on_jit_2026-07-28	doc/08_tracking/bug/enum_associated_fn_never_called_on_jit_2026-07-28.md	document=open; DB=closed; no status change authorized by this audit
exact-status-conflict	common	enum_impl_static_fn_method_call_path_skips_impl_methods_2026-07-20	doc/08_tracking/bug/enum_impl_static_fn_method_call_path_skips_impl_methods_2026-07-20.md	document=open (found triaging test/shared/controlflow/staticfnspec.spl); DB=closed; no status change authorized by this audit
exact-status-conflict	common	enum_impl_static_fn_scoping_2026-07-29	doc/08_tracking/bug/enum_impl_static_fn_scoping_2026-07-29.md	document=open — scoped, not fixed (see "Why this is not a small fix" below); DB=closed; no status change authorized by this audit
exact-status-conflict	common	enum_pattern_match_optional_value_silent_fallthrough_2026-07-20	doc/08_tracking/bug/enum_pattern_match_optional_value_silent_fallthrough_2026-07-20.md	document=OPEN; DB=closed; no status change authorized by this audit
exact-status-conflict	common	enum_payload_dict_copied_on_function_return_2026-07-28	doc/08_tracking/bug/enum_payload_dict_copied_on_function_return_2026-07-28.md	document=OPEN; DB=closed; no status change authorized by this audit
registration-added	common	enum_variant_payload_types_discarded_at_parse_2026-07-29	doc/08_tracking/bug/enum_variant_payload_types_discarded_at_parse_2026-07-29.md	registered open on 2026-09-21; authored priority retained when explicit; otherwise P3 is an untriaged schema placeholder, not a severity decision
exact-status-conflict	common	enum_variant_resolved_globally_by_bare_name_httpmethod_collision_2026-09-06	doc/08_tracking/bug/enum_variant_resolved_globally_by_bare_name_httpmethod_collision_2026-09-06.md	document=OPEN; DB=fixed; no status change authorized by this audit
exact-status-conflict	common	env_get_nil_coalesce_dead_fallback_2026-07-25	doc/08_tracking/bug/env_get_nil_coalesce_dead_fallback_2026-07-25.md	document=OPEN — root-caused, one instance fixed, general sweep NOT done; DB=closed; no status change authorized by this audit
registration-added	common	env_platform_process_owner_spec_red_platform_imports_absent_2026-09-13	doc/08_tracking/bug/env_platform_process_owner_spec_red_platform_imports_absent_2026-09-13.md	registered open on 2026-09-21; authored priority retained when explicit; otherwise P3 is an untriaged schema placeholder, not a severity decision
registration-added	common	erlang_style_pipe_arrow_match_arms_unimplemented_2026-09-05	doc/08_tracking/bug/erlang_style_pipe_arrow_match_arms_unimplemented_2026-09-05.md	registered open on 2026-09-21; authored priority retained when explicit; otherwise P3 is an untriaged schema placeholder, not a severity decision
registration-added	common	examples_isolation_buffers_output_lost_on_timeout_2026-07-25	doc/08_tracking/bug/examples_isolation_buffers_output_lost_on_timeout_2026-07-25.md	registered open on 2026-09-21; authored priority retained when explicit; otherwise P3 is an untriaged schema placeholder, not a severity decision
exact-status-conflict	common	exec_cap_check_caller_identity_not_threaded_2026-08-07	doc/08_tracking/bug/exec_cap_check_caller_identity_not_threaded_2026-08-07.md	document=OPEN (P2); DB=fixed; no status change authorized by this audit
registration-added	common	execution_lane_silently_demotes_green_result_is_not_evidence_2026-09-01	doc/08_tracking/bug/execution_lane_silently_demotes_green_result_is_not_evidence_2026-09-01.md	registered open on 2026-09-21; authored priority retained when explicit; otherwise P3 is an untriaged schema placeholder, not a severity decision
registration-added	common	expect_nil_not_equal_nil_boolean_coercion_2026-07-20	doc/08_tracking/bug/expect_nil_not_equal_nil_boolean_coercion_2026-07-20.md	registered open on 2026-09-21; authored priority retained when explicit; otherwise P3 is an untriaged schema placeholder, not a severity decision
registration-added	common	export_use_wildcard_rejected_but_used_1719_times_2026-08-17	doc/08_tracking/bug/export_use_wildcard_rejected_but_used_1719_times_2026-08-17.md	registered open on 2026-09-21; authored priority retained when explicit; otherwise P3 is an untriaged schema placeholder, not a severity decision
registration-added	common	extern_unimplemented_links_weak_stub_fabricated_value_2026-08-18	doc/08_tracking/bug/extern_unimplemented_links_weak_stub_fabricated_value_2026-08-18.md	registered open on 2026-09-21; authored priority retained when explicit; otherwise P3 is an untriaged schema placeholder, not a severity decision
exact-status-conflict	common	f64_integral_to_text_drops_fraction_2026-07-25	doc/08_tracking/bug/f64_integral_to_text_drops_fraction_2026-07-25.md	document=OPEN.; DB=closed; no status change authorized by this audit
exact-status-conflict	common	failed_to_load_imported_types_is_only_a_warning_2026-08-07	doc/08_tracking/bug/failed_to_load_imported_types_is_only_a_warning_2026-08-07.md	document=OPEN (P2); DB=fixed; no status change authorized by this audit
registration-added	common	fake_gate_audit_2026-08-11	doc/08_tracking/bug/fake_gate_audit_2026-08-11.md	registered open on 2026-09-21; authored priority retained when explicit; otherwise P3 is an untriaged schema placeholder, not a severity decision
registration-added	common	fat32_atomic_replace_lifecycle_fserror_corrupt_2026-09-13	doc/08_tracking/bug/fat32_atomic_replace_lifecycle_fserror_corrupt_2026-09-13.md	registered open on 2026-09-21; authored priority retained when explicit; otherwise P3 is an untriaged schema placeholder, not a severity decision
exact-status-conflict	common	fat32_database_atomic_replace_recovery_missing_2026-08-14	doc/08_tracking/bug/fat32_database_atomic_replace_recovery_missing_2026-08-14.md	document=OPEN (P1); DB=fixed; no status change authorized by this audit
exact-status-conflict	common	fat32_microbench_jit_mut_capability_2026-05-27	doc/08_tracking/bug/fat32_microbench_jit_mut_capability_2026-05-27.md	document=CLOSED — verified by running 2026-09-13 (Windows x8664, seed bin/simple v1.0.0-rc.1). bin/simple run test/05perf/bench/fat32microbench.spl now RUNS TO COMPLETION, exit code 0, printing all four benchmark rows (filecreate 18796 ops/s, seqwrite4096B 6151 KB/s, seqread4096B 8224 KB/s, readdir10files 840336 ops/s) and === done ===. The filed symptom was does not complete; it completes. The residual VFAT/C-FAT cross-check named below is environment-gated on a Linux host with VFAT mount privileges and is NOT reproducible here — it is a verification-environment gap, not a defect, so this entry is closed rather than left open on it. One unrelated live warning was observed on the same run and is NOT part of this entry: public function errnoof has 2 co-compiled definitions with 2 differing signatures ((DriverError)->i32 vs (FsError)->i32) [compilercrossmoduleprivatesymbolcollision].; DB=open; no status change authorized by this audit
registration-added	common	feature_block_not_a_bdd_keyword_2026-08-04	doc/08_tracking/bug/feature_block_not_a_bdd_keyword_2026-08-04.md	registered open on 2026-09-21; authored priority retained when explicit; otherwise P3 is an untriaged schema placeholder, not a severity decision
exact-status-conflict	common	fetch_wasm_chain_spec_runner_premature_child_termination_2026-06-30	doc/08_tracking/bug/fetch_wasm_chain_spec_runner_premature_child_termination_2026-06-30.md	document=Open; DB=closed; no status change authorized by this audit
registration-added	common	file_io_spec_rt_check_file_path_unbacked_2026-09-01	doc/08_tracking/bug/file_io_spec_rt_check_file_path_unbacked_2026-09-01.md	registered open on 2026-09-21; authored priority retained when explicit; otherwise P3 is an untriaged schema placeholder, not a severity decision
registration-added	common	file_ops_mock_answers_for_nonexistent_paths_2026-09-06	doc/08_tracking/bug/file_ops_mock_answers_for_nonexistent_paths_2026-09-06.md	registered open on 2026-09-21; authored priority retained when explicit; otherwise P3 is an untriaged schema placeholder, not a severity decision
exact-status-conflict	common	file_read_bytes_has_six_definitions_with_three_return_types_2026-08-09	doc/08_tracking/bug/file_read_bytes_has_six_definitions_with_three_return_types_2026-08-09.md	document=OPEN (P2); DB=fixed; no status change authorized by this audit
registration-added	common	file_read_has_23_definitions_with_two_return_types_2026-08-16	doc/08_tracking/bug/file_read_has_23_definitions_with_two_return_types_2026-08-16.md	registered open on 2026-09-21; authored priority retained when explicit; otherwise P3 is an untriaged schema placeholder, not a severity decision
registration-added	common	file_write_bytes_truncates_to_3_bytes_under_codegen_2026-08-27	doc/08_tracking/bug/file_write_bytes_truncates_to_3_bytes_under_codegen_2026-08-27.md	registered open on 2026-09-21; authored priority retained when explicit; otherwise P3 is an untriaged schema placeholder, not a severity decision
registration-added	common	fixedvec_splat_boxing_mismatch_breaks_simd_scan_2026-09-13	doc/08_tracking/bug/fixedvec_splat_boxing_mismatch_breaks_simd_scan_2026-09-13.md	registered open on 2026-09-21; authored priority retained when explicit; otherwise P3 is an untriaged schema placeholder, not a severity decision
registration-added	common	flat_ast_bridge_phase3_snapshot_throughput_2026-08-31	doc/08_tracking/bug/flat_ast_bridge_phase3_snapshot_throughput_2026-08-31.md	registered open on 2026-09-21; authored priority retained when explicit; otherwise P3 is an untriaged schema placeholder, not a severity decision
registration-added	common	font_registry_bungee_digest_mismatch_blocks_selected_outline_path_2026-08-15	doc/08_tracking/bug/font_registry_bungee_digest_mismatch_blocks_selected_outline_path_2026-08-15.md	registered open on 2026-09-21; authored priority retained when explicit; otherwise P3 is an untriaged schema placeholder, not a severity decision
registration-added	common	for_in_143_diagnostic_span_cannot_localize_the_loop_2026-08-24	doc/08_tracking/bug/for_in_143_diagnostic_span_cannot_localize_the_loop_2026-08-24.md	registered open on 2026-09-21; authored priority retained when explicit; otherwise P3 is an untriaged schema placeholder, not a severity decision
registration-added	common	for_in_143_residue_characterized_closure_context_2026-08-25	doc/08_tracking/bug/for_in_143_residue_characterized_closure_context_2026-08-25.md	registered open on 2026-09-21; authored priority retained when explicit; otherwise P3 is an untriaged schema placeholder, not a severity decision
registration-added	common	for_in_optional_initialized_local_loses_collection_type_2026-08-24	doc/08_tracking/bug/for_in_optional_initialized_local_loses_collection_type_2026-08-24.md	registered open on 2026-09-21; authored priority retained when explicit; otherwise P3 is an untriaged schema placeholder, not a severity decision
registration-added	common	for_loop_var_shadowed_by_module_alias_2026-08-18	doc/08_tracking/bug/for_loop_var_shadowed_by_module_alias_2026-08-18.md	registered open on 2026-09-21; authored priority retained when explicit; otherwise P3 is an untriaged schema placeholder, not a severity decision
registration-added	common	formal_verification_2_0_execution_linkage_and_test_runtime	doc/08_tracking/bug/formal_verification_2_0_execution_linkage_and_test_runtime.md	registered open on 2026-09-21; authored priority retained when explicit; otherwise P3 is an untriaged schema placeholder, not a severity decision
registration-added	common	formula_regression_spec_orphan_it_2026-07-04	doc/08_tracking/bug/formula_regression_spec_orphan_it_2026-07-04.md	registered open on 2026-09-21; authored priority retained when explicit; otherwise P3 is an untriaged schema placeholder, not a severity decision
registration-added	common	freestanding_match_over_fserror_yields_default_2026-09-01	doc/08_tracking/bug/freestanding_match_over_fserror_yields_default_2026-09-01.md	registered open on 2026-09-21; authored priority retained when explicit; otherwise P3 is an untriaged schema placeholder, not a severity decision
exact-status-conflict	common	freestanding_wrapper_profile_i32_global_var_shifted_2026-07-02	doc/08_tracking/bug/freestanding_wrapper_profile_i32_global_var_shifted_2026-07-02.md	document=OPEN — root cause isolated 2026-07-07 (see "Root cause; DB=closed; no status change authorized by this audit
registration-added	common	frozen_branch_group_e_char_ptr_abi_mismatch_2026-08-31	doc/08_tracking/bug/frozen_branch_group_e_char_ptr_abi_mismatch_2026-08-31.md	registered open on 2026-09-21; authored priority retained when explicit; otherwise P3 is an untriaged schema placeholder, not a severity decision
registration-added	common	fs_file_class_collision_wrong_static_method_2026-09-01	doc/08_tracking/bug/fs_file_class_collision_wrong_static_method_2026-09-01.md	registered open on 2026-09-21; authored priority retained when explicit; otherwise P3 is an untriaged schema placeholder, not a severity decision
registration-added	common	full_cli_static_fast_path_link_closure_2026-09-03	doc/08_tracking/bug/full_cli_static_fast_path_link_closure_2026-09-03.md	registered open on 2026-09-21; authored priority retained when explicit; otherwise P3 is an untriaged schema placeholder, not a severity decision
registration-added	common	full_compiler_check_no_progress_over_five_minutes_2026-08-21	doc/08_tracking/bug/full_compiler_check_no_progress_over_five_minutes_2026-08-21.md	registered open on 2026-09-21; authored priority retained when explicit; otherwise P3 is an untriaged schema placeholder, not a severity decision
registration-added	common	full_suite_aborts_mcdc_dynamic_probe_symbol_2026-08-26	doc/08_tracking/bug/full_suite_aborts_mcdc_dynamic_probe_symbol_2026-08-26.md	registered open on 2026-09-21; authored priority retained when explicit; otherwise P3 is an untriaged schema placeholder, not a severity decision
registration-added	common	function_argument_types_unchecked_2026-09-01	doc/08_tracking/bug/function_argument_types_unchecked_2026-09-01.md	registered open on 2026-09-21; authored priority retained when explicit; otherwise P3 is an untriaged schema placeholder, not a severity decision
exact-status-conflict	common	gated_specs_are_tautology_shells_2026-08-09	doc/08_tracking/bug/gated_specs_are_tautology_shells_2026-08-09.md	document=OPEN (P2); DB=fixed; no status change authorized by this audit
exact-status-conflict	common	gc_analysis_desugar_dropped_method_bodies_2026-08-02	doc/08_tracking/bug/gc_analysis_desugar_dropped_method_bodies_2026-08-02.md	document=OPEN (P1); DB=closed; no status change authorized by this audit
exact-status-conflict	common	gc_async_mut_gpu_ffi_facades_are_dangling_2026-08-09	doc/08_tracking/bug/gc_async_mut_gpu_ffi_facades_are_dangling_2026-08-09.md	document=OPEN (P2); DB=fixed; no status change authorized by this audit
registration-added	common	gc_boundary_family_mirror_facade_false_positives_2026-08-31	doc/08_tracking/bug/gc_boundary_family_mirror_facade_false_positives_2026-08-31.md	registered open on 2026-09-21; authored priority retained when explicit; otherwise P3 is an untriaged schema placeholder, not a severity decision
exact-status-conflict	common	gc_nogc_memory_audit_findings_2026-06-11	doc/08_tracking/bug/gc_nogc_memory_audit_findings_2026-06-11.md	document=OPEN (tracking list; items close individually); DB=closed; no status change authorized by this audit
exact-status-conflict	linux	generate_rv64_test_program_package_missing_impl_2026-07-20	doc/08_tracking/bug/generate_rv64_test_program_package_missing_impl_2026-07-20.md	document=OPEN; DB=closed; no status change authorized by this audit
registration-added	common	generator_take_default_jit_mode_segfault_2026-09-13	doc/08_tracking/bug/generator_take_default_jit_mode_segfault_2026-09-13.md	registered open on 2026-09-21; authored priority retained when explicit; otherwise P3 is an untriaged schema placeholder, not a severity decision
registration-added	common	generic_class_static_method_unresolved_under_test_2026-07-20	doc/08_tracking/bug/generic_class_static_method_unresolved_under_test_2026-07-20.md	registered open on 2026-09-21; authored priority retained when explicit; otherwise P3 is an untriaged schema placeholder, not a severity decision
registration-added	common	generic_map_semantic_lookup_fails_2026-09-16	doc/08_tracking/bug/generic_map_semantic_lookup_fails_2026-09-16.md	registered open on 2026-09-21; authored priority retained when explicit; otherwise P3 is an untriaged schema placeholder, not a severity decision
exact-status-conflict	common	generic_static_method_type_param_unresolved_2026-07-25	doc/08_tracking/bug/generic_static_method_type_param_unresolved_2026-07-25.md	document=OPEN.; DB=closed; no status change authorized by this audit
registration-added	common	generic_struct_field_untagged_payload_seed_2026-08-21	doc/08_tracking/bug/generic_struct_field_untagged_payload_seed_2026-08-21.md	registered open on 2026-09-21; authored priority retained when explicit; otherwise P3 is an untriaged schema placeholder, not a severity decision
registration-added	common	glob_import_shadows_aliased_named_import_linalg_error_2026-09-05	doc/08_tracking/bug/glob_import_shadows_aliased_named_import_linalg_error_2026-09-05.md	registered open on 2026-09-21; authored priority retained when explicit; otherwise P3 is an untriaged schema placeholder, not a severity decision
registration-added	common	glob_imported_private_fn_lowers_to_unmangled_extern_2026-09-13	doc/08_tracking/bug/glob_imported_private_fn_lowers_to_unmangled_extern_2026-09-13.md	registered open on 2026-09-21; authored priority retained when explicit; otherwise P3 is an untriaged schema placeholder, not a severity decision
registration-added	common	global_sffi_ratchets_drift_and_expose_unhardened_families_2026-08-26	doc/08_tracking/bug/global_sffi_ratchets_drift_and_expose_unhardened_families_2026-08-26.md	registered open on 2026-09-21; authored priority retained when explicit; otherwise P3 is an untriaged schema placeholder, not a severity decision
exact-status-conflict	common	glyph_raster_cache_text_array_index_corrupt_zero_hit_rate_2026-08-06	doc/08_tracking/bug/glyph_raster_cache_text_array_index_corrupt_zero_hit_rate_2026-08-06.md	document=OPEN (P2); DB=closed; no status change authorized by this audit
semantic-alias-resolved	cross-platform	gpu_ffi_loader_probes_linux_sonames_on_macos_2026-09-19	doc/08_tracking/bug/gpu_ffi_loader_probes_linux_sonames_on_macos_2026-09-19.md	maps explicitly to authoritative P2/open ID gpu_ffi_loader_probes_linux_sonames_on_macos_2026_09_19; generated P3/open shadow row removed
registration-added	common	gpu_glyph_rasterization_gpu_deferred_no_device_2026-09-06	doc/08_tracking/bug/gpu_glyph_rasterization_gpu_deferred_no_device_2026-09-06.md	registered open on 2026-09-21; authored priority retained when explicit; otherwise P3 is an untriaged schema placeholder, not a severity decision
registration-added	common	guard_wiring_comment_prose_phantom_edges_2026-08-31	doc/08_tracking/bug/guard_wiring_comment_prose_phantom_edges_2026-08-31.md	registered open on 2026-09-21; authored priority retained when explicit; otherwise P3 is an untriaged schema placeholder, not a severity decision
registration-added	common	guards_hardcode_stale_seed_binary_census_2026-08-17	doc/08_tracking/bug/guards_hardcode_stale_seed_binary_census_2026-08-17.md	registered open on 2026-09-21; authored priority retained when explicit; otherwise P3 is an untriaged schema placeholder, not a severity decision
registration-added	common	gui_content_renderer_parser_expected_pattern_found_use_2026-08-12	doc/08_tracking/bug/gui_content_renderer_parser_expected_pattern_found_use_2026-08-12.md	registered open on 2026-09-21; authored priority retained when explicit; otherwise P3 is an untriaged schema placeholder, not a severity decision
registration-added	common	gui_vulkan_window_blank_wsi_capture_2026-08-19	doc/08_tracking/bug/gui_vulkan_window_blank_wsi_capture_2026-08-19.md	registered open on 2026-09-21; authored priority retained when explicit; otherwise P3 is an untriaged schema placeholder, not a severity decision
registration-added	common	gui_widget_renderdoc_goal_blockers_2026-06-23	doc/08_tracking/bug/gui_widget_renderdoc_goal_blockers_2026-06-23.md	registered open on 2026-09-21; authored priority retained when explicit; otherwise P3 is an untriaged schema placeholder, not a severity decision
registration-added	common	gui_window_caller_frame_silent_interp_fallback_2026-08-06	doc/08_tracking/bug/gui_window_caller_frame_silent_interp_fallback_2026-08-06.md	registered open on 2026-09-21; authored priority retained when explicit; otherwise P3 is an untriaged schema placeholder, not a severity decision
registration-added	common	h2_request_authority_validation_missing_2026-09-16	doc/08_tracking/bug/h2_request_authority_validation_missing_2026-09-16.md	registered open on 2026-09-21; authored priority retained when explicit; otherwise P3 is an untriaged schema placeholder, not a severity decision
registration-added	common	hir_bare_fn_callable_dep_fabricated_position_2026-08-29	doc/08_tracking/bug/hir_bare_fn_callable_dep_fabricated_position_2026-08-29.md	registered open on 2026-09-21; authored priority retained when explicit; otherwise P3 is an untriaged schema placeholder, not a severity decision
registration-added	common	hir_closure_digest_rekey_blocked_by_incomplete_interface_digest_2026-08-23	doc/08_tracking/bug/hir_closure_digest_rekey_blocked_by_incomplete_interface_digest_2026-08-23.md	registered open on 2026-09-21; authored priority retained when explicit; otherwise P3 is an untriaged schema placeholder, not a severity decision
registration-added	common	hir_generic_impl_methods_native_path_poll_2026-08-22	doc/08_tracking/bug/hir_generic_impl_methods_native_path_poll_2026-08-22.md	registered open on 2026-09-21; authored priority retained when explicit; otherwise P3 is an untriaged schema placeholder, not a severity decision
registration-added	common	hir_generic_templates_unconsumed_by_mono_pass_2026-08-21	doc/08_tracking/bug/hir_generic_templates_unconsumed_by_mono_pass_2026-08-21.md	registered open on 2026-09-21; authored priority retained when explicit; otherwise P3 is an untriaged schema placeholder, not a severity decision
registration-added	common	hir_lowering_never_populates_function_spans_2026-07-28	doc/08_tracking/bug/hir_lowering_never_populates_function_spans_2026-07-28.md	registered open on 2026-09-21; authored priority retained when explicit; otherwise P3 is an untriaged schema placeholder, not a severity decision
exact-status-conflict	common	hir_lowering_quadratic_symbol_define_2026-07-28	doc/08_tracking/bug/hir_lowering_quadratic_symbol_define_2026-07-28.md	document=open. Root cause 1 REFUTED on the stage-4 (native) lane by a; DB=fixed; no status change authorized by this audit
registration-added	common	hir_register_imported_symbol_inner_self_bound_to_bool_2026-09-01	doc/08_tracking/bug/hir_register_imported_symbol_inner_self_bound_to_bool_2026-09-01.md	registered open on 2026-09-21; authored priority retained when explicit; otherwise P3 is an untriaged schema placeholder, not a severity decision
registration-added	common	hir_rejects_return_unit_in_untyped_main_2026-09-01	doc/08_tracking/bug/hir_rejects_return_unit_in_untyped_main_2026-09-01.md	registered open on 2026-09-21; authored priority retained when explicit; otherwise P3 is an untriaged schema placeholder, not a severity decision
registration-added	common	hir_unresolved_first_decl_is_decimal_digit_full_closure_2026-09-04	doc/08_tracking/bug/hir_unresolved_first_decl_is_decimal_digit_full_closure_2026-09-04.md	registered open on 2026-09-21; authored priority retained when explicit; otherwise P3 is an untriaged schema placeholder, not a severity decision
registration-added	common	host_equiv_transport_diverges_between_execution_lanes_2026-09-01	doc/08_tracking/bug/host_equiv_transport_diverges_between_execution_lanes_2026-09-01.md	registered open on 2026-09-21; authored priority retained when explicit; otherwise P3 is an untriaged schema placeholder, not a severity decision
registration-added	common	host_gpu_runtime_emit_payload_text_drops_hash_2026-07-08	doc/08_tracking/bug/host_gpu_runtime_emit_payload_text_drops_hash_2026-07-08.md	registered open on 2026-09-21; authored priority retained when explicit; otherwise P3 is an untriaged schema placeholder, not a severity decision
registration-added	common	host_shared_cache_l2_gc_never_runs_and_cas_has_no_project_guard_2026-09-07	doc/08_tracking/bug/host_shared_cache_l2_gc_never_runs_and_cas_has_no_project_guard_2026-09-07.md	registered open on 2026-09-21; authored priority retained when explicit; otherwise P3 is an untriaged schema placeholder, not a severity decision
registration-added	common	hosted_wm_registry_text_field_boxing_2026-08-04	doc/08_tracking/bug/hosted_wm_registry_text_field_boxing_2026-08-04.md	registered open on 2026-09-21; authored priority retained when explicit; otherwise P3 is an untriaged schema placeholder, not a severity decision
registration-added	common	html_css_rendering_inventory_lexical_false_pass_2026-09-05	doc/08_tracking/bug/html_css_rendering_inventory_lexical_false_pass_2026-09-05.md	registered open on 2026-09-21; authored priority retained when explicit; otherwise P3 is an untriaged schema placeholder, not a severity decision
registration-added	common	http_request_parser_missing_strict_header_validation_2026-09-16	doc/08_tracking/bug/http_request_parser_missing_strict_header_validation_2026-09-16.md	registered open on 2026-09-21; authored priority retained when explicit; otherwise P3 is an untriaged schema placeholder, not a severity decision
registration-added	common	if_chain_last_arm_returns_previous_value_2026-07-28	doc/08_tracking/bug/if_chain_last_arm_returns_previous_value_2026-07-28.md	registered open on 2026-09-21; authored priority retained when explicit; otherwise P3 is an untriaged schema placeholder, not a severity decision
registration-added	common	if_val_expression_form_binding_lost_2026-07-20	doc/08_tracking/bug/if_val_expression_form_binding_lost_2026-07-20.md	registered open on 2026-09-21; authored priority retained when explicit; otherwise P3 is an untriaged schema placeholder, not a severity decision
registration-added	common	ifc_linebox_spec_imports_nonexistent_layout_inline_2026-09-14	doc/08_tracking/bug/ifc_linebox_spec_imports_nonexistent_layout_inline_2026-09-14.md	registered open on 2026-09-21; authored priority retained when explicit; otherwise P3 is an untriaged schema placeholder, not a severity decision
registration-added	common	impl_to_free_fn_refactor_family_sweep_2026-08-07	doc/08_tracking/bug/impl_to_free_fn_refactor_family_sweep_2026-08-07.md	registered open on 2026-09-21; authored priority retained when explicit; otherwise P3 is an untriaged schema placeholder, not a severity decision
registration-added	common	implicit_self_field_read_unresolved_in_plain_fn_method_2026-09-03	doc/08_tracking/bug/implicit_self_field_read_unresolved_in_plain_fn_method_2026-09-03.md	registered open on 2026-09-21; authored priority retained when explicit; otherwise P3 is an untriaged schema placeholder, not a severity decision
registration-added	common	import_triggered_cross_module_symbol_misdispatch_2026-08-18	doc/08_tracking/bug/import_triggered_cross_module_symbol_misdispatch_2026-08-18.md	registered open on 2026-09-21; authored priority retained when explicit; otherwise P3 is an untriaged schema placeholder, not a severity decision
registration-added	common	inline_arrow_match_arm_fails_when_followed_by_another_arm_2026-09-05	doc/08_tracking/bug/inline_arrow_match_arm_fails_when_followed_by_another_arm_2026-09-05.md	registered open on 2026-09-21; authored priority retained when explicit; otherwise P3 is an untriaged schema placeholder, not a severity decision
exact-status-conflict	common	interp_aot_source_pipeline_stubbed_non_functional_2026-06-25	doc/08_tracking/bug/interp_aot_source_pipeline_stubbed_non_functional_2026-06-25.md	document=OPEN (partial fix landed); DB=closed; no status change authorized by this audit
registration-added	common	interp_brace_literal_collides_with_string_interpolation_2026-07-03	doc/08_tracking/bug/interp_brace_literal_collides_with_string_interpolation_2026-07-03.md	registered open on 2026-09-21; authored priority retained when explicit; otherwise P3 is an untriaged schema placeholder, not a severity decision
registration-added	common	interp_debug_session_remove_breakpoint_lies_and_set_state_frozen_2026-08-18	doc/08_tracking/bug/interp_debug_session_remove_breakpoint_lies_and_set_state_frozen_2026-08-18.md	registered open on 2026-09-21; authored priority retained when explicit; otherwise P3 is an untriaged schema placeholder, not a severity decision
registration-added	common	interp_dict_in_struct_copy_corruption_2026-07-03	doc/08_tracking/bug/interp_dict_in_struct_copy_corruption_2026-07-03.md	registered open on 2026-09-21; authored priority retained when explicit; otherwise P3 is an untriaged schema placeholder, not a severity decision
exact-status-conflict	common	interp_env_get_name_collision_nil_root_2026-07-26	doc/08_tracking/bug/interp_env_get_name_collision_nil_root_2026-07-26.md	document=OPEN (root defect). The one crashing consumer found so far is; DB=fixed; no status change authorized by this audit
exact-status-conflict	common	interp_f64_nested_struct_payload_zero_2026-06-14	doc/08_tracking/bug/interp_f64_nested_struct_payload_zero_2026-06-14.md	document=OPEN — root cause CORRECTED 2026-06-16 (see "Corrected root cause (2026-06-16)" below). The 2026-06-14 "shared frontend type layer / let-binding type from callee return type" conclusion is REFUTED: the emitted MIR is byte-identical between the correct Rust seed and the buggy self-hosted stage4, so the frontend is NOT at fault. The defect is in stage4's post-MIR execution (the self-hosted tree-walking interpreter) and, separately, its native codegen.; DB=closed; no status change authorized by this audit
registration-added	common	interp_for_over_list_generic_2026-07-02	doc/08_tracking/bug/interp_for_over_list_generic_2026-07-02.md	registered open on 2026-09-21; authored priority retained when explicit; otherwise P3 is an untriaged schema placeholder, not a severity decision
exact-status-conflict	common	interp_if_val_some_expression_form_field_access_2026-07-31	doc/08_tracking/bug/interp_if_val_some_expression_form_field_access_2026-07-31.md	document=OPEN — worked around at the one call site this lane needed; DB=fixed; no status change authorized by this audit
exact-status-conflict	common	interp_lazy_import_global_first_use_unmaterialized_2026-07-15	doc/08_tracking/bug/interp_lazy_import_global_first_use_unmaterialized_2026-07-15.md	document=open; DB=fixed; no status change authorized by this audit
exact-status-conflict	common	interp_lint_main_then_frontend_dict_to_int_2026-07-28	doc/08_tracking/bug/interp_lint_main_then_frontend_dict_to_int_2026-07-28.md	document=open; DB=fixed; no status change authorized by this audit
registration-added	common	interp_list_class_element_read_returns_copy_mutation_loss_2026-08-17	doc/08_tracking/bug/interp_list_class_element_read_returns_copy_mutation_loss_2026-08-17.md	registered open on 2026-09-21; authored priority retained when explicit; otherwise P3 is an untriaged schema placeholder, not a severity decision
registration-added	common	interp_local_shadows_cross_module_global_arm_body_2026-08-24	doc/08_tracking/bug/interp_local_shadows_cross_module_global_arm_body_2026-08-24.md	registered open on 2026-09-21; authored priority retained when explicit; otherwise P3 is an untriaged schema placeholder, not a severity decision
registration-added	common	interp_mcp_taskinfo_lifecycle_mutations_all_lost_2026-08-18	doc/08_tracking/bug/interp_mcp_taskinfo_lifecycle_mutations_all_lost_2026-08-18.md	registered open on 2026-09-21; authored priority retained when explicit; otherwise P3 is an untriaged schema placeholder, not a severity decision
registration-added	common	interp_module_val_struct_zeroed_as_call_arg_2026-09-01	doc/08_tracking/bug/interp_module_val_struct_zeroed_as_call_arg_2026-09-01.md	registered open on 2026-09-21; authored priority retained when explicit; otherwise P3 is an untriaged schema placeholder, not a severity decision
registration-added	common	interp_optimizer_step_writes_lost_training_silently_produces_unchanged_weights_2026-08-18	doc/08_tracking/bug/interp_optimizer_step_writes_lost_training_silently_produces_unchanged_weights_2026-08-18.md	registered open on 2026-09-21; authored priority retained when explicit; otherwise P3 is an untriaged schema placeholder, not a severity decision
registration-added	common	interp_option_dict_return_erased_2026-07-16	doc/08_tracking/bug/interp_option_dict_return_erased_2026-07-16.md	registered open on 2026-09-21; authored priority retained when explicit; otherwise P3 is an untriaged schema placeholder, not a severity decision
registration-added	common	interp_optional_chain_on_method_result_collapses_to_none_2026-08-18	doc/08_tracking/bug/interp_optional_chain_on_method_result_collapses_to_none_2026-08-18.md	registered open on 2026-09-21; authored priority retained when explicit; otherwise P3 is an untriaged schema placeholder, not a severity decision
exact-status-conflict	common	interp_parse_module_arena_visibility_crash_2026-06-16	doc/08_tracking/bug/interp_parse_module_arena_visibility_crash_2026-06-16.md	document=open — reproduced across 3 wiring approaches; DB=fixed; no status change authorized by this audit
registration-added	common	interp_result_question_operator_wrapper_unmatchable_2026-09-01	doc/08_tracking/bug/interp_result_question_operator_wrapper_unmatchable_2026-09-01.md	registered open on 2026-09-21; authored priority retained when explicit; otherwise P3 is an untriaged schema placeholder, not a severity decision
exact-status-conflict	common	interp_state_corruption_parse_module_2026-06-12	doc/08_tracking/bug/interp_state_corruption_parse_module_2026-06-12.md	document=OPEN (workarounds in harnesses; root cause in seed not investigated per fix-.spl-first rule); DB=closed; no status change authorized by this audit
exact-status-conflict	common	interp_static_fn_new_hijacks_named_ctor_2026-07-02	doc/08_tracking/bug/interp_static_fn_new_hijacks_named_ctor_2026-07-02.md	document=OPEN (P1) — CLOSED 2026-09-13 (see top section); DB=fixed; no status change authorized by this audit
registration-added	common	interp_str_substring_nested_call_dispatch_2026-08-19	doc/08_tracking/bug/interp_str_substring_nested_call_dispatch_2026-08-19.md	registered open on 2026-09-21; authored priority retained when explicit; otherwise P3 is an untriaged schema placeholder, not a severity decision
exact-status-conflict	common	interp_struct_local_copy_aliasing_2026-07-22	doc/08_tracking/bug/interp_struct_local_copy_aliasing_2026-07-22.md	document=OPEN; DB=closed; no status change authorized by this audit
registration-added	common	interp_tiered_jit_hotfunction_compiled_and_call_count_lost_2026-08-18	doc/08_tracking/bug/interp_tiered_jit_hotfunction_compiled_and_call_count_lost_2026-08-18.md	registered open on 2026-09-21; authored priority retained when explicit; otherwise P3 is an untriaged schema placeholder, not a severity decision
exact-status-conflict	common	interp_to_int_split_result_nil_coalesce_garbage_2026-07-17	doc/08_tracking/bug/interp_to_int_split_result_nil_coalesce_garbage_2026-07-17.md	document=open (found incidentally while hardening simple doc-coverage --missing; worked around in pure Simple, not fixed here) — CLOSED 2026-09-13 (see top section); DB=fixed; no status change authorized by this audit
registration-added	common	interp_trait_slot_receiver_reboxed_per_call_mutation_loss_2026-07-07	doc/08_tracking/bug/interp_trait_slot_receiver_reboxed_per_call_mutation_loss_2026-07-07.md	registered open on 2026-09-21; authored priority retained when explicit; otherwise P3 is an untriaged schema placeholder, not a severity decision
exact-status-conflict	common	interpreted_engine2d_full_res_render_slow_2026-07-02	doc/08_tracking/bug/interpreted_engine2d_full_res_render_slow_2026-07-02.md	document=open; DB=closed; no status change authorized by this audit
exact-status-conflict	common	interpreter_cross_module_enum_discriminant_3_compares_false_2026-08-04	doc/08_tracking/bug/interpreter_cross_module_enum_discriminant_3_compares_false_2026-08-04.md	document=OPEN; DB=closed; no status change authorized by this audit
exact-status-conflict	common	interpreter_extern_registry_gap_blocks_os_specs_2026-08-04	doc/08_tracking/bug/interpreter_extern_registry_gap_blocks_os_specs_2026-08-04.md	document=OPEN; DB=fixed; no status change authorized by this audit
registration-added	common	interpreter_fd_ownership_private_module_globals_not_linked_2026-08-12	doc/08_tracking/bug/interpreter_fd_ownership_private_module_globals_not_linked_2026-08-12.md	registered open on 2026-09-21; authored priority retained when explicit; otherwise P3 is an untriaged schema placeholder, not a severity decision
registration-added	common	interpreter_ffi_bridge_legacy_syntax_blocks_source_check_2026-08-26	doc/08_tracking/bug/interpreter_ffi_bridge_legacy_syntax_blocks_source_check_2026-08-26.md	registered open on 2026-09-21; authored priority retained when explicit; otherwise P3 is an untriaged schema placeholder, not a severity decision
exact-status-conflict	common	interpreter_first_class_fn_dispatch_drops_nested_array_writeback_2026-08-09	doc/08_tracking/bug/interpreter_first_class_fn_dispatch_drops_nested_array_writeback_2026-08-09.md	document=OPEN (P1); DB=fixed; no status change authorized by this audit
registration-added	common	interpreter_float_division_by_zero_raises_instead_of_nan_2026-08-18	doc/08_tracking/bug/interpreter_float_division_by_zero_raises_instead_of_nan_2026-08-18.md	registered open on 2026-09-21; authored priority retained when explicit; otherwise P3 is an untriaged schema placeholder, not a severity decision
registration-added	common	interpreter_i64_dict_tuple_compare_and_me_fn_mutation_2026-08-31	doc/08_tracking/bug/interpreter_i64_dict_tuple_compare_and_me_fn_mutation_2026-08-31.md	registered open on 2026-09-21; authored priority retained when explicit; otherwise P3 is an untriaged schema placeholder, not a severity decision
registration-added	windows	interpreter_import_shadows_module_own_function_2026-09-02	doc/08_tracking/bug/interpreter_import_shadows_module_own_function_2026-09-02.md	registered open on 2026-09-21; authored priority retained when explicit; otherwise P3 is an untriaged schema placeholder, not a severity decision
registration-added	common	interpreter_lane_raw_boundaries_abort_instead_of_failing_closed_2026-09-05	doc/08_tracking/bug/interpreter_lane_raw_boundaries_abort_instead_of_failing_closed_2026-09-05.md	registered open on 2026-09-21; authored priority retained when explicit; otherwise P3 is an untriaged schema placeholder, not a severity decision
registration-added	common	interpreter_missing_rt_volatile_externs_blocks_ivshmem_specs_2026-08-15	doc/08_tracking/bug/interpreter_missing_rt_volatile_externs_blocks_ivshmem_specs_2026-08-15.md	registered open on 2026-09-21; authored priority retained when explicit; otherwise P3 is an untriaged schema placeholder, not a severity decision
exact-status-conflict	common	interpreter_module_array_stale_read_via_free_fn_helper_2026-07-29	doc/08_tracking/bug/interpreter_module_array_stale_read_via_free_fn_helper_2026-07-29.md	document=RESOLVED (2026-09-18) — no longer reproduces on either engine or either; DB=open; no status change authorized by this audit
registration-added	common	interpreter_not_chain_matcher_unsupported_2026-09-14	doc/08_tracking/bug/interpreter_not_chain_matcher_unsupported_2026-09-14.md	registered open on 2026-09-21; authored priority retained when explicit; otherwise P3 is an untriaged schema placeholder, not a severity decision
registration-added	common	interpreter_owned_method_call_component_attribution_2026-09-13	doc/08_tracking/bug/interpreter_owned_method_call_component_attribution_2026-09-13.md	registered open on 2026-09-21; authored priority retained when explicit; otherwise P3 is an untriaged schema placeholder, not a severity decision
registration-added	common	interpreter_per_call_cost_dominates_loop_bodies_2026-09-13	doc/08_tracking/bug/interpreter_per_call_cost_dominates_loop_bodies_2026-09-13.md	registered open on 2026-09-21; authored priority retained when explicit; otherwise P3 is an untriaged schema placeholder, not a severity decision
registration-added	common	interpreter_raw_array_and_glob_import_gaps_2026-08-21	doc/08_tracking/bug/interpreter_raw_array_and_glob_import_gaps_2026-08-21.md	registered open on 2026-09-21; authored priority retained when explicit; otherwise P3 is an untriaged schema placeholder, not a severity decision
registration-added	common	interpreter_return_boundary_never_merges_shared_collections_2026-08-17	doc/08_tracking/bug/interpreter_return_boundary_never_merges_shared_collections_2026-08-17.md	registered open on 2026-09-21; authored priority retained when explicit; otherwise P3 is an untriaged schema placeholder, not a severity decision
registration-added	common	interpreter_serial_net_sffi_dispatch_gap	doc/08_tracking/bug/interpreter_serial_net_sffi_dispatch_gap.md	registered open on 2026-09-21; authored priority retained when explicit; otherwise P3 is an untriaged schema placeholder, not a severity decision
exact-status-conflict	common	interpreter_sffi_missing_piped_process_externs_2026-07-29	doc/08_tracking/bug/interpreter_sffi_missing_piped_process_externs_2026-07-29.md	document=open; DB=fixed; no status change authorized by this audit
registration-added	common	interpreter_strbytes_not_indexable_aborts_batch_test_runs_2026-08-04	doc/08_tracking/bug/interpreter_strbytes_not_indexable_aborts_batch_test_runs_2026-08-04.md	registered open on 2026-09-21; authored priority retained when explicit; otherwise P3 is an untriaged schema placeholder, not a severity decision
registration-added	common	interpreter_struct_assignment_deep_copies_class_fields_2026-09-16	doc/08_tracking/bug/interpreter_struct_assignment_deep_copies_class_fields_2026-09-16.md	registered open on 2026-09-21; authored priority retained when explicit; otherwise P3 is an untriaged schema placeholder, not a severity decision
registration-added	common	interpreter_unresolved_enum_import_fails_open_symbolic_match_2026-08-18	doc/08_tracking/bug/interpreter_unresolved_enum_import_fails_open_symbolic_match_2026-08-18.md	registered open on 2026-09-21; authored priority retained when explicit; otherwise P3 is an untriaged schema placeholder, not a severity decision
registration-added	common	interpreter_val_bound_chained_method_call_e3009_2026-08-21	doc/08_tracking/bug/interpreter_val_bound_chained_method_call_e3009_2026-08-21.md	registered open on 2026-09-21; authored priority retained when explicit; otherwise P3 is an untriaged schema placeholder, not a severity decision
registration-added	common	interpreter_val_decl_in_loop_body_declines_every_matcher_2026-09-13	doc/08_tracking/bug/interpreter_val_decl_in_loop_body_declines_every_matcher_2026-09-13.md	registered open on 2026-09-21; authored priority retained when explicit; otherwise P3 is an untriaged schema placeholder, not a severity decision
registration-added	common	interpreter_vec16u8_extern_rejects_u8_fields_2026-09-02	doc/08_tracking/bug/interpreter_vec16u8_extern_rejects_u8_fields_2026-09-02.md	registered open on 2026-09-21; authored priority retained when explicit; otherwise P3 is an untriaged schema placeholder, not a severity decision
registration-added	common	io_runtime_file_write_resolves_to_retryless_twin_2026-09-06	doc/08_tracking/bug/io_runtime_file_write_resolves_to_retryless_twin_2026-09-06.md	registered open on 2026-09-21; authored priority retained when explicit; otherwise P3 is an untriaged schema placeholder, not a severity decision
registration-added	common	ipc_wire_canonical_recv_abi_never_landed_2026-09-06	doc/08_tracking/bug/ipc_wire_canonical_recv_abi_never_landed_2026-09-06.md	registered open on 2026-09-21; authored priority retained when explicit; otherwise P3 is an untriaged schema placeholder, not a severity decision
registration-added	common	is_dir_returns_false_for_every_path_in_interpreted_module_2026-09-02	doc/08_tracking/bug/is_dir_returns_false_for_every_path_in_interpreted_module_2026-09-02.md	registered open on 2026-09-21; authored priority retained when explicit; otherwise P3 is an untriaged schema placeholder, not a severity decision
exact-status-conflict	common	iso_use_after_move_invisible_as_call_argument_2026-08-07	doc/08_tracking/bug/iso_use_after_move_invisible_as_call_argument_2026-08-07.md	document=OPEN (P2); DB=fixed; no status change authorized by this audit
exact-status-conflict	common	itf_minio_sigv4_not_runnable_interp_or_native_2026-06-16	doc/08_tracking/bug/itf_minio_sigv4_not_runnable_interp_or_native_2026-06-16.md	document=Partially resolved (interpreter rthttprequest now works; JIT bridge + module/native gaps remain); DB=closed; no status change authorized by this audit
registration-added	common	java_new_hint_fires_after_named_arg_colon_2026-09-13	doc/08_tracking/bug/java_new_hint_fires_after_named_arg_colon_2026-09-13.md	registered open on 2026-09-21; authored priority retained when explicit; otherwise P3 is an untriaged schema placeholder, not a severity decision
exact-status-conflict	common	jit_array_element_i64_storage_truncation_2026-08-17	doc/08_tracking/bug/jit_array_element_i64_storage_truncation_2026-08-17.md	document=OPEN (P1) — re-verified on the 2026-08-17 12:58 seed; root cause now pinned to RuntimeValue::fromint (see the re-verification section at the end); DB=closed; no status change authorized by this audit
exact-status-conflict	common	jit_array_oob_read_leaks_raw_rt_nil_sentinel_2026-08-07	doc/08_tracking/bug/jit_array_oob_read_leaks_raw_rt_nil_sentinel_2026-08-07.md	document=OPEN (P1); DB=fixed; no status change authorized by this audit
registration-added	common	jit_array_text_builtin_dispatch_2026-07-28	doc/08_tracking/bug/jit_array_text_builtin_dispatch_2026-07-28.md	registered open on 2026-09-21; authored priority retained when explicit; otherwise P3 is an untriaged schema placeholder, not a severity decision
registration-added	windows	jit_co_compiled_definition_ambiguity_debt_2026-09-15	doc/08_tracking/bug/jit_co_compiled_definition_ambiguity_debt_2026-09-15.md	registered open on 2026-09-21; authored priority retained when explicit; otherwise P3 is an untriaged schema placeholder, not a severity decision
exact-status-conflict	common	jit_cross_module_tuple_field_read_returns_nil_2026-08-01	doc/08_tracking/bug/jit_cross_module_tuple_field_read_returns_nil_2026-08-01.md	document=OPEN — found 2026-08-01 while fixing; DB=closed; no status change authorized by this audit
exact-status-conflict	common	jit_does_not_enforce_val_block_scope_2026-08-17	doc/08_tracking/bug/jit_does_not_enforce_val_block_scope_2026-08-17.md	document=OPEN (P1); DB=fixed; no status change authorized by this audit
registration-added	common	jit_dot_question_as_bool_call_arg_yields_special_value_2026-09-13	doc/08_tracking/bug/jit_dot_question_as_bool_call_arg_yields_special_value_2026-09-13.md	registered open on 2026-09-21; authored priority retained when explicit; otherwise P3 is an untriaged schema placeholder, not a severity decision
registration-added	other-platform	jit_engine2d_static_create_silent_truncate_2026-09-02	doc/08_tracking/bug/jit_engine2d_static_create_silent_truncate_2026-09-02.md	registered open on 2026-09-21; authored priority retained when explicit; otherwise P3 is an untriaged schema placeholder, not a severity decision
exact-status-conflict	common	jit_hir_struct_field_type_infer_2026-07-18	doc/08_tracking/bug/jit_hir_struct_field_type_infer_2026-07-18.md	document=open; DB=fixed; no status change authorized by this audit
exact-status-conflict	common	jit_hir_unknown_variable_valid_cross_module_import_2026-07-22	doc/08_tracking/bug/jit_hir_unknown_variable_valid_cross_module_import_2026-07-22.md	document=OPEN; DB=fixed; no status change authorized by this audit
exact-status-conflict	common	jit_i64_boundary_constant_wraps_to_negative_2026-08-09	doc/08_tracking/bug/jit_i64_boundary_constant_wraps_to_negative_2026-08-09.md	document=OPEN (P1); DB=fixed; no status change authorized by this audit
registration-added	common	jit_inline_lambda_text_return_raw_handle_2026-09-13	doc/08_tracking/bug/jit_inline_lambda_text_return_raw_handle_2026-09-13.md	registered open on 2026-09-21; authored priority retained when explicit; otherwise P3 is an untriaged schema placeholder, not a severity decision
registration-added	common	jit_instantiator_spec_remaining_defect_cluster_2026-09-01	doc/08_tracking/bug/jit_instantiator_spec_remaining_defect_cluster_2026-09-01.md	registered open on 2026-09-21; authored priority retained when explicit; otherwise P3 is an untriaged schema placeholder, not a severity decision
exact-status-conflict	common	jit_interp_bridge_typed_extern_returns_2026-06-12	doc/08_tracking/bug/jit_interp_bridge_typed_extern_returns_2026-06-12.md	document=open; DB=closed; no status change authorized by this audit
exact-status-conflict	common	jit_is_some_is_none_method_dispatch_gap_2026-08-17	doc/08_tracking/bug/jit_is_some_is_none_method_dispatch_gap_2026-08-17.md	document=OPEN (P1); DB=closed; no status change authorized by this audit
registration-added	common	jit_method_receiver_mutation_never_written_back_2026-08-17	doc/08_tracking/bug/jit_method_receiver_mutation_never_written_back_2026-08-17.md	registered open on 2026-09-21; authored priority retained when explicit; otherwise P3 is an untriaged schema placeholder, not a severity decision
registration-added	common	jit_module_level_u8_array_index_push_corruption_2026-08-18	doc/08_tracking/bug/jit_module_level_u8_array_index_push_corruption_2026-08-18.md	registered open on 2026-09-21; authored priority retained when explicit; otherwise P3 is an untriaged schema placeholder, not a severity decision
registration-added	common	jit_module_val_array_indexing_15x_slow_2026-08-18	doc/08_tracking/bug/jit_module_val_array_indexing_15x_slow_2026-08-18.md	registered open on 2026-09-21; authored priority retained when explicit; otherwise P3 is an untriaged schema placeholder, not a severity decision
registration-added	common	jit_optional_unwrap_sugar_boxed_some_not_unboxed_2026-08-17	doc/08_tracking/bug/jit_optional_unwrap_sugar_boxed_some_not_unboxed_2026-08-17.md	registered open on 2026-09-21; authored priority retained when explicit; otherwise P3 is an untriaged schema placeholder, not a severity decision
exact-status-conflict	common	jit_packed_bitfield_field_read_returns_nil_2026-08-10	doc/08_tracking/bug/jit_packed_bitfield_field_read_returns_nil_2026-08-10.md	document=OPEN (P1); DB=fixed; no status change authorized by this audit
registration-added	common	jit_qualified_module_call_entry_local_unresolved_2026-08-18	doc/08_tracking/bug/jit_qualified_module_call_entry_local_unresolved_2026-08-18.md	registered open on 2026-09-21; authored priority retained when explicit; otherwise P3 is an untriaged schema placeholder, not a severity decision
registration-added	common	jit_some_pattern_payload_shifted_left_3_2026-09-13	doc/08_tracking/bug/jit_some_pattern_payload_shifted_left_3_2026-09-13.md	registered open on 2026-09-21; authored priority retained when explicit; otherwise P3 is an untriaged schema placeholder, not a severity decision
exact-status-conflict	common	jit_substring_chained_to_int_returns_pointer_2026-08-04	doc/08_tracking/bug/jit_substring_chained_to_int_returns_pointer_2026-08-04.md	document=OPEN; DB=closed; no status change authorized by this audit
exact-status-conflict	common	jit_swallows_undeclared_extern_and_exits_zero_2026-08-17	doc/08_tracking/bug/jit_swallows_undeclared_extern_and_exits_zero_2026-08-17.md	document=OPEN (P1); DB=fixed; no status change authorized by this audit
registration-added	common	jit_to_i32_returns_zero_and_leaks_mistagged_value_2026-08-26	doc/08_tracking/bug/jit_to_i32_returns_zero_and_leaks_mistagged_value_2026-08-26.md	registered open on 2026-09-21; authored priority retained when explicit; otherwise P3 is an untriaged schema placeholder, not a severity decision
registration-added	common	jit_tuple_get_returns_raw_tagged_word_to_i64_sink_2026-08-17	doc/08_tracking/bug/jit_tuple_get_returns_raw_tagged_word_to_i64_sink_2026-08-17.md	registered open on 2026-09-21; authored priority retained when explicit; otherwise P3 is an untriaged schema placeholder, not a severity decision
exact-status-conflict	common	jit_unresolved_static_ctor_symbol_xlenconfig_2026-07-27	doc/08_tracking/bug/jit_unresolved_static_ctor_symbol_xlenconfig_2026-07-27.md	document=open — non-blocking (graceful interpreter fallback, results correct); DB=fixed; no status change authorized by this audit
registration-added	common	jit_unwrap_or_on_absent_optional_ignores_default_2026-08-17	doc/08_tracking/bug/jit_unwrap_or_on_absent_optional_ignores_default_2026-08-17.md	registered open on 2026-09-21; authored priority retained when explicit; otherwise P3 is an untriaged schema placeholder, not a severity decision
exact-status-conflict	common	js_engine_ternary_and_statement_split_2026-07-11	doc/08_tracking/bug/js_engine_ternary_and_statement_split_2026-07-11.md	document=Open; DB=fixed; no status change authorized by this audit
registration-added	common	js_timer_queue_4096_entries_hang_2026-09-01	doc/08_tracking/bug/js_timer_queue_4096_entries_hang_2026-09-01.md	registered open on 2026-09-21; authored priority retained when explicit; otherwise P3 is an untriaged schema placeholder, not a severity decision
registration-added	common	jsonrpc_framing_divergence_2026-08-11	doc/08_tracking/bug/jsonrpc_framing_divergence_2026-08-11.md	registered open on 2026-09-21; authored priority retained when explicit; otherwise P3 is an untriaged schema placeholder, not a severity decision
registration-added	common	k1_composition_root_does_not_shadow_stub_2026-09-16	doc/08_tracking/bug/k1_composition_root_does_not_shadow_stub_2026-09-16.md	registered open on 2026-09-21; authored priority retained when explicit; otherwise P3 is an untriaged schema placeholder, not a severity decision
registration-added	common	kernel_closure_k0_to_p_static_residual_2026-09-07	doc/08_tracking/bug/kernel_closure_k0_to_p_static_residual_2026-09-07.md	registered open on 2026-09-21; authored priority retained when explicit; otherwise P3 is an untriaged schema placeholder, not a severity decision
registration-added	common	kernel_launch_grammar_no_stream_slot_2026-08-25	doc/08_tracking/bug/kernel_launch_grammar_no_stream_slot_2026-08-25.md	registered open on 2026-09-21; authored priority retained when explicit; otherwise P3 is an untriaged schema placeholder, not a severity decision
exact-status-conflict	common	kernel_table_mut_writeback_lost_through_nested_free_fn_2026-08-07	doc/08_tracking/bug/kernel_table_mut_writeback_lost_through_nested_free_fn_2026-08-07.md	document=OPEN (P2); DB=fixed; no status change authorized by this audit
exact-status-conflict	common	kv260_naxriscv_bitstream_no_jtag_observability	doc/08_tracking/bug/kv260_naxriscv_bitstream_no_jtag_observability.md	document=Open; DB=closed; no status change authorized by this audit
registration-added	common	lane_seed_unbuildable_duplicate_inline_int_bits_salvage_2026-08-18	doc/08_tracking/bug/lane_seed_unbuildable_duplicate_inline_int_bits_salvage_2026-08-18.md	registered open on 2026-09-21; authored priority retained when explicit; otherwise P3 is an untriaged schema placeholder, not a severity decision
exact-status-conflict	common	latex_range_renderer_root_cause_unfixed_2026-08-08	doc/08_tracking/bug/latex_range_renderer_root_cause_unfixed_2026-08-08.md	document=OPEN (P2); DB=fixed; no status change authorized by this audit
registration-added	common	layout_core_incompatible_with_committed_belayoutbox_2026-08-15	doc/08_tracking/bug/layout_core_incompatible_with_committed_belayoutbox_2026-08-15.md	registered open on 2026-09-21; authored priority retained when explicit; otherwise P3 is an untriaged schema placeholder, not a severity decision
registration-added	common	layout_paint_paint_box_dead_code_wrong_belayoutbox_shape_2026-08-15	doc/08_tracking/bug/layout_paint_paint_box_dead_code_wrong_belayoutbox_shape_2026-08-15.md	registered open on 2026-09-21; authored priority retained when explicit; otherwise P3 is an untriaged schema placeholder, not a severity decision
exact-status-conflict	common	lean_regen_memory_capabilities_missing_conversion_theorem_2026-07-20	doc/08_tracking/bug/lean_regen_memory_capabilities_missing_conversion_theorem_2026-07-20.md	document=open; DB=fixed; no status change authorized by this audit
exact-status-conflict	common	length_field_access_drops_module_from_jit_2026-08-08	doc/08_tracking/bug/length_field_access_drops_module_from_jit_2026-08-08.md	document=OPEN (P2); DB=fixed; no status change authorized by this audit
registration-added	windows	lexer_drops_backslash_escape_in_string_literal_2026-09-02	doc/08_tracking/bug/lexer_drops_backslash_escape_in_string_literal_2026-09-02.md	registered open on 2026-09-21; authored priority retained when explicit; otherwise P3 is an untriaged schema placeholder, not a severity decision
registration-added	common	lexer_position_unification_2026-07-29	doc/08_tracking/bug/lexer_position_unification_2026-07-29.md	registered open on 2026-09-21; authored priority retained when explicit; otherwise P3 is an untriaged schema placeholder, not a severity decision
registration-added	common	lexer_spec_list_iterable_symbol_collision_2026-09-01	doc/08_tracking/bug/lexer_spec_list_iterable_symbol_collision_2026-09-01.md	registered open on 2026-09-21; authored priority retained when explicit; otherwise P3 is an untriaged schema placeholder, not a severity decision
exact-status-conflict	common	lib_alias_import_of_web_budget_clock_module_not_found_2026-08-08	doc/08_tracking/bug/lib_alias_import_of_web_budget_clock_module_not_found_2026-08-08.md	document=OPEN (P2); DB=fixed; no status change authorized by this audit
registration-added	common	lib_common_interpreter_typesystem_defect_cluster_2026-09-01	doc/08_tracking/bug/lib_common_interpreter_typesystem_defect_cluster_2026-09-01.md	registered open on 2026-09-21; authored priority retained when explicit; otherwise P3 is an untriaged schema placeholder, not a severity decision
registration-added	common	lib_entry_file_cannot_resolve_app_prefix_imports_2026-08-17	doc/08_tracking/bug/lib_entry_file_cannot_resolve_app_prefix_imports_2026-08-17.md	registered open on 2026-09-21; authored priority retained when explicit; otherwise P3 is an untriaged schema placeholder, not a severity decision
registration-added	common	lib_nogc_sync_mut_behavioral_failures_2026-09-16	doc/08_tracking/bug/lib_nogc_sync_mut_behavioral_failures_2026-09-16.md	registered open on 2026-09-21; authored priority retained when explicit; otherwise P3 is an untriaged schema placeholder, not a severity decision
registration-added	common	lib_nogc_sync_mut_missing_modules_2026-09-16	doc/08_tracking/bug/lib_nogc_sync_mut_missing_modules_2026-09-16.md	registered open on 2026-09-21; authored priority retained when explicit; otherwise P3 is an untriaged schema placeholder, not a severity decision
registration-added	common	light_test_daemon_lane_slower_than_direct_after_shell_spawn_fix_2026-09-13	doc/08_tracking/bug/light_test_daemon_lane_slower_than_direct_after_shell_spawn_fix_2026-09-13.md	registered open on 2026-09-21; authored priority retained when explicit; otherwise P3 is an untriaged schema placeholder, not a severity decision
registration-added	common	light_test_daemon_serializes_concurrent_test_invocations_2026-08-21	doc/08_tracking/bug/light_test_daemon_serializes_concurrent_test_invocations_2026-08-21.md	registered open on 2026-09-21; authored priority retained when explicit; otherwise P3 is an untriaged schema placeholder, not a severity decision
exact-status-conflict	freebsd	link_native_cc_freebsd_obj0_only_2026-07-05	doc/08_tracking/bug/link_native_cc_freebsd_obj0_only_2026-07-05.md	document=OPEN; DB=fixed; no status change authorized by this audit
exact-status-conflict	common	lint_cli_single_file_gated_by_workspace_root_guard_2026-07-08	doc/08_tracking/bug/lint_cli_single_file_gated_by_workspace_root_guard_2026-07-08.md	document=OPEN — found 2026-07-08 while updating stale #38 assertions in; DB=fixed; no status change authorized by this audit
exact-status-conflict	common	lint_code_impl_indent_parse_error_2026-07-05	doc/08_tracking/bug/lint_code_impl_indent_parse_error_2026-07-05.md	document=OPEN; DB=fixed; no status change authorized by this audit
registration-added	common	lint_codeline_has_no_field_code_closure_dependent_2026-09-07	doc/08_tracking/bug/lint_codeline_has_no_field_code_closure_dependent_2026-09-07.md	registered open on 2026-09-21; authored priority retained when explicit; otherwise P3 is an untriaged schema placeholder, not a severity decision
registration-added	common	lint_default_lane_segfault_from_worktree_bin_path_2026-09-13	doc/08_tracking/bug/lint_default_lane_segfault_from_worktree_bin_path_2026-09-13.md	registered open on 2026-09-21; authored priority retained when explicit; otherwise P3 is an untriaged schema placeholder, not a severity decision
registration-added	common	lint_dejits_whole_program_span_struct_collision_2026-08-18	doc/08_tracking/bug/lint_dejits_whole_program_span_struct_collision_2026-08-18.md	registered open on 2026-09-21; authored priority retained when explicit; otherwise P3 is an untriaged schema placeholder, not a severity decision
registration-added	common	lint_intermittent_segv_on_deployed_seed_2026-09-13	doc/08_tracking/bug/lint_intermittent_segv_on_deployed_seed_2026-09-13.md	registered open on 2026-09-21; authored priority retained when explicit; otherwise P3 is an untriaged schema placeholder, not a severity decision
registration-added	linux	lint_internal_error_and_segv_on_compiler_codegen_specs_2026-09-06	doc/08_tracking/bug/lint_internal_error_and_segv_on_compiler_codegen_specs_2026-09-06.md	registered open on 2026-09-21; authored priority retained when explicit; otherwise P3 is an untriaged schema placeholder, not a severity decision
registration-added	common	lint_jit_abort_on_src_app_sj_2026-09-05	doc/08_tracking/bug/lint_jit_abort_on_src_app_sj_2026-09-05.md	registered open on 2026-09-21; authored priority retained when explicit; otherwise P3 is an untriaged schema placeholder, not a severity decision
registration-added	common	lint_jit_segv_discriminator_is_the_spec_filename_2026-09-13	doc/08_tracking/bug/lint_jit_segv_discriminator_is_the_spec_filename_2026-09-13.md	registered open on 2026-09-21; authored priority retained when explicit; otherwise P3 is an untriaged schema placeholder, not a severity decision
registration-added	common	lint_linear_scan_in_loop_reads_nonexistent_codeline_field_2026-09-06	doc/08_tracking/bug/lint_linear_scan_in_loop_reads_nonexistent_codeline_field_2026-09-06.md	registered open on 2026-09-21; authored priority retained when explicit; otherwise P3 is an untriaged schema placeholder, not a severity decision
exact-status-conflict	common	lint_reports_clean_on_module_that_fails_to_parse_2026-08-09	doc/08_tracking/bug/lint_reports_clean_on_module_that_fails_to_parse_2026-08-09.md	document=OPEN (P2); DB=fixed; no status change authorized by this audit
registration-added	common	lint_segv_on_dual_run_spec_files_2026-09-03	doc/08_tracking/bug/lint_segv_on_dual_run_spec_files_2026-09-03.md	registered open on 2026-09-21; authored priority retained when explicit; otherwise P3 is an untriaged schema placeholder, not a severity decision
registration-added	common	lint_spipe005_rejects_assert_true_family_2026-07-27	doc/08_tracking/bug/lint_spipe005_rejects_assert_true_family_2026-07-27.md	registered open on 2026-09-21; authored priority retained when explicit; otherwise P3 is an untriaged schema placeholder, not a severity decision
exact-status-conflict	common	lint_stub001_false_positive_on_string_interpolation_param_2026-07-29	doc/08_tracking/bug/lint_stub001_false_positive_on_string_interpolation_param_2026-07-29.md	document=open; DB=fixed; no status change authorized by this audit
registration-added	common	lint_timeout_hwir_zca_rows_2026-08-17	doc/08_tracking/bug/lint_timeout_hwir_zca_rows_2026-08-17.md	registered open on 2026-09-21; authored priority retained when explicit; otherwise P3 is an untriaged schema placeholder, not a severity decision
registration-added	common	list_index_assignment_boxing_mechanism_2026-08-12	doc/08_tracking/bug/list_index_assignment_boxing_mechanism_2026-08-12.md	registered open on 2026-09-21; authored priority retained when explicit; otherwise P3 is an untriaged schema placeholder, not a severity decision
exact-status-conflict	common	live_lane_inline_text_measure_counts_utf8_bytes_2026-08-11	doc/08_tracking/bug/live_lane_inline_text_measure_counts_utf8_bytes_2026-08-11.md	document=OPEN (P2); DB=fixed; no status change authorized by this audit
exact-status-conflict	common	llm_caret_messaging_composition_spec_compile_timeout_2026-08-02	doc/08_tracking/bug/llm_caret_messaging_composition_spec_compile_timeout_2026-08-02.md	document=Open; DB=fixed; no status change authorized by this audit
registration-added	common	llm_caret_parity_matrix_target_paths_use_hyphens_2026-08-24	doc/08_tracking/bug/llm_caret_parity_matrix_target_paths_use_hyphens_2026-08-24.md	registered open on 2026-09-21; authored priority retained when explicit; otherwise P3 is an untriaged schema placeholder, not a severity decision
exact-status-conflict	common	llvm_index_of_array_receiver_backend_divergence_2026-07-28	doc/08_tracking/bug/llvm_index_of_array_receiver_backend_divergence_2026-07-28.md	document=OPEN — CLOSED 2026-09-13 (see top section); DB=fixed; no status change authorized by this audit
exact-status-conflict	common	llvm_ir_builder_emit_module_header_ignores_constructor_triple_2026-08-09	doc/08_tracking/bug/llvm_ir_builder_emit_module_header_ignores_constructor_triple_2026-08-09.md	document=OPEN (P2); DB=fixed; no status change authorized by this audit
registration-added	common	llvm_runtime_decls_duplicate_rt_eprintln_2026-09-13	doc/08_tracking/bug/llvm_runtime_decls_duplicate_rt_eprintln_2026-09-13.md	registered open on 2026-09-21; authored priority retained when explicit; otherwise P3 is an untriaged schema placeholder, not a severity decision
registration-added	common	local_dict_list_push_silently_dropped_2026-08-31	doc/08_tracking/bug/local_dict_list_push_silently_dropped_2026-08-31.md	registered open on 2026-09-21; authored priority retained when explicit; otherwise P3 is an untriaged schema placeholder, not a severity decision
registration-added	common	local_named_vec_makes_index_assignment_a_vec_literal_lvalue_2026-09-05	doc/08_tracking/bug/local_named_vec_makes_index_assignment_a_vec_literal_lvalue_2026-09-05.md	registered open on 2026-09-21; authored priority retained when explicit; otherwise P3 is an untriaged schema placeholder, not a severity decision
registration-added	common	local_skip_on_interpreter_shadow_discards_block_false_green_2026-08-17	doc/08_tracking/bug/local_skip_on_interpreter_shadow_discards_block_false_green_2026-08-17.md	registered open on 2026-09-21; authored priority retained when explicit; otherwise P3 is an untriaged schema placeholder, not a severity decision
exact-status-conflict	common	lsp_mcp_integer_position_args_corrupted_2026-06-14	doc/08_tracking/bug/lsp_mcp_integer_position_args_corrupted_2026-06-14.md	document=Open (re-triaged 2026-09-13 — see the note at the end of this file) — root cause is a native-build codegen/runtime bug, not a tools.spl logic bug; DB=closed; no status change authorized by this audit
registration-added	common	lsp_mcp_transport_mode_and_id_parser_2026-08-16	doc/08_tracking/bug/lsp_mcp_transport_mode_and_id_parser_2026-08-16.md	registered open on 2026-09-21; authored priority retained when explicit; otherwise P3 is an untriaged schema placeholder, not a severity decision
registration-added	common	lzma_full_range_model_deferred_2026-06-15	doc/08_tracking/bug/lzma_full_range_model_deferred_2026-06-15.md	registered open on 2026-09-21; authored priority retained when explicit; otherwise P3 is an untriaged schema placeholder, not a severity decision
registration-added	other-platform	macos_native_lane_freetype_missing_rust_bootstrap_multiplatform_2026-09-01	doc/08_tracking/bug/macos_native_lane_freetype_missing_rust_bootstrap_multiplatform_2026-09-01.md	registered open on 2026-09-21; authored priority retained when explicit; otherwise P3 is an untriaged schema placeholder, not a severity decision
registration-added	other-platform	macos_test_runner_blocked_inline_unsafe_and_wrong_deploy_slot_2026-08-31	doc/08_tracking/bug/macos_test_runner_blocked_inline_unsafe_and_wrong_deploy_slot_2026-08-31.md	registered open on 2026-09-21; authored priority retained when explicit; otherwise P3 is an untriaged schema placeholder, not a severity decision
registration-added	other-platform	main_test_runnable_unsatisfiable_on_macos_2026-09-03	doc/08_tracking/bug/main_test_runnable_unsatisfiable_on_macos_2026-09-03.md	registered open on 2026-09-21; authored priority retained when explicit; otherwise P3 is an untriaged schema placeholder, not a severity decision
registration-added	common	main_wtsync_reverted_read_trace_mod_2026-08-29	doc/08_tracking/bug/main_wtsync_reverted_read_trace_mod_2026-08-29.md	registered open on 2026-09-21; authored priority retained when explicit; otherwise P3 is an untriaged schema placeholder, not a severity decision
registration-added	common	map_for_each_missing_on_dict_2026-08-21	doc/08_tracking/bug/map_for_each_missing_on_dict_2026-08-21.md	registered open on 2026-09-21; authored priority retained when explicit; otherwise P3 is an untriaged schema placeholder, not a severity decision
registration-added	common	match_arm_bound_value_method_call_returns_none_2026-08-24	doc/08_tracking/bug/match_arm_bound_value_method_call_returns_none_2026-08-24.md	registered open on 2026-09-21; authored priority retained when explicit; otherwise P3 is an untriaged schema placeholder, not a severity decision
registration-added	common	match_binding_shadowed_by_module_namespace_2026-08-18	doc/08_tracking/bug/match_binding_shadowed_by_module_namespace_2026-08-18.md	registered open on 2026-09-21; authored priority retained when explicit; otherwise P3 is an untriaged schema placeholder, not a severity decision
exact-status-conflict	common	math_block_implicit_mul_chain_and_matmul_2026-07-20	doc/08_tracking/bug/math_block_implicit_mul_chain_and_matmul_2026-07-20.md	document=open (found triaging test/feature/usage/implicitmulspec.spl,; DB=fixed; no status change authorized by this audit
registration-added	common	mcdc_default_on_diverts_interpreter_runs_to_native_2026-09-05	doc/08_tracking/bug/mcdc_default_on_diverts_interpreter_runs_to_native_2026-09-05.md	registered open on 2026-09-21; authored priority retained when explicit; otherwise P3 is an untriaged schema placeholder, not a severity decision
registration-added	common	mcdc_wrapped_copy_undefined_identifier_dir_only_2026-09-02	doc/08_tracking/bug/mcdc_wrapped_copy_undefined_identifier_dir_only_2026-09-02.md	registered open on 2026-09-21; authored priority retained when explicit; otherwise P3 is an untriaged schema placeholder, not a severity decision
registration-added	common	mcp_jj_package_imports_nonexistent_app_namespace_2026-08-18	doc/08_tracking/bug/mcp_jj_package_imports_nonexistent_app_namespace_2026-08-18.md	registered open on 2026-09-21; authored priority retained when explicit; otherwise P3 is an untriaged schema placeholder, not a severity decision
registration-added	common	mem_infra_guard_row_false_on_native_backends_2026-07-31	doc/08_tracking/bug/mem_infra_guard_row_false_on_native_backends_2026-07-31.md	registered open on 2026-09-21; authored priority retained when explicit; otherwise P3 is an untriaged schema placeholder, not a severity decision
registration-added	common	memory_retention_compiler_and_interpreter_2026-08-21	doc/08_tracking/bug/memory_retention_compiler_and_interpreter_2026-08-21.md	registered open on 2026-09-21; authored priority retained when explicit; otherwise P3 is an untriaged schema placeholder, not a severity decision
registration-added	cross-platform	metal_backend_no_linux_emulation_lane_2026-08-19	doc/08_tracking/bug/metal_backend_no_linux_emulation_lane_2026-08-19.md	registered open on 2026-09-21; authored priority retained when explicit; otherwise P3 is an untriaged schema placeholder, not a severity decision
registration-added	common	method_call_on_result_returns_garbage_sentinel_2026-09-06	doc/08_tracking/bug/method_call_on_result_returns_garbage_sentinel_2026-09-06.md	registered open on 2026-09-21; authored priority retained when explicit; otherwise P3 is an untriaged schema placeholder, not a severity decision
registration-added	common	method_call_static_declared_default_metadata_gap_2026-08-12	doc/08_tracking/bug/method_call_static_declared_default_metadata_gap_2026-08-12.md	registered open on 2026-09-21; authored priority retained when explicit; otherwise P3 is an untriaged schema placeholder, not a severity decision
registration-added	common	method_chain_poisons_receiver_type_2026-09-16	doc/08_tracking/bug/method_chain_poisons_receiver_type_2026-09-16.md	registered open on 2026-09-21; authored priority retained when explicit; otherwise P3 is an untriaged schema placeholder, not a severity decision
registration-added	common	method_field_not_found_on_object_2026-08-18	doc/08_tracking/bug/method_field_not_found_on_object_2026-08-18.md	registered open on 2026-09-21; authored priority retained when explicit; otherwise P3 is an untriaged schema placeholder, not a severity decision
registration-added	common	method_not_found_on_object_get_namespace_id_instance_2026-08-18	doc/08_tracking/bug/method_not_found_on_object_get_namespace_id_instance_2026-08-18.md	registered open on 2026-09-21; authored priority retained when explicit; otherwise P3 is an untriaged schema placeholder, not a severity decision
registration-added	windows	mir_facade_mirlowering_silent_unresolved_import_2026-09-01	doc/08_tracking/bug/mir_facade_mirlowering_silent_unresolved_import_2026-09-01.md	registered open on 2026-09-21; authored priority retained when explicit; otherwise P3 is an untriaged schema placeholder, not a severity decision
exact-status-conflict	common	mir_lowering_codegen_error_first_call_zero_core_dump_2026-08-06	doc/08_tracking/bug/mir_lowering_codegen_error_first_call_zero_core_dump_2026-08-06.md	document=OPEN (P1); DB=fixed; no status change authorized by this audit
exact-status-conflict	common	mir_lowering_missing_hirtypekind_arms_wildcard_fatal_2026-08-05	doc/08_tracking/bug/mir_lowering_missing_hirtypekind_arms_wildcard_fatal_2026-08-05.md	document=OPEN (P2); DB=fixed; no status change authorized by this audit
registration-added	common	mir_no_tuple_assignment_target_2026-08-24	doc/08_tracking/bug/mir_no_tuple_assignment_target_2026-08-24.md	registered open on 2026-09-21; authored priority retained when explicit; otherwise P3 is an untriaged schema placeholder, not a severity decision
registration-added	common	mir_result_type_erasure_blocks_execution_linked_error_contracts_2026-08-12	doc/08_tracking/bug/mir_result_type_erasure_blocks_execution_linked_error_contracts_2026-08-12.md	registered open on 2026-09-21; authored priority retained when explicit; otherwise P3 is an untriaged schema placeholder, not a severity decision
exact-status-conflict	common	mir_unresolved_method_const0_fails_open_2026-07-28	doc/08_tracking/bug/mir_unresolved_method_const0_fails_open_2026-07-28.md	document=OPEN; DB=fixed; no status change authorized by this audit
registration-added	common	mixed_byte_and_codepoint_indexing_defect_class_2026-08-18	doc/08_tracking/bug/mixed_byte_and_codepoint_indexing_defect_class_2026-08-18.md	registered open on 2026-09-21; authored priority retained when explicit; otherwise P3 is an untriaged schema placeholder, not a severity decision
registration-added	common	mixed_incremental_object_link_failure_2026-08-31	doc/08_tracking/bug/mixed_incremental_object_link_failure_2026-08-31.md	registered open on 2026-09-21; authored priority retained when explicit; otherwise P3 is an untriaged schema placeholder, not a severity decision
registration-added	common	mlkem_simd_c_lane_has_no_build_recipe_2026-08-05	doc/08_tracking/bug/mlkem_simd_c_lane_has_no_build_recipe_2026-08-05.md	registered open on 2026-09-21; authored priority retained when explicit; otherwise P3 is an untriaged schema placeholder, not a severity decision
registration-added	common	mock_spec_i64_usize_cast_fails_only_in_spec_dsl_2026-09-01	doc/08_tracking/bug/mock_spec_i64_usize_cast_fails_only_in_spec_dsl_2026-09-01.md	registered open on 2026-09-21; authored priority retained when explicit; otherwise P3 is an untriaged schema placeholder, not a severity decision
exact-status-conflict	common	mock_specs_shadow_callrecorder_callverifier_full_reimpl_2026-08-10	doc/08_tracking/bug/mock_specs_shadow_callrecorder_callverifier_full_reimpl_2026-08-10.md	document=OPEN (P3); DB=fixed; no status change authorized by this audit
registration-added	common	module_global_fn_pointer_lowered_as_direct_call_2026-08-21	doc/08_tracking/bug/module_global_fn_pointer_lowered_as_direct_call_2026-08-21.md	registered open on 2026-09-21; authored priority retained when explicit; otherwise P3 is an untriaged schema placeholder, not a severity decision
registration-added	common	module_loader_load_unrunnable_jit_method_not_found_2026-08-19	doc/08_tracking/bug/module_loader_load_unrunnable_jit_method_not_found_2026-08-19.md	registered open on 2026-09-21; authored priority retained when explicit; otherwise P3 is an untriaged schema placeholder, not a severity decision
registration-added	other-platform	module_resolver_numbered_dir_probes_uncached_2026-08-31	doc/08_tracking/bug/module_resolver_numbered_dir_probes_uncached_2026-08-31.md	registered open on 2026-09-21; authored priority retained when explicit; otherwise P3 is an untriaged schema placeholder, not a severity decision
registration-added	common	module_val_dict_export_unresolved_via_use_2026-09-01	doc/08_tracking/bug/module_val_dict_export_unresolved_via_use_2026-09-01.md	registered open on 2026-09-21; authored priority retained when explicit; otherwise P3 is an untriaged schema placeholder, not a severity decision
registration-added	common	module_var_stale_in_it_closure_2026-08-16	doc/08_tracking/bug/module_var_stale_in_it_closure_2026-08-16.md	registered open on 2026-09-21; authored priority retained when explicit; otherwise P3 is an untriaged schema placeholder, not a severity decision
exact-status-conflict	common	move_identifier_rejected_as_expression_2026-08-15	doc/08_tracking/bug/move_identifier_rejected_as_expression_2026-08-15.md	document=OPEN (workaround applied); DB=fixed; no status change authorized by this audit
registration-added	simpleos	naked_asm_lowering_miscompiles_simpleos_mutex_2026-09-01	doc/08_tracking/bug/naked_asm_lowering_miscompiles_simpleos_mutex_2026-09-01.md	registered open on 2026-09-21; authored priority retained when explicit; otherwise P3 is an untriaged schema placeholder, not a severity decision
exact-status-conflict	common	naked_struct_pattern_vs_option_always_wildcard_2026-07-29	doc/08_tracking/bug/naked_struct_pattern_vs_option_always_wildcard_2026-07-29.md	document=open (general defect class, not swept beyond the one confirmed site); DB=fixed; no status change authorized by this audit
registration-added	common	named_target_action_executor_missing_2026-08-14	doc/08_tracking/bug/named_target_action_executor_missing_2026-08-14.md	registered open on 2026-09-21; authored priority retained when explicit; otherwise P3 is an untriaged schema placeholder, not a severity decision
registration-added	common	namespace_identifier_hard_rejected_2026-09-07	doc/08_tracking/bug/namespace_identifier_hard_rejected_2026-09-07.md	registered open on 2026-09-21; authored priority retained when explicit; otherwise P3 is an untriaged schema placeholder, not a severity decision
registration-added	common	nandram_slot_map_undocumented_and_two_vacuous_slots_2026-09-01	doc/08_tracking/bug/nandram_slot_map_undocumented_and_two_vacuous_slots_2026-09-01.md	registered open on 2026-09-21; authored priority retained when explicit; otherwise P3 is an untriaged schema placeholder, not a severity decision
registration-added	common	native_build_aop_weave_one_arg_call_binds_log_scope_msg_2026-09-13	doc/08_tracking/bug/native_build_aop_weave_one_arg_call_binds_log_scope_msg_2026-09-13.md	registered open on 2026-09-21; authored priority retained when explicit; otherwise P3 is an untriaged schema placeholder, not a severity decision
registration-added	common	native_build_class_surface_misses_newly_added_field_2026-08-17	doc/08_tracking/bug/native_build_class_surface_misses_newly_added_field_2026-08-17.md	registered open on 2026-09-21; authored priority retained when explicit; otherwise P3 is an untriaged schema placeholder, not a severity decision
registration-added	common	native_build_dies_in_module_load_misreported_as_7200s_timeout_2026-08-18	doc/08_tracking/bug/native_build_dies_in_module_load_misreported_as_7200s_timeout_2026-08-18.md	registered open on 2026-09-21; authored priority retained when explicit; otherwise P3 is an untriaged schema placeholder, not a severity decision
exact-status-conflict	common	native_build_direct_seed_jit_hang_2026-07-30	doc/08_tracking/bug/native_build_direct_seed_jit_hang_2026-07-30.md	document=open, mechanism honestly unresolved after eight tested; DB=closed; no status change authorized by this audit
registration-added	common	native_build_entry_closure_collects_zero_files_cuda_fill_probe_2026-08-19	doc/08_tracking/bug/native_build_entry_closure_collects_zero_files_cuda_fill_probe_2026-08-19.md	registered open on 2026-09-21; authored priority retained when explicit; otherwise P3 is an untriaged schema placeholder, not a severity decision
registration-added	common	native_build_entry_closure_undefined_field_kind_2026-08-21	doc/08_tracking/bug/native_build_entry_closure_undefined_field_kind_2026-08-21.md	registered open on 2026-09-21; authored priority retained when explicit; otherwise P3 is an untriaged schema placeholder, not a severity decision
registration-added	common	native_build_entry_closure_unknown_extern_rt_env_vars_2026-09-13	doc/08_tracking/bug/native_build_entry_closure_unknown_extern_rt_env_vars_2026-09-13.md	registered open on 2026-09-21; authored priority retained when explicit; otherwise P3 is an untriaged schema placeholder, not a severity decision
registration-added	common	native_build_entry_module_loses_own_class_methods_multimodule_2026-08-17	doc/08_tracking/bug/native_build_entry_module_loses_own_class_methods_multimodule_2026-08-17.md	registered open on 2026-09-21; authored priority retained when explicit; otherwise P3 is an untriaged schema placeholder, not a severity decision
registration-added	common	native_build_enum_to_int_mismatch_after_hir_2026-09-01	doc/08_tracking/bug/native_build_enum_to_int_mismatch_after_hir_2026-09-01.md	registered open on 2026-09-21; authored priority retained when explicit; otherwise P3 is an untriaged schema placeholder, not a severity decision
exact-status-conflict	common	native_build_fabricates_weak_stub_for_unimplemented_extern_2026-08-18	doc/08_tracking/bug/native_build_fabricates_weak_stub_for_unimplemented_extern_2026-08-18.md	document=OPEN (P1) — silent wrong answer, plus a fail-open in the guard meant to catch exactly this.; DB=fixed; no status change authorized by this audit
exact-status-conflict	common	native_build_filehandle_instance_method_unresolved_2026-08-09	doc/08_tracking/bug/native_build_filehandle_instance_method_unresolved_2026-08-09.md	document=OPEN (P2); DB=closed; no status change authorized by this audit
exact-status-conflict	common	native_build_fixed_cost_floor_hides_incrementality_2026-08-08	doc/08_tracking/bug/native_build_fixed_cost_floor_hides_incrementality_2026-08-08.md	document=OPEN (P3); DB=fixed; no status change authorized by this audit
exact-status-conflict	common	native_build_instance_method_dispatch_unresolved_after_match_bind_2026-08-09	doc/08_tracking/bug/native_build_instance_method_dispatch_unresolved_after_match_bind_2026-08-09.md	document=OPEN (P2); DB=fixed; no status change authorized by this audit
registration-added	common	native_build_interpreted_worker_fixed_2_4gb_floor_2026-08-18	doc/08_tracking/bug/native_build_interpreted_worker_fixed_2_4gb_floor_2026-08-18.md	registered open on 2026-09-21; authored priority retained when explicit; otherwise P3 is an untriaged schema placeholder, not a severity decision
registration-added	common	native_build_interpreted_worker_rss_blowup_2026-08-18	doc/08_tracking/bug/native_build_interpreted_worker_rss_blowup_2026-08-18.md	registered open on 2026-09-21; authored priority retained when explicit; otherwise P3 is an untriaged schema placeholder, not a severity decision
exact-status-conflict	common	native_build_nil_receiver_crash_2026-07-25	doc/08_tracking/bug/native_build_nil_receiver_crash_2026-07-25.md	document=open — bisect/fix in progress; broke SimpleOS harness runs 3-4 and MCP artifact rebuilds; DB=closed; no status change authorized by this audit
exact-status-conflict	common	native_build_no_keep_going_flag_2026-08-17	doc/08_tracking/bug/native_build_no_keep_going_flag_2026-08-17.md	document=OPEN (P3); DB=closed; no status change authorized by this audit
exact-status-conflict	common	native_build_parser_100cps_regression_2026-07-26	doc/08_tracking/bug/native_build_parser_100cps_regression_2026-07-26.md	document=open — measured, root cause not yet isolated; DB=fixed; no status change authorized by this audit
registration-added	common	native_build_parser_rejects_module_level_var_init_2026-08-17	doc/08_tracking/bug/native_build_parser_rejects_module_level_var_init_2026-08-17.md	registered open on 2026-09-21; authored priority retained when explicit; otherwise P3 is an untriaged schema placeholder, not a severity decision
registration-added	common	native_build_per_file_driver_overhead_2026-08-21	doc/08_tracking/bug/native_build_per_file_driver_overhead_2026-08-21.md	registered open on 2026-09-21; authored priority retained when explicit; otherwise P3 is an untriaged schema placeholder, not a severity decision
registration-added	common	native_build_phase3_diagnostics_unreadable_2026-09-02	doc/08_tracking/bug/native_build_phase3_diagnostics_unreadable_2026-09-02.md	registered open on 2026-09-21; authored priority retained when explicit; otherwise P3 is an untriaged schema placeholder, not a severity decision
registration-added	common	native_build_rejects_out_of_tree_entry_2026-08-22	doc/08_tracking/bug/native_build_rejects_out_of_tree_entry_2026-08-22.md	registered open on 2026-09-21; authored priority retained when explicit; otherwise P3 is an untriaged schema placeholder, not a severity decision
registration-added	common	native_build_static_method_owner_unresolved_2026-08-17	doc/08_tracking/bug/native_build_static_method_owner_unresolved_2026-08-17.md	registered open on 2026-09-21; authored priority retained when explicit; otherwise P3 is an untriaged schema placeholder, not a severity decision
registration-added	common	native_build_stderr_spill_drops_fatal_error_2026-09-01	doc/08_tracking/bug/native_build_stderr_spill_drops_fatal_error_2026-09-01.md	registered open on 2026-09-21; authored priority retained when explicit; otherwise P3 is an untriaged schema placeholder, not a severity decision
registration-added	common	native_build_step5_serial_threads_ignored_2026-09-04	doc/08_tracking/bug/native_build_step5_serial_threads_ignored_2026-09-04.md	registered open on 2026-09-21; authored priority retained when explicit; otherwise P3 is an untriaged schema placeholder, not a severity decision
registration-added	common	native_build_tool_closures_hir_mir_gaps_2026-08-31	doc/08_tracking/bug/native_build_tool_closures_hir_mir_gaps_2026-08-31.md	registered open on 2026-09-21; authored priority retained when explicit; otherwise P3 is an untriaged schema placeholder, not a severity decision
registration-added	common	native_build_worker_stderr_swallowed_2026-09-06	doc/08_tracking/bug/native_build_worker_stderr_swallowed_2026-09-06.md	registered open on 2026-09-21; authored priority retained when explicit; otherwise P3 is an untriaged schema placeholder, not a severity decision
registration-added	common	native_cache_misses_identical_second_build_2026-09-13	doc/08_tracking/bug/native_cache_misses_identical_second_build_2026-09-13.md	registered open on 2026-09-21; authored priority retained when explicit; otherwise P3 is an untriaged schema placeholder, not a severity decision
registration-added	common	native_cache_whole_closure_eviction_on_interface_edit_2026-08-17	doc/08_tracking/bug/native_cache_whole_closure_eviction_on_interface_edit_2026-08-17.md	registered open on 2026-09-21; authored priority retained when explicit; otherwise P3 is an untriaged schema placeholder, not a severity decision
registration-added	common	native_codegen_crossmodule_generic_result_u8_erasure_2026-06-22	doc/08_tracking/bug/native_codegen_crossmodule_generic_result_u8_erasure_2026-06-22.md	registered open on 2026-09-21; authored priority retained when explicit; otherwise P3 is an untriaged schema placeholder, not a severity decision
registration-added	common	native_codegen_drops_receiver_for_fn_instance_methods_2026-07-25	doc/08_tracking/bug/native_codegen_drops_receiver_for_fn_instance_methods_2026-07-25.md	registered open on 2026-09-21; authored priority retained when explicit; otherwise P3 is an untriaged schema placeholder, not a severity decision
registration-added	common	native_codegen_missing_slice_lowering_2026-08-21	doc/08_tracking/bug/native_codegen_missing_slice_lowering_2026-08-21.md	registered open on 2026-09-21; authored priority retained when explicit; otherwise P3 is an untriaged schema placeholder, not a severity decision
registration-added	common	native_compile_explicit_panic_diverging_process_ops_2026-08-24	doc/08_tracking/bug/native_compile_explicit_panic_diverging_process_ops_2026-08-24.md	registered open on 2026-09-21; authored priority retained when explicit; otherwise P3 is an untriaged schema placeholder, not a severity decision
registration-added	common	native_dict_get_struct_value_corrupt_option_2026-07-27	doc/08_tracking/bug/native_dict_get_struct_value_corrupt_option_2026-07-27.md	registered open on 2026-09-21; authored priority retained when explicit; otherwise P3 is an untriaged schema placeholder, not a severity decision
registration-added	common	native_dict_len_returns_minus_one_2026-07-27	doc/08_tracking/bug/native_dict_len_returns_minus_one_2026-07-27.md	registered open on 2026-09-21; authored priority retained when explicit; otherwise P3 is an untriaged schema placeholder, not a severity decision
registration-added	common	native_engine2d_runtime_queue_symbols_2026-06-14	doc/08_tracking/bug/native_engine2d_runtime_queue_symbols_2026-06-14.md	registered open on 2026-09-21; authored priority retained when explicit; otherwise P3 is an untriaged schema placeholder, not a severity decision
registration-added	windows	native_entry_closure_requires_unavailable_rt_env_vars_2026-09-09	doc/08_tracking/bug/native_entry_closure_requires_unavailable_rt_env_vars_2026-09-09.md	registered open on 2026-09-21; authored priority retained when explicit; otherwise P3 is an untriaged schema placeholder, not a severity decision
registration-added	common	native_erased_by_name_method_dispatch_absent_2026-08-18	doc/08_tracking/bug/native_erased_by_name_method_dispatch_absent_2026-08-18.md	registered open on 2026-09-21; authored priority retained when explicit; otherwise P3 is an untriaged schema placeholder, not a severity decision
exact-status-conflict	common	native_lambda_capture_scan_excludes_interpolated_strings_2026-07-17	doc/08_tracking/bug/native_lambda_capture_scan_excludes_interpolated_strings_2026-07-17.md	document=open; DB=fixed; no status change authorized by this audit
exact-status-conflict	common	native_loglevel_enum_self_corruption_kernel_lane_2026-07-19	doc/08_tracking/bug/native_loglevel_enum_self_corruption_kernel_lane_2026-07-19.md	document=OPEN; DB=closed; no status change authorized by this audit
registration-added	common	native_object_cache_ignores_dependency_interface_change_2026-08-17	doc/08_tracking/bug/native_object_cache_ignores_dependency_interface_change_2026-08-17.md	registered open on 2026-09-21; authored priority retained when explicit; otherwise P3 is an untriaged schema placeholder, not a severity decision
registration-added	common	native_print_of_runtime_array_emits_nothing_2026-08-25	doc/08_tracking/bug/native_print_of_runtime_array_emits_nothing_2026-08-25.md	registered open on 2026-09-21; authored priority retained when explicit; otherwise P3 is an untriaged schema placeholder, not a severity decision
exact-status-conflict	common	native_project_src_std_platform_alias_owner_loss_2026_08_03	doc/08_tracking/bug/native_project_src_std_platform_alias_owner_loss_2026_08_03.md	document=open; DB=fixed; no status change authorized by this audit
registration-added	common	native_struct_closure_capture_hang_2026-06-05	doc/08_tracking/bug/native_struct_closure_capture_hang_2026-06-05.md	registered open on 2026-09-21; authored priority retained when explicit; otherwise P3 is an untriaged schema placeholder, not a severity decision
registration-added	common	native_text_bracket_index_no_string_lowering_2026-07-17	doc/08_tracking/bug/native_text_bracket_index_no_string_lowering_2026-07-17.md	registered open on 2026-09-21; authored priority retained when explicit; otherwise P3 is an untriaged schema placeholder, not a severity decision
registration-added	common	native_text_struct_field_reads_garbage_int_content_hash_2026-09-07	doc/08_tracking/bug/native_text_struct_field_reads_garbage_int_content_hash_2026-09-07.md	registered open on 2026-09-21; authored priority retained when explicit; otherwise P3 is an untriaged schema placeholder, not a severity decision
exact-status-conflict	common	native_trailing_default_param_guard_red_at_origin_tip_2026-08-15	doc/08_tracking/bug/native_trailing_default_param_guard_red_at_origin_tip_2026-08-15.md	document=PARTIALLY FIXED 2026-08-17 — the guard-shape half of this row (silent exit 1 with no verdict line when the binary is absent) is CLOSED: the guard now prints an ERROR verdict and exits 2, and SIMPLEBINARY is injectable. The native-build half is OPEN and is now tracked by nativetrailingdefaultparamguardthreestagered2026-08-17.md (Cause 2).; DB=closed; no status change authorized by this audit
registration-added	common	native_trailing_default_param_guard_three_stage_red_2026-08-17	doc/08_tracking/bug/native_trailing_default_param_guard_three_stage_red_2026-08-17.md	registered open on 2026-09-21; authored priority retained when explicit; otherwise P3 is an untriaged schema placeholder, not a severity decision
registration-added	linux	native_typed_array_element_read_loses_element_type_2026-08-24	doc/08_tracking/bug/native_typed_array_element_read_loses_element_type_2026-08-24.md	registered open on 2026-09-21; authored priority retained when explicit; otherwise P3 is an untriaged schema placeholder, not a severity decision
registration-added	common	native_typed_array_text_element_destroyed_at_store_2026-08-24	doc/08_tracking/bug/native_typed_array_text_element_destroyed_at_store_2026-08-24.md	registered open on 2026-09-21; authored priority retained when explicit; otherwise P3 is an untriaged schema placeholder, not a severity decision
registration-added	common	native_untyped_return_fn_drops_tail_value_2026-09-13	doc/08_tracking/bug/native_untyped_return_fn_drops_tail_value_2026-09-13.md	registered open on 2026-09-21; authored priority retained when explicit; otherwise P3 is an untriaged schema placeholder, not a severity decision
registration-added	common	nested_array_element_bound_to_var_copies_2026-09-05	doc/08_tracking/bug/nested_array_element_bound_to_var_copies_2026-09-05.md	registered open on 2026-09-21; authored priority retained when explicit; otherwise P3 is an untriaged schema placeholder, not a severity decision
exact-status-conflict	common	nested_fn_closure_mutation_not_propagated_2026-07-20	doc/08_tracking/bug/nested_fn_closure_mutation_not_propagated_2026-07-20.md	document=open (found triaging test/shared/controlflow/fnlambdaspec.spl); DB=closed; no status change authorized by this audit
exact-status-conflict	common	nested_fn_in_spec_block_loses_captured_local_2026-08-04	doc/08_tracking/bug/nested_fn_in_spec_block_loses_captured_local_2026-08-04.md	document=FIXED (2026-09-19), in two parts. Part 1, in the Rust seed's call; DB=open; no status change authorized by this audit
registration-added	common	nested_use_in_it_block_cannot_resolve_transitive_enums_2026-09-05	doc/08_tracking/bug/nested_use_in_it_block_cannot_resolve_transitive_enums_2026-09-05.md	registered open on 2026-09-21; authored priority retained when explicit; otherwise P3 is an untriaged schema placeholder, not a severity decision
registration-added	common	networking_fragment_accumulator_quadratic_neighbors_2026-08-21	doc/08_tracking/bug/networking_fragment_accumulator_quadratic_neighbors_2026-08-21.md	registered open on 2026-09-21; authored priority retained when explicit; otherwise P3 is an untriaged schema placeholder, not a severity decision
registration-added	common	newunit_unconstructible_from_source_2026-09-01	doc/08_tracking/bug/newunit_unconstructible_from_source_2026-09-01.md	registered open on 2026-09-21; authored priority retained when explicit; otherwise P3 is an untriaged schema placeholder, not a severity decision
registration-added	common	nll_mut_borrow_of_local_false_positive_at_return_2026-08-24	doc/08_tracking/bug/nll_mut_borrow_of_local_false_positive_at_return_2026-08-24.md	registered open on 2026-09-21; authored priority retained when explicit; otherwise P3 is an untriaged schema placeholder, not a severity decision
registration-added	common	noalloc_collections_backed_by_growable_heap_array_2026-08-07	doc/08_tracking/bug/noalloc_collections_backed_by_growable_heap_array_2026-08-07.md	registered open on 2026-09-21; authored priority retained when explicit; otherwise P3 is an untriaged schema placeholder, not a severity decision
registration-added	common	nogc_async_mut_missing_modules_2026-09-16	doc/08_tracking/bug/nogc_async_mut_missing_modules_2026-09-16.md	registered open on 2026-09-21; authored priority retained when explicit; otherwise P3 is an untriaged schema placeholder, not a severity decision
registration-added	common	nogc_async_mut_unbacked_externs_and_missing_fns_2026-09-16	doc/08_tracking/bug/nogc_async_mut_unbacked_externs_and_missing_fns_2026-09-16.md	registered open on 2026-09-21; authored priority retained when explicit; otherwise P3 is an untriaged schema placeholder, not a severity decision
registration-added	common	nvme_emu_media_truncates_page_word0_to_one_byte_2026-09-01	doc/08_tracking/bug/nvme_emu_media_truncates_page_word0_to_one_byte_2026-09-01.md	registered open on 2026-09-21; authored priority retained when explicit; otherwise P3 is an untriaged schema placeholder, not a severity decision
registration-added	common	nvme_emu_typed_seam_has_no_read_disturb_injector_2026-09-01	doc/08_tracking/bug/nvme_emu_typed_seam_has_no_read_disturb_injector_2026-09-01.md	registered open on 2026-09-21; authored priority retained when explicit; otherwise P3 is an untriaged schema placeholder, not a severity decision
registration-added	common	nvme_gen_spec_exceeds_runner_budget_after_rescoring_2026-09-01	doc/08_tracking/bug/nvme_gen_spec_exceeds_runner_budget_after_rescoring_2026-09-01.md	registered open on 2026-09-21; authored priority retained when explicit; otherwise P3 is an untriaged schema placeholder, not a severity decision
exact-status-conflict	common	office_md_block_named_field_on_unlabeled_tuple_2026-07-20	doc/08_tracking/bug/office_md_block_named_field_on_unlabeled_tuple_2026-07-20.md	document=open; DB=fixed; no status change authorized by this audit
registration-added	common	office_plan_acceptance_spec_reads_wrong_evidence_root_2026-09-06	doc/08_tracking/bug/office_plan_acceptance_spec_reads_wrong_evidence_root_2026-09-06.md	registered open on 2026-09-21; authored priority retained when explicit; otherwise P3 is an untriaged schema placeholder, not a severity decision
registration-added	common	office_three_host_residual_render_divergence_2026-08-19	doc/08_tracking/bug/office_three_host_residual_render_divergence_2026-08-19.md	registered open on 2026-09-21; authored priority retained when explicit; otherwise P3 is an untriaged schema placeholder, not a severity decision
registration-added	common	only_compiled_dead_tag_sweep_2026-07-03	doc/08_tracking/bug/only_compiled_dead_tag_sweep_2026-07-03.md	registered open on 2026-09-21; authored priority retained when explicit; otherwise P3 is an untriaged schema placeholder, not a severity decision
exact-status-conflict	common	opencl_backend_helper_compiled_module_shadow_2026_06_04	doc/08_tracking/bug/opencl_backend_helper_compiled_module_shadow_2026_06_04.md	document=open; DB=closed; no status change authorized by this audit
exact-status-conflict	common	openocd_bscan_tunnel_incompatible_with_v1_bridge_2026-07-24	doc/08_tracking/bug/openocd_bscan_tunnel_incompatible_with_v1_bridge_2026-07-24.md	document=open (design gap, not a regression); DB=closed; no status change authorized by this audit
registration-added	common	option_class_unwrap_binding_copies_instead_of_referencing_2026-09-13	doc/08_tracking/bug/option_class_unwrap_binding_copies_instead_of_referencing_2026-09-13.md	registered open on 2026-09-21; authored priority retained when explicit; otherwise P3 is an untriaged schema placeholder, not a severity decision
registration-added	common	option_pattern_against_result_value_matches_nothing_2026-09-19	doc/08_tracking/bug/option_pattern_against_result_value_matches_nothing_2026-09-19.md	registered open on 2026-09-21; authored priority retained when explicit; otherwise P3 is an untriaged schema placeholder, not a severity decision
registration-added	common	option_predicate_returns_payload_not_bool_2026-07-28	doc/08_tracking/bug/option_predicate_returns_payload_not_bool_2026-07-28.md	registered open on 2026-09-21; authored priority retained when explicit; otherwise P3 is an untriaged schema placeholder, not a severity decision
registration-added	common	optional_i64_return_payload_corruption_2026-08-31	doc/08_tracking/bug/optional_i64_return_payload_corruption_2026-08-31.md	registered open on 2026-09-21; authored priority retained when explicit; otherwise P3 is an untriaged schema placeholder, not a severity decision
registration-added	common	optional_query_operator_identity_passthrough_2026-07-20	doc/08_tracking/bug/optional_query_operator_identity_passthrough_2026-07-20.md	registered open on 2026-09-21; authored priority retained when explicit; otherwise P3 is an untriaged schema placeholder, not a severity decision
registration-added	common	optional_scalar_unwrap_returns_box_address_baremetal_2026-08-31	doc/08_tracking/bug/optional_scalar_unwrap_returns_box_address_baremetal_2026-08-31.md	registered open on 2026-09-21; authored priority retained when explicit; otherwise P3 is an untriaged schema placeholder, not a severity decision
registration-added	common	ora_batch_aa_pre_existing_red_specs_2026-08-26	doc/08_tracking/bug/ora_batch_aa_pre_existing_red_specs_2026-08-26.md	registered open on 2026-09-21; authored priority retained when explicit; otherwise P3 is an untriaged schema placeholder, not a severity decision
registration-added	common	origin_main_not_test_runnable_env_access_host_parse_2026-08-25	doc/08_tracking/bug/origin_main_not_test_runnable_env_access_host_parse_2026-08-25.md	registered open on 2026-09-21; authored priority retained when explicit; otherwise P3 is an untriaged schema placeholder, not a severity decision
registration-added	common	origin_main_seed_unbuildable_duplicate_heap_counter_symbols_2026-08-16	doc/08_tracking/bug/origin_main_seed_unbuildable_duplicate_heap_counter_symbols_2026-08-16.md	registered open on 2026-09-21; authored priority retained when explicit; otherwise P3 is an untriaged schema placeholder, not a severity decision
registration-added	common	orphaned_part_files_never_imported_2026-09-18	doc/08_tracking/bug/orphaned_part_files_never_imported_2026-09-18.md	registered open on 2026-09-21; authored priority retained when explicit; otherwise P3 is an untriaged schema placeholder, not a severity decision
exact-status-conflict	common	p256_fe_from_bytes_missing_ct_property_blocked_2026-07-20	doc/08_tracking/bug/p256_fe_from_bytes_missing_ct_property_blocked_2026-07-20.md	document=OPEN.; DB=fixed; no status change authorized by this audit
exact-status-conflict	common	p256_stack_imports_nonexistent_fe_p256_module_2026-08-04	doc/08_tracking/bug/p256_stack_imports_nonexistent_fe_p256_module_2026-08-04.md	document=OPEN; DB=closed; no status change authorized by this audit
registration-added	common	paren_tail_after_block_match_val_parsed_as_call_2026-08-18	doc/08_tracking/bug/paren_tail_after_block_match_val_parsed_as_call_2026-08-18.md	registered open on 2026-09-21; authored priority retained when explicit; otherwise P3 is an untriaged schema placeholder, not a severity decision
registration-added	common	parent_commit_piped_reader_no_reassembly_2026-09-16	doc/08_tracking/bug/parent_commit_piped_reader_no_reassembly_2026-09-16.md	registered open on 2026-09-21; authored priority retained when explicit; otherwise P3 is an untriaged schema placeholder, not a severity decision
registration-added	common	parser_bare_reassignment_multiline_continuation_2026-07-25	doc/08_tracking/bug/parser_bare_reassignment_multiline_continuation_2026-07-25.md	registered open on 2026-09-21; authored priority retained when explicit; otherwise P3 is an untriaged schema placeholder, not a severity decision
exact-status-conflict	common	parser_bare_trailing_neg_literal_folds_prev_line_2026-07-27	doc/08_tracking/bug/parser_bare_trailing_neg_literal_folds_prev_line_2026-07-27.md	document=open; DB=closed; no status change authorized by this audit
registration-added	common	parser_block_if_expr_trailing_inline_else_2026-08-17	doc/08_tracking/bug/parser_block_if_expr_trailing_inline_else_2026-08-17.md	registered open on 2026-09-21; authored priority retained when explicit; otherwise P3 is an untriaged schema placeholder, not a severity decision
registration-added	common	parser_common_mistake_hint_spam_on_stdlib_2026-07-25	doc/08_tracking/bug/parser_common_mistake_hint_spam_on_stdlib_2026-07-25.md	registered open on 2026-09-21; authored priority retained when explicit; otherwise P3 is an untriaged schema placeholder, not a severity decision
exact-status-conflict	common	parser_hangs_on_it_block_inside_function_body_2026-09-06	doc/08_tracking/bug/parser_hangs_on_it_block_inside_function_body_2026-09-06.md	document=OPEN (source of the hang worked around; parser defect unfixed); DB=closed; no status change authorized by this audit
registration-added	common	parser_or_pattern_line_continuation_2026-08-17	doc/08_tracking/bug/parser_or_pattern_line_continuation_2026-08-17.md	registered open on 2026-09-21; authored priority retained when explicit; otherwise P3 is an untriaged schema placeholder, not a severity decision
registration-added	common	parser_same_indent_leading_operator_continuation_2026-08-17	doc/08_tracking/bug/parser_same_indent_leading_operator_continuation_2026-08-17.md	registered open on 2026-09-21; authored priority retained when explicit; otherwise P3 is an untriaged schema placeholder, not a severity decision
registration-added	common	parser_step_decorator_string_form_2026-07-02	doc/08_tracking/bug/parser_step_decorator_string_form_2026-07-02.md	registered open on 2026-09-21; authored priority retained when explicit; otherwise P3 is an untriaged schema placeholder, not a severity decision
exact-status-conflict	common	paseto_v4_tampered_token_signature_accepted_2026-07-20	doc/08_tracking/bug/paseto_v4_tampered_token_signature_accepted_2026-07-20.md	document=OPEN.; DB=fixed; no status change authorized by this audit
registration-added	simpleos	path_based_fs_syscalls_fake_success_2026-08-06	doc/08_tracking/bug/path_based_fs_syscalls_fake_success_2026-08-06.md	registered open on 2026-09-21; authored priority retained when explicit; otherwise P3 is an untriaged schema placeholder, not a severity decision
registration-added	common	payload_widening_did_not_reach_emu_backend_2026-09-01	doc/08_tracking/bug/payload_widening_did_not_reach_emu_backend_2026-09-01.md	registered open on 2026-09-21; authored priority retained when explicit; otherwise P3 is an untriaged schema placeholder, not a severity decision
registration-added	common	pem_decode_superlinear_and_jit_dropped_2026-08-05	doc/08_tracking/bug/pem_decode_superlinear_and_jit_dropped_2026-08-05.md	registered open on 2026-09-21; authored priority retained when explicit; otherwise P3 is an untriaged schema placeholder, not a severity decision
exact-status-conflict	common	pem_encode_bytes_method_not_found_on_array_2026-07-20	doc/08_tracking/bug/pem_encode_bytes_method_not_found_on_array_2026-07-20.md	document=OPEN — root cause not fully localized, needs a source-owner; DB=fixed; no status change authorized by this audit
registration-added	common	perf_spec_binary_resolution_falls_through_to_deployed_seed_2026-09-13	doc/08_tracking/bug/perf_spec_binary_resolution_falls_through_to_deployed_seed_2026-09-13.md	registered open on 2026-09-21; authored priority retained when explicit; otherwise P3 is an untriaged schema placeholder, not a severity decision
registration-added	common	perf_specs_blocked_no_self_hosted_binary_and_unregistered_font_fixture_2026-08-18	doc/08_tracking/bug/perf_specs_blocked_no_self_hosted_binary_and_unregistered_font_fixture_2026-08-18.md	registered open on 2026-09-21; authored priority retained when explicit; otherwise P3 is an untriaged schema placeholder, not a severity decision
registration-added	common	perf_wall_clock_ratio_unmeasurable_on_loaded_host_2026-09-13	doc/08_tracking/bug/perf_wall_clock_ratio_unmeasurable_on_loaded_host_2026-09-13.md	registered open on 2026-09-21; authored priority retained when explicit; otherwise P3 is an untriaged schema placeholder, not a severity decision
registration-added	common	persistent_vec_from_array_of_static_method_unresolved_2026-07-20	doc/08_tracking/bug/persistent_vec_from_array_of_static_method_unresolved_2026-07-20.md	registered open on 2026-09-21; authored priority retained when explicit; otherwise P3 is an untriaged schema placeholder, not a severity decision
registration-added	other-platform	phase2_native_build_hello_world_invalid_heap_and_scorer_segv_2026-09-05	doc/08_tracking/bug/phase2_native_build_hello_world_invalid_heap_and_scorer_segv_2026-09-05.md	registered open on 2026-09-21; authored priority retained when explicit; otherwise P3 is an untriaged schema placeholder, not a severity decision
registration-added	linux	phase2_stage2_native_build_len_on_i64_aarch64_linux_2026-09-13	doc/08_tracking/bug/phase2_stage2_native_build_len_on_i64_aarch64_linux_2026-09-13.md	registered open on 2026-09-21; authored priority retained when explicit; otherwise P3 is an untriaged schema placeholder, not a severity decision
registration-added	common	phase3_strict_jit_sffi_env_get_i64_blocker_2026-08-31	doc/08_tracking/bug/phase3_strict_jit_sffi_env_get_i64_blocker_2026-08-31.md	registered open on 2026-09-21; authored priority retained when explicit; otherwise P3 is an untriaged schema placeholder, not a severity decision
registration-added	common	phase_profile_flag_unusable_seed_missing_rt_heap_registry_count_2026-07-20	doc/08_tracking/bug/phase_profile_flag_unusable_seed_missing_rt_heap_registry_count_2026-07-20.md	registered open on 2026-09-21; authored priority retained when explicit; otherwise P3 is an untriaged schema placeholder, not a severity decision
registration-added	common	pid1_target_service_manager_missing_2026-08-11	doc/08_tracking/bug/pid1_target_service_manager_missing_2026-08-11.md	registered open on 2026-09-21; authored priority retained when explicit; otherwise P3 is an untriaged schema placeholder, not a severity decision
registration-added	common	placeholder_lambda_scoping_nested_ordinary_call_2026-08-31	doc/08_tracking/bug/placeholder_lambda_scoping_nested_ordinary_call_2026-08-31.md	registered open on 2026-09-21; authored priority retained when explicit; otherwise P3 is an untriaged schema placeholder, not a severity decision
registration-added	common	platform_module_shadowing_and_unknown_import_segv_2026-09-01	doc/08_tracking/bug/platform_module_shadowing_and_unknown_import_segv_2026-09-01.md	registered open on 2026-09-21; authored priority retained when explicit; otherwise P3 is an untriaged schema placeholder, not a severity decision
registration-added	common	poll_unwrap_second_bind_site_lower_and_check_impl_2026-08-25	doc/08_tracking/bug/poll_unwrap_second_bind_site_lower_and_check_impl_2026-08-25.md	registered open on 2026-09-21; authored priority retained when explicit; otherwise P3 is an untriaged schema placeholder, not a severity decision
exact-status-conflict	common	poly1305_key_gen_missing_2026-07-20	doc/08_tracking/bug/poly1305_key_gen_missing_2026-07-20.md	document=OPEN.; DB=fixed; no status change authorized by this audit
exact-status-conflict	common	portable_compute_cuda_emitter_pure_simple_segfault_2026-07-17	doc/08_tracking/bug/portable_compute_cuda_emitter_pure_simple_segfault_2026-07-17.md	document=Open; DB=closed; no status change authorized by this audit
registration-added	windows	posix_gated_runtime_symbols_invisible_on_windows_2026-08-31	doc/08_tracking/bug/posix_gated_runtime_symbols_invisible_on_windows_2026-08-31.md	registered open on 2026-09-21; authored priority retained when explicit; otherwise P3 is an untriaged schema placeholder, not a severity decision
registration-added	common	pr255_host_path_native_corrupts_posix_paths_and_costs_unix_2026-09-02	doc/08_tracking/bug/pr255_host_path_native_corrupts_posix_paths_and_costs_unix_2026-09-02.md	registered open on 2026-09-21; authored priority retained when explicit; otherwise P3 is an untriaged schema placeholder, not a severity decision
registration-added	common	pre_push_hook_selftest_commits_fixtures_into_invoking_repo_2026-08-21	doc/08_tracking/bug/pre_push_hook_selftest_commits_fixtures_into_invoking_repo_2026-08-21.md	registered open on 2026-09-21; authored priority retained when explicit; otherwise P3 is an untriaged schema placeholder, not a severity decision
registration-added	common	preexisting_main_gate_debt_blocking_all_prs_2026-08-31	doc/08_tracking/bug/preexisting_main_gate_debt_blocking_all_prs_2026-08-31.md	registered open on 2026-09-21; authored priority retained when explicit; otherwise P3 is an untriaged schema placeholder, not a severity decision
registration-added	common	prepush_ratchet_guards_preexisting_red_blocks_unrelated_lanes_2026-08-16	doc/08_tracking/bug/prepush_ratchet_guards_preexisting_red_blocks_unrelated_lanes_2026-08-16.md	registered open on 2026-09-21; authored priority retained when explicit; otherwise P3 is an untriaged schema placeholder, not a severity decision
registration-added	common	primitive_api_allow_annotation_unimplemented_2026-08-11	doc/08_tracking/bug/primitive_api_allow_annotation_unimplemented_2026-08-11.md	registered open on 2026-09-21; authored priority retained when explicit; otherwise P3 is an untriaged schema placeholder, not a severity decision
registration-added	windows	print_raw_builtin_unknown_to_selfhosted_hir_2026-09-03	doc/08_tracking/bug/print_raw_builtin_unknown_to_selfhosted_hir_2026-09-03.md	registered open on 2026-09-21; authored priority retained when explicit; otherwise P3 is an untriaged schema placeholder, not a severity decision
exact-status-conflict	linux	processing_ir_cuda_vulkan_fill64_parity_2026-07-26	doc/08_tracking/bug/processing_ir_cuda_vulkan_fill64_parity_2026-07-26.md	document=open; DB=closed; no status change authorized by this audit
registration-added	common	production_gui_font_offload_runtime_readback_2026-06-23	doc/08_tracking/bug/production_gui_font_offload_runtime_readback_2026-06-23.md	registered open on 2026-09-21; authored priority retained when explicit; otherwise P3 is an untriaged schema placeholder, not a severity decision
exact-status-conflict	common	proton_wine_fixture_api_redesign_2026-07-20	doc/08_tracking/bug/proton_wine_fixture_api_redesign_2026-07-20.md	document=open — classification only, no fix attempted; DB=fixed; no status change authorized by this audit
registration-added	common	provider_query_result_v2_wire_codec_missing_2026-09-13	doc/08_tracking/bug/provider_query_result_v2_wire_codec_missing_2026-09-13.md	registered open on 2026-09-21; authored priority retained when explicit; otherwise P3 is an untriaged schema placeholder, not a severity decision
registration-added	common	pure_backend_naked_fn_gaps_2026-08-28	doc/08_tracking/bug/pure_backend_naked_fn_gaps_2026-08-28.md	registered open on 2026-09-21; authored priority retained when explicit; otherwise P3 is an untriaged schema placeholder, not a severity decision
exact-status-conflict	common	pure_simple_full_cli_process_run_inherit_spipe_docgen_crash_2026-07-18	doc/08_tracking/bug/pure_simple_full_cli_process_run_inherit_spipe_docgen_crash_2026-07-18.md	document=open; DB=closed; no status change authorized by this audit
exact-status-conflict	common	pure_simple_spipe_docgen_vector_font_spec_crash_2026-07-11	doc/08_tracking/bug/pure_simple_spipe_docgen_vector_font_spec_crash_2026-07-11.md	document=open; DB=closed; no status change authorized by this audit
registration-added	common	pure_simple_strict_mem_nil_init_ambiguity_2026-07-30	doc/08_tracking/bug/pure_simple_strict_mem_nil_init_ambiguity_2026-07-30.md	registered open on 2026-09-21; authored priority retained when explicit; otherwise P3 is an untriaged schema placeholder, not a severity decision
exact-status-conflict	common	pure_simple_test_runner_core_c_runtime_abi_gap_2026-07-17	doc/08_tracking/bug/pure_simple_test_runner_core_c_runtime_abi_gap_2026-07-17.md	document=Open; DB=closed; no status change authorized by this audit
registration-added	common	pure_sql_reopen_checkpointed_file_stack_overflow_2026-08-25	doc/08_tracking/bug/pure_sql_reopen_checkpointed_file_stack_overflow_2026-08-25.md	registered open on 2026-09-21; authored priority retained when explicit; otherwise P3 is an untriaged schema placeholder, not a severity decision
registration-added	common	query_lint_unused_nested_scope_2026-08-24	doc/08_tracking/bug/query_lint_unused_nested_scope_2026-08-24.md	registered open on 2026-09-21; authored priority retained when explicit; otherwise P3 is an untriaged schema placeholder, not a severity decision
registration-added	common	quic_h3_transport_tls_blocker_2026-08-20	doc/08_tracking/bug/quic_h3_transport_tls_blocker_2026-08-20.md	registered open on 2026-09-21; authored priority retained when explicit; otherwise P3 is an untriaged schema placeholder, not a severity decision
exact-status-conflict	common	range_builtin_missing_step_argument_2026-07-20	doc/08_tracking/bug/range_builtin_missing_step_argument_2026-07-20.md	document=open (found triaging test/feature/usage/loopsspec.spl); DB=closed; no status change authorized by this audit
registration-added	common	raw_mode_disable_refcell_double_borrow_2026-07-04	doc/08_tracking/bug/raw_mode_disable_refcell_double_borrow_2026-07-04.md	registered open on 2026-09-21; authored priority retained when explicit; otherwise P3 is an untriaged schema placeholder, not a severity decision
exact-status-conflict	common	rawhandle_generational_id_api_drift_2026-07-20	doc/08_tracking/bug/rawhandle_generational_id_api_drift_2026-07-20.md	document=open — needs an owner decision, not a mechanical test fix; DB=fixed; no status change authorized by this audit
registration-added	common	readme_arrow_match_arm_syntax_does_not_parse_2026-09-19	doc/08_tracking/bug/readme_arrow_match_arm_syntax_does_not_parse_2026-09-19.md	registered open on 2026-09-21; authored priority retained when explicit; otherwise P3 is an untriaged schema placeholder, not a severity decision
registration-added	common	readonly_struct_receiver_copy_registry_exhaustion_2026-08-12	doc/08_tracking/bug/readonly_struct_receiver_copy_registry_exhaustion_2026-08-12.md	registered open on 2026-09-21; authored priority retained when explicit; otherwise P3 is an untriaged schema placeholder, not a severity decision
registration-added	common	recoverable_unwind_backend_abi_missing_2026-08-25	doc/08_tracking/bug/recoverable_unwind_backend_abi_missing_2026-08-25.md	registered open on 2026-09-21; authored priority retained when explicit; otherwise P3 is an untriaged schema placeholder, not a severity decision
exact-status-conflict	common	redeploy_gate_struct_copy_time_flip_2026-07-25	doc/08_tracking/bug/redeploy_gate_struct_copy_time_flip_2026-07-25.md	document=open — deploy policy fell back to gate-parity (candidate = incumbent = 10/11); DB=closed; no status change authorized by this audit
exact-status-conflict	common	ref_debug_profiler_handle_stops_aliasing_unless_tail_expression_2026-08-09	doc/08_tracking/bug/ref_debug_profiler_handle_stops_aliasing_unless_tail_expression_2026-08-09.md	document=OPEN — worked around in src/app/simplelab/labdebug.spl; DB=closed; no status change authorized by this audit
exact-status-conflict	common	regeneration_spec_asserts_nonexistent_conversion_is_safe_theorem_2026-08-17	doc/08_tracking/bug/regeneration_spec_asserts_nonexistent_conversion_is_safe_theorem_2026-08-17.md	document=OPEN (P2) — REOPENED 2026-08-21: the claimed generator change is absent from the tree (conversionissafe has 0 hits in src/compilerrust/lib/std/src/verification/regenerate/memorycapabilities.spl; none of its buildtheorem names is it), while test/00formalverification/compiler/regenerationspec.spl:26 still asserts theorem conversionissafe. The only occurrence is the hand-written lib/std/src/memory/proofs/capabilities.lean:195, which the spec does not read. The "Resolution" section below records a decision that was never landed in the PRODUCT.; DB=fixed; no status change authorized by this audit
registration-added	common	regex_engine_no_spl_candidate_verify_api_2026-06-15	doc/08_tracking/bug/regex_engine_no_spl_candidate_verify_api_2026-06-15.md	registered open on 2026-09-21; authored priority retained when explicit; otherwise P3 is an untriaged schema placeholder, not a severity decision
registration-added	common	rel_health_rber_and_corrected_events_blind_to_ladder_recoveries_2026-09-01	doc/08_tracking/bug/rel_health_rber_and_corrected_events_blind_to_ladder_recoveries_2026-09-01.md	registered open on 2026-09-21; authored priority retained when explicit; otherwise P3 is an untriaged schema placeholder, not a severity decision
registration-added	common	relative_use_with_brace_member_list_fails_to_parse_2026-08-17	doc/08_tracking/bug/relative_use_with_brace_member_list_fails_to_parse_2026-08-17.md	registered open on 2026-09-21; authored priority retained when explicit; otherwise P3 is an untriaged schema placeholder, not a severity decision
registration-added	common	release_cli_dispatch_functions_missing_2026-09-07	doc/08_tracking/bug/release_cli_dispatch_functions_missing_2026-09-07.md	registered open on 2026-09-21; authored priority retained when explicit; otherwise P3 is an untriaged schema placeholder, not a severity decision
registration-added	common	render_lane_specs_import_nonexistent_modules_2026-08-08	doc/08_tracking/bug/render_lane_specs_import_nonexistent_modules_2026-08-08.md	registered open on 2026-09-21; authored priority retained when explicit; otherwise P3 is an untriaged schema placeholder, not a severity decision
exact-status-conflict	common	render_spl_specs_cannot_execute_mmio_externs_2026-08-06	doc/08_tracking/bug/render_spl_specs_cannot_execute_mmio_externs_2026-08-06.md	document=Open; DB=fixed; no status change authorized by this audit
registration-added	common	renderdoc_seed_sigbus_cross_module_call_2026-09-13	doc/08_tracking/bug/renderdoc_seed_sigbus_cross_module_call_2026-09-13.md	registered open on 2026-09-21; authored priority retained when explicit; otherwise P3 is an untriaged schema placeholder, not a severity decision
registration-added	common	req_app_io_001_regex_sffi_migration_missing_2026-09-18	doc/08_tracking/bug/req_app_io_001_regex_sffi_migration_missing_2026-09-18.md	registered open on 2026-09-21; authored priority retained when explicit; otherwise P3 is an untriaged schema placeholder, not a severity decision
registration-added	common	resolve_methods_never_runs_on_real_compile_path_2026-09-01	doc/08_tracking/bug/resolve_methods_never_runs_on_real_compile_path_2026-09-01.md	registered open on 2026-09-21; authored priority retained when explicit; otherwise P3 is an untriaged schema placeholder, not a severity decision
registration-added	common	result_bound_text_payload_lost_in_stage2_native_codegen_2026-09-13	doc/08_tracking/bug/result_bound_text_payload_lost_in_stage2_native_codegen_2026-09-13.md	registered open on 2026-09-21; authored priority retained when explicit; otherwise P3 is an untriaged schema placeholder, not a severity decision
registration-added	common	resume_stage3_silent_exit_on_source_drift_2026-09-02	doc/08_tracking/bug/resume_stage3_silent_exit_on_source_drift_2026-09-02.md	registered open on 2026-09-21; authored priority retained when explicit; otherwise P3 is an untriaged schema placeholder, not a severity decision
registration-added	common	rfind_sentinel_vs_optional_contract_split_2026-08-18	doc/08_tracking/bug/rfind_sentinel_vs_optional_contract_split_2026-08-18.md	registered open on 2026-09-21; authored priority retained when explicit; otherwise P3 is an untriaged schema placeholder, not a severity decision
registration-added	common	riscv32_cmo_uses_riscv64_only_provider_2026-08-26	doc/08_tracking/bug/riscv32_cmo_uses_riscv64_only_provider_2026-08-26.md	registered open on 2026-09-21; authored priority retained when explicit; otherwise P3 is an untriaged schema placeholder, not a severity decision
exact-status-conflict	common	riscv64_cranelift_smf_fs_boot_regression_2026-06-14	doc/08_tracking/bug/riscv64_cranelift_smf_fs_boot_regression_2026-06-14.md	document=OPEN (re-triaged 2026-09-13 — see the note at the end of this file); DB=closed; no status change authorized by this audit
registration-added	common	riscv64_freestanding_bool_in_collection_always_true_2026-09-01	doc/08_tracking/bug/riscv64_freestanding_bool_in_collection_always_true_2026-09-01.md	registered open on 2026-09-21; authored priority retained when explicit; otherwise P3 is an untriaged schema placeholder, not a severity decision
registration-added	common	riscv64_freestanding_len_eq_zero_guard_never_fires_2026-09-01	doc/08_tracking/bug/riscv64_freestanding_len_eq_zero_guard_never_fires_2026-09-01.md	registered open on 2026-09-21; authored priority retained when explicit; otherwise P3 is an untriaged schema placeholder, not a severity decision
registration-added	common	riscv64_freestanding_me_method_invocation_traps_2026-08-31	doc/08_tracking/bug/riscv64_freestanding_me_method_invocation_traps_2026-08-31.md	registered open on 2026-09-21; authored priority retained when explicit; otherwise P3 is an untriaged schema placeholder, not a severity decision
registration-added	common	riscv64_freestanding_runtime_text_len_and_loop_concat_2026-08-31	doc/08_tracking/bug/riscv64_freestanding_runtime_text_len_and_loop_concat_2026-08-31.md	registered open on 2026-09-21; authored priority retained when explicit; otherwise P3 is an untriaged schema placeholder, not a severity decision
registration-added	common	riscv64_freestanding_text_neq_empty_literal_true_for_zero_length_2026-09-01	doc/08_tracking/bug/riscv64_freestanding_text_neq_empty_literal_true_for_zero_length_2026-09-01.md	registered open on 2026-09-21; authored priority retained when explicit; otherwise P3 is an untriaged schema placeholder, not a severity decision
registration-added	common	riscv64_freestanding_toplevel_decl_walk_names_both_functions_add_2026-09-01	doc/08_tracking/bug/riscv64_freestanding_toplevel_decl_walk_names_both_functions_add_2026-09-01.md	registered open on 2026-09-21; authored priority retained when explicit; otherwise P3 is an untriaged schema placeholder, not a severity decision
registration-added	common	riscv64_in_guest_interp_resets_on_cross_function_call_2026-09-01	doc/08_tracking/bug/riscv64_in_guest_interp_resets_on_cross_function_call_2026-09-01.md	registered open on 2026-09-21; authored priority retained when explicit; otherwise P3 is an untriaged schema placeholder, not a severity decision
registration-added	common	riscv64_in_guest_interpreter_blocked_on_baremetal_runtime_2026-08-31	doc/08_tracking/bug/riscv64_in_guest_interpreter_blocked_on_baremetal_runtime_2026-08-31.md	registered open on 2026-09-21; authored priority retained when explicit; otherwise P3 is an untriaged schema placeholder, not a severity decision
registration-added	common	riscv64_in_guest_mir_lower_type_zero_kind_on_main_2026-09-01	doc/08_tracking/bug/riscv64_in_guest_mir_lower_type_zero_kind_on_main_2026-09-01.md	registered open on 2026-09-21; authored priority retained when explicit; otherwise P3 is an untriaged schema placeholder, not a severity decision
exact-status-conflict	common	riscv64_native_entry_call_compare_codegen_2026-06-30	doc/08_tracking/bug/riscv64_native_entry_call_compare_codegen_2026-06-30.md	document=open; DB=closed; no status change authorized by this audit
registration-added	common	riscv64_qemu_release_lineage_and_nonce_gap_2026-08-11	doc/08_tracking/bug/riscv64_qemu_release_lineage_and_nonce_gap_2026-08-11.md	registered open on 2026-09-21; authored priority retained when explicit; otherwise P3 is an untriaged schema placeholder, not a severity decision
exact-status-conflict	common	riscv64_source_qemu_build_requires_llvm_seed_support_2026-06-06	doc/08_tracking/bug/riscv64_source_qemu_build_requires_llvm_seed_support_2026-06-06.md	document=Open.; DB=closed; no status change authorized by this audit
exact-status-conflict	common	riscv_cross_target_nil_receiver_phase3_hir_2026-07-24	doc/08_tracking/bug/riscv_cross_target_nil_receiver_phase3_hir_2026-07-24.md	document=OPEN — WC fix staged (stage4 strict-lane extern fixes in src/compiler/50.mir/), bootstrap redeploy in progress; DB=closed; no status change authorized by this audit
registration-added	common	riscv_debug_module_authenticated_hardwired_2026-09-01	doc/08_tracking/bug/riscv_debug_module_authenticated_hardwired_2026-09-01.md	registered open on 2026-09-21; authored priority retained when explicit; otherwise P3 is an untriaged schema placeholder, not a severity decision
registration-added	simpleos	riscv_fpga_port_bugs	doc/08_tracking/bug/riscv_fpga_port_bugs.md	registered open on 2026-09-21; authored priority retained when explicit; otherwise P3 is an untriaged schema placeholder, not a severity decision
registration-added	common	riscv_gen2_qualification_receipt_authority_2026-08-12	doc/08_tracking/bug/riscv_gen2_qualification_receipt_authority_2026-08-12.md	registered open on 2026-09-21; authored priority retained when explicit; otherwise P3 is an untriaged schema placeholder, not a severity decision
exact-status-conflict	common	riscv_ghdl_validate_rv32_analyze_only_blind_to_semantics_2026-07-28	doc/08_tracking/bug/riscv_ghdl_validate_rv32_analyze_only_blind_to_semantics_2026-07-28.md	document=open; DB=closed; no status change authorized by this audit
exact-status-conflict	common	riscv_hw_gates_shared_log_path_race_and_fpu_coverage_gaps_2026-07-28	doc/08_tracking/bug/riscv_hw_gates_shared_log_path_race_and_fpu_coverage_gaps_2026-07-28.md	document=open; DB=closed; no status change authorized by this audit
exact-status-conflict	common	riscv_jtag_stage1_idcode_check_is_self_referential_2026-07-28	doc/08_tracking/bug/riscv_jtag_stage1_idcode_check_is_self_referential_2026-07-28.md	document=open; DB=closed; no status change authorized by this audit
registration-added	common	riscv_scalar_product_vhdl_else_parse_2026-08-12	doc/08_tracking/bug/riscv_scalar_product_vhdl_else_parse_2026-08-12.md	registered open on 2026-09-21; authored priority retained when explicit; otherwise P3 is an untriaged schema placeholder, not a severity decision
registration-added	common	riscv_sidecar_contract_antiseed_guard_ineffective_2026-07-27	doc/08_tracking/bug/riscv_sidecar_contract_antiseed_guard_ineffective_2026-07-27.md	registered open on 2026-09-21; authored priority retained when explicit; otherwise P3 is an untriaged schema placeholder, not a severity decision
registration-added	common	robust_lint_lane_scan_latency_2026-08-21	doc/08_tracking/bug/robust_lint_lane_scan_latency_2026-08-21.md	registered open on 2026-09-21; authored priority retained when explicit; otherwise P3 is an untriaged schema placeholder, not a severity decision
registration-added	common	rt_browser_renderer_externs_missing_in_rust_seed_2026-08-19	doc/08_tracking/bug/rt_browser_renderer_externs_missing_in_rust_seed_2026-08-19.md	registered open on 2026-09-21; authored priority retained when explicit; otherwise P3 is an untriaged schema placeholder, not a severity decision
registration-added	common	rt_call_site_ratchet_regression_2026-09-05	doc/08_tracking/bug/rt_call_site_ratchet_regression_2026-09-05.md	registered open on 2026-09-21; authored priority retained when explicit; otherwise P3 is an untriaged schema placeholder, not a severity decision
registration-added	common	rt_dual_ratchet_scan_scope_omits_native_all_2026-09-06	doc/08_tracking/bug/rt_dual_ratchet_scan_scope_omits_native_all_2026-09-06.md	registered open on 2026-09-21; authored priority retained when explicit; otherwise P3 is an untriaged schema placeholder, not a severity decision
exact-status-conflict	common	rt_enum_discriminant_is_enum_id_blind_name_hash_2026-08-08	doc/08_tracking/bug/rt_enum_discriminant_is_enum_id_blind_name_hash_2026-08-08.md	document=OPEN (latent trap — no live defect found in the current tree); DB=fixed; no status change authorized by this audit
registration-added	common	rt_enum_discriminant_returns_garbage_constant_native_lane_2026-08-17	doc/08_tracking/bug/rt_enum_discriminant_returns_garbage_constant_native_lane_2026-08-17.md	registered open on 2026-09-21; authored priority retained when explicit; otherwise P3 is an untriaged schema placeholder, not a severity decision
registration-added	common	rt_gate_never_existed_on_origin_hook_requires_it_2026-08-18	doc/08_tracking/bug/rt_gate_never_existed_on_origin_hook_requires_it_2026-08-18.md	registered open on 2026-09-21; authored priority retained when explicit; otherwise P3 is an untriaged schema placeholder, not a severity decision
registration-added	common	rt_heap_ref_wellformed_lost_in_stale_snapshot_clobber_2026-08-31	doc/08_tracking/bug/rt_heap_ref_wellformed_lost_in_stale_snapshot_clobber_2026-08-31.md	registered open on 2026-09-21; authored priority retained when explicit; otherwise P3 is an untriaged schema placeholder, not a severity decision
registration-added	common	rt_io_file_family_interpreter_fixed_native_still_stubbed_2026-08-05	doc/08_tracking/bug/rt_io_file_family_interpreter_fixed_native_still_stubbed_2026-08-05.md	registered open on 2026-09-21; authored priority retained when explicit; otherwise P3 is an untriaged schema placeholder, not a severity decision
registration-added	common	rt_str_hash_rust_seed_djb2_divergence_2026-09-01	doc/08_tracking/bug/rt_str_hash_rust_seed_djb2_divergence_2026-09-01.md	registered open on 2026-09-21; authored priority retained when explicit; otherwise P3 is an untriaged schema placeholder, not a severity decision
exact-status-conflict	common	rt_time_now_micros_delta_prints_tagbox_blocks_in_language_benchmarking_2026-08-02	doc/08_tracking/bug/rt_time_now_micros_delta_prints_tagbox_blocks_in_language_benchmarking_2026-08-02.md	document=OPEN; DB=closed; no status change authorized by this audit
registration-added	common	rt_time_now_nanos_has_two_different_epochs_2026-08-09	doc/08_tracking/bug/rt_time_now_nanos_has_two_different_epochs_2026-08-09.md	registered open on 2026-09-21; authored priority retained when explicit; otherwise P3 is an untriaged schema placeholder, not a severity decision
registration-added	common	rt_vulkan_single_lane_symbols_block_all_pushes_2026-09-05	doc/08_tracking/bug/rt_vulkan_single_lane_symbols_block_all_pushes_2026-09-05.md	registered open on 2026-09-21; authored priority retained when explicit; otherwise P3 is an untriaged schema placeholder, not a severity decision
registration-added	common	run_path_extern_text_corruption_causes_false_gpu_skip_2026-08-20	doc/08_tracking/bug/run_path_extern_text_corruption_causes_false_gpu_skip_2026-08-20.md	registered open on 2026-09-21; authored priority retained when explicit; otherwise P3 is an untriaged schema placeholder, not a severity decision
registration-added	common	runner_inprocess_spec_lexing_has_no_fault_boundary_2026-09-13	doc/08_tracking/bug/runner_inprocess_spec_lexing_has_no_fault_boundary_2026-09-13.md	registered open on 2026-09-21; authored priority retained when explicit; otherwise P3 is an untriaged schema placeholder, not a severity decision
registration-added	common	runner_test_db_core_imports_nonexistent_stringinterner_2026-08-20	doc/08_tracking/bug/runner_test_db_core_imports_nonexistent_stringinterner_2026-08-20.md	registered open on 2026-09-21; authored priority retained when explicit; otherwise P3 is an untriaged schema placeholder, not a severity decision
registration-added	common	runtime_bundle_duplicate_gate_baseline_drift_2026-08-24	doc/08_tracking/bug/runtime_bundle_duplicate_gate_baseline_drift_2026-08-24.md	registered open on 2026-09-21; authored priority retained when explicit; otherwise P3 is an untriaged schema placeholder, not a severity decision
exact-status-conflict	common	runtime_error_stack_absent_on_live_interpreter_2026-08-17	doc/08_tracking/bug/runtime_error_stack_absent_on_live_interpreter_2026-08-17.md	document=OPEN — spec is legitimately RED, do not weaken it.; DB=fixed; no status change authorized by this audit
registration-added	common	runtime_from_int_still_truncates_61bit_2026-08-17	doc/08_tracking/bug/runtime_from_int_still_truncates_61bit_2026-08-17.md	registered open on 2026-09-21; authored priority retained when explicit; otherwise P3 is an untriaged schema placeholder, not a severity decision
registration-added	common	rust_authority_fingerprint_overprunes_tracked_target_directories_2026-08-15	doc/08_tracking/bug/rust_authority_fingerprint_overprunes_tracked_target_directories_2026-08-15.md	registered open on 2026-09-21; authored priority retained when explicit; otherwise P3 is an untriaged schema placeholder, not a severity decision
registration-added	common	rust_memory_provider_rustfmt_drift_blocks_scoped_sffi_lint_2026-08-26	doc/08_tracking/bug/rust_memory_provider_rustfmt_drift_blocks_scoped_sffi_lint_2026-08-26.md	registered open on 2026-09-21; authored priority retained when explicit; otherwise P3 is an untriaged schema placeholder, not a severity decision
registration-added	common	rust_mmio_unit_test_blocked_by_runtime_export_drift_2026-08-26	doc/08_tracking/bug/rust_mmio_unit_test_blocked_by_runtime_export_drift_2026-08-26.md	registered open on 2026-09-21; authored priority retained when explicit; otherwise P3 is an untriaged schema placeholder, not a severity decision
exact-status-conflict	common	rust_seed_javanew_heuristic_blocks_identifier_named_new_2026-08-10	doc/08_tracking/bug/rust_seed_javanew_heuristic_blocks_identifier_named_new_2026-08-10.md	document=OPEN — reproduced, root-caused, not fixed (fix would require; DB=fixed; no status change authorized by this audit
registration-added	common	rust_seed_parser_behind_main_grammar_blocks_simple_test_2026-09-05	doc/08_tracking/bug/rust_seed_parser_behind_main_grammar_blocks_simple_test_2026-09-05.md	registered open on 2026-09-21; authored priority retained when explicit; otherwise P3 is an untriaged schema placeholder, not a severity decision
exact-status-conflict	common	rv64_core_no_c_extension_opensbi_stall_2026-07-22	doc/08_tracking/bug/rv64_core_no_c_extension_opensbi_stall_2026-07-22.md	document=OPEN; DB=closed; no status change authorized by this audit
exact-status-conflict	common	rv64_dtb_overlay_not_materialized_in_soc_address_map_2026-07-27	doc/08_tracking/bug/rv64_dtb_overlay_not_materialized_in_soc_address_map_2026-07-27.md	document=open; DB=fixed; no status change authorized by this audit
exact-status-conflict	common	rv64_opensbi_fw_platform_init_throughput_frontier_2026-07-22	doc/08_tracking/bug/rv64_opensbi_fw_platform_init_throughput_frontier_2026-07-22.md	document=PARTIALLY RESOLVED — the per-tick RAM value-copy is FIXED (Lane RR,; DB=closed; no status change authorized by this audit
exact-status-conflict	common	rv64_opensbi_wfi_park_before_banner_2026-07-23	doc/08_tracking/bug/rv64_opensbi_wfi_park_before_banner_2026-07-23.md	document=Open — root cause localized to the core's libfdt tree-walk execution; DB=closed; no status change authorized by this audit
registration-added	common	rv64_smoke_tb_dangling_soc_top_rv64_entity_2026-07-21	doc/08_tracking/bug/rv64_smoke_tb_dangling_soc_top_rv64_entity_2026-07-21.md	registered open on 2026-09-21; authored priority retained when explicit; otherwise P3 is an untriaged schema placeholder, not a severity decision
exact-status-conflict	common	rv64_ssh_aes_gcm_post_newkeys_stall_2026-06-14	doc/08_tracking/bug/rv64_ssh_aes_gcm_post_newkeys_stall_2026-06-14.md	document=Open (re-triaged 2026-09-13 — see the note at the end of this file); DB=fixed; no status change authorized by this audit
registration-added	common	rv64_wm_inline_asm_blocks_arch_mixed_and_operands_unsubstituted_2026-09-01	doc/08_tracking/bug/rv64_wm_inline_asm_blocks_arch_mixed_and_operands_unsubstituted_2026-09-01.md	registered open on 2026-09-21; authored priority retained when explicit; otherwise P3 is an untriaged schema placeholder, not a severity decision
exact-status-conflict	common	S61_interpreter_stack_overflow_app_io_mod_2026-07-17	doc/08_tracking/bug/S61_interpreter_stack_overflow_app_io_mod_2026-07-17.md	document=Open; DB=closed; no status change authorized by this audit
registration-added	common	safety_checker_case_some_never_matches_checks_skipped_2026-08-31	doc/08_tracking/bug/safety_checker_case_some_never_matches_checks_skipped_2026-08-31.md	registered open on 2026-09-21; authored priority retained when explicit; otherwise P3 is an untriaged schema placeholder, not a severity decision
exact-status-conflict	common	salsa20_xsalsa20_keystream_kat_mismatch_2026-07-20	doc/08_tracking/bug/salsa20_xsalsa20_keystream_kat_mismatch_2026-07-20.md	document=OPEN. Do not touch the expected vectors — they are the; DB=fixed; no status change authorized by this audit
registration-added	common	scripts_reorg_left_34_test_specs_on_pre_reorg_paths_2026-08-04	doc/08_tracking/bug/scripts_reorg_left_34_test_specs_on_pre_reorg_paths_2026-08-04.md	registered open on 2026-09-21; authored priority retained when explicit; otherwise P3 is an untriaged schema placeholder, not a severity decision
registration-added	common	scv_distributed_textual_db_missing_production_boundaries_2026-09-13	doc/08_tracking/bug/scv_distributed_textual_db_missing_production_boundaries_2026-09-13.md	registered open on 2026-09-21; authored priority retained when explicit; otherwise P3 is an untriaged schema placeholder, not a severity decision
registration-added	common	scv_gzip_compress_dominates_pack_write_2026-08-26	doc/08_tracking/bug/scv_gzip_compress_dominates_pack_write_2026-08-26.md	registered open on 2026-09-21; authored priority retained when explicit; otherwise P3 is an untriaged schema placeholder, not a severity decision
registration-added	common	scv_merge_commit_parents_separator_inconsistent_2026-08-26	doc/08_tracking/bug/scv_merge_commit_parents_separator_inconsistent_2026-08-26.md	registered open on 2026-09-21; authored priority retained when explicit; otherwise P3 is an untriaged schema placeholder, not a severity decision
registration-added	common	scv_structural_merge_drops_one_side_edit_conflict_data_2026-08-27	doc/08_tracking/bug/scv_structural_merge_drops_one_side_edit_conflict_data_2026-08-27.md	registered open on 2026-09-21; authored priority retained when explicit; otherwise P3 is an untriaged schema placeholder, not a severity decision
registration-added	common	sdoctest_use_accumulation_exceeds_5s_block_timeout_2026-08-18	doc/08_tracking/bug/sdoctest_use_accumulation_exceeds_5s_block_timeout_2026-08-18.md	registered open on 2026-09-21; authored priority retained when explicit; otherwise P3 is an untriaged schema placeholder, not a severity decision
registration-added	common	secure_memory_interpreter_raw_pointer_aliasing_2026-08-24	doc/08_tracking/bug/secure_memory_interpreter_raw_pointer_aliasing_2026-08-24.md	registered open on 2026-09-21; authored priority retained when explicit; otherwise P3 is an untriaged schema placeholder, not a severity decision
exact-status-conflict	common	security_event_enum_variant_construct_unresolved_under_test_2026-07-20	doc/08_tracking/bug/security_event_enum_variant_construct_unresolved_under_test_2026-07-20.md	document=open; DB=closed; no status change authorized by this audit
registration-added	common	seed_accepts_bodyless_if_native_build_rejects_2026-08-22	doc/08_tracking/bug/seed_accepts_bodyless_if_native_build_rejects_2026-08-22.md	registered open on 2026-09-21; authored priority retained when explicit; otherwise P3 is an untriaged schema placeholder, not a severity decision
registration-added	common	seed_array_local_alias_cow_bypass_2026-07-17	doc/08_tracking/bug/seed_array_local_alias_cow_bypass_2026-07-17.md	registered open on 2026-09-21; authored priority retained when explicit; otherwise P3 is an untriaged schema placeholder, not a severity decision
registration-added	common	seed_bootstrap_compile_stage_hardcoded_180s_timeout_2026-08-18	doc/08_tracking/bug/seed_bootstrap_compile_stage_hardcoded_180s_timeout_2026-08-18.md	registered open on 2026-09-21; authored priority retained when explicit; otherwise P3 is an untriaged schema placeholder, not a severity decision
registration-added	common	seed_build_guard_checks_only_bin_target_no_link_2026-08-17	doc/08_tracking/bug/seed_build_guard_checks_only_bin_target_no_link_2026-08-17.md	registered open on 2026-09-21; authored priority retained when explicit; otherwise P3 is an untriaged schema placeholder, not a severity decision
registration-added	common	seed_build_guard_never_compiles_vulkan_feature_2026-08-20	doc/08_tracking/bug/seed_build_guard_never_compiles_vulkan_feature_2026-08-20.md	registered open on 2026-09-21; authored priority retained when explicit; otherwise P3 is an untriaged schema placeholder, not a severity decision
registration-added	common	seed_builds_guard_selftest_commits_into_real_repo_2026-08-19	doc/08_tracking/bug/seed_builds_guard_selftest_commits_into_real_repo_2026-08-19.md	registered open on 2026-09-21; authored priority retained when explicit; otherwise P3 is an untriaged schema placeholder, not a severity decision
registration-added	common	seed_builtin_option_name_heuristic_breaks_user_option_enum_2026-08-16	doc/08_tracking/bug/seed_builtin_option_name_heuristic_breaks_user_option_enum_2026-08-16.md	registered open on 2026-09-21; authored priority retained when explicit; otherwise P3 is an untriaged schema placeholder, not a severity decision
registration-added	common	seed_checked_sign_array_arc_mismatch_2026-08-22	doc/08_tracking/bug/seed_checked_sign_array_arc_mismatch_2026-08-22.md	registered open on 2026-09-21; authored priority retained when explicit; otherwise P3 is an untriaged schema placeholder, not a severity decision
registration-added	common	seed_helper_return_type_mistyped_as_tuple_2026-08-21	doc/08_tracking/bug/seed_helper_return_type_mistyped_as_tuple_2026-08-21.md	registered open on 2026-09-21; authored priority retained when explicit; otherwise P3 is an untriaged schema placeholder, not a severity decision
registration-added	common	seed_http_server_handle_connection_dispatch_2026-09-04	doc/08_tracking/bug/seed_http_server_handle_connection_dispatch_2026-09-04.md	registered open on 2026-09-21; authored priority retained when explicit; otherwise P3 is an untriaged schema placeholder, not a severity decision
registration-added	common	seed_indexed_field_assign_complex_receiver_unisolated_2026-08-31	doc/08_tracking/bug/seed_indexed_field_assign_complex_receiver_unisolated_2026-08-31.md	registered open on 2026-09-21; authored priority retained when explicit; otherwise P3 is an untriaged schema placeholder, not a severity decision
exact-status-conflict	common	seed_interp_float_print_1e18_non_roundtrip_2026-07-16	doc/08_tracking/bug/seed_interp_float_print_1e18_non_roundtrip_2026-07-16.md	document=OPEN (seed-side; not fixable from pure-Simple source); DB=closed; no status change authorized by this audit
registration-added	other-platform	seed_interp_mut_out_param_writeback_and_u8_data_ptr_2026-08-31	doc/08_tracking/bug/seed_interp_mut_out_param_writeback_and_u8_data_ptr_2026-08-31.md	registered open on 2026-09-21; authored priority retained when explicit; otherwise P3 is an untriaged schema placeholder, not a severity decision
exact-status-conflict	common	seed_interpreter_parse_probe_memory_accumulation_2026-07-03	doc/08_tracking/bug/seed_interpreter_parse_probe_memory_accumulation_2026-07-03.md	document=open (seed/Rust interpreter; worked around by chunking probe runs); DB=closed; no status change authorized by this audit
registration-added	common	seed_interpreter_segv_on_undefined_function_call_2026-09-12	doc/08_tracking/bug/seed_interpreter_segv_on_undefined_function_call_2026-09-12.md	registered open on 2026-09-21; authored priority retained when explicit; otherwise P3 is an untriaged schema placeholder, not a severity decision
exact-status-conflict	windows	seed_jit_app_module_function_call_segfaults_windows_2026-09-13	doc/08_tracking/bug/seed_jit_app_module_function_call_segfaults_windows_2026-09-13.md	document=open (seed defect). Not fixable in .spl source: the crash; DB=fixed; no status change authorized by this audit
registration-added	common	seed_jit_cannot_resolve_text_dot_from_char_code_2026-09-04	doc/08_tracking/bug/seed_jit_cannot_resolve_text_dot_from_char_code_2026-09-04.md	registered open on 2026-09-21; authored priority retained when explicit; otherwise P3 is an untriaged schema placeholder, not a severity decision
registration-added	common	seed_jit_coverage_self_hosted_compiler_2026-08-21	doc/08_tracking/bug/seed_jit_coverage_self_hosted_compiler_2026-08-21.md	registered open on 2026-09-21; authored priority retained when explicit; otherwise P3 is an untriaged schema placeholder, not a severity decision
exact-status-conflict	windows	seed_jit_function_local_use_segfaults_2026-09-13	doc/08_tracking/bug/seed_jit_function_local_use_segfaults_2026-09-13.md	document=open (seed defect). The supported MCP path is unaffected; partial; DB=fixed; no status change authorized by this audit
exact-status-conflict	common	seed_jit_miscompiles_soc_top_64_masked_by_fallback_2026-07-22	doc/08_tracking/bug/seed_jit_miscompiles_soc_top_64_masked_by_fallback_2026-07-22.md	document=OPEN (Rust seed JIT backend; deep, out of pure-Simple scope); DB=closed; no status change authorized by this audit
registration-added	windows	seed_jit_some_constructor_corrupts_value_2026-09-13	doc/08_tracking/bug/seed_jit_some_constructor_corrupts_value_2026-09-13.md	registered open on 2026-09-21; authored priority retained when explicit; otherwise P3 is an untriaged schema placeholder, not a severity decision
exact-status-conflict	common	seed_jit_string_to_i64_float_tagged_silent_wrong_2026-07-28	doc/08_tracking/bug/seed_jit_string_to_i64_float_tagged_silent_wrong_2026-07-28.md	document=OPEN (pre-existing; found while landing an unrelated interpreter-lane fix); DB=closed; no status change authorized by this audit
exact-status-conflict	common	seed_jit_u32_cross_module_const_import_zero_2026-07-23	doc/08_tracking/bug/seed_jit_u32_cross_module_const_import_zero_2026-07-23.md	document=Open; DB=closed; no status change authorized by this audit
exact-status-conflict	common	seed_jit_wide_i64_literal_miscompile_2026-07-27	doc/08_tracking/bug/seed_jit_wide_i64_literal_miscompile_2026-07-27.md	document=open; DB=fixed; no status change authorized by this audit
registration-added	common	seed_jit_wide_literal_match_u64_misevaluates_2026-08-28	doc/08_tracking/bug/seed_jit_wide_literal_match_u64_misevaluates_2026-08-28.md	registered open on 2026-09-21; authored priority retained when explicit; otherwise P3 is an untriaged schema placeholder, not a severity decision
exact-status-conflict	common	seed_lexer_literal_soft_keyword_shadows_identifier_2026-07-30	doc/08_tracking/bug/seed_lexer_literal_soft_keyword_shadows_identifier_2026-07-30.md	document=open; DB=fixed; no status change authorized by this audit
registration-added	common	seed_method_find_on_nested_substring_call_2026-08-25	doc/08_tracking/bug/seed_method_find_on_nested_substring_call_2026-08-25.md	registered open on 2026-09-21; authored priority retained when explicit; otherwise P3 is an untriaged schema placeholder, not a severity decision
registration-added	common	seed_optional_query_comparison_divergence_2026-08-16	doc/08_tracking/bug/seed_optional_query_comparison_divergence_2026-08-16.md	registered open on 2026-09-21; authored priority retained when explicit; otherwise P3 is an untriaged schema placeholder, not a severity decision
registration-added	common	seed_parser_accepts_match_keyword_as_identifier_2026-07-27	doc/08_tracking/bug/seed_parser_accepts_match_keyword_as_identifier_2026-07-27.md	registered open on 2026-09-21; authored priority retained when explicit; otherwise P3 is an untriaged schema placeholder, not a severity decision
exact-status-conflict	common	seed_parser_no_return_expression_kills_jit_2026-07-26	doc/08_tracking/bug/seed_parser_no_return_expression_kills_jit_2026-07-26.md	document=OPEN. Seed-only — the self-hosted compiler is already correct.; DB=fixed; no status change authorized by this audit
exact-status-conflict	common	seed_parser_rejects_multiline_if_expression_chain_2026-07-27	doc/08_tracking/bug/seed_parser_rejects_multiline_if_expression_chain_2026-07-27.md	document=OPEN; DB=closed; no status change authorized by this audit
registration-added	common	seed_per_call_env_rebuild_o_globals_regression_2026-08-21	doc/08_tracking/bug/seed_per_call_env_rebuild_o_globals_regression_2026-08-21.md	registered open on 2026-09-21; authored priority retained when explicit; otherwise P3 is an untriaged schema placeholder, not a severity decision
registration-added	common	seed_rebuild_10_12_breaks_instance_method_dispatch_object_receiver_2026-08-18	doc/08_tracking/bug/seed_rebuild_10_12_breaks_instance_method_dispatch_object_receiver_2026-08-18.md	registered open on 2026-09-21; authored priority retained when explicit; otherwise P3 is an untriaged schema placeholder, not a severity decision
registration-added	common	seed_redeploy_breaks_test_runner_accessor_rewrite_parse_2026-08-25	doc/08_tracking/bug/seed_redeploy_breaks_test_runner_accessor_rewrite_parse_2026-08-25.md	registered open on 2026-09-21; authored priority retained when explicit; otherwise P3 is an untriaged schema placeholder, not a severity decision
registration-added	common	seed_result_err_shorthand_closure_segv_2026-09-12	doc/08_tracking/bug/seed_result_err_shorthand_closure_segv_2026-09-12.md	registered open on 2026-09-21; authored priority retained when explicit; otherwise P3 is an untriaged schema placeholder, not a severity decision
exact-status-conflict	common	seed_run_trim_recursion_overflow_browser_engine_2026-07-19	doc/08_tracking/bug/seed_run_trim_recursion_overflow_browser_engine_2026-07-19.md	document=OPEN; DB=closed; no status change authorized by this audit
registration-added	common	seed_segv_calling_newly_added_stdlib_function_2026-09-02	doc/08_tracking/bug/seed_segv_calling_newly_added_stdlib_function_2026-09-02.md	registered open on 2026-09-21; authored priority retained when explicit; otherwise P3 is an untriaged schema placeholder, not a severity decision
registration-added	common	seed_static_method_default_param_value_wrong_2026-09-13	doc/08_tracking/bug/seed_static_method_default_param_value_wrong_2026-09-13.md	registered open on 2026-09-21; authored priority retained when explicit; otherwise P3 is an untriaged schema placeholder, not a severity decision
registration-added	common	seed_stdlib_resolves_build_time_repo_root_before_cwd_2026-08-24	doc/08_tracking/bug/seed_stdlib_resolves_build_time_repo_root_before_cwd_2026-08-24.md	registered open on 2026-09-21; authored priority retained when explicit; otherwise P3 is an untriaged schema placeholder, not a severity decision
registration-added	windows	seed_test_runner_unusable_on_windows_false_outer_bound_timeout_2026-09-13	doc/08_tracking/bug/seed_test_runner_unusable_on_windows_false_outer_bound_timeout_2026-09-13.md	registered open on 2026-09-21; authored priority retained when explicit; otherwise P3 is an untriaged schema placeholder, not a severity decision
exact-status-conflict	common	seed_text_char_code_at_custom_method_precedence_2026-07-19	doc/08_tracking/bug/seed_text_char_code_at_custom_method_precedence_2026-07-19.md	document=open bootstrap-only parity bug.; DB=closed; no status change authorized by this audit
exact-status-conflict	common	self_hosted_fat32_lfn_interpreter_segv_2026-07-14	doc/08_tracking/bug/self_hosted_fat32_lfn_interpreter_segv_2026-07-14.md	document=open; DB=closed; no status change authorized by this audit
registration-added	other-platform	self_hosted_symbol_table_hirtype_garbage_at_rest_2026-08-31	doc/08_tracking/bug/self_hosted_symbol_table_hirtype_garbage_at_rest_2026-08-31.md	registered open on 2026-09-21; authored priority retained when explicit; otherwise P3 is an untriaged schema placeholder, not a severity decision
exact-status-conflict	common	selfhost_cross_module_result_ok_err_unresolved_2026-07-27	doc/08_tracking/bug/selfhost_cross_module_result_ok_err_unresolved_2026-07-27.md	document=open; DB=closed; no status change authorized by this audit
registration-added	common	selfhost_hir_cache_encode_hir_type_segv_2026-08-22	doc/08_tracking/bug/selfhost_hir_cache_encode_hir_type_segv_2026-08-22.md	registered open on 2026-09-21; authored priority retained when explicit; otherwise P3 is an untriaged schema placeholder, not a severity decision
registration-added	common	selfhost_parser_no_explicit_enum_values_2026-07-27	doc/08_tracking/bug/selfhost_parser_no_explicit_enum_values_2026-07-27.md	registered open on 2026-09-21; authored priority retained when explicit; otherwise P3 is an untriaged schema placeholder, not a severity decision
exact-status-conflict	common	selfhost_two_hop_field_method_mutation_lost_2026-07-27	doc/08_tracking/bug/selfhost_two_hop_field_method_mutation_lost_2026-07-27.md	document=open; DB=fixed; no status change authorized by this audit
exact-status-conflict	common	selfhosted_native_local_fn_body_dropped_2026-06-15	doc/08_tracking/bug/selfhosted_native_local_fn_body_dropped_2026-06-15.md	document=Open; DB=closed; no status change authorized by this audit
exact-status-conflict	common	serial_mcp_detect_tool_name_red_2026-08-09	doc/08_tracking/bug/serial_mcp_detect_tool_name_red_2026-08-09.md	document=OPEN (RED, pre-existing); DB=fixed; no status change authorized by this audit
exact-status-conflict	common	serial_usb_sigsegv_cascade_2026-05-30	doc/08_tracking/bug/serial_usb_sigsegv_cascade_2026-05-30.md	document=Open (runtime crash handler and serial fd guards landed); DB=closed; no status change authorized by this audit
registration-added	common	server_compiler_bootstrap_moving_rust_inputs_2026-08-12	doc/08_tracking/bug/server_compiler_bootstrap_moving_rust_inputs_2026-08-12.md	registered open on 2026-09-21; authored priority retained when explicit; otherwise P3 is an untriaged schema placeholder, not a severity decision
registration-added	common	set_literal_s_brace_unparsed_2026-09-06	doc/08_tracking/bug/set_literal_s_brace_unparsed_2026-09-06.md	registered open on 2026-09-21; authored priority retained when explicit; otherwise P3 is an untriaged schema placeholder, not a severity decision
registration-added	linux	setup_shs_fails_on_dash_sh_2026-09-13	doc/08_tracking/bug/setup_shs_fails_on_dash_sh_2026-09-13.md	registered open on 2026-09-21; authored priority retained when explicit; otherwise P3 is an untriaged schema placeholder, not a severity decision
registration-added	cross-platform	setup_shs_pipefail_dash_abort_before_windows_guard_2026-09-13	doc/08_tracking/bug/setup_shs_pipefail_dash_abort_before_windows_guard_2026-09-13.md	registered open on 2026-09-21; authored priority retained when explicit; otherwise P3 is an untriaged schema placeholder, not a severity decision
registration-added	linux	setup_shs_pipefail_dash_incompatible_2026-09-13	doc/08_tracking/bug/setup_shs_pipefail_dash_incompatible_2026-09-13.md	registered open on 2026-09-21; authored priority retained when explicit; otherwise P3 is an untriaged schema placeholder, not a severity decision
registration-added	common	sffi_admitted_receipt_open_handle_binding_gap_2026-08-24	doc/08_tracking/bug/sffi_admitted_receipt_open_handle_binding_gap_2026-08-24.md	registered open on 2026-09-21; authored priority retained when explicit; otherwise P3 is an untriaged schema placeholder, not a severity decision
registration-added	common	sffi_authority_baseline_stale_after_gpu_bootstrap_2026-08-24	doc/08_tracking/bug/sffi_authority_baseline_stale_after_gpu_bootstrap_2026-08-24.md	registered open on 2026-09-21; authored priority retained when explicit; otherwise P3 is an untriaged schema placeholder, not a severity decision
registration-added	common	sffi_authority_census_ambient_call_gap_2026-08-24	doc/08_tracking/bug/sffi_authority_census_ambient_call_gap_2026-08-24.md	registered open on 2026-09-21; authored priority retained when explicit; otherwise P3 is an untriaged schema placeholder, not a severity decision
registration-added	common	sffi_contract_inventory_red_on_origin_main_2026-09-03	doc/08_tracking/bug/sffi_contract_inventory_red_on_origin_main_2026-09-03.md	registered open on 2026-09-21; authored priority retained when explicit; otherwise P3 is an untriaged schema placeholder, not a severity decision
registration-added	common	sffi_manifest_signature_native_test_compile_cost_2026-08-21	doc/08_tracking/bug/sffi_manifest_signature_native_test_compile_cost_2026-08-21.md	registered open on 2026-09-21; authored priority retained when explicit; otherwise P3 is an untriaged schema placeholder, not a severity decision
registration-added	common	sffi_out_param_capability_violation_blocks_stage2_2026-08-27	doc/08_tracking/bug/sffi_out_param_capability_violation_blocks_stage2_2026-08-27.md	registered open on 2026-09-21; authored priority retained when explicit; otherwise P3 is an untriaged schema placeholder, not a severity decision
registration-added	common	sffi_ssh_aes256_gcm_decrypt_empty_failure_2026-08-27	doc/08_tracking/bug/sffi_ssh_aes256_gcm_decrypt_empty_failure_2026-08-27.md	registered open on 2026-09-21; authored priority retained when explicit; otherwise P3 is an untriaged schema placeholder, not a severity decision
registration-added	common	sffi_torch_dynamic_facade_lexical_owner_gap_2026-08-27	doc/08_tracking/bug/sffi_torch_dynamic_facade_lexical_owner_gap_2026-08-27.md	registered open on 2026-09-21; authored priority retained when explicit; otherwise P3 is an untriaged schema placeholder, not a severity decision
registration-added	common	sffi_u8_return_nil_and_cross_engine_len_2026-08-18	doc/08_tracking/bug/sffi_u8_return_nil_and_cross_engine_len_2026-08-18.md	registered open on 2026-09-21; authored priority retained when explicit; otherwise P3 is an untriaged schema placeholder, not a severity decision
registration-added	common	sha3_wrong_under_jit_while_kat_passes_2026-08-17	doc/08_tracking/bug/sha3_wrong_under_jit_while_kat_passes_2026-08-17.md	registered open on 2026-09-21; authored priority retained when explicit; otherwise P3 is an untriaged schema placeholder, not a severity decision
exact-status-conflict	common	shared_font_pure_simple_shaping_gap_2026-07-11	doc/08_tracking/bug/shared_font_pure_simple_shaping_gap_2026-07-11.md	document=open — blocks shared multilingual GPU fonts REQ-005/007/009/012/013; DB=closed; no status change authorized by this audit
exact-status-conflict	common	shared_font_req015_deployed_selfhost_segv_2026-07-14	doc/08_tracking/bug/shared_font_req015_deployed_selfhost_segv_2026-07-14.md	document=open; DB=closed; no status change authorized by this audit
exact-status-conflict	common	shared_wm_qemu_direct_mmio_backend_perf_2026-07-06	doc/08_tracking/bug/shared_wm_qemu_direct_mmio_backend_perf_2026-07-06.md	document=open; DB=closed; no status change authorized by this audit
exact-status-conflict	common	short_grammar_placeholder_outermost_scope_hoist_2026-06-26	doc/08_tracking/bug/short_grammar_placeholder_outermost_scope_hoist_2026-06-26.md	document=OPEN (worked around in jsoncoveragespec by using explicit \x: lambdas); DB=closed; no status change authorized by this audit
exact-status-conflict	common	signal_handlers_global_cleanup_fnptr_data_export_2026-07-17	doc/08_tracking/bug/signal_handlers_global_cleanup_fnptr_data_export_2026-07-17.md	document=Open.; DB=closed; no status change authorized by this audit
registration-added	common	simd_lane_ops_reject_f32_cast_values_2026-08-25	doc/08_tracking/bug/simd_lane_ops_reject_f32_cast_values_2026-08-25.md	registered open on 2026-09-21; authored priority retained when explicit; otherwise P3 is an untriaged schema placeholder, not a severity decision
exact-status-conflict	common	simple_check_parse_only_false_green_2026-07-19	doc/08_tracking/bug/simple_check_parse_only_false_green_2026-07-19.md	document=OPEN — live false-green reproduced on the deployed CLI and standalone worker; DB=closed; no status change authorized by this audit
registration-added	windows	simple_check_segfaults_on_hello_world_2026-09-01	doc/08_tracking/bug/simple_check_segfaults_on_hello_world_2026-09-01.md	registered open on 2026-09-21; authored priority retained when explicit; otherwise P3 is an untriaged schema placeholder, not a severity decision
registration-added	common	simple_frontend_profile_runtime_unavailable_2026-09-03	doc/08_tracking/bug/simple_frontend_profile_runtime_unavailable_2026-09-03.md	registered open on 2026-09-21; authored priority retained when explicit; otherwise P3 is an untriaged schema placeholder, not a severity decision
registration-added	common	simple_lint_ast_rules_unwired_2026-07-19	doc/08_tracking/bug/simple_lint_ast_rules_unwired_2026-07-19.md	registered open on 2026-09-21; authored priority retained when explicit; otherwise P3 is an untriaged schema placeholder, not a severity decision
registration-added	windows	simple_mcp_windows_source_startup_blocked_by_transport_jit_and_shared_stderr_2026-09-09	doc/08_tracking/bug/simple_mcp_windows_source_startup_blocked_by_transport_jit_and_shared_stderr_2026-09-09.md	registered open on 2026-09-21; authored priority retained when explicit; otherwise P3 is an untriaged schema placeholder, not a severity decision
registration-added	common	simple_pipe_codebase_duplicate_scan_2026-08-24	doc/08_tracking/bug/simple_pipe_codebase_duplicate_scan_2026-08-24.md	registered open on 2026-09-21; authored priority retained when explicit; otherwise P3 is an untriaged schema placeholder, not a severity decision
registration-added	common	simple_ring_async_base_open_evidence_2026-08-26	doc/08_tracking/bug/simple_ring_async_base_open_evidence_2026-08-26.md	registered open on 2026-09-21; authored priority retained when explicit; otherwise P3 is an untriaged schema placeholder, not a severity decision
registration-added	linux	simple_test_default_runner_silent_vacuous_pass_2026-09-06	doc/08_tracking/bug/simple_test_default_runner_silent_vacuous_pass_2026-09-06.md	registered open on 2026-09-21; authored priority retained when explicit; otherwise P3 is an untriaged schema placeholder, not a severity decision
registration-added	common	simple_timeout_seconds_ignored_by_light_daemon_budget_2026-08-17	doc/08_tracking/bug/simple_timeout_seconds_ignored_by_light_daemon_budget_2026-08-17.md	registered open on 2026-09-21; authored priority retained when explicit; otherwise P3 is an untriaged schema placeholder, not a severity decision
exact-status-conflict	common	simple_web_readiness_marker_aspirational_diskless_2026-07-20	doc/08_tracking/bug/simple_web_readiness_marker_aspirational_diskless_2026-07-20.md	document=OPEN; DB=closed; no status change authorized by this audit
registration-added	common	simple_web_textarea_overlay_review_hard_stop_2026-07-27	doc/08_tracking/bug/simple_web_textarea_overlay_review_hard_stop_2026-07-27.md	registered open on 2026-09-21; authored priority retained when explicit; otherwise P3 is an untriaged schema placeholder, not a severity decision
registration-added	common	simple_web_textarea_overlay_review_hard_stop_2026-07-27_tldr	doc/08_tracking/bug/simple_web_textarea_overlay_review_hard_stop_2026-07-27_tldr.md	registered open on 2026-09-21; authored priority retained when explicit; otherwise P3 is an untriaged schema placeholder, not a severity decision
registration-added	simpleos	simpleos_arm64_qmp_input_transport_missing_2026-07-24	doc/08_tracking/bug/simpleos_arm64_qmp_input_transport_missing_2026-07-24.md	registered open on 2026-09-21; authored priority retained when explicit; otherwise P3 is an untriaged schema placeholder, not a severity decision
registration-added	simpleos	simpleos_arm64_riscv64_embedded_gui_missing_theme_install_call_2026-09-06	doc/08_tracking/bug/simpleos_arm64_riscv64_embedded_gui_missing_theme_install_call_2026-09-06.md	Status: open; severity/priority: P3 (visual regression: generated Aetheric base theme is never installed before the CSS override runs); matches:
registration-added	simpleos	simpleos_artifact_manifest_signer_safe_io_zeroization_blockers_2026-08-24	doc/08_tracking/bug/simpleos_artifact_manifest_signer_safe_io_zeroization_blockers_2026-08-24.md	registered open on 2026-09-21; authored priority retained when explicit; otherwise P3 is an untriaged schema placeholder, not a severity decision
exact-status-conflict	simpleos	simpleos_backend_render_receipt_producer_parser_missing_2026-07-27	doc/08_tracking/bug/simpleos_backend_render_receipt_producer_parser_missing_2026-07-27.md	document=open; DB=fixed; no status change authorized by this audit
registration-added	simpleos	simpleos_checksum_target_artifact_admission_gap_2026-08-20	doc/08_tracking/bug/simpleos_checksum_target_artifact_admission_gap_2026-08-20.md	registered open on 2026-09-21; authored priority retained when explicit; otherwise P3 is an untriaged schema placeholder, not a severity decision
registration-added	simpleos	simpleos_combined_server_qemu_gate_stale_auth_toolchain_2026-08-21	doc/08_tracking/bug/simpleos_combined_server_qemu_gate_stale_auth_toolchain_2026-08-21.md	registered open on 2026-09-21; authored priority retained when explicit; otherwise P3 is an untriaged schema placeholder, not a severity decision
registration-added	simpleos	simpleos_cpu_interrupt_quiescence_arch_adapter_blocker_2026-08-24	doc/08_tracking/bug/simpleos_cpu_interrupt_quiescence_arch_adapter_blocker_2026-08-24.md	registered open on 2026-09-21; authored priority retained when explicit; otherwise P3 is an untriaged schema placeholder, not a severity decision
registration-added	simpleos	simpleos_dbd_dbfs_tls_auth_gap_2026-08-20	doc/08_tracking/bug/simpleos_dbd_dbfs_tls_auth_gap_2026-08-20.md	registered open on 2026-09-21; authored priority retained when explicit; otherwise P3 is an untriaged schema placeholder, not a severity decision
registration-added	simpleos	simpleos_evidence_cryptographic_admission_gap_2026-08-20	doc/08_tracking/bug/simpleos_evidence_cryptographic_admission_gap_2026-08-20.md	registered open on 2026-09-21; authored priority retained when explicit; otherwise P3 is an untriaged schema placeholder, not a severity decision
registration-added	simpleos	simpleos_fabricated_rt_guard_weak_real_false_positive_2026-07-28	doc/08_tracking/bug/simpleos_fabricated_rt_guard_weak_real_false_positive_2026-07-28.md	registered open on 2026-09-21; authored priority retained when explicit; otherwise P3 is an untriaged schema placeholder, not a severity decision
registration-added	simpleos	simpleos_fat32_transactional_mount_owner_blocked_2026-08-24	doc/08_tracking/bug/simpleos_fat32_transactional_mount_owner_blocked_2026-08-24.md	registered open on 2026-09-21; authored priority retained when explicit; otherwise P3 is an untriaged schema placeholder, not a severity decision
registration-added	simpleos	simpleos_filesystem_durable_sync_barrier_gap_2026-08-20	doc/08_tracking/bug/simpleos_filesystem_durable_sync_barrier_gap_2026-08-20.md	registered open on 2026-09-21; authored priority retained when explicit; otherwise P3 is an untriaged schema placeholder, not a severity decision
exact-status-conflict	simpleos	simpleos_filesystem_trait_dispatch_sentinel_2026-07-20	doc/08_tracking/bug/simpleos_filesystem_trait_dispatch_sentinel_2026-07-20.md	document=OPEN; DB=closed; no status change authorized by this audit
exact-status-conflict	simpleos	simpleos_freestanding_text_split_abi_parse_html_2026-07-12	doc/08_tracking/bug/simpleos_freestanding_text_split_abi_parse_html_2026-07-12.md	document=OPEN — root-caused; fix in-flight (peer's uncommitted htmlsplitonlt).; DB=closed; no status change authorized by this audit
registration-added	simpleos	simpleos_http_ssh_capability_manifest_unwired_2026-08-21	doc/08_tracking/bug/simpleos_http_ssh_capability_manifest_unwired_2026-08-21.md	registered open on 2026-09-21; authored priority retained when explicit; otherwise P3 is an untriaged schema placeholder, not a severity decision
registration-added	simpleos	simpleos_initramfs_role_digest_validation_gap_2026-08-20	doc/08_tracking/bug/simpleos_initramfs_role_digest_validation_gap_2026-08-20.md	registered open on 2026-09-21; authored priority retained when explicit; otherwise P3 is an untriaged schema placeholder, not a severity decision
registration-added	simpleos	simpleos_installer_host_file_read_toctou_2026-08-20	doc/08_tracking/bug/simpleos_installer_host_file_read_toctou_2026-08-20.md	registered open on 2026-09-21; authored priority retained when explicit; otherwise P3 is an untriaged schema placeholder, not a severity decision
registration-added	simpleos	simpleos_loader_owned_image_token_gap_2026-08-20	doc/08_tracking/bug/simpleos_loader_owned_image_token_gap_2026-08-20.md	registered open on 2026-09-21; authored priority retained when explicit; otherwise P3 is an untriaged schema placeholder, not a severity decision
registration-added	simpleos	simpleos_native_performance_campaign_runtime_admission_blocked_2026-08-20	doc/08_tracking/bug/simpleos_native_performance_campaign_runtime_admission_blocked_2026-08-20.md	registered open on 2026-09-21; authored priority retained when explicit; otherwise P3 is an untriaged schema placeholder, not a severity decision
registration-added	simpleos	simpleos_privileged_load_consumer_gap_2026-08-20	doc/08_tracking/bug/simpleos_privileged_load_consumer_gap_2026-08-20.md	registered open on 2026-09-21; authored priority retained when explicit; otherwise P3 is an untriaged schema placeholder, not a severity decision
registration-added	simpleos	simpleos_process_tool_target_artifact_admission_gap_2026-08-20	doc/08_tracking/bug/simpleos_process_tool_target_artifact_admission_gap_2026-08-20.md	registered open on 2026-09-21; authored priority retained when explicit; otherwise P3 is an untriaged schema placeholder, not a severity decision
registration-added	simpleos	simpleos_riscv64_component_rows_lose_string_content_2026-08-31	doc/08_tracking/bug/simpleos_riscv64_component_rows_lose_string_content_2026-08-31.md	registered open on 2026-09-21; authored priority retained when explicit; otherwise P3 is an untriaged schema placeholder, not a severity decision
exact-status-conflict	simpleos	simpleos_riscv64_defsym_unknown_symbol_aliasing_2026-07-28	doc/08_tracking/bug/simpleos_riscv64_defsym_unknown_symbol_aliasing_2026-07-28.md	document=OPEN — currently inert, but armed; DB=closed; no status change authorized by this audit
exact-status-conflict	simpleos	simpleos_riscv64_inguest_simple_payload_corec_gap_2026-07-25	doc/08_tracking/bug/simpleos_riscv64_inguest_simple_payload_corec_gap_2026-07-25.md	document=open; DB=fixed; no status change authorized by this audit
registration-added	simpleos	simpleos_server_exit_cleanup_integration_blocker_2026-08-24	doc/08_tracking/bug/simpleos_server_exit_cleanup_integration_blocker_2026-08-24.md	registered open on 2026-09-21; authored priority retained when explicit; otherwise P3 is an untriaged schema placeholder, not a severity decision
registration-added	simpleos	simpleos_sftp_vfs_live_path_unavailable_2026-08-21	doc/08_tracking/bug/simpleos_sftp_vfs_live_path_unavailable_2026-08-21.md	registered open on 2026-09-21; authored priority retained when explicit; otherwise P3 is an untriaged schema placeholder, not a severity decision
registration-added	simpleos	simpleos_stage3_native_ast_mode_cache_segfault_2026-08-20	doc/08_tracking/bug/simpleos_stage3_native_ast_mode_cache_segfault_2026-08-20.md	registered open on 2026-09-21; authored priority retained when explicit; otherwise P3 is an untriaged schema placeholder, not a severity decision
registration-added	simpleos	simpleos_syscall_mount_table_bypass_2026-08-24	doc/08_tracking/bug/simpleos_syscall_mount_table_bypass_2026-08-24.md	registered open on 2026-09-21; authored priority retained when explicit; otherwise P3 is an untriaged schema placeholder, not a severity decision
registration-added	simpleos	simpleos_target_native_image_continuity_2026-08-20	doc/08_tracking/bug/simpleos_target_native_image_continuity_2026-08-20.md	registered open on 2026-09-21; authored priority retained when explicit; otherwise P3 is an untriaged schema placeholder, not a severity decision
registration-added	simpleos	simpleos_target_struct_receiver_valid_missing_2026-08-11	doc/08_tracking/bug/simpleos_target_struct_receiver_valid_missing_2026-08-11.md	registered open on 2026-09-21; authored priority retained when explicit; otherwise P3 is an untriaged schema placeholder, not a severity decision
registration-added	simpleos	simpleos_text_tool_target_artifact_admission_gap_2026-08-20	doc/08_tracking/bug/simpleos_text_tool_target_artifact_admission_gap_2026-08-20.md	registered open on 2026-09-21; authored priority retained when explicit; otherwise P3 is an untriaged schema placeholder, not a severity decision
registration-added	simpleos	simpleos_wm_4k_footprint_exceeds_heap_window_2026-07-14	doc/08_tracking/bug/simpleos_wm_4k_footprint_exceeds_heap_window_2026-07-14.md	registered open on 2026-09-21; authored priority retained when explicit; otherwise P3 is an untriaged schema placeholder, not a severity decision
exact-status-conflict	simpleos	simpleos_wm_content_provenance_material_fallback_none_2026-07-25	doc/08_tracking/bug/simpleos_wm_content_provenance_material_fallback_none_2026-07-25.md	document=OPEN — pending re-run; the suspected cause was fixed upstream (5a01603505b, fd935c8d9ad) after the analysed run; DB=closed; no status change authorized by this audit
exact-status-conflict	simpleos	simpleos_wm_host_qmp_mouse_input_no_framebuffer_delta_2026-06-11	doc/08_tracking/bug/simpleos_wm_host_qmp_mouse_input_no_framebuffer_delta_2026-06-11.md	document=Open; DB=fixed; no status change authorized by this audit
registration-added	simpleos	simpleos_wm_render_lanes_blocked_on_pure_simple_bin_2026-08-19	doc/08_tracking/bug/simpleos_wm_render_lanes_blocked_on_pure_simple_bin_2026-08-19.md	registered open on 2026-09-21; authored priority retained when explicit; otherwise P3 is an untriaged schema placeholder, not a severity decision
exact-status-conflict	common	skia_bitmap_zeros_plus_u8_param_breaks_u8_resolution_2026-07-20	doc/08_tracking/bug/skia_bitmap_zeros_plus_u8_param_breaks_u8_resolution_2026-07-20.md	document=OPEN; DB=closed; no status change authorized by this audit
registration-added	common	skia_raw_rgba_magic_constant_wrong_value_2026-09-06	doc/08_tracking/bug/skia_raw_rgba_magic_constant_wrong_value_2026-09-06.md	registered open on 2026-09-21; authored priority retained when explicit; otherwise P3 is an untriaged schema placeholder, not a severity decision
registration-added	common	slice_index_range_form_unimplemented_and_misnamed_2026-08-25	doc/08_tracking/bug/slice_index_range_form_unimplemented_and_misnamed_2026-08-25.md	registered open on 2026-09-21; authored priority retained when explicit; otherwise P3 is an untriaged schema placeholder, not a severity decision
registration-added	common	smf_enum_def_serializes_variant_names_only_2026-08-21	doc/08_tracking/bug/smf_enum_def_serializes_variant_names_only_2026-08-21.md	registered open on 2026-09-21; authored priority retained when explicit; otherwise P3 is an untriaged schema placeholder, not a severity decision
registration-added	common	smf_gotrel32_applied_as_symbol_value_2026-09-18	doc/08_tracking/bug/smf_gotrel32_applied_as_symbol_value_2026-09-18.md	registered open on 2026-09-21; authored priority retained when explicit; otherwise P3 is an untriaged schema placeholder, not a severity decision
registration-added	common	smf_manifest_written_but_never_verified_2026-08-17	doc/08_tracking/bug/smf_manifest_written_but_never_verified_2026-08-17.md	registered open on 2026-09-21; authored priority retained when explicit; otherwise P3 is an untriaged schema placeholder, not a severity decision
exact-status-conflict	common	smf_reader_bridge_silent_nil	doc/08_tracking/bug/smf_reader_bridge_silent_nil.md	document=OPEN — gate defect fixed and landed; the implement-vs-rescope; DB=fixed; no status change authorized by this audit
registration-added	common	smf_reader_memory_binding_decode_changes_exported_set_2026-09-19	doc/08_tracking/bug/smf_reader_memory_binding_decode_changes_exported_set_2026-09-19.md	registered open on 2026-09-21; authored priority retained when explicit; otherwise P3 is an untriaged schema placeholder, not a severity decision
registration-added	common	smf_reader_writer_externs_unimplemented_2026-07-31	doc/08_tracking/bug/smf_reader_writer_externs_unimplemented_2026-07-31.md	registered open on 2026-09-21; authored priority retained when explicit; otherwise P3 is an untriaged schema placeholder, not a severity decision
registration-added	common	smf_standalone_interp_fallback_functions_unavailable_2026-06-14	doc/08_tracking/bug/smf_standalone_interp_fallback_functions_unavailable_2026-06-14.md	registered open on 2026-09-21; authored priority retained when explicit; otherwise P3 is an untriaged schema placeholder, not a severity decision
registration-added	simpleos	sosix_bootstrap_blocked_by_btrfs_metadata_reserve_2026-08-11	doc/08_tracking/bug/sosix_bootstrap_blocked_by_btrfs_metadata_reserve_2026-08-11.md	registered open on 2026-09-21; authored priority retained when explicit; otherwise P3 is an untriaged schema placeholder, not a severity decision
registration-added	simpleos	sosix_full_bootstrap_concurrent_rust_input_drift_2026-08-11	doc/08_tracking/bug/sosix_full_bootstrap_concurrent_rust_input_drift_2026-08-11.md	registered open on 2026-09-21; authored priority retained when explicit; otherwise P3 is an untriaged schema placeholder, not a severity decision
registration-added	simpleos	sosix_owned_ipc_v1_continuation_and_cross_arch_reachability_2026-08-11	doc/08_tracking/bug/sosix_owned_ipc_v1_continuation_and_cross_arch_reachability_2026-08-11.md	registered open on 2026-09-21; authored priority retained when explicit; otherwise P3 is an untriaged schema placeholder, not a severity decision
registration-added	simpleos	sosix_process_sharing_spec_pre_existing_red_2026-08-27	doc/08_tracking/bug/sosix_process_sharing_spec_pre_existing_red_2026-08-27.md	registered open on 2026-09-21; authored priority retained when explicit; otherwise P3 is an untriaged schema placeholder, not a severity decision
registration-added	simpleos	sosix_qemu_external_host_admission_and_collector_gaps_2026-08-11	doc/08_tracking/bug/sosix_qemu_external_host_admission_and_collector_gaps_2026-08-11.md	registered open on 2026-09-21; authored priority retained when explicit; otherwise P3 is an untriaged schema placeholder, not a severity decision
registration-added	simpleos	sosix_qemu_matrix_media_and_selfhost_blockers_2026-08-11	doc/08_tracking/bug/sosix_qemu_matrix_media_and_selfhost_blockers_2026-08-11.md	registered open on 2026-09-21; authored priority retained when explicit; otherwise P3 is an untriaged schema placeholder, not a severity decision
registration-added	simpleos	sosix_stage2_blocked_by_runtime_wide_int_merge_2026-08-11	doc/08_tracking/bug/sosix_stage2_blocked_by_runtime_wide_int_merge_2026-08-11.md	registered open on 2026-09-21; authored priority retained when explicit; otherwise P3 is an untriaged schema placeholder, not a severity decision
registration-added	simpleos	sosix_vfs_ipc_receive_abi_mismatch_2026-08-11	doc/08_tracking/bug/sosix_vfs_ipc_receive_abi_mismatch_2026-08-11.md	registered open on 2026-09-21; authored priority retained when explicit; otherwise P3 is an untriaged schema placeholder, not a severity decision
exact-status-conflict	common	spawn_call_expr_silently_becomes_nillit_2026-07-29	doc/08_tracking/bug/spawn_call_expr_silently_becomes_nillit_2026-07-29.md	document=open — root-caused, not fixed (out of scope for the lane that found it); DB=fixed; no status change authorized by this audit
registration-added	common	spec_describe_in_main_leaks_exit_code_2026-08-30	doc/08_tracking/bug/spec_describe_in_main_leaks_exit_code_2026-08-30.md	registered open on 2026-09-21; authored priority retained when explicit; otherwise P3 is an untriaged schema placeholder, not a severity decision
registration-added	common	spec_gen_flattens_output_and_silently_drops_specs_2026-08-18	doc/08_tracking/bug/spec_gen_flattens_output_and_silently_drops_specs_2026-08-18.md	registered open on 2026-09-21; authored priority retained when explicit; otherwise P3 is an untriaged schema placeholder, not a severity decision
registration-added	common	spec_helper_block_if_imported_call_not_callable_2026-08-19	doc/08_tracking/bug/spec_helper_block_if_imported_call_not_callable_2026-08-19.md	registered open on 2026-09-21; authored priority retained when explicit; otherwise P3 is an untriaged schema placeholder, not a severity decision
registration-added	common	spec_it_block_last_expect_wins_masks_earlier_failure_2026-07-03	doc/08_tracking/bug/spec_it_block_last_expect_wins_masks_earlier_failure_2026-07-03.md	registered open on 2026-09-21; authored priority retained when explicit; otherwise P3 is an untriaged schema placeholder, not a severity decision
exact-status-conflict	common	spec_matcher_nested_call_dispatch_2026-07-27	doc/08_tracking/bug/spec_matcher_nested_call_dispatch_2026-07-27.md	document=OPEN; DB=closed; no status change authorized by this audit
registration-added	common	spec_pending_call_still_counts_it_block_as_pass_2026-07-25	doc/08_tracking/bug/spec_pending_call_still_counts_it_block_as_pass_2026-07-25.md	registered open on 2026-09-21; authored priority retained when explicit; otherwise P3 is an untriaged schema placeholder, not a severity decision
registration-added	common	spec_run_fixed_cost_dominates_single_spec_runtime_2026-08-11	doc/08_tracking/bug/spec_run_fixed_cost_dominates_single_spec_runtime_2026-08-11.md	registered open on 2026-09-21; authored priority retained when explicit; otherwise P3 is an untriaged schema placeholder, not a severity decision
registration-added	common	spec_step_bare_import_duplicates_file_rename_stack_overflow_2026-08-27	doc/08_tracking/bug/spec_step_bare_import_duplicates_file_rename_stack_overflow_2026-08-27.md	registered open on 2026-09-21; authored priority retained when explicit; otherwise P3 is an untriaged schema placeholder, not a severity decision
registration-added	common	spec_step_text_truncated_at_escaped_quote_2026-09-03	doc/08_tracking/bug/spec_step_text_truncated_at_escaped_quote_2026-09-03.md	registered open on 2026-09-21; authored priority retained when explicit; otherwise P3 is an untriaged schema placeholder, not a severity decision
registration-added	common	spec_test_loader_impl_method_dispatch_2026-08-27	doc/08_tracking/bug/spec_test_loader_impl_method_dispatch_2026-08-27.md	registered open on 2026-09-21; authored priority retained when explicit; otherwise P3 is an untriaged schema placeholder, not a severity decision
registration-added	common	spec_to_be_true_to_be_false_seed_intrinsic_gap_2026-07-02	doc/08_tracking/bug/spec_to_be_true_to_be_false_seed_intrinsic_gap_2026-07-02.md	registered open on 2026-09-21; authored priority retained when explicit; otherwise P3 is an untriaged schema placeholder, not a severity decision
registration-added	common	spec_toplevel_return_unit_diagnostic_lacks_file_line_2026-09-03	doc/08_tracking/bug/spec_toplevel_return_unit_diagnostic_lacks_file_line_2026-09-03.md	registered open on 2026-09-21; authored priority retained when explicit; otherwise P3 is an untriaged schema placeholder, not a severity decision
exact-status-conflict	common	spec_value_type_helper_mutates_copy_family_2026-08-10	doc/08_tracking/bug/spec_value_type_helper_mutates_copy_family_2026-08-10.md	document=PARTIALLY FIXED (2 specs fixed; 3 left RED, see below); DB=fixed; no status change authorized by this audit
registration-added	common	spec_verdict_forgeable_from_example_name_2026-08-17	doc/08_tracking/bug/spec_verdict_forgeable_from_example_name_2026-08-17.md	registered open on 2026-09-21; authored priority retained when explicit; otherwise P3 is an untriaged schema placeholder, not a severity decision
registration-added	other-platform	spipe_docgen_deployed_macos_cli_stale_2026-09-09	doc/08_tracking/bug/spipe_docgen_deployed_macos_cli_stale_2026-09-09.md	registered open on 2026-09-21; authored priority retained when explicit; otherwise P3 is an untriaged schema placeholder, not a severity decision
exact-status-conflict	common	spipe_docgen_stale_syntax_detection_2026-07-19	doc/08_tracking/bug/spipe_docgen_stale_syntax_detection_2026-07-19.md	document=open; DB=closed; no status change authorized by this audit
registration-added	common	spipe_lacks_context_mode_chunking_and_surfaces_2026-08-31	doc/08_tracking/bug/spipe_lacks_context_mode_chunking_and_surfaces_2026-08-31.md	registered open on 2026-09-21; authored priority retained when explicit; otherwise P3 is an untriaged schema placeholder, not a severity decision
registration-added	common	spipe_streaming_sha_interpreter_value_array_copy_timeout_2026-08-25	doc/08_tracking/bug/spipe_streaming_sha_interpreter_value_array_copy_timeout_2026-08-25.md	registered open on 2026-09-21; authored priority retained when explicit; otherwise P3 is an untriaged schema placeholder, not a severity decision
exact-status-conflict	common	spipe_to_be_true_matcher_errors_in_interpreter_itblock_2026-06-04	doc/08_tracking/bug/spipe_to_be_true_matcher_errors_in_interpreter_itblock_2026-06-04.md	document=Open (worked around); DB=closed; no status change authorized by this audit
registration-added	common	spirv_builder_emit_function_ignores_preallocated_entry_point_id_2026-08-11	doc/08_tracking/bug/spirv_builder_emit_function_ignores_preallocated_entry_point_id_2026-08-11.md	registered open on 2026-09-21; authored priority retained when explicit; otherwise P3 is an untriaged schema placeholder, not a severity decision
registration-added	common	spkc_p3_authority_publication_atomic_journal_nonadmission_2026-08-26	doc/08_tracking/bug/spkc_p3_authority_publication_atomic_journal_nonadmission_2026-08-26.md	registered open on 2026-09-21; authored priority retained when explicit; otherwise P3 is an untriaged schema placeholder, not a severity decision
registration-added	common	spl_doctest_composite_fails_wildcard_reexport_modes_2026-08-25	doc/08_tracking/bug/spl_doctest_composite_fails_wildcard_reexport_modes_2026-08-25.md	registered open on 2026-09-21; authored priority retained when explicit; otherwise P3 is an untriaged schema placeholder, not a severity decision
registration-added	common	spl_doctest_harness_aborts_unsafe_not_found_2026-08-25	doc/08_tracking/bug/spl_doctest_harness_aborts_unsafe_not_found_2026-08-25.md	registered open on 2026-09-21; authored priority retained when explicit; otherwise P3 is an untriaged schema placeholder, not a severity decision
registration-added	common	spl_doctest_phase_emits_no_verdict_line_on_abort_2026-08-25	doc/08_tracking/bug/spl_doctest_phase_emits_no_verdict_line_on_abort_2026-08-25.md	registered open on 2026-09-21; authored priority retained when explicit; otherwise P3 is an untriaged schema placeholder, not a severity decision
registration-added	common	spl_doctest_variable_not_found_class_2026-08-24	doc/08_tracking/bug/spl_doctest_variable_not_found_class_2026-08-24.md	registered open on 2026-09-21; authored priority retained when explicit; otherwise P3 is an untriaged schema placeholder, not a severity decision
registration-added	common	spl_thread_current_id_arity_mismatch_2026-09-16	doc/08_tracking/bug/spl_thread_current_id_arity_mismatch_2026-09-16.md	registered open on 2026-09-21; authored priority retained when explicit; otherwise P3 is an untriaged schema placeholder, not a severity decision
registration-added	common	sql_stmt_cache_dict_get_never_hits_2026-07-20	doc/08_tracking/bug/sql_stmt_cache_dict_get_never_hits_2026-07-20.md	registered open on 2026-09-21; authored priority retained when explicit; otherwise P3 is an untriaged schema placeholder, not a severity decision
registration-added	common	sqlite_sffi_execute_close_return_code_contract_mismatch_2026-08-08	doc/08_tracking/bug/sqlite_sffi_execute_close_return_code_contract_mismatch_2026-08-08.md	registered open on 2026-09-21; authored priority retained when explicit; otherwise P3 is an untriaged schema placeholder, not a severity decision
registration-added	common	sqrt_f64_not_correctly_rounded_2026-09-01	doc/08_tracking/bug/sqrt_f64_not_correctly_rounded_2026-09-01.md	registered open on 2026-09-21; authored priority retained when explicit; otherwise P3 is an untriaged schema placeholder, not a severity decision
registration-added	common	squashed_snapshot_e274cd33719_gutted_81_files_2026-09-07	doc/08_tracking/bug/squashed_snapshot_e274cd33719_gutted_81_files_2026-09-07.md	registered open on 2026-09-21; authored priority retained when explicit; otherwise P3 is an untriaged schema placeholder, not a severity decision
exact-status-conflict	common	src_os_dangling_imports_never_implemented_2026-07-28	doc/08_tracking/bug/src_os_dangling_imports_never_implemented_2026-07-28.md	document=OPEN (out-of-scope — no implementation invented, per triage brief); DB=closed; no status change authorized by this audit
registration-added	common	ssa_alloca_value_return_admission_spec_conflict_2026-08-21	doc/08_tracking/bug/ssa_alloca_value_return_admission_spec_conflict_2026-08-21.md	registered open on 2026-09-21; authored priority retained when explicit; otherwise P3 is an untriaged schema placeholder, not a severity decision
registration-added	common	sshd_password_verifier_zeroization_gap_2026-08-20	doc/08_tracking/bug/sshd_password_verifier_zeroization_gap_2026-08-20.md	registered open on 2026-09-21; authored priority retained when explicit; otherwise P3 is an untriaged schema placeholder, not a severity decision
exact-status-conflict	common	sspec_expect_eq_to_equal_false_silently_wrong_2026-07-17	doc/08_tracking/bug/sspec_expect_eq_to_equal_false_silently_wrong_2026-07-17.md	document=open — found incidentally while writing new hardening unit specs; DB=closed; no status change authorized by this audit
exact-status-conflict	common	sspec_extern_array_arg_marshaling_empty_result_2026-07-20	doc/08_tracking/bug/sspec_extern_array_arg_marshaling_empty_result_2026-07-20.md	document=open (root cause narrowed for observation 1, not confirmed; DB=closed; no status change authorized by this audit
registration-added	common	sspec_hollow_expect_clobbers_failure_message_2026-08-19	doc/08_tracking/bug/sspec_hollow_expect_clobbers_failure_message_2026-08-19.md	registered open on 2026-09-21; authored priority retained when explicit; otherwise P3 is an untriaged schema placeholder, not a severity decision
exact-status-conflict	common	sspec_module_docstring_plus_subprocess_it_false_green_2026-08-08	doc/08_tracking/bug/sspec_module_docstring_plus_subprocess_it_false_green_2026-08-08.md	document=OPEN, narrowed 2026-08-10 — NOT reproducible on a genuinely; DB=fixed; no status change authorized by this audit
exact-status-conflict	common	sspec_runner_suppresses_child_failure_diagnostic_2026-07-26	doc/08_tracking/bug/sspec_runner_suppresses_child_failure_diagnostic_2026-07-26.md	document=open; DB=closed; no status change authorized by this audit
registration-added	common	sspec_simple_check_describe_it_parser_2026-06-28	doc/08_tracking/bug/sspec_simple_check_describe_it_parser_2026-06-28.md	registered open on 2026-09-21; authored priority retained when explicit; otherwise P3 is an untriaged schema placeholder, not a severity decision
exact-status-conflict	common	sspec_simple_check_superlinear_two_impls_2026-06-29	doc/08_tracking/bug/sspec_simple_check_superlinear_two_impls_2026-06-29.md	document=Open; DB=closed; no status change authorized by this audit
exact-status-conflict	common	sspec_test_path_value_semantics_divergence_2026-07-20	doc/08_tracking/bug/sspec_test_path_value_semantics_divergence_2026-07-20.md	document=Open  Found: 2026-07-20 (whole-suite triage cluster, test/03system/); DB=closed; no status change authorized by this audit
registration-added	common	stage2_admission_source_quiescence_unsatisfiable_in_shared_tree_2026-08-31	doc/08_tracking/bug/stage2_admission_source_quiescence_unsatisfiable_in_shared_tree_2026-08-31.md	registered open on 2026-09-21; authored priority retained when explicit; otherwise P3 is an untriaged schema placeholder, not a severity decision
registration-added	common	stage2_aot_error_message_lost_invalid_heap_2026-09-06	doc/08_tracking/bug/stage2_aot_error_message_lost_invalid_heap_2026-09-06.md	registered open on 2026-09-21; authored priority retained when explicit; otherwise P3 is an untriaged schema placeholder, not a severity decision
registration-added	common	stage2_candidate_segv_at_monomorphize_2026-09-13	doc/08_tracking/bug/stage2_candidate_segv_at_monomorphize_2026-09-13.md	registered open on 2026-09-21; authored priority retained when explicit; otherwise P3 is an untriaged schema placeholder, not a severity decision
registration-added	common	stage2_capsule_source_identity_is_sha256_of_empty_2026-09-13	doc/08_tracking/bug/stage2_capsule_source_identity_is_sha256_of_empty_2026-09-13.md	registered open on 2026-09-21; authored priority retained when explicit; otherwise P3 is an untriaged schema placeholder, not a severity decision
registration-added	common	stage2_compiled_program_returned_array_len_zero_2026-09-20	doc/08_tracking/bug/stage2_compiled_program_returned_array_len_zero_2026-09-20.md	registered open on 2026-09-21; authored priority retained when explicit; otherwise P3 is an untriaged schema placeholder, not a severity decision
registration-added	common	stage2_cranelift_direct_segv_nil_struct_fields_2026-08-24	doc/08_tracking/bug/stage2_cranelift_direct_segv_nil_struct_fields_2026-08-24.md	registered open on 2026-09-21; authored priority retained when explicit; otherwise P3 is an untriaged schema placeholder, not a severity decision
registration-added	other-platform	stage2_link_undefined_cpu_probe_and_surface_symbols_2026-09-13	doc/08_tracking/bug/stage2_link_undefined_cpu_probe_and_surface_symbols_2026-09-13.md	registered open on 2026-09-21; authored priority retained when explicit; otherwise P3 is an untriaged schema placeholder, not a severity decision
registration-added	common	stage2_link_undefined_module_surfaces_promote_reason_sffi_enum_discriminant_2026-09-13	doc/08_tracking/bug/stage2_link_undefined_module_surfaces_promote_reason_sffi_enum_discriminant_2026-09-13.md	registered open on 2026-09-21; authored priority retained when explicit; otherwise P3 is an untriaged schema placeholder, not a severity decision
registration-added	windows	stage2_msvc_link_error_payload_invalid_heap_2026-09-03	doc/08_tracking/bug/stage2_msvc_link_error_payload_invalid_heap_2026-09-03.md	registered open on 2026-09-21; authored priority retained when explicit; otherwise P3 is an untriaged schema placeholder, not a severity decision
registration-added	windows	stage2_msvc_link_uses_gnu_driver_flags_2026-09-12	doc/08_tracking/bug/stage2_msvc_link_uses_gnu_driver_flags_2026-09-12.md	Status: OPEN; severity/priority: P1 — blocks Stage 2 of the Windows/MSVC bootstrap; matches:
registration-added	common	stage2_multiline_if_continuation_2026-08-14	doc/08_tracking/bug/stage2_multiline_if_continuation_2026-08-14.md	registered open on 2026-09-21; authored priority retained when explicit; otherwise P3 is an untriaged schema placeholder, not a severity decision
exact-status-conflict	common	stage2_native_build_link_undefined_method_symbols_2026-08-09	doc/08_tracking/bug/stage2_native_build_link_undefined_method_symbols_2026-08-09.md	document=OPEN — the untyped last-resort intrinsic routing was reverted because; DB=fixed; no status change authorized by this audit
registration-added	common	stage2_native_build_timeout_zero_immediate_2026-08-24	doc/08_tracking/bug/stage2_native_build_timeout_zero_immediate_2026-08-24.md	registered open on 2026-09-21; authored priority retained when explicit; otherwise P3 is an untriaged schema placeholder, not a severity decision
registration-added	common	stage2_native_class_field_text_dict_owner_lost_2026-09-14	doc/08_tracking/bug/stage2_native_class_field_text_dict_owner_lost_2026-09-14.md	registered open on 2026-09-21; authored priority retained when explicit; otherwise P3 is an untriaged schema placeholder, not a severity decision
registration-added	linux	stage2_native_codegen_silent_wrong_values_aarch64_2026-09-05	doc/08_tracking/bug/stage2_native_codegen_silent_wrong_values_aarch64_2026-09-05.md	registered open on 2026-09-21; authored priority retained when explicit; otherwise P3 is an untriaged schema placeholder, not a severity decision
registration-added	common	stage2_native_compile_segv_after_unwrap_fix_2026-08-25	doc/08_tracking/bug/stage2_native_compile_segv_after_unwrap_fix_2026-08-25.md	registered open on 2026-09-21; authored priority retained when explicit; otherwise P3 is an untriaged schema placeholder, not a severity decision
registration-added	common	stage2_native_f64_arithmetic_lowered_as_integer_ops_aarch64_2026-09-05	doc/08_tracking/bug/stage2_native_f64_arithmetic_lowered_as_integer_ops_aarch64_2026-09-05.md	registered open on 2026-09-21; authored priority retained when explicit; otherwise P3 is an untriaged schema placeholder, not a severity decision
registration-added	common	stage2_native_method_scoped_dict_field_write_segfaults_2026-09-14	doc/08_tracking/bug/stage2_native_method_scoped_dict_field_write_segfaults_2026-09-14.md	registered open on 2026-09-21; authored priority retained when explicit; otherwise P3 is an untriaged schema placeholder, not a severity decision
registration-added	common	stage2_parent_receipt_publish_passes_wrong_candidate_path_2026-09-13	doc/08_tracking/bug/stage2_parent_receipt_publish_passes_wrong_candidate_path_2026-09-13.md	registered open on 2026-09-21; authored priority retained when explicit; otherwise P3 is an untriaged schema placeholder, not a severity decision
registration-added	other-platform	stage2_positional_entry_segv_module_surfaces_null_2026-08-31	doc/08_tracking/bug/stage2_positional_entry_segv_module_surfaces_null_2026-08-31.md	registered open on 2026-09-21; authored priority retained when explicit; otherwise P3 is an untriaged schema placeholder, not a severity decision
registration-added	linux	stage2_positional_native_build_fails_in_capsule_collection_2026-09-06	doc/08_tracking/bug/stage2_positional_native_build_fails_in_capsule_collection_2026-09-06.md	registered open on 2026-09-21; authored priority retained when explicit; otherwise P3 is an untriaged schema placeholder, not a severity decision
registration-added	common	stage2_pure_simple_compile_paths_crash_2026-08-28	doc/08_tracking/bug/stage2_pure_simple_compile_paths_crash_2026-08-28.md	registered open on 2026-09-21; authored priority retained when explicit; otherwise P3 is an untriaged schema placeholder, not a severity decision
registration-added	common	stage2_receiver_bootstrap_fn_registry_promotion_failed_2026-09-13	doc/08_tracking/bug/stage2_receiver_bootstrap_fn_registry_promotion_failed_2026-09-13.md	registered open on 2026-09-21; authored priority retained when explicit; otherwise P3 is an untriaged schema placeholder, not a severity decision
registration-added	common	stage2_receiver_probe_module_path_naming_not_run_2026-09-14	doc/08_tracking/bug/stage2_receiver_probe_module_path_naming_not_run_2026-09-14.md	registered open on 2026-09-21; authored priority retained when explicit; otherwise P3 is an untriaged schema placeholder, not a severity decision
registration-added	common	stage2_receiver_probe_module_path_naming_not_run_flake_2026-09-14	doc/08_tracking/bug/stage2_receiver_probe_module_path_naming_not_run_flake_2026-09-14.md	registered open on 2026-09-21; authored priority retained when explicit; otherwise P3 is an untriaged schema placeholder, not a severity decision
registration-added	common	stage2_sanity_diagnostic_staging_unavailable_2026-09-12	doc/08_tracking/bug/stage2_sanity_diagnostic_staging_unavailable_2026-09-12.md	registered open on 2026-09-21; authored priority retained when explicit; otherwise P3 is an untriaged schema placeholder, not a severity decision
registration-added	common	stage2_sanity_passes_share_one_object_store_2026-09-13	doc/08_tracking/bug/stage2_sanity_passes_share_one_object_store_2026-09-13.md	registered open on 2026-09-21; authored priority retained when explicit; otherwise P3 is an untriaged schema placeholder, not a severity decision
registration-added	common	stage2_split_impl_modules_missing_from_entry_closure_2026-08-22	doc/08_tracking/bug/stage2_split_impl_modules_missing_from_entry_closure_2026-08-22.md	registered open on 2026-09-21; authored priority retained when explicit; otherwise P3 is an untriaged schema placeholder, not a severity decision
registration-added	common	stage2_stage3_route_native_compile_timeout_2026-09-13	doc/08_tracking/bug/stage2_stage3_route_native_compile_timeout_2026-09-13.md	registered open on 2026-09-21; authored priority retained when explicit; otherwise P3 is an untriaged schema placeholder, not a severity decision
registration-added	common	stage2_unwrap_on_array_pop_yields_nil_2026-09-13	doc/08_tracking/bug/stage2_unwrap_on_array_pop_yields_nil_2026-09-13.md	registered open on 2026-09-21; authored priority retained when explicit; otherwise P3 is an untriaged schema placeholder, not a severity decision
registration-added	windows	stage2_windows_msvc_struct_receiver_probe_segv_2026-09-01	doc/08_tracking/bug/stage2_windows_msvc_struct_receiver_probe_segv_2026-09-01.md	registered open on 2026-09-21; authored priority retained when explicit; otherwise P3 is an untriaged schema placeholder, not a severity decision
registration-added	common	stage3_attempt_clobbers_admission_env_breaking_next_receipt_2026-09-02	doc/08_tracking/bug/stage3_attempt_clobbers_admission_env_breaking_next_receipt_2026-09-02.md	registered open on 2026-09-21; authored priority retained when explicit; otherwise P3 is an untriaged schema placeholder, not a severity decision
registration-added	common	stage3_closure_omits_definition_owner_modules_2026-09-01	doc/08_tracking/bug/stage3_closure_omits_definition_owner_modules_2026-09-01.md	registered open on 2026-09-21; authored priority retained when explicit; otherwise P3 is an untriaged schema placeholder, not a severity decision
registration-added	common	stage3_coordinator_route_cold_init_unreachable_under_env_i_2026-09-14	doc/08_tracking/bug/stage3_coordinator_route_cold_init_unreachable_under_env_i_2026-09-14.md	registered open on 2026-09-21; authored priority retained when explicit; otherwise P3 is an untriaged schema placeholder, not a severity decision
registration-added	common	stage3_driver_hir_lowering_spins_after_parse_fix_2026-09-21	doc/08_tracking/bug/stage3_driver_hir_lowering_spins_after_parse_fix_2026-09-21.md	registered open on 2026-09-21; authored priority retained when explicit; otherwise P3 is an untriaged schema placeholder, not a severity decision
registration-added	common	stage3_f030_final_parse_marker_rss_growth_2026-08-08	doc/08_tracking/bug/stage3_f030_final_parse_marker_rss_growth_2026-08-08.md	registered open on 2026-09-21; authored priority retained when explicit; otherwise P3 is an untriaged schema placeholder, not a severity decision
registration-added	other-platform	stage3_hard_blocked_on_stage2_admission_2026-08-31	doc/08_tracking/bug/stage3_hard_blocked_on_stage2_admission_2026-08-31.md	registered open on 2026-09-21; authored priority retained when explicit; otherwise P3 is an untriaged schema placeholder, not a severity decision
registration-added	common	stage3_hir_enum_payload_closure_stack_overflow_driver_2026-09-14	doc/08_tracking/bug/stage3_hir_enum_payload_closure_stack_overflow_driver_2026-09-14.md	registered open on 2026-09-21; authored priority retained when explicit; otherwise P3 is an untriaged schema placeholder, not a severity decision
registration-added	common	stage3_hir_segv_compiler_driver_unit2of833_2026-09-14	doc/08_tracking/bug/stage3_hir_segv_compiler_driver_unit2of833_2026-09-14.md	registered open on 2026-09-21; authored priority retained when explicit; otherwise P3 is an untriaged schema placeholder, not a severity decision
registration-added	common	stage3_links_stale_rust_runtime_archive_runtime_fixes_are_noops_2026-08-17	doc/08_tracking/bug/stage3_links_stale_rust_runtime_archive_runtime_fixes_are_noops_2026-08-17.md	registered open on 2026-09-21; authored priority retained when explicit; otherwise P3 is an untriaged schema placeholder, not a severity decision
exact-status-conflict	common	stage3_lookup_or_invalid_returns_unrelated_symbol_id_2026-08-18	doc/08_tracking/bug/stage3_lookup_or_invalid_returns_unrelated_symbol_id_2026-08-18.md	document=OPEN (P1) — root cause of the Stage 3 enum payload dependency fatal; DB=fixed; no status change authorized by this audit
registration-added	common	stage3_mir_runtime_error_trace_segv_2026-08-15	doc/08_tracking/bug/stage3_mir_runtime_error_trace_segv_2026-08-15.md	registered open on 2026-09-21; authored priority retained when explicit; otherwise P3 is an untriaged schema placeholder, not a severity decision
registration-added	linux	stage3_mir_values_equal_segv_after_full_hir_2026-08-25	doc/08_tracking/bug/stage3_mir_values_equal_segv_after_full_hir_2026-08-25.md	registered open on 2026-09-21; authored priority retained when explicit; otherwise P3 is an untriaged schema placeholder, not a severity decision
registration-added	common	stage3_native_build_and_compile_segv_on_hello_world_2026-08-18	doc/08_tracking/bug/stage3_native_build_and_compile_segv_on_hello_world_2026-08-18.md	registered open on 2026-09-21; authored priority retained when explicit; otherwise P3 is an untriaged schema placeholder, not a severity decision
registration-added	linux	stage3_native_build_serial_ignores_jobs_2026-09-14	doc/08_tracking/bug/stage3_native_build_serial_ignores_jobs_2026-09-14.md	registered open on 2026-09-21; authored priority retained when explicit; otherwise P3 is an untriaged schema placeholder, not a severity decision
exact-status-conflict	common	stage3_native_build_sigsegv_call_to_zero_root_cause_2026-08-11	doc/08_tracking/bug/stage3_native_build_sigsegv_call_to_zero_root_cause_2026-08-11.md	document=OPEN — root cause diagnosed, no fix landed; DB=fixed; no status change authorized by this audit
registration-added	common	stage3_nil_coalesce_owner_enum_handle_stale_runtime_2026-08-17	doc/08_tracking/bug/stage3_nil_coalesce_owner_enum_handle_stale_runtime_2026-08-17.md	registered open on 2026-09-21; authored priority retained when explicit; otherwise P3 is an untriaged schema placeholder, not a severity decision
registration-added	common	stage3_no_gc_parse_hir_retention_2026-08-25	doc/08_tracking/bug/stage3_no_gc_parse_hir_retention_2026-08-25.md	registered open on 2026-09-21; authored priority retained when explicit; otherwise P3 is an untriaged schema placeholder, not a severity decision
registration-added	common	stage3_parse_stalls_at_tail_43_files_2026-08-17	doc/08_tracking/bug/stage3_parse_stalls_at_tail_43_files_2026-08-17.md	registered open on 2026-09-21; authored priority retained when explicit; otherwise P3 is an untriaged schema placeholder, not a severity decision
registration-added	linux	stage3_phase2_surface_stall_after_huffman_46gb_2026-09-14	doc/08_tracking/bug/stage3_phase2_surface_stall_after_huffman_46gb_2026-09-14.md	registered open on 2026-09-21; authored priority retained when explicit; otherwise P3 is an untriaged schema placeholder, not a severity decision
registration-added	common	stage3_post_parse_surface_window_has_no_receipts_2026-08-17	doc/08_tracking/bug/stage3_post_parse_surface_window_has_no_receipts_2026-08-17.md	registered open on 2026-09-21; authored priority retained when explicit; otherwise P3 is an untriaged schema placeholder, not a severity decision
registration-added	common	stage3_quadratic_transient_heap_promote_2026-09-02	doc/08_tracking/bug/stage3_quadratic_transient_heap_promote_2026-09-02.md	registered open on 2026-09-21; authored priority retained when explicit; otherwise P3 is an untriaged schema placeholder, not a severity decision
registration-added	common	stage3_scv_inventory_noncanonical_and_stage2_struct_push_segv_2026-09-20	doc/08_tracking/bug/stage3_scv_inventory_noncanonical_and_stage2_struct_push_segv_2026-09-20.md	registered open on 2026-09-21; authored priority retained when explicit; otherwise P3 is an untriaged schema placeholder, not a severity decision
registration-added	common	stage3_selfhost_status_after_dedent_fix_2026-08-10	doc/08_tracking/bug/stage3_selfhost_status_after_dedent_fix_2026-08-10.md	registered open on 2026-09-21; authored priority retained when explicit; otherwise P3 is an untriaged schema placeholder, not a severity decision
registration-added	common	stage3_selfhost_symbol_alias_conflict_2026-08-04	doc/08_tracking/bug/stage3_selfhost_symbol_alias_conflict_2026-08-04.md	registered open on 2026-09-21; authored priority retained when explicit; otherwise P3 is an untriaged schema placeholder, not a severity decision
registration-added	common	stage3_selfhost_unresolved_builtin_types_2026-08-31	doc/08_tracking/bug/stage3_selfhost_unresolved_builtin_types_2026-08-31.md	registered open on 2026-09-21; authored priority retained when explicit; otherwise P3 is an untriaged schema placeholder, not a severity decision
registration-added	other-platform	stage3_selfhost_zerokind_compile_specialized_template_release_macos_2026-09-05	doc/08_tracking/bug/stage3_selfhost_zerokind_compile_specialized_template_release_macos_2026-09-05.md	registered open on 2026-09-21; authored priority retained when explicit; otherwise P3 is an untriaged schema placeholder, not a severity decision
registration-added	common	stage3_step_omits_package_index_cold_init_scv_authority_missing_2026-09-13	doc/08_tracking/bug/stage3_step_omits_package_index_cold_init_scv_authority_missing_2026-09-13.md	registered open on 2026-09-21; authored priority retained when explicit; otherwise P3 is an untriaged schema placeholder, not a severity decision
registration-added	other-platform	stage3_streaming_hir_owner_crash_after_origin_fix_2026-08-22	doc/08_tracking/bug/stage3_streaming_hir_owner_crash_after_origin_fix_2026-08-22.md	registered open on 2026-09-21; authored priority retained when explicit; otherwise P3 is an untriaged schema placeholder, not a severity decision
registration-added	common	stage3_surface_freeze_segv_blocks_mcdc_rt_hal_verification_2026-08-25	doc/08_tracking/bug/stage3_surface_freeze_segv_blocks_mcdc_rt_hal_verification_2026-08-25.md	registered open on 2026-09-21; authored priority retained when explicit; otherwise P3 is an untriaged schema placeholder, not a severity decision
exact-status-conflict	common	stage3_whole_tree_parse_state_vhdl_helpers_2026-07-30	doc/08_tracking/bug/stage3_whole_tree_parse_state_vhdl_helpers_2026-07-30.md	document=Open, and the repro is FLAKY, not deterministic — see "2026-07-30; DB=closed; no status change authorized by this audit
registration-added	linux	stage3_worker_reaped_silently_in_hir_typecheck_2026-09-05	doc/08_tracking/bug/stage3_worker_reaped_silently_in_hir_typecheck_2026-09-05.md	registered open on 2026-09-21; authored priority retained when explicit; otherwise P3 is an untriaged schema placeholder, not a severity decision
exact-status-conflict	common	stage4_aot_native_build_struct_field_access_sigill_2026-07-24	doc/08_tracking/bug/stage4_aot_native_build_struct_field_access_sigill_2026-07-24.md	document=OPEN — an earlier layout-metadata nil was repaired in source; rebuilt execution and the later Field arm remain pending; DB=closed; no status change authorized by this audit
registration-added	common	stage4_bootstrap_receipt_planner_unavailable_2026-08-15	doc/08_tracking/bug/stage4_bootstrap_receipt_planner_unavailable_2026-08-15.md	registered open on 2026-09-21; authored priority retained when explicit; otherwise P3 is an untriaged schema placeholder, not a severity decision
registration-added	common	stage4_cli_entry_closure_resolver_probe_unverified_2026-07-26	doc/08_tracking/bug/stage4_cli_entry_closure_resolver_probe_unverified_2026-07-26.md	registered open on 2026-09-21; authored priority retained when explicit; otherwise P3 is an untriaged schema placeholder, not a severity decision
exact-status-conflict	common	stage4_cranelift_direct_enum_text_cross_function_2026-07-24	doc/08_tracking/bug/stage4_cranelift_direct_enum_text_cross_function_2026-07-24.md	document=OPEN — root-caused, blocked on a deeper codegen defect (see below); DB=closed; no status change authorized by this audit
exact-status-conflict	common	stage4_cranelift_direct_origin_regression_2026-07-23	doc/08_tracking/bug/stage4_cranelift_direct_origin_regression_2026-07-23.md	document=OPEN — ARCHITECTURAL, confirmed out-of-scope for a source-only; DB=closed; no status change authorized by this audit
registration-added	common	stage4_deploy_timeout_blocks_release_path_guard_2026-07-08	doc/08_tracking/bug/stage4_deploy_timeout_blocks_release_path_guard_2026-07-08.md	registered open on 2026-09-21; authored priority retained when explicit; otherwise P3 is an untriaged schema placeholder, not a severity decision
registration-added	common	stage4_driver_backend_result_sdnvalue_import_2026-08-02	doc/08_tracking/bug/stage4_driver_backend_result_sdnvalue_import_2026-08-02.md	registered open on 2026-09-21; authored priority retained when explicit; otherwise P3 is an untriaged schema placeholder, not a severity decision
exact-status-conflict	common	stage4_entry_closure_duplicate_parse_2026-07-17	doc/08_tracking/bug/stage4_entry_closure_duplicate_parse_2026-07-17.md	document=OPEN — ARCHITECTURAL, confirmed out-of-scope for a source-only; DB=closed; no status change authorized by this audit
exact-status-conflict	common	stage4_focused_subbuild_star_import_unresolved_2026-07-27	doc/08_tracking/bug/stage4_focused_subbuild_star_import_unresolved_2026-07-27.md	document=open; DB=closed; no status change authorized by this audit
registration-added	common	stage4_full_cli_unlinkable_579_unresolved_runtime_symbols_2026-09-01	doc/08_tracking/bug/stage4_full_cli_unlinkable_579_unresolved_runtime_symbols_2026-09-01.md	registered open on 2026-09-21; authored priority retained when explicit; otherwise P3 is an untriaged schema placeholder, not a severity decision
registration-added	common	stage4_link_undefined_peer_symbols_2026-07-28	doc/08_tracking/bug/stage4_link_undefined_peer_symbols_2026-07-28.md	registered open on 2026-09-21; authored priority retained when explicit; otherwise P3 is an untriaged schema placeholder, not a severity decision
exact-status-conflict	common	stage4_phase3_flat_ast_arena_desync_2026-08-01	doc/08_tracking/bug/stage4_phase3_flat_ast_arena_desync_2026-08-01.md	document=OPEN; DB=fixed; no status change authorized by this audit
exact-status-conflict	common	stage4_selfhost_log_modes_lexer_state_corruption_2026-07-24	doc/08_tracking/bug/stage4_selfhost_log_modes_lexer_state_corruption_2026-07-24.md	document=open; exact-current full CLI blocked; DB=closed; no status change authorized by this audit
exact-status-conflict	common	stage4_selfhost_sha3_hir_infer_and_stubs_2026-06-28	doc/08_tracking/bug/stage4_selfhost_sha3_hir_infer_and_stubs_2026-06-28.md	document=open; DB=closed; no status change authorized by this audit
exact-status-conflict	common	stage4_test_runner_bounded_capture_empty_2026-07-23	doc/08_tracking/bug/stage4_test_runner_bounded_capture_empty_2026-07-23.md	document=OPEN / CANDIDATE REJECTED.; DB=closed; no status change authorized by this audit
registration-added	common	stale_snapshot_clobber_4edef8fab8e_2026-08-26	doc/08_tracking/bug/stale_snapshot_clobber_4edef8fab8e_2026-08-26.md	registered open on 2026-09-21; authored priority retained when explicit; otherwise P3 is an untriaged schema placeholder, not a severity decision
registration-added	common	stale_spec_cluster_premise_false_148_live_specs_2026-08-23	doc/08_tracking/bug/stale_spec_cluster_premise_false_148_live_specs_2026-08-23.md	registered open on 2026-09-21; authored priority retained when explicit; otherwise P3 is an untriaged schema placeholder, not a severity decision
registration-added	common	standalone_hir_lowering_aborts_on_real_compiler_files_2026-08-21	doc/08_tracking/bug/standalone_hir_lowering_aborts_on_real_compiler_files_2026-08-21.md	registered open on 2026-09-21; authored priority retained when explicit; otherwise P3 is an untriaged schema placeholder, not a severity decision
registration-added	common	standalone_smf_patternmatch_detector_len_on_i64_2026-08-31	doc/08_tracking/bug/standalone_smf_patternmatch_detector_len_on_i64_2026-08-31.md	registered open on 2026-09-21; authored priority retained when explicit; otherwise P3 is an untriaged schema placeholder, not a severity decision
exact-status-conflict	common	star_import_does_not_reach_expect_not_in_std_spec_2026-08-04	doc/08_tracking/bug/star_import_does_not_reach_expect_not_in_std_spec_2026-08-04.md	document=OPEN (re-verified 2026-08-10) — architectural, needs compiler; DB=closed; no status change authorized by this audit
registration-added	common	starfive_dtb_policy_rv64_object_link_2026-08-20	doc/08_tracking/bug/starfive_dtb_policy_rv64_object_link_2026-08-20.md	registered open on 2026-09-21; authored priority retained when explicit; otherwise P3 is an untriaged schema placeholder, not a severity decision
registration-added	common	starfive_tigard_shifted_tap_ids_2026-08-20	doc/08_tracking/bug/starfive_tigard_shifted_tap_ids_2026-08-20.md	registered open on 2026-09-21; authored priority retained when explicit; otherwise P3 is an untriaged schema placeholder, not a severity decision
registration-added	common	static_factory_method_chain_wrong_value_2026-08-16	doc/08_tracking/bug/static_factory_method_chain_wrong_value_2026-08-16.md	registered open on 2026-09-21; authored priority retained when explicit; otherwise P3 is an untriaged schema placeholder, not a severity decision
registration-added	common	stats_hangs_after_file_counts_2026-09-02	doc/08_tracking/bug/stats_hangs_after_file_counts_2026-09-02.md	registered open on 2026-09-21; authored priority retained when explicit; otherwise P3 is an untriaged schema placeholder, not a severity decision
exact-status-conflict	common	std_async_runtime_native_backend_gaps_2026-06-11	doc/08_tracking/bug/std_async_runtime_native_backend_gaps_2026-06-11.md	document=open (triaged 2026-06-11); DB=closed; no status change authorized by this audit
registration-added	common	std_collection_helpers_module_missing_2026-09-01	doc/08_tracking/bug/std_collection_helpers_module_missing_2026-09-01.md	registered open on 2026-09-21; authored priority retained when explicit; otherwise P3 is an untriaged schema placeholder, not a severity decision
registration-added	common	std_crypto_sha1_missing_hex_upper_2026-07-20	doc/08_tracking/bug/std_crypto_sha1_missing_hex_upper_2026-07-20.md	registered open on 2026-09-21; authored priority retained when explicit; otherwise P3 is an untriaged schema placeholder, not a severity decision
registration-added	common	std_gpu_package_import_binds_cuda_externs_to_nocuda_stub_2026-08-25	doc/08_tracking/bug/std_gpu_package_import_binds_cuda_externs_to_nocuda_stub_2026-08-25.md	registered open on 2026-09-21; authored priority retained when explicit; otherwise P3 is an untriaged schema placeholder, not a severity decision
exact-status-conflict	common	std_hash_facade_shadows_noalloc_hash_package_2026-08-08	doc/08_tracking/bug/std_hash_facade_shadows_noalloc_hash_package_2026-08-08.md	document=OPEN; DB=fixed; no status change authorized by this audit
exact-status-conflict	common	std_math_abs_f64_returns_zero_2026-08-08	doc/08_tracking/bug/std_math_abs_f64_returns_zero_2026-08-08.md	document=OPEN; DB=fixed; no status change authorized by this audit
registration-added	common	std_spec_package_shadows_file_print_summary_2026-07-17	doc/08_tracking/bug/std_spec_package_shadows_file_print_summary_2026-07-17.md	registered open on 2026-09-21; authored priority retained when explicit; otherwise P3 is an untriaged schema placeholder, not a severity decision
registration-added	common	std_suite_failures_are_unbuilt_features_2026-09-20	doc/08_tracking/bug/std_suite_failures_are_unbuilt_features_2026-09-20.md	registered open on 2026-09-21; authored priority retained when explicit; otherwise P3 is an untriaged schema placeholder, not a severity decision
registration-added	common	stdlib_eprint_shadows_prelude_builtin_program_wide_2026-08-17	doc/08_tracking/bug/stdlib_eprint_shadows_prelude_builtin_program_wide_2026-08-17.md	registered open on 2026-09-21; authored priority retained when explicit; otherwise P3 is an untriaged schema placeholder, not a severity decision
registration-added	common	stdlib_spl_edits_not_live_under_bin_simple_run_2026-08-08	doc/08_tracking/bug/stdlib_spl_edits_not_live_under_bin_simple_run_2026-08-08.md	registered open on 2026-09-21; authored priority retained when explicit; otherwise P3 is an untriaged schema placeholder, not a severity decision
registration-added	windows	stitch_mcp_file_not_defined_and_missing_auth_2026-09-15	doc/08_tracking/bug/stitch_mcp_file_not_defined_and_missing_auth_2026-09-15.md	registered open on 2026-09-21; authored priority retained when explicit; otherwise P3 is an untriaged schema placeholder, not a severity decision
registration-added	common	stray_vgate_probe_tag_2026-09-07	doc/08_tracking/bug/stray_vgate_probe_tag_2026-09-07.md	registered open on 2026-09-21; authored priority retained when explicit; otherwise P3 is an untriaged schema placeholder, not a severity decision
registration-added	common	string_char_code_at_o_index_fallback_on_non_ascii_text_2026-08-28	doc/08_tracking/bug/string_char_code_at_o_index_fallback_on_non_ascii_text_2026-08-28.md	registered open on 2026-09-21; authored priority retained when explicit; otherwise P3 is an untriaged schema placeholder, not a severity decision
exact-status-conflict	common	string_literal_double_brace_collapse_2026-06-16	doc/08_tracking/bug/string_literal_double_brace_collapse_2026-06-16.md	document=open — minimal repro confirmed; DB=closed; no status change authorized by this audit
registration-added	common	string_template_multi_placeholder_slot_not_found_2026-07-30	doc/08_tracking/bug/string_template_multi_placeholder_slot_not_found_2026-07-30.md	registered open on 2026-09-21; authored priority retained when explicit; otherwise P3 is an untriaged schema placeholder, not a severity decision
registration-added	common	struct_param_mutation_semantics_2026-07-03	doc/08_tracking/bug/struct_param_mutation_semantics_2026-07-03.md	registered open on 2026-09-21; authored priority retained when explicit; otherwise P3 is an untriaged schema placeholder, not a severity decision
exact-status-conflict	common	struct_shorthand_arg_order_binds_wrong_field_2026-07-20	doc/08_tracking/bug/struct_shorthand_arg_order_binds_wrong_field_2026-07-20.md	document=open (found triaging test/feature/usage/structshorthandspec.spl); DB=closed; no status change authorized by this audit
registration-added	common	struct_spread_paren_form_parses_as_range_2026-08-30	doc/08_tracking/bug/struct_spread_paren_form_parses_as_range_2026-08-30.md	registered open on 2026-09-21; authored priority retained when explicit; otherwise P3 is an untriaged schema placeholder, not a severity decision
registration-added	common	sub_sup_line_box_strut_contradiction_2026-09-14	doc/08_tracking/bug/sub_sup_line_box_strut_contradiction_2026-09-14.md	registered open on 2026-09-21; authored priority retained when explicit; otherwise P3 is an untriaged schema placeholder, not a severity decision
registration-added	common	supervised_builder_unwired_and_no_peak_rss_2026-08-17	doc/08_tracking/bug/supervised_builder_unwired_and_no_peak_rss_2026-08-17.md	registered open on 2026-09-21; authored priority retained when explicit; otherwise P3 is an untriaged schema placeholder, not a severity decision
registration-added	common	svmg_lowering_spec_unterminated_fstring_parse_failure_2026-09-13	doc/08_tracking/bug/svmg_lowering_spec_unterminated_fstring_parse_failure_2026-09-13.md	registered open on 2026-09-21; authored priority retained when explicit; otherwise P3 is an untriaged schema placeholder, not a severity decision
exact-status-conflict	common	table_lib_missing_set_import_and_method_gaps_2026-07-20	doc/08_tracking/bug/table_lib_missing_set_import_and_method_gaps_2026-07-20.md	document=open (found triaging test/feature/usage/tablespec.spl after; DB=closed; no status change authorized by this audit
registration-added	common	tail_if_mixed_int_float_arms_lose_the_float_2026-09-06	doc/08_tracking/bug/tail_if_mixed_int_float_arms_lose_the_float_2026-09-06.md	registered open on 2026-09-21; authored priority retained when explicit; otherwise P3 is an untriaged schema placeholder, not a severity decision
exact-status-conflict	common	target_arch_enum_enum_collision_option_2026-07-18	doc/08_tracking/bug/target_arch_enum_enum_collision_option_2026-07-18.md	document=open (documented; NOT fixed — root cause is the seed interpreter's; DB=fixed; no status change authorized by this audit
registration-added	common	target_instruction_optimization_32bit_spec_pre_existing_red_2026-08-27	doc/08_tracking/bug/target_instruction_optimization_32bit_spec_pre_existing_red_2026-08-27.md	registered open on 2026-09-21; authored priority retained when explicit; otherwise P3 is an untriaged schema placeholder, not a severity decision
registration-added	common	task_spawn_runtime_pool_spec_semantic_fail_2026-07-05	doc/08_tracking/bug/task_spawn_runtime_pool_spec_semantic_fail_2026-07-05.md	registered open on 2026-09-21; authored priority retained when explicit; otherwise P3 is an untriaged schema placeholder, not a severity decision
exact-status-conflict	common	tauri_mdi_input_to_paint_validator_hang_2026-07-04	doc/08_tracking/bug/tauri_mdi_input_to_paint_validator_hang_2026-07-04.md	document=open; DB=closed; no status change authorized by this audit
registration-added	common	tcp_peer_probe_feature_missing_2026-09-16	doc/08_tracking/bug/tcp_peer_probe_feature_missing_2026-09-16.md	registered open on 2026-09-21; authored priority retained when explicit; otherwise P3 is an untriaged schema placeholder, not a severity decision
registration-added	common	test_config_apply_value_missing_mut_param_2026-07-17	doc/08_tracking/bug/test_config_apply_value_missing_mut_param_2026-07-17.md	registered open on 2026-09-21; authored priority retained when explicit; otherwise P3 is an untriaged schema placeholder, not a severity decision
exact-status-conflict	common	test_daemon_freezes_env_binary_override_dead_2026-08-02	doc/08_tracking/bug/test_daemon_freezes_env_binary_override_dead_2026-08-02.md	document=fixed (client-side lane bypass); protocol-level fix still open; DB=open; no status change authorized by this audit
exact-status-conflict	common	test_helpers_namespace_unresolved_deep_paths_2026-07-06	doc/08_tracking/bug/test_helpers_namespace_unresolved_deep_paths_2026-07-06.md	document=OPEN; DB=closed; no status change authorized by this audit
exact-status-conflict	common	test_level_filters_never_match_numbered_trees_2026-07-27	doc/08_tracking/bug/test_level_filters_never_match_numbered_trees_2026-07-27.md	document=open; DB=closed; no status change authorized by this audit
exact-status-conflict	common	test_manifest_invalidation_is_size_only_mtime_never_read_2026-08-17	doc/08_tracking/bug/test_manifest_invalidation_is_size_only_mtime_never_read_2026-08-17.md	document=OPEN (P1); DB=fixed; no status change authorized by this audit
registration-added	common	test_mode_filter_specs_are_vacuous_self_tests_2026-08-21	doc/08_tracking/bug/test_mode_filter_specs_are_vacuous_self_tests_2026-08-21.md	registered open on 2026-09-21; authored priority retained when explicit; otherwise P3 is an untriaged schema placeholder, not a severity decision
registration-added	common	test_runner_exits_zero_on_failed_spec_2026-08-21	doc/08_tracking/bug/test_runner_exits_zero_on_failed_spec_2026-08-21.md	registered open on 2026-09-21; authored priority retained when explicit; otherwise P3 is an untriaged schema placeholder, not a severity decision
exact-status-conflict	common	test_runner_expect_failure_swallowed_u8_bytes_2026-07-03	doc/08_tracking/bug/test_runner_expect_failure_swallowed_u8_bytes_2026-07-03.md	document=open, needs minimal repro; DB=closed; no status change authorized by this audit
registration-added	common	test_runner_fixed_session_cost_2026-08-21	doc/08_tracking/bug/test_runner_fixed_session_cost_2026-08-21.md	registered open on 2026-09-21; authored priority retained when explicit; otherwise P3 is an untriaged schema placeholder, not a severity decision
registration-added	common	test_runner_in_development_reporting_and_db_persist_2026-08-23	doc/08_tracking/bug/test_runner_in_development_reporting_and_db_persist_2026-08-23.md	registered open on 2026-09-21; authored priority retained when explicit; otherwise P3 is an untriaged schema placeholder, not a severity decision
registration-added	common	test_runner_never_exits_after_summary_post_run_db_report_2026-08-18	doc/08_tracking/bug/test_runner_never_exits_after_summary_post_run_db_report_2026-08-18.md	registered open on 2026-09-21; authored priority retained when explicit; otherwise P3 is an untriaged schema placeholder, not a severity decision
registration-added	common	test_runner_peak_rss_needs_child_rusage_extern_2026-08-17	doc/08_tracking/bug/test_runner_peak_rss_needs_child_rusage_extern_2026-08-17.md	registered open on 2026-09-21; authored priority retained when explicit; otherwise P3 is an untriaged schema placeholder, not a severity decision
registration-added	common	test_runner_spins_at_100pct_after_summary_2026-08-18	doc/08_tracking/bug/test_runner_spins_at_100pct_after_summary_2026-08-18.md	registered open on 2026-09-21; authored priority retained when explicit; otherwise P3 is an untriaged schema placeholder, not a severity decision
exact-status-conflict	common	test_runner_stray_full_repo_lint_scan_false_fail_2026-07-20	doc/08_tracking/bug/test_runner_stray_full_repo_lint_scan_false_fail_2026-07-20.md	document=Open; DB=closed; no status change authorized by this audit
registration-added	windows	test_runner_windows_child_binary_stale_fallback_2026-09-01	doc/08_tracking/bug/test_runner_windows_child_binary_stale_fallback_2026-09-01.md	registered open on 2026-09-21; authored priority retained when explicit; otherwise P3 is an untriaged schema placeholder, not a severity decision
registration-added	common	test_tree_divergence_preexisting_2026-08-17	doc/08_tracking/bug/test_tree_divergence_preexisting_2026-08-17.md	registered open on 2026-09-21; authored priority retained when explicit; otherwise P3 is an untriaged schema placeholder, not a severity decision
registration-added	common	test_tree_divergence_preexisting_red_2026-08-16	doc/08_tracking/bug/test_tree_divergence_preexisting_red_2026-08-16.md	registered open on 2026-09-21; authored priority retained when explicit; otherwise P3 is an untriaged schema placeholder, not a severity decision
registration-added	common	test_tree_divergence_preexisting_red_stepover_2026-08-17	doc/08_tracking/bug/test_tree_divergence_preexisting_red_stepover_2026-08-17.md	registered open on 2026-09-21; authored priority retained when explicit; otherwise P3 is an untriaged schema placeholder, not a severity decision
registration-added	common	test_tree_divergence_preexisting_step_over_2026-08-16	doc/08_tracking/bug/test_tree_divergence_preexisting_step_over_2026-08-16.md	registered open on 2026-09-21; authored priority retained when explicit; otherwise P3 is an untriaged schema placeholder, not a severity decision
registration-added	common	text_advanced_case_conversions_broken_by_char_index_arithmetic_2026-08-11	doc/08_tracking/bug/text_advanced_case_conversions_broken_by_char_index_arithmetic_2026-08-11.md	registered open on 2026-09-21; authored priority retained when explicit; otherwise P3 is an untriaged schema placeholder, not a severity decision
exact-status-conflict	common	text_index_of_start_arg_dropped_and_error_sentinel_leak_2026-07-28	doc/08_tracking/bug/text_index_of_start_arg_dropped_and_error_sentinel_leak_2026-07-28.md	document=OPEN — root-caused, fix NOT contained (needs a new runtime symbol + a semantics decision); DB=closed; no status change authorized by this audit
registration-added	common	text_len_substring_bytes_but_index_chars_2026-08-30	doc/08_tracking/bug/text_len_substring_bytes_but_index_chars_2026-08-30.md	registered open on 2026-09-21; authored priority retained when explicit; otherwise P3 is an untriaged schema placeholder, not a severity decision
registration-added	common	text_literal_brace_run_swallows_following_concatenation_2026-09-05	doc/08_tracking/bug/text_literal_brace_run_swallows_following_concatenation_2026-09-05.md	registered open on 2026-09-21; authored priority retained when explicit; otherwise P3 is an untriaged schema placeholder, not a severity decision
registration-added	common	text_literal_to_i64_returns_rodata_pointer_native_2026-09-07	doc/08_tracking/bug/text_literal_to_i64_returns_rodata_pointer_native_2026-09-07.md	registered open on 2026-09-21; authored priority retained when explicit; otherwise P3 is an untriaged schema placeholder, not a severity decision
exact-status-conflict	common	text_starts_with_miscompiled_to_bytespan_name_collision_2026-07-27	doc/08_tracking/bug/text_starts_with_miscompiled_to_bytespan_name_collision_2026-07-27.md	document=OPEN, fix IN FLIGHT. Root cause PROVEN (five independent; DB=closed; no status change authorized by this audit
exact-status-conflict	common	text_static_method_hir_lowering_2026-07-23	doc/08_tracking/bug/text_static_method_hir_lowering_2026-07-23.md	document=OPEN — call site worked around (std.stringcore.charfromcode).; DB=closed; no status change authorized by this audit
exact-status-conflict	common	text_substring_o_offset_parse_html_quadratic_2026-07-07	doc/08_tracking/bug/text_substring_o_offset_parse_html_quadratic_2026-07-07.md	document=partially fixed 2026-07-07 — parsehtml leg FIXED (native-split event; DB=fixed; no status change authorized by this audit
registration-added	common	text_to_bytes_method_missing_on_text_receiver_2026-09-06	doc/08_tracking/bug/text_to_bytes_method_missing_on_text_receiver_2026-09-06.md	registered open on 2026-09-21; authored priority retained when explicit; otherwise P3 is an untriaged schema placeholder, not a severity decision
exact-status-conflict	common	theme_package_transaction_sync_owner_blocker_2026-07-27	doc/08_tracking/bug/theme_package_transaction_sync_owner_blocker_2026-07-27.md	document=open prerequisite — re-verified against origin/main 2026-07-27,; DB=closed; no status change authorized by this audit
exact-status-conflict	common	theme_service_notification_transport_contract_2026-07-24	doc/08_tracking/bug/theme_service_notification_transport_contract_2026-07-24.md	document=open, implementation blocked; DB=closed; no status change authorized by this audit
registration-added	common	theme_snapshot_catalog_review_hard_stop_2026-07-27_tldr	doc/08_tracking/bug/theme_snapshot_catalog_review_hard_stop_2026-07-27_tldr.md	registered open on 2026-09-21; authored priority retained when explicit; otherwise P3 is an untriaged schema placeholder, not a severity decision
exact-status-conflict	common	theme_web_frame_acceptance_unguarded_2026-07-27	doc/08_tracking/bug/theme_web_frame_acceptance_unguarded_2026-07-27.md	document=open; DB=closed; no status change authorized by this audit
registration-added	common	three_layoutbox_variants_2026-08-10	doc/08_tracking/bug/three_layoutbox_variants_2026-08-10.md	registered open on 2026-09-21; authored priority retained when explicit; otherwise P3 is an untriaged schema placeholder, not a severity decision
registration-added	common	tierless_std_js_imports_resolve_to_root_lib_js_not_common_2026-08-01	doc/08_tracking/bug/tierless_std_js_imports_resolve_to_root_lib_js_not_common_2026-08-01.md	registered open on 2026-09-21; authored priority retained when explicit; otherwise P3 is an untriaged schema placeholder, not a severity decision
registration-added	common	tiny_ui_web_wm_integration_blockers_2026-08-14	doc/08_tracking/bug/tiny_ui_web_wm_integration_blockers_2026-08-14.md	registered open on 2026-09-21; authored priority retained when explicit; otherwise P3 is an untriaged schema placeholder, not a severity decision
registration-added	common	tls_no_fd_upgrade_blocks_starttls_2026-08-25	doc/08_tracking/bug/tls_no_fd_upgrade_blocks_starttls_2026-08-25.md	registered open on 2026-09-21; authored priority retained when explicit; otherwise P3 is an untriaged schema placeholder, not a severity decision
registration-added	common	to_equal_treats_nil_as_false_green_2026-09-01	doc/08_tracking/bug/to_equal_treats_nil_as_false_green_2026-09-01.md	registered open on 2026-09-21; authored priority retained when explicit; otherwise P3 is an untriaged schema placeholder, not a severity decision
exact-status-conflict	common	to_int_optional_lies_and_some_i64_payload_shift_2026-07-27	doc/08_tracking/bug/to_int_optional_lies_and_some_i64_payload_shift_2026-07-27.md	document=OPEN — compiler/runtime defects, NOT patched here (parallel lanes; DB=closed; no status change authorized by this audit
registration-added	common	todo_db_description_drift_false_positive_2026-09-12	doc/08_tracking/bug/todo_db_description_drift_false_positive_2026-09-12.md	registered open on 2026-09-21; authored priority retained when explicit; otherwise P3 is an untriaged schema placeholder, not a severity decision
registration-added	common	todo_scan_segfaults_after_db_write_and_renumbers_ids_2026-09-12	doc/08_tracking/bug/todo_scan_segfaults_after_db_write_and_renumbers_ids_2026-09-12.md	registered open on 2026-09-21; authored priority retained when explicit; otherwise P3 is an untriaged schema placeholder, not a severity decision
registration-added	common	top_level_array_index_assign_in_loop_silently_dropped_2026-08-25	doc/08_tracking/bug/top_level_array_index_assign_in_loop_silently_dropped_2026-08-25.md	registered open on 2026-09-21; authored priority retained when explicit; otherwise P3 is an untriaged schema placeholder, not a severity decision
registration-added	common	transport_profile_sdn_path_cwd_dependent_2026-09-01	doc/08_tracking/bug/transport_profile_sdn_path_cwd_dependent_2026-09-01.md	registered open on 2026-09-21; authored priority retained when explicit; otherwise P3 is an untriaged schema placeholder, not a severity decision
registration-added	common	tree_size_guard_bands_every_commit_against_one_base_2026-08-17	doc/08_tracking/bug/tree_size_guard_bands_every_commit_against_one_base_2026-08-17.md	registered open on 2026-09-21; authored priority retained when explicit; otherwise P3 is an untriaged schema placeholder, not a severity decision
registration-added	common	tree_size_guard_hangs_on_btrfs_metadata_exhaustion_2026-08-11	doc/08_tracking/bug/tree_size_guard_hangs_on_btrfs_metadata_exhaustion_2026-08-11.md	registered open on 2026-09-21; authored priority retained when explicit; otherwise P3 is an untriaged schema placeholder, not a severity decision
exact-status-conflict	common	treesitter_real_specs_150_of_151_tautologies_pythontrue_lint_2026-08-06	doc/08_tracking/bug/treesitter_real_specs_150_of_151_tautologies_pythontrue_lint_2026-08-06.md	document=OPEN; DB=fixed; no status change authorized by this audit
exact-status-conflict	common	try_operator_bare_nil_option_none_mismatch_2026-07-20	doc/08_tracking/bug/try_operator_bare_nil_option_none_mismatch_2026-07-20.md	document=open (found triaging test/shared/types/tryoperatorspec.spl); DB=closed; no status change authorized by this audit
exact-status-conflict	common	try_operator_on_option_no_early_return_2026-08-08	doc/08_tracking/bug/try_operator_on_option_no_early_return_2026-08-08.md	document=OPEN; DB=fixed; no status change authorized by this audit
exact-status-conflict	common	tuple_destructuring_does_not_bind_2026-07-27	doc/08_tracking/bug/tuple_destructuring_does_not_bind_2026-07-27.md	document=OPEN — diagnosis complete, fix NOT applied (live lane GFIX owns src/compilerrust/); DB=closed; no status change authorized by this audit
registration-added	common	twelve_verification_assurance_specs_broken_not_flaky_2026-08-21	doc/08_tracking/bug/twelve_verification_assurance_specs_broken_not_flaky_2026-08-21.md	registered open on 2026-09-21; authored priority retained when explicit; otherwise P3 is an untriaged schema placeholder, not a severity decision
exact-status-conflict	common	two_std_specs_reference_nonexistent_api_and_assert_nothing_2026-08-04	doc/08_tracking/bug/two_std_specs_reference_nonexistent_api_and_assert_nothing_2026-08-04.md	document=OPEN (architectural — blocked on owner decision, not a lane-fixable defect); DB=fixed; no status change authorized by this audit
registration-added	common	typed_array_variable_binding_zeroes_elements_2026-08-17	doc/08_tracking/bug/typed_array_variable_binding_zeroes_elements_2026-08-17.md	registered open on 2026-09-21; authored priority retained when explicit; otherwise P3 is an untriaged schema placeholder, not a severity decision
registration-added	common	u64_shift_signed_outside_typed_fn_2026-09-03	doc/08_tracking/bug/u64_shift_signed_outside_typed_fn_2026-09-03.md	registered open on 2026-09-21; authored priority retained when explicit; otherwise P3 is an untriaged schema placeholder, not a severity decision
registration-added	common	u8_cast_push_yields_unpacked_byte_array_2026-09-06	doc/08_tracking/bug/u8_cast_push_yields_unpacked_byte_array_2026-09-06.md	registered open on 2026-09-21; authored priority retained when explicit; otherwise P3 is an untriaged schema placeholder, not a severity decision
registration-added	common	udp_send_to_rejects_typed_u8_array_2026-07-04	doc/08_tracking/bug/udp_send_to_rejects_typed_u8_array_2026-07-04.md	registered open on 2026-09-21; authored priority retained when explicit; otherwise P3 is an untriaged schema placeholder, not a severity decision
registration-added	common	ui_backend_isolation_gate_name_based_false_positives_2026-08-27	doc/08_tracking/bug/ui_backend_isolation_gate_name_based_false_positives_2026-08-27.md	registered open on 2026-09-21; authored priority retained when explicit; otherwise P3 is an untriaged schema placeholder, not a severity decision
registration-added	common	ui_web_ws_any_cast_fails_in_spawned_thread_2026-08-04	doc/08_tracking/bug/ui_web_ws_any_cast_fails_in_spawned_thread_2026-08-04.md	registered open on 2026-09-21; authored priority retained when explicit; otherwise P3 is an untriaged schema placeholder, not a severity decision
registration-added	common	undefined_import_called_exits_zero_2026-08-17	doc/08_tracking/bug/undefined_import_called_exits_zero_2026-08-17.md	registered open on 2026-09-21; authored priority retained when explicit; otherwise P3 is an untriaged schema placeholder, not a severity decision
exact-status-conflict	common	unit_composite_to_conversion_and_power_operator_2026-07-20	doc/08_tracking/bug/unit_composite_to_conversion_and_power_operator_2026-07-20.md	document=open (found triaging test/unit/lib/unit/unitcompositespec.spl); DB=closed; no status change authorized by this audit
registration-added	common	unit_spec_hangs_42_excluded_2026-08-27	doc/08_tracking/bug/unit_spec_hangs_42_excluded_2026-08-27.md	registered open on 2026-09-21; authored priority retained when explicit; otherwise P3 is an untriaged schema placeholder, not a severity decision
registration-added	common	unit_specs_that_never_parse_2026-09-13	doc/08_tracking/bug/unit_specs_that_never_parse_2026-09-13.md	registered open on 2026-09-21; authored priority retained when explicit; otherwise P3 is an untriaged schema placeholder, not a severity decision
exact-status-conflict	common	unit_type_si_prefix_and_suffix_bugs_2026-07-20	doc/08_tracking/bug/unit_type_si_prefix_and_suffix_bugs_2026-07-20.md	document=open (found triaging test/feature/usage/unittypesspec.spl); DB=closed; no status change authorized by this audit
exact-status-conflict	common	unknown_field_access_no_static_error_2026-08-10	doc/08_tracking/bug/unknown_field_access_no_static_error_2026-08-10.md	document=OPEN — blast radius unquantified; hard-error decision deferred to user; DB=fixed; no status change authorized by this audit
registration-added	common	unregistered_extern_silent_nil_2026-08-01	doc/08_tracking/bug/unregistered_extern_silent_nil_2026-08-01.md	registered open on 2026-09-21; authored priority retained when explicit; otherwise P3 is an untriaged schema placeholder, not a severity decision
registration-added	common	unsafe_block_expression_binding_parser_gap_2026-08-21	doc/08_tracking/bug/unsafe_block_expression_binding_parser_gap_2026-08-21.md	registered open on 2026-09-21; authored priority retained when explicit; otherwise P3 is an untriaged schema placeholder, not a severity decision
registration-added	common	unsafe_block_expression_rhs_2026-08-22	doc/08_tracking/bug/unsafe_block_expression_rhs_2026-08-22.md	registered open on 2026-09-21; authored priority retained when explicit; otherwise P3 is an untriaged schema placeholder, not a severity decision
registration-added	common	unsafe_capabilities_block_unsupported_in_expression_position_2026-08-30	doc/08_tracking/bug/unsafe_capabilities_block_unsupported_in_expression_position_2026-08-30.md	registered open on 2026-09-21; authored priority retained when explicit; otherwise P3 is an untriaged schema placeholder, not a severity decision
registration-added	common	unsafe_capabilities_not_carried_into_hir_2026-08-21	doc/08_tracking/bug/unsafe_capabilities_not_carried_into_hir_2026-08-21.md	registered open on 2026-09-21; authored priority retained when explicit; otherwise P3 is an untriaged schema placeholder, not a severity decision
registration-added	common	unsafe_capability_block_syntax_not_parsed_2026-08-21	doc/08_tracking/bug/unsafe_capability_block_syntax_not_parsed_2026-08-21.md	registered open on 2026-09-21; authored priority retained when explicit; otherwise P3 is an untriaged schema placeholder, not a severity decision
registration-added	common	untagged_specs_for_unbuilt_features_2026-09-20	doc/08_tracking/bug/untagged_specs_for_unbuilt_features_2026-09-20.md	registered open on 2026-09-21; authored priority retained when explicit; otherwise P3 is an untriaged schema placeholder, not a severity decision
registration-added	common	unwrap_family_treats_flat_nil_as_present_2026-09-13	doc/08_tracking/bug/unwrap_family_treats_flat_nil_as_present_2026-09-13.md	registered open on 2026-09-21; authored priority retained when explicit; otherwise P3 is an untriaged schema placeholder, not a severity decision
exact-status-conflict	common	unwrap_or_return_default_value_dropped_2026-07-20	doc/08_tracking/bug/unwrap_or_return_default_value_dropped_2026-07-20.md	document=open (found triaging test/feature/usage/safeunwrapoperatorsspec.spl); DB=closed; no status change authorized by this audit
registration-added	common	unwrap_still_rebinds_to_poll_unwrap_at_closure_scale_2026-09-13	doc/08_tracking/bug/unwrap_still_rebinds_to_poll_unwrap_at_closure_scale_2026-09-13.md	registered open on 2026-09-21; authored priority retained when explicit; otherwise P3 is an untriaged schema placeholder, not a severity decision
registration-added	common	url_decode_percent_escapes_never_decode_2026-08-18	doc/08_tracking/bug/url_decode_percent_escapes_never_decode_2026-08-18.md	registered open on 2026-09-21; authored priority retained when explicit; otherwise P3 is an untriaged schema placeholder, not a severity decision
registration-added	common	use_list_names_never_checked_2026-08-04	doc/08_tracking/bug/use_list_names_never_checked_2026-08-04.md	registered open on 2026-09-21; authored priority retained when explicit; otherwise P3 is an untriaged schema placeholder, not a severity decision
registration-added	common	value_access_ownership_spec_never_executes_2026-09-18	doc/08_tracking/bug/value_access_ownership_spec_never_executes_2026-09-18.md	Status: OPEN; severity/priority: P2 — a guard that reports nothing is indistinguishable from a guard that passes, and this one would FAIL if it ran; matches:
registration-added	common	value_spec_calls_undefined_value_kind_consumers_source_2026-09-06	doc/08_tracking/bug/value_spec_calls_undefined_value_kind_consumers_source_2026-09-06.md	registered open on 2026-09-21; authored priority retained when explicit; otherwise P3 is an untriaged schema placeholder, not a severity decision
registration-added	common	verification_cache_invalidate_dependents_wildcard_symbol_2026-07-20	doc/08_tracking/bug/verification_cache_invalidate_dependents_wildcard_symbol_2026-07-20.md	registered open on 2026-09-21; authored priority retained when explicit; otherwise P3 is an untriaged schema placeholder, not a severity decision
exact-status-conflict	common	verification_lean_init_missing_use_before_export_2026-07-20	doc/08_tracking/bug/verification_lean_init_missing_use_before_export_2026-07-20.md	document=open; DB=closed; no status change authorized by this audit
registration-added	common	vfs_l5_fat32core_open_faults_on_new_file_write_2026-08-31	doc/08_tracking/bug/vfs_l5_fat32core_open_faults_on_new_file_write_2026-08-31.md	registered open on 2026-09-21; authored priority retained when explicit; otherwise P3 is an untriaged schema placeholder, not a severity decision
exact-status-conflict	common	vhdl_backend_branch_local_and_aggregate_codegen_gaps_2026-07-20	doc/08_tracking/bug/vhdl_backend_branch_local_and_aggregate_codegen_gaps_2026-07-20.md	document=open; DB=closed; no status change authorized by this audit
exact-status-conflict	common	vhdl_entryfile_crossmodule_enum_resolve_2026-07-18	doc/08_tracking/bug/vhdl_entryfile_crossmodule_enum_resolve_2026-07-18.md	document=open; DB=closed; no status change authorized by this audit
registration-added	common	vhdl_manifest_selfhosted_test_runtime_misrouted_2026-08-12	doc/08_tracking/bug/vhdl_manifest_selfhosted_test_runtime_misrouted_2026-08-12.md	registered open on 2026-09-21; authored priority retained when explicit; otherwise P3 is an untriaged schema placeholder, not a severity decision
registration-added	common	virtio_map_bar_capability_authority_2026-08-02	doc/08_tracking/bug/virtio_map_bar_capability_authority_2026-08-02.md	registered open on 2026-09-21; authored priority retained when explicit; otherwise P3 is an untriaged schema placeholder, not a severity decision
exact-status-conflict	common	vmm_copyin_cross_page_bytes_lost_2026-07-20	doc/08_tracking/bug/vmm_copyin_cross_page_bytes_lost_2026-07-20.md	document=Open; DB=closed; no status change authorized by this audit
registration-added	common	vulkan_device_dispatch_ignores_stencil_mask_2026-08-19	doc/08_tracking/bug/vulkan_device_dispatch_ignores_stencil_mask_2026-08-19.md	registered open on 2026-09-21; authored priority retained when explicit; otherwise P3 is an untriaged schema placeholder, not a severity decision
registration-added	other-platform	vulkan_engine2d_sequential_frames_flaky_moltenvk_2026-09-02	doc/08_tracking/bug/vulkan_engine2d_sequential_frames_flaky_moltenvk_2026-09-02.md	registered open on 2026-09-21; authored priority retained when explicit; otherwise P3 is an untriaged schema placeholder, not a severity decision
registration-added	common	vulkan_feature_build_e0252_duplicate_import_2026-08-19	doc/08_tracking/bug/vulkan_feature_build_e0252_duplicate_import_2026-08-19.md	registered open on 2026-09-21; authored priority retained when explicit; otherwise P3 is an untriaged schema placeholder, not a severity decision
registration-added	common	vulkan_feature_off_makes_gpu_benchmarks_silently_noop_2026-09-13	doc/08_tracking/bug/vulkan_feature_off_makes_gpu_benchmarks_silently_noop_2026-09-13.md	registered open on 2026-09-21; authored priority retained when explicit; otherwise P3 is an untriaged schema placeholder, not a severity decision
registration-added	linux	vulkan_instance_init_fails_under_run_but_not_test_2026-08-25	doc/08_tracking/bug/vulkan_instance_init_fails_under_run_but_not_test_2026-08-25.md	registered open on 2026-09-21; authored priority retained when explicit; otherwise P3 is an untriaged schema placeholder, not a severity decision
registration-added	common	vulkan_no_wait_pending_submission_blocks_followup_compute_2026-09-09	doc/08_tracking/bug/vulkan_no_wait_pending_submission_blocks_followup_compute_2026-09-09.md	registered open on 2026-09-21; authored priority retained when explicit; otherwise P3 is an untriaged schema placeholder, not a severity decision
registration-added	common	vulkan_vm_lane_returns_exit0_after_cuda_lane_same_process_2026-08-25	doc/08_tracking/bug/vulkan_vm_lane_returns_exit0_after_cuda_lane_same_process_2026-08-25.md	registered open on 2026-09-21; authored priority retained when explicit; otherwise P3 is an untriaged schema placeholder, not a severity decision
exact-status-conflict	common	watchdog_externs_unregistered_module_uncalled_2026-07-08	doc/08_tracking/bug/watchdog_externs_unregistered_module_uncalled_2026-07-08.md	document=open (dead-or-dormant; owner decision needed — delete vs wire up); DB=closed; no status change authorized by this audit
registration-added	common	web_backend_env_get_alias_unresolved_interpret_2026-07-07	doc/08_tracking/bug/web_backend_env_get_alias_unresolved_interpret_2026-07-07.md	registered open on 2026-09-21; authored priority retained when explicit; otherwise P3 is an untriaged schema placeholder, not a severity decision
registration-added	common	web_block_vertical_advance_12pct_2026-09-12	doc/08_tracking/bug/web_block_vertical_advance_12pct_2026-09-12.md	registered open on 2026-09-21; authored priority retained when explicit; otherwise P3 is an untriaged schema placeholder, not a severity decision
exact-status-conflict	common	web_compute_styles_residual_quadratic_2026-07-06	doc/08_tracking/bug/web_compute_styles_residual_quadratic_2026-07-06.md	document=partially addressed 2026-07-07 — the candidate-lookup scan named as a suspect below; DB=closed; no status change authorized by this audit
registration-added	common	web_cpu_vulkan_twin_pixel_divergence_unbudgeted_2026-09-13	doc/08_tracking/bug/web_cpu_vulkan_twin_pixel_divergence_unbudgeted_2026-09-13.md	registered open on 2026-09-21; authored priority retained when explicit; otherwise P3 is an untriaged schema placeholder, not a severity decision
registration-added	common	web_draw_ir_8k_frame_switch_native_build_timeout_2026-08-11	doc/08_tracking/bug/web_draw_ir_8k_frame_switch_native_build_timeout_2026-08-11.md	registered open on 2026-09-21; authored priority retained when explicit; otherwise P3 is an untriaged schema placeholder, not a severity decision
exact-status-conflict	common	web_font_provider_split_nested_call_resolution_2026-07-14	doc/08_tracking/bug/web_font_provider_split_nested_call_resolution_2026-07-14.md	document=Open (source worked around; seed compiler fix pending); DB=closed; no status change authorized by this audit
registration-added	common	web_geometry_differ_li_reparented_desyncs_nth_paths_2026-09-13	doc/08_tracking/bug/web_geometry_differ_li_reparented_desyncs_nth_paths_2026-09-13.md	registered open on 2026-09-21; authored priority retained when explicit; otherwise P3 is an untriaged schema placeholder, not a severity decision
exact-status-conflict	common	web_gpu_paint_text_gradient_still_residual_blit_2026-07-06	doc/08_tracking/bug/web_gpu_paint_text_gradient_still_residual_blit_2026-07-06.md	document=open (follow-up to the landed rect offload); DB=closed; no status change authorized by this audit
exact-status-conflict	common	web_render_iframe_material_fallback_provenance_2026-07-24	doc/08_tracking/bug/web_render_iframe_material_fallback_provenance_2026-07-24.md	document=open, non-blocking for the shared-WM theme path.; DB=closed; no status change authorized by this audit
exact-status-conflict	common	web_renderer_duplicate_public_entry_binding_2026-08-04	doc/08_tracking/bug/web_renderer_duplicate_public_entry_binding_2026-08-04.md	document=open; DB=fixed; no status change authorized by this audit
registration-added	common	web_request_port_evidence_authenticity_2026-08-25	doc/08_tracking/bug/web_request_port_evidence_authenticity_2026-08-25.md	registered open on 2026-09-21; authored priority retained when explicit; otherwise P3 is an untriaged schema placeholder, not a severity decision
registration-added	common	web_showcase_4k_frame_time_unbudgeted_2026-09-13	doc/08_tracking/bug/web_showcase_4k_frame_time_unbudgeted_2026-09-13.md	registered open on 2026-09-21; authored priority retained when explicit; otherwise P3 is an untriaged schema placeholder, not a severity decision
registration-added	common	web_showcase_dom_tab_bridge_gap_2026-09-05	doc/08_tracking/bug/web_showcase_dom_tab_bridge_gap_2026-09-05.md	registered open on 2026-09-21; authored priority retained when explicit; otherwise P3 is an untriaged schema placeholder, not a severity decision
registration-added	other-platform	web_style_cascade_apply_decls_reparses_per_node_2026-09-12	doc/08_tracking/bug/web_style_cascade_apply_decls_reparses_per_node_2026-09-12.md	registered open on 2026-09-21; authored priority retained when explicit; otherwise P3 is an untriaged schema placeholder, not a severity decision
registration-added	common	web_tab_bar_flex_item_widths_fractional_font_size_2026-09-14	doc/08_tracking/bug/web_tab_bar_flex_item_widths_fractional_font_size_2026-09-14.md	registered open on 2026-09-21; authored priority retained when explicit; otherwise P3 is an untriaged schema placeholder, not a severity decision
registration-added	common	web_ui_facade_lib_compile_error_node_types_2026-09-16	doc/08_tracking/bug/web_ui_facade_lib_compile_error_node_types_2026-09-16.md	registered open on 2026-09-21; authored priority retained when explicit; otherwise P3 is an untriaged schema placeholder, not a severity decision
exact-status-conflict	common	web_wm_modern_shell_spec_perf_2026-06-04	doc/08_tracking/bug/web_wm_modern_shell_spec_perf_2026-06-04.md	document=open (triaged 2026-06-11); DB=closed; no status change authorized by this audit
registration-added	common	webfw_signing_wrong_digest_and_csrf_not_session_bound_2026-08-18	doc/08_tracking/bug/webfw_signing_wrong_digest_and_csrf_not_session_bound_2026-08-18.md	registered open on 2026-09-21; authored priority retained when explicit; otherwise P3 is an untriaged schema placeholder, not a severity decision
exact-status-conflict	common	webgui_font_path_seed_verification_2026-07-20	doc/08_tracking/bug/webgui_font_path_seed_verification_2026-07-20.md	document=Open (verification blocked by pre-existing seed defects; no new; DB=closed; no status change authorized by this audit
exact-status-conflict	common	while_val_pattern_binding_not_visible_in_body_2026-07-20	doc/08_tracking/bug/while_val_pattern_binding_not_visible_in_body_2026-07-20.md	document=OPEN — re-reproduced 2026-08-17 by execution (see "Re-verification; DB=closed; no status change authorized by this audit
exact-status-conflict	common	wildcard_std_spec_import_drops_expect_not_2026-08-04	doc/08_tracking/bug/wildcard_std_spec_import_drops_expect_not_2026-08-04.md	document=OPEN — architectural (needs either a Rust-seed bdd.rs intrinsic-table; DB=fixed; no status change authorized by this audit
registration-added	common	window_record_encode_declared_nowhere_2026-08-04	doc/08_tracking/bug/window_record_encode_declared_nowhere_2026-08-04.md	registered open on 2026-09-21; authored priority retained when explicit; otherwise P3 is an untriaged schema placeholder, not a severity decision
semantic-alias-resolved	windows	windows_bootstrap_cmp_authority_missing_2026-09-09	doc/08_tracking/bug/windows_bootstrap_cmp_authority_missing_2026-09-09.md	maps explicitly to authoritative P1/fix-implemented-verification-pending ID windows_bootstrap_cmp_authority_missing; generated P3/open shadow row removed
registration-added	windows	windows_bootstrap_max_path_262_2026-08-30	doc/08_tracking/bug/windows_bootstrap_max_path_262_2026-08-30.md	registered open on 2026-09-21; authored priority retained when explicit; otherwise P3 is an untriaged schema placeholder, not a severity decision
exact-status-conflict	windows	windows_build_subcommand_silent_noop_stale_binary_2026-08-05	doc/08_tracking/bug/windows_build_subcommand_silent_noop_stale_binary_2026-08-05.md	document=OPEN — architectural (needs a native-Windows or WSL environment to; DB=fixed; no status change authorized by this audit
exact-status-conflict	windows	windows_materialized_symlink_alias_git_state_timeout_2026-09-09	doc/08_tracking/bug/windows_materialized_symlink_alias_git_state_timeout_2026-09-09.md	document=OPEN; DB=fixed; no status change authorized by this audit
registration-added	windows	windows_mcp_native_build_blocked_at_hir_entry_2026-09-01	doc/08_tracking/bug/windows_mcp_native_build_blocked_at_hir_entry_2026-09-01.md	registered open on 2026-09-21; authored priority retained when explicit; otherwise P3 is an untriaged schema placeholder, not a severity decision
registration-added	windows	windows_msvc_stage2_receiver_gate_runtime_c_uncompilable_2026-09-02	doc/08_tracking/bug/windows_msvc_stage2_receiver_gate_runtime_c_uncompilable_2026-09-02.md	registered open on 2026-09-21; authored priority retained when explicit; otherwise P3 is an untriaged schema placeholder, not a severity decision
registration-added	windows	windows_msvc_stage2_rejected_struct_receiver_route_threads_2026-09-01	doc/08_tracking/bug/windows_msvc_stage2_rejected_struct_receiver_route_threads_2026-09-01.md	registered open on 2026-09-21; authored priority retained when explicit; otherwise P3 is an untriaged schema placeholder, not a severity decision
registration-added	windows	windows_native_build_main_resolves_to_image_base_2026-09-01	doc/08_tracking/bug/windows_native_build_main_resolves_to_image_base_2026-09-01.md	registered open on 2026-09-21; authored priority retained when explicit; otherwise P3 is an untriaged schema placeholder, not a severity decision
registration-added	windows	windows_path_duality_native_vs_shell_tmp_2026-09-18	doc/08_tracking/bug/windows_path_duality_native_vs_shell_tmp_2026-09-18.md	registered open on 2026-09-21; authored priority retained when explicit; otherwise P3 is an untriaged schema placeholder, not a severity decision
registration-added	windows	windows_phase3_blocked_planner_admission_producer_requires_in_repo_build_root_2026-09-02	doc/08_tracking/bug/windows_phase3_blocked_planner_admission_producer_requires_in_repo_build_root_2026-09-02.md	registered open on 2026-09-21; authored priority retained when explicit; otherwise P3 is an untriaged schema placeholder, not a severity decision
registration-added	windows	windows_rt_process_run_cannot_exec_shebang_script_fixtures_2026-09-02	doc/08_tracking/bug/windows_rt_process_run_cannot_exec_shebang_script_fixtures_2026-09-02.md	registered open on 2026-09-21; authored priority retained when explicit; otherwise P3 is an untriaged schema placeholder, not a severity decision
registration-added	windows	windows_stripped_seed_binary_blinds_symbol_guards_2026-09-02	doc/08_tracking/bug/windows_stripped_seed_binary_blinds_symbol_guards_2026-09-02.md	registered open on 2026-09-21; authored priority retained when explicit; otherwise P3 is an untriaged schema placeholder, not a severity decision
exact-status-conflict	common	wine_hello_fixture_spec_orphaned_api_drift_2026-07-20	doc/08_tracking/bug/wine_hello_fixture_spec_orphaned_api_drift_2026-07-20.md	document=Open; DB=closed; no status change authorized by this audit
registration-added	common	wine_process_tls_dispatch_spec_pre_existing_red_2026-08-27	doc/08_tracking/bug/wine_process_tls_dispatch_spec_pre_existing_red_2026-08-27.md	registered open on 2026-09-21; authored priority retained when explicit; otherwise P3 is an untriaged schema placeholder, not a severity decision
exact-status-conflict	common	wine_proton_runtime_modules_missing_2026-07-20	doc/08_tracking/bug/wine_proton_runtime_modules_missing_2026-07-20.md	document=Open; DB=closed; no status change authorized by this audit
registration-added	common	wine_seh_frame_module_missing_2026-07-20	doc/08_tracking/bug/wine_seh_frame_module_missing_2026-07-20.md	registered open on 2026-09-21; authored priority retained when explicit; otherwise P3 is an untriaged schema placeholder, not a severity decision
registration-added	common	wine_thread_adapter_missing_impl_2026-07-20	doc/08_tracking/bug/wine_thread_adapter_missing_impl_2026-07-20.md	registered open on 2026-09-21; authored priority retained when explicit; otherwise P3 is an untriaged schema placeholder, not a severity decision
registration-added	common	wine_vm_write_readback_token_renamed_specs_red_2026-08-26	doc/08_tracking/bug/wine_vm_write_readback_token_renamed_specs_red_2026-08-26.md	registered open on 2026-09-21; authored priority retained when explicit; otherwise P3 is an untriaged schema placeholder, not a severity decision
registration-added	common	wire_to_bytes_high_byte_utf8_roundtrip_corruption_2026-09-05	doc/08_tracking/bug/wire_to_bytes_high_byte_utf8_roundtrip_corruption_2026-09-05.md	registered open on 2026-09-21; authored priority retained when explicit; otherwise P3 is an untriaged schema placeholder, not a severity decision
exact-status-conflict	common	with_statement_exit_self_field_mutation_lost_2026-07-20	doc/08_tracking/bug/with_statement_exit_self_field_mutation_lost_2026-07-20.md	document=open (found triaging test/feature/usage/contextmanagersspec.spl); DB=closed; no status change authorized by this audit
registration-added	common	wm_glass_qemu_evidence_contract_p1_2026-07-27_tldr	doc/08_tracking/bug/wm_glass_qemu_evidence_contract_p1_2026-07-27_tldr.md	registered open on 2026-09-21; authored priority retained when explicit; otherwise P3 is an untriaged schema placeholder, not a severity decision
registration-added	windows	wm_lifecycle_restore_action_does_not_restore_geometry_2026-08-08	doc/08_tracking/bug/wm_lifecycle_restore_action_does_not_restore_geometry_2026-08-08.md	registered open on 2026-09-21; authored priority retained when explicit; otherwise P3 is an untriaged schema placeholder, not a severity decision
exact-status-conflict	common	wm_taskbar_pin_persistence_transaction_2026-07-29	doc/08_tracking/bug/wm_taskbar_pin_persistence_transaction_2026-07-29.md	document=fixed; live native persistence evidence blocked by VFS global lowering; DB=open; no status change authorized by this audit
exact-status-conflict	common	wm_theme_css_loaded_not_applied_2026-07-20	doc/08_tracking/bug/wm_theme_css_loaded_not_applied_2026-07-20.md	document=OPEN; DB=closed; no status change authorized by this audit
registration-added	common	wm_web_standards_showcase_child_frame_timeout_2026-08-06	doc/08_tracking/bug/wm_web_standards_showcase_child_frame_timeout_2026-08-06.md	registered open on 2026-09-21; authored priority retained when explicit; otherwise P3 is an untriaged schema placeholder, not a severity decision
exact-status-conflict	common	wm_widget_headless_default_ppm_path_write_fails_2026-07-25	doc/08_tracking/bug/wm_widget_headless_default_ppm_path_write_fails_2026-07-25.md	document=OPEN — reproducible, well-characterised, root cause unknown; DB=closed; no status change authorized by this audit
exact-status-conflict	common	wm_window_title_text_not_rendered_2026-07-20	doc/08_tracking/bug/wm_window_title_text_not_rendered_2026-07-20.md	document=OPEN; DB=closed; no status change authorized by this audit
registration-added	common	world_units_engine_and_generators_modules_missing_2026-08-21	doc/08_tracking/bug/world_units_engine_and_generators_modules_missing_2026-08-21.md	registered open on 2026-09-21; authored priority retained when explicit; otherwise P3 is an untriaged schema placeholder, not a severity decision
registration-added	common	wp18_taclebench_import_blocked_by_network_fetch_2026-08-07	doc/08_tracking/bug/wp18_taclebench_import_blocked_by_network_fetch_2026-08-07.md	registered open on 2026-09-21; authored priority retained when explicit; otherwise P3 is an untriaged schema placeholder, not a severity decision
exact-status-conflict	common	x64_freestanding_layout_sensitive_dup_displaced_stores	doc/08_tracking/bug/x64_freestanding_layout_sensitive_dup_displaced_stores.md	document=open (reproduced once with real dumped bytes; vanishes with unrelated code motion); DB=closed; no status change authorized by this audit
exact-status-conflict	common	x64_freestanding_mmio_read_u8_address_dependent_zero	doc/08_tracking/bug/x64_freestanding_mmio_read_u8_address_dependent_zero.md	document=open (latent at origin tip; reproduces only when .bss layout shifts the FAT buffer to ~0x0D5Dxxxx); DB=closed; no status change authorized by this audit
exact-status-conflict	common	x64_freestanding_module_level_val_u32_desktop_gui_2026-07-12	doc/08_tracking/bug/x64_freestanding_module_level_val_u32_desktop_gui_2026-07-12.md	document=open; DB=closed; no status change authorized by this audit
exact-status-conflict	common	x64_freestanding_module_vs_entry_ring3_handoff	doc/08_tracking/bug/x64_freestanding_module_vs_entry_ring3_handoff.md	document=open — NOT a seed regression, NOT module-vs-entry; the abort is clang's own; DB=fixed; no status change authorized by this audit
exact-status-conflict	common	x64_sshd_version_exchange_freestanding	doc/08_tracking/bug/x64_sshd_version_exchange_freestanding.md	document=open; DB=fixed; no status change authorized by this audit
registration-added	common	x86_32_qemu_release_lineage_nonce_and_clean_source_gap_2026-08-11	doc/08_tracking/bug/x86_32_qemu_release_lineage_nonce_and_clean_source_gap_2026-08-11.md	registered open on 2026-09-21; authored priority retained when explicit; otherwise P3 is an untriaged schema placeholder, not a severity decision
exact-status-conflict	simpleos	x86_64_baremetal_fake_clock_budget_burn_2026-07-26	doc/08_tracking/bug/x86_64_baremetal_fake_clock_budget_burn_2026-07-26.md	document=OPEN (mitigated 2026-07-26: platform budget floor knob, guest floors at 300s); DB=closed; no status change authorized by this audit
registration-added	common	x86_64_qemu_release_lineage_nonce_and_clean_source_gap_2026-08-11	doc/08_tracking/bug/x86_64_qemu_release_lineage_nonce_and_clean_source_gap_2026-08-11.md	registered open on 2026-09-21; authored priority retained when explicit; otherwise P3 is an untriaged schema placeholder, not a severity decision
registration-added	common	x86_bootstrap_rust_authority_tuple_recompilation_cost_2026-08-22	doc/08_tracking/bug/x86_bootstrap_rust_authority_tuple_recompilation_cost_2026-08-22.md	registered open on 2026-09-21; authored priority retained when explicit; otherwise P3 is an untriaged schema placeholder, not a severity decision
registration-added	common	zerokind_is_a_corrupt_aggregate_2026-09-03	doc/08_tracking/bug/zerokind_is_a_corrupt_aggregate_2026-09-03.md	registered open on 2026-09-21; authored priority retained when explicit; otherwise P3 is an untriaged schema placeholder, not a severity decision
registration-added	common	zstd_fse_compressed_block_deferred_2026-06-15	doc/08_tracking/bug/zstd_fse_compressed_block_deferred_2026-06-15.md	registered open on 2026-09-21; authored priority retained when explicit; otherwise P3 is an untriaged schema placeholder, not a severity decision
exact-status-conflict	common	zstd_sequence_rle_normal_offset_mismatch_2026-07-20	doc/08_tracking/bug/zstd_sequence_rle_normal_offset_mismatch_2026-07-20.md	document=open — needs ZSTD-format domain expertise to determine which; DB=closed; no status change authorized by this audit
registration-added	common	cc_compositor_backend_incomplete_2026-08-09	doc/08_tracking/todo/cc_compositor_backend_incomplete_2026-08-09.md	registered open on 2026-09-21; authored priority retained when explicit; otherwise P3 is an untriaged schema placeholder, not a severity decision
registration-added	common	check_scripts_seed_identity_fail_open_2026-07-28	doc/08_tracking/todo/check_scripts_seed_identity_fail_open_2026-07-28.md	registered open on 2026-09-21; authored priority retained when explicit; otherwise P3 is an untriaged schema placeholder, not a severity decision
registration-added	other-platform	gpu_renderer_processing_metal_native_macos_2026-08-02	doc/08_tracking/todo/gpu_renderer_processing_metal_native_macos_2026-08-02.md	registered open on 2026-09-21; authored priority retained when explicit; otherwise P3 is an untriaged schema placeholder, not a severity decision
registration-corrected	common	image_to_markdown_release_acceptance_2026-09-09	doc/08_tracking/todo/image_to_markdown_release_acceptance_2026-09-09.md	registered blocked; blocker: release admission pending an admitted self-hosted runtime and retained verification/performance receipts; authored priority remains untriaged
registration-corrected	common	qrb2210_drm_kms_kernel_owner_2026-08-10	doc/08_tracking/todo/qrb2210_drm_kms_kernel_owner_2026-08-10.md	registered blocked with nonempty physical QRB2210 display-controller kernel-owner blocker; authored priority remains untriaged
registration-corrected	simpleos	qrb2210_simpleos_physical_2d_device_bindings_2026-08-09	doc/08_tracking/todo/qrb2210_simpleos_physical_2d_device_bindings_2026-08-09.md	registered blocked; blocker: physical QRB2210 SimpleOS driver bring-up and an attached UNO Q are unavailable; authored priority remains untriaged
registration-added	common	rendering_performance_historical_regression_baseline_2026-07-27	doc/08_tracking/todo/rendering_performance_historical_regression_baseline_2026-07-27.md	registered open on 2026-09-21; authored priority retained when explicit; otherwise P3 is an untriaged schema placeholder, not a severity decision
registration-added	common	simple_build_test_abnormality_acceptance_completion_2026-08-25	doc/08_tracking/todo/simple_build_test_abnormality_acceptance_completion_2026-08-25.md	registered open on 2026-09-21; authored priority retained when explicit; otherwise P3 is an untriaged schema placeholder, not a severity decision
registration-corrected	other-platform	simple_build_test_abnormality_macos_receipt_2026-08-24	doc/08_tracking/todo/simple_build_test_abnormality_macos_receipt_2026-08-24.md	registered blocked; blocker: prepared macOS qualification host is unavailable; authored priority remains untriaged
registration-corrected	windows	simple_build_test_abnormality_windows_job_receipt_2026-08-24	doc/08_tracking/todo/simple_build_test_abnormality_windows_job_receipt_2026-08-24.md	registered blocked; blocker: prepared Windows qualification host is unavailable; authored priority remains untriaged
registration-added	simpleos	simpleos_nvme_generation_authority_2026-08-20	doc/08_tracking/todo/simpleos_nvme_generation_authority_2026-08-20.md	registered open on 2026-09-21; authored priority retained when explicit; otherwise P3 is an untriaged schema placeholder, not a severity decision
registration-corrected	simpleos	simpleos_three_arch_qemu_execution_evidence_2026-08-20	doc/08_tracking/todo/simpleos_three_arch_qemu_execution_evidence_2026-08-20.md	registered blocked; blocker: structural admission exists but no live three-architecture QEMU run was authorized; authored priority remains untriaged
registration-added	common	sspec_live_capture_infrastructure_2026-08-08	doc/08_tracking/todo/sspec_live_capture_infrastructure_2026-08-08.md	registered open on 2026-09-21; authored priority retained when explicit; otherwise P3 is an untriaged schema placeholder, not a severity decision
registration-added	common	untyped_evidence_migration_backlog_2026-08-08	doc/08_tracking/todo/untyped_evidence_migration_backlog_2026-08-08.md	registered open on 2026-09-21; authored priority retained when explicit; otherwise P3 is an untriaged schema placeholder, not a severity decision
registration-added	common	web_draw_ir_route_key_serializes_whole_scene_per_frame_2026-09-05	doc/08_tracking/todo/web_draw_ir_route_key_serializes_whole_scene_per_frame_2026-09-05.md	registered open on 2026-09-21; authored priority retained when explicit; otherwise P3 is an untriaged schema placeholder, not a severity decision
row-without-exact-document	common	spipe_plugin_mcp_server_shipping_gap_2026_09_10	doc/08_tracking/bug/bug_db.sdn:1324	date-spelling candidate: doc/08_tracking/bug/spipe_plugin_mcp_server_shipping_gap_2026-09-10.md
malformed-row	common	bootstrap_stage2_backend_object_path_status_2026_09_08	doc/08_tracking/bug/bug_db.sdn:1325	cells=11; expected=10; repair requires preserving displaced annotations
row-without-exact-document	common	bootstrap_stage2_backend_object_path_status_2026_09_08	doc/08_tracking/bug/bug_db.sdn:1325	date-spelling candidate: doc/08_tracking/bug/bootstrap_stage2_backend_object_path_status_2026-09-08.md
malformed-row	windows	windows_bootstrap_cmp_authority_missing	doc/08_tracking/bug/bug_db.sdn:1326	cells=11; expected=10; repair requires preserving displaced annotations
semantic-alias-resolved	windows	windows_bootstrap_cmp_authority_missing	doc/08_tracking/bug/bug_db.sdn:1326	explicitly owns doc/08_tracking/bug/windows_bootstrap_cmp_authority_missing_2026-09-09.md
row-without-exact-document	common	md_diag_tuple_element_corruption	doc/08_tracking/bug/bug_db.sdn:1327	source-only or other document reference; owner review required
row-without-exact-document	common	md_slugify_string_corruption	doc/08_tracking/bug/bug_db.sdn:1328	source-only or other document reference; owner review required
row-without-exact-document	common	sdn_reader_utf8_byte_indexing	doc/08_tracking/bug/bug_db.sdn:1329	source-only or other document reference; owner review required
row-without-exact-document	common	wal_disk_replay_blank_row	doc/08_tracking/bug/bug_db.sdn:1330	source-only or other document reference; owner review required
row-without-exact-document	common	interp_qualified_enum_is_payload_variant	doc/08_tracking/bug/bug_db.sdn:1331	source-only or other document reference; owner review required
row-without-exact-document	common	llvm_method_static_exact_mangled_cross_unit_builtin_receiver_2026_09_08	doc/08_tracking/bug/bug_db.sdn:1332	date-spelling candidate: doc/08_tracking/bug/llvm_method_static_exact_mangled_cross_unit_builtin_receiver_2026-09-08.md
row-without-exact-document	common	native_imported_trait_method_metadata_absent_2026_09_08	doc/08_tracking/bug/bug_db.sdn:1333	date-spelling candidate: doc/08_tracking/bug/native_imported_trait_method_metadata_absent_2026-09-08.md
row-without-exact-document	common	native_array_remove_at_unresolved_2026_09_08	doc/08_tracking/bug/bug_db.sdn:1334	date-spelling candidate: doc/08_tracking/bug/native_array_remove_at_unresolved_2026-09-08.md
row-without-exact-document	common	stage3_current_source_hir_rss_termination_2026_08_14	doc/08_tracking/bug/bug_db.sdn:1335	date-spelling candidate: doc/08_tracking/bug/stage3_current_source_hir_rss_termination_2026-08-14.md
malformed-row	common	stage3_hir_contract_model_partial_integration_2026_08_14	doc/08_tracking/bug/bug_db.sdn:1336	cells=11; expected=10; repair requires preserving displaced annotations
row-without-exact-document	common	stage3_hir_contract_model_partial_integration_2026_08_14	doc/08_tracking/bug/bug_db.sdn:1336	date-spelling candidate: doc/08_tracking/bug/stage3_hir_contract_model_partial_integration_2026-08-14.md
row-without-exact-document	common	stage3_current_acceptance_false_closure_2026_08_14	doc/08_tracking/bug/bug_db.sdn:1337	date-spelling candidate: doc/08_tracking/bug/stage3_current_acceptance_false_closure_2026-08-14.md
row-without-exact-document	common	interp_u64_high_bit_option_unwrap_corruption	doc/08_tracking/bug/bug_db.sdn:1338	source-only or other document reference; owner review required
row-without-exact-document	common	llm-caret-tui-extern-gaps	doc/08_tracking/bug/bug_db.sdn:1339	source-only or other document reference; owner review required
row-without-exact-document	common	itf-color-nontty-gap	doc/08_tracking/bug/bug_db.sdn:1340	source-only or other document reference; owner review required
row-without-exact-document	common	wiki-confluence-mock-file-io	doc/08_tracking/bug/bug_db.sdn:1341	source-only or other document reference; owner review required
row-without-exact-document	common	json-parser-nested-object-nil	doc/08_tracking/bug/bug_db.sdn:1342	source-only or other document reference; owner review required
row-without-exact-document	common	match_bare_ident_const_irrefutable	doc/08_tracking/bug/bug_db.sdn:1343	source-only or other document reference; owner review required
row-without-exact-document	common	itf-config-colon-value-split	doc/08_tracking/bug/bug_db.sdn:1344	source-only or other document reference; owner review required
malformed-row	common	text-split-limit-ignored	doc/08_tracking/bug/bug_db.sdn:1345	cells=12; expected=10; repair requires preserving displaced annotations
row-without-exact-document	common	text-split-limit-ignored	doc/08_tracking/bug/bug_db.sdn:1345	source-only or other document reference; owner review required
row-without-exact-document	common	stage4_unlimited_disables_streaming_ownership	doc/08_tracking/bug/bug_db.sdn:1347	source-only or other document reference; owner review required
row-without-exact-document	common	compiled_checker_transient_string_retention_2026-08-03	doc/08_tracking/bug/bug_db.sdn:1349	source-only or other document reference; owner review required
malformed-row	common	compiled_checker_parser_category_c_2026_08_03	doc/08_tracking/bug/bug_db.sdn:1350	cells=14; expected=10; repair requires preserving displaced annotations
row-without-exact-document	common	compiled_checker_parser_category_c_2026_08_03	doc/08_tracking/bug/bug_db.sdn:1350	source-only or other document reference; owner review required
row-without-exact-document	common	compiled_checker_expression_primary_gaps_2026_08_03	doc/08_tracking/bug/bug_db.sdn:1351	date-spelling candidate: doc/08_tracking/bug/compiled_checker_expression_primary_gaps_2026-08-03.md
row-without-exact-document	common	compiled_checker_asm_volatile_indent_gap_2026_08_03	doc/08_tracking/bug/bug_db.sdn:1352	date-spelling candidate: doc/08_tracking/bug/compiled_checker_asm_volatile_indent_gap_2026-08-03.md
row-without-exact-document	common	stage4_parser_expr_parse_int_text_facade_ambiguity_2026_08_03	doc/08_tracking/bug/bug_db.sdn:1353	source-only or other document reference; owner review required
row-without-exact-document	common	llvm_bool_bitcast_to_ptr_invalid_ir_2026_08_03	doc/08_tracking/bug/bug_db.sdn:1356	date-spelling candidate: doc/08_tracking/bug/llvm_bool_bitcast_to_ptr_invalid_ir_2026-08-03.md
row-without-exact-document	common	llvm_constants_lost_ret_zero_2026_08_01	doc/08_tracking/bug/bug_db.sdn:1357	date-spelling candidate: doc/08_tracking/bug/llvm_constants_lost_ret_zero_2026-08-01.md
row-without-exact-document	common	bootstrap_seed_fingerprint_per_file_process_storm_2026_08_03	doc/08_tracking/bug/bug_db.sdn:1359	date-spelling candidate: doc/08_tracking/bug/bootstrap_seed_fingerprint_per_file_process_storm_2026-08-03.md
row-without-exact-document	common	stage4_cli_named_type_extraction_loss_2026_08_03	doc/08_tracking/bug/bug_db.sdn:1360	date-spelling candidate: doc/08_tracking/bug/stage4_cli_named_type_extraction_loss_2026-08-03.md
row-without-exact-document	common	stage4_devhub_wiki_function_local_process_import_2026_08_03	doc/08_tracking/bug/bug_db.sdn:1361	date-spelling candidate: doc/08_tracking/bug/stage4_devhub_wiki_function_local_process_import_2026-08-03.md
row-without-exact-document	common	hir_package_sibling_imported_enum_surface_leak_2026_08_02	doc/08_tracking/bug/bug_db.sdn:1362	date-spelling candidate: doc/08_tracking/bug/hir_package_sibling_imported_enum_surface_leak_2026-08-02.md
malformed-row	common	check_stage3_recovery_authority_arity_drift_2026_09_17	doc/08_tracking/bug/bug_db.sdn:1365	cells=11; expected=10; repair requires preserving displaced annotations
semantic-alias-resolved	common	check_stage3_recovery_authority_arity_drift_2026_09_17	doc/08_tracking/bug/bug_db.sdn:1365	explicitly owns doc/08_tracking/bug/check_stage3_recovery_authority_arity_drift_2026-09-17.md
semantic-alias-resolved	cross-platform	gpu_ffi_loader_probes_linux_sonames_on_macos_2026_09_19	doc/08_tracking/bug/bug_db.sdn:1369	explicitly owns doc/08_tracking/bug/gpu_ffi_loader_probes_linux_sonames_on_macos_2026-09-19.md
row-without-exact-document	common	gpu_backend_layer_result_reason_clobber_2026_08_03	doc/08_tracking/bug/bug_db.sdn:1370	source-only or other document reference; owner review required
malformed-row	common	async_spec_promise_future_anon_tuple_state_inconsistency_2026-07-20	doc/08_tracking/bug/bug_db.sdn:1405	cells=11; expected=10; repair requires preserving displaced annotations
missing-owner-path	common	backend_interpreter_symbol_type_unresolved_monomorphize_2026-08-11	src/compiler/backend/backend/interpreter.spl	DB doc/08_tracking/bug/bug_db.sdn:1408; no closure inferred
missing-exact-evidence-path	common	bare_hardware_namespace_import_unresolved_2026-07-20	test/01_unit/hardware/riscv_common/.spipe_matchers_riscv_formal_contract_spec.spl	DB doc/08_tracking/bug/bug_db.sdn:1415; no closure inferred
malformed-row	common	bare_trailing_identifier_named_context_fails_to_parse_2026-08-09	doc/08_tracking/bug/bug_db.sdn:1419	cells=11; expected=10; repair requires preserving displaced annotations
missing-exact-evidence-path	common	blink_paint_tree_walker_module_missing_2026-07-20	test/01_unit/lib_standalone/blink/.spipe_matchers_image_paint_spec.spl	DB doc/08_tracking/bug/bug_db.sdn:1421; no closure inferred
missing-exact-evidence-path	common	bootstrap_low_memory_positional_bridge_circularity_2026-07-26	test/02_integration/compiler/bootstrap_low_memory_phase2_reclaim_probe.spl	DB doc/08_tracking/bug/bug_db.sdn:1435; no closure inferred
missing-owner-path	common	bootstrap_stage4_graph_load_timeout_2026-07-05	src/compiler/99.loader/module_loader.spl	DB doc/08_tracking/bug/bug_db.sdn:1453; no closure inferred
malformed-row	common	ci_workflow_path_filters_match_nothing_2026-07-28	doc/08_tracking/bug/bug_db.sdn:1510	cells=13; expected=10; repair requires preserving displaced annotations
missing-owner-path	common	ci_workflow_path_filters_match_nothing_2026-07-28	.github/workflows/index-validate.yml	DB doc/08_tracking/bug/bug_db.sdn:1510; no closure inferred
missing-exact-evidence-path	common	commonjs_granted_module_execution_limitations_2026-06-01	test/.../node_api_conformance_spec.spl	DB doc/08_tracking/bug/bug_db.sdn:1528; no closure inferred
missing-exact-evidence-path	common	const_generic_argument_rejected_in_constructor_call_2026-08-17	test/01_unit/lib/nogc_sync_mut/src/array_builder_tensor_spec.spl	DB doc/08_tracking/bug/bug_db.sdn:1539; no closure inferred
missing-exact-evidence-path	common	cranelift_native_aggregate_return_nil_receiver_hosted_wm_2026-07-26	test/.../parent_commit_piped_result_spec.spl	DB doc/08_tracking/bug/bug_db.sdn:1559; no closure inferred
missing-exact-evidence-path	common	credential_v1_records_have_no_upgrade_on_write_owner_2026-08-08	test/01_unit/lib/terminal/credential_key_derivation_hardening_spec.spl	DB doc/08_tracking/bug/bug_db.sdn:1570; no closure inferred
missing-owner-path	common	deployed_bin_simple_bootstrap_only_2026-07-31	bin/simple	DB doc/08_tracking/bug/bug_db.sdn:1599; no closure inferred
missing-owner-path	common	deployed_bin_simple_still_seed_2026-08-05	bin/simple	DB doc/08_tracking/bug/bug_db.sdn:1600; no closure inferred
missing-owner-path	common	deployed_seed_test_runner_init_hang_2026-07-17	bin/simple	DB doc/08_tracking/bug/bug_db.sdn:1601; no closure inferred
missing-owner-path	linux	deployed_selfhost_env_set_miscompile_segv_2026-07-14	release/x86_64-unknown-linux-gnu/simple	DB doc/08_tracking/bug/bug_db.sdn:1602; no closure inferred
malformed-row	common	dot_question_returns_optional_but_25_sites_return_it_as_bool_2026-08-09	doc/08_tracking/bug/bug_db.sdn:1618	cells=13; expected=10; repair requires preserving displaced annotations
missing-exact-evidence-path	common	dot_question_truthy_op_returns_payload_as_call_arg_2026-07-20	test/02_integration/lib/.spipe_matchers_persistence_intensive_spec.spl	DB doc/08_tracking/bug/bug_db.sdn:1619; no closure inferred
malformed-row	common	duplicate_public_symbols_differing_return_types_jit_misdispatch_2026-08-09	doc/08_tracking/bug/bug_db.sdn:1629	cells=12; expected=10; repair requires preserving displaced annotations
missing-exact-evidence-path	common	f64_integral_to_text_drops_fraction_2026-07-25	test/01_unit/lib/gc_async_mut/pure/test/tensor_spec.spl	DB doc/08_tracking/bug/bug_db.sdn:1684; no closure inferred
malformed-row	common	gated_specs_are_tautology_shells_2026-08-09	doc/08_tracking/bug/bug_db.sdn:1710	cells=12; expected=10; repair requires preserving displaced annotations
missing-owner-path	common	indexed_char_to_i64_silent_zero_family_2026-08-10	src/compiler_rust/compiler/src/hir/lower/expr/index.rs	DB doc/08_tracking/bug/bug_db.sdn:1762; no closure inferred
malformed-row	common	interp_env_get_name_collision_nil_root_2026-07-26	doc/08_tracking/bug/bug_db.sdn:1769	cells=11; expected=10; repair requires preserving displaced annotations
malformed-row	common	interp_lazy_import_global_first_use_unmaterialized_2026-07-15	doc/08_tracking/bug/bug_db.sdn:1777	cells=11; expected=10; repair requires preserving displaced annotations
malformed-row	common	interp_lint_main_then_frontend_dict_to_int_2026-07-28	doc/08_tracking/bug/bug_db.sdn:1778	cells=11; expected=10; repair requires preserving displaced annotations
malformed-row	common	interpreter_extern_registry_gap_blocks_os_specs_2026-08-04	doc/08_tracking/bug/bug_db.sdn:1794	cells=11; expected=10; repair requires preserving displaced annotations
missing-exact-evidence-path	common	latex_range_renderer_root_cause_unfixed_2026-08-08	test/01_unit/lib/common/math_repr_sum_range_repro_spec.spl	DB doc/08_tracking/bug/bug_db.sdn:1869; no closure inferred
missing-owner-path	common	lint_code_impl_indent_parse_error_2026-07-05	src/compiler/tools/fix/rules/impl_/lint_code.spl	DB doc/08_tracking/bug/bug_db.sdn:1881; no closure inferred
missing-exact-evidence-path	common	map_insert_if_absent_missing_and_map_new_resolves_to_dict_2026-07-20	test/unit/lib/nogc_async_mut/src/map_insert_if_absent_spec.spl	DB doc/08_tracking/bug/bug_db.sdn:1920; no closure inferred
malformed-row	common	match_enum_fallthrough_silent_2026-08-01	doc/08_tracking/bug/bug_db.sdn:1923	cells=11; expected=10; repair requires preserving displaced annotations
missing-exact-evidence-path	common	mlkem_ntt_simd_public_interface_probe_crashes_not_pass_2026-08-05	test/09_baselines/crypto/x25519mlkem768/mlkem_ntt_simd_public_interface_probe.spl	DB doc/08_tracking/bug/bug_db.sdn:1953; no closure inferred
missing-owner-path	common	module_loader_spec_load_count_and_unload_state_2026-07-20	src/compiler/99.loader/module_loader.spl	DB doc/08_tracking/bug/bug_db.sdn:1960; no closure inferred
missing-owner-path	common	module_named_like_its_class_shadows_it_inside_it_blocks_2026-08-04	src/compiler/99.loader/module_loader.spl	DB doc/08_tracking/bug/bug_db.sdn:1962; no closure inferred
malformed-row	common	mutate_through_index_loses_write_2026-07-31	doc/08_tracking/bug/bug_db.sdn:1966	cells=12; expected=10; repair requires preserving displaced annotations
missing-owner-path	common	native_isel_and_c_backend_tuple_field_type_reconciliation_gap_2026-08-08	src/compiler/70.backend/backend/_CBackendTranslate/instruction_lowering.spl	DB doc/08_tracking/bug/bug_db.sdn:2020; no closure inferred
malformed-row	common	native_link_fabricates_weak_empty_extern_definitions_2026-08-01	doc/08_tracking/bug/bug_db.sdn:2023	cells=11; expected=10; repair requires preserving displaced annotations
missing-exact-evidence-path	common	native_to_i64_nil_coalesce_print_tagbox_leak_2026-07-20	test/03_system/native/option_nullcoalesce_i64_print_interp.spl	DB doc/08_tracking/bug/bug_db.sdn:2058; no closure inferred
missing-owner-path	common	native_unsigned_float_ordering_codegen_2026-07-16	src/compiler/70.backend/backend/llvm_lib_translate.spl	DB doc/08_tracking/bug/bug_db.sdn:2064; no closure inferred
missing-exact-evidence-path	common	noalloc_decorator_unbound_in_seed_interpreter_2026-08-08	test/unit/lib/zz_noalloc_direct_probe_spec.spl	DB doc/08_tracking/bug/bug_db.sdn:2074; no closure inferred
missing-exact-evidence-path	common	os_crypto_jit_unresolved_symbol_rootcause_2026-07-30	src/lib/common/zzprobe/trivial.spl	DB doc/08_tracking/bug/bug_db.sdn:2088; no closure inferred
missing-exact-evidence-path	common	prevention_mock_deferred_arming_impossible_2026-08-07	test/01_unit/lib/std/testing/zz_probe_prevent_defect_spec.spl	DB doc/08_tracking/bug/bug_db.sdn:2107; no closure inferred
missing-exact-evidence-path	common	rt_io_file_family_undefined_stubbed_silent_data_loss_2026-08-05	test/01_unit/lib/io/file_seek_openmode_native_check.spl	DB doc/08_tracking/bug/bug_db.sdn:2178; no closure inferred
missing-exact-evidence-path	common	rv64gc_core64_step_removed_dangling_export_2026-07-21	test/01_unit/lib/hardware/rv64gc_rtl/.spipe_wrapped_entry_core64_integration_spec.spl	DB doc/08_tracking/bug/bug_db.sdn:2199; no closure inferred
missing-exact-evidence-path	common	seed_interp_option_match_falls_through_at_scale_2026-07-18	test/03_system/interpreter/option_match_some_zero_regression_spec.spl	DB doc/08_tracking/bug/bug_db.sdn:2228; no closure inferred
missing-exact-evidence-path	simpleos	simpleos_freestanding_text_split_abi_parse_html_2026-07-12	scripts/os/text_ops_probe_run.shs	DB doc/08_tracking/bug/bug_db.sdn:2296; no closure inferred
missing-exact-evidence-path	simpleos	simpleos_simple_web_decode_string_fault_storm_2026-07-12	test/01_unit/runtime/baremetal_string_split_abi_spec.spl	DB doc/08_tracking/bug/bug_db.sdn:2310; no closure inferred
malformed-row	common	spec_imports_declared_nowhere_2026-08-04	doc/08_tracking/bug/bug_db.sdn:2354	cells=12; expected=10; repair requires preserving displaced annotations
missing-owner-path	common	spipe_wrapped_entry_bare_expect_matcher_to_int_2026-07-20	test/01_unit/lib/editor/.spipe_wrapped_entry_split_pane_spec.spl	DB doc/08_tracking/bug/bug_db.sdn:2366; no closure inferred
missing-exact-evidence-path	common	spipe_wrapped_entry_bare_expect_matcher_to_int_2026-07-20	test/01_unit/lib/editor/.spipe_wrapped_entry_split_pane_spec.spl	DB doc/08_tracking/bug/bug_db.sdn:2366; no closure inferred
missing-owner-path	common	spirv_builder_module_drops_to_interpreter_via_unresolved_jit_symbol_2026-08-11	src/compiler/70.backend/backend/vulkan/spirv_builder.spl	DB doc/08_tracking/bug/bug_db.sdn:2367; no closure inferred
missing-owner-path	common	stage3_whole_tree_parse_state_vhdl_helpers_2026-07-30	src/compiler/70.backend/backend/vhdl_codegen_helpers.spl	DB doc/08_tracking/bug/bug_db.sdn:2405; no closure inferred
missing-exact-evidence-path	common	stress_f03_manycall_sum_2026-07-17	test/cert/stress/findings/f03_manycall_sum_wrong.spl	DB doc/08_tracking/bug/bug_db.sdn:2446; no closure inferred
missing-exact-evidence-path	common	system_cover_gate_reports_791_legacy_feature_specs_as_failures_2026-08-04	test/03_system/feature/language	DB doc/08_tracking/bug/bug_db.sdn:2460; no closure inferred
missing-owner-path	common	vhdl_backend_block_temps_emit_process_variables_not_signals_2026-08-04	src/compiler/70.backend/backend/vhdl_expr.spl	DB doc/08_tracking/bug/bug_db.sdn:2553; no closure inferred
missing-owner-path	common	vhdl_backend_branch_local_and_aggregate_codegen_gaps_2026-07-20	src/compiler/70.backend/backend/vhdl_expr.spl	DB doc/08_tracking/bug/bug_db.sdn:2554; no closure inferred
missing-exact-evidence-path	common	x25519mlkem768_jit_fallback_interpreted_execution_2026-08-05	src/app/test/x25519mlkem768_perf_bench.spl	DB doc/08_tracking/bug/bug_db.sdn:2634; no closure inferred
missing-owner-path	common	jit_does_not_enforce_val_block_scope_2026-08-17	NONE	DB doc/08_tracking/bug/bug_db.sdn:2655; no closure inferred
missing-owner-path	common	narrow_int_result_unwrap_or_returns_boxed_shift_2026-08-17	NONE	DB doc/08_tracking/bug/bug_db.sdn:2658; no closure inferred
missing-owner-path	common	native_build_fabricates_weak_stub_for_unimplemented_extern_2026-08-18	NONE	DB doc/08_tracking/bug/bug_db.sdn:2659; no closure inferred
missing-owner-path	common	native_build_print_drops_newline_2026-08-17	NONE	DB doc/08_tracking/bug/bug_db.sdn:2660; no closure inferred
row-without-exact-document	windows	windows_runtime_file_publish_noreplace_long_path_2026-09-14	doc/08_tracking/bug/bug_db.sdn:2672	source-only or other document reference; owner review required
row-without-exact-document	other-platform	macos_ctx_hook_gnu_sed_alternation_denies_all_bash_2026-08-30	doc/08_tracking/bug/bug_db.sdn:2677	source-only or other document reference; owner review required
row-without-exact-document	other-platform	macos_seed_variadic_open_mode_t_u16_e0617_2026-08-30	doc/08_tracking/bug/bug_db.sdn:2678	source-only or other document reference; owner review required
row-without-exact-document	other-platform	macos_seed_st_mtimespec_absent_from_libc_e0609_2026-08-30	doc/08_tracking/bug/bug_db.sdn:2679	source-only or other document reference; owner review required
row-without-exact-document	cross-platform	bootstrap_preflight_hardcodes_linux_mnt_data_cargo_dir_2026-08-30	doc/08_tracking/bug/bug_db.sdn:2680	source-only or other document reference; owner review required
row-without-exact-document	common	capsule_immutability_check_fail_open_gnu_find_perm_2026-08-30	doc/08_tracking/bug/bug_db.sdn:2681	source-only or other document reference; owner review required
row-without-exact-document	common	weak_symbol_detection_elf_only_nm_kinds_macho_2026-08-30	doc/08_tracking/bug/bug_db.sdn:2682	source-only or other document reference; owner review required
row-without-exact-document	cross-platform	process_group_setsid_absent_on_macos_2026-08-30	doc/08_tracking/bug/bug_db.sdn:2683	source-only or other document reference; owner review required
row-without-exact-document	common	logical_source_path_v1_value_projection_drift_2026-09-14	doc/08_tracking/bug/bug_db.sdn:2687	source-only or other document reference; owner review required
missing-owner-path	common	174	doc/08_tracking/todo/environment_optimized_dynamic_libraries_x86_v2_migration_2026-09-11.md	DB doc/08_tracking/todo/todo_db.sdn:176; no closure inferred
missing-owner-path	common	274	src/lib/gc_async_mut/gpu/session/backend_runtime_ops.spl	DB doc/08_tracking/todo/todo_db.sdn:276; no closure inferred
missing-owner-path	common	287	test/01_unit/lib/common/debug/evidence_bundle_writer_v1_spec.spl	DB doc/08_tracking/todo/todo_db.sdn:289; no closure inferred
date-alias-collision	common	stage3_current_source_hir_rss_termination_2026-08-14	doc/08_tracking/bug/bug_db.sdn	bugs_active:stage3_current_source_hir_rss_termination_2026_08_14:fix-implemented-verification-pending,bugs:stage3_current_source_hir_rss_termination_2026-08-14:open
date-alias-collision	common	compiled_checker_asm_volatile_indent_gap_2026-08-03	doc/08_tracking/bug/bug_db.sdn	bugs_active:compiled_checker_asm_volatile_indent_gap_2026_08_03:fixed,bugs:compiled_checker_asm_volatile_indent_gap_2026-08-03:closed
date-alias-collision	common	llvm_constants_lost_ret_zero_2026-08-01	doc/08_tracking/bug/bug_db.sdn	bugs_active:llvm_constants_lost_ret_zero_2026_08_01:fix-implemented-verification-pending,bugs:llvm_constants_lost_ret_zero_2026-08-01:fix-implemented-verification-pending
related-document-needs-review	simpleos	doc/03_plan/agent_tasks/sosix_runtime_unification_parallel_plan_2026-09-05.md	doc/03_plan/agent_tasks/sosix_runtime_unification_parallel_plan_2026-09-05.md	Status: In progress (research verified against 56d032e6f0d; paths checked 2026-09-05). Done 2026-09-05: H0, A1, A2, A3, A4, B1 (by deletion), B2, B3, B4, D1, G1, G2 unit level (AC-3a), H1 script (manifest row pending), E1 (no edit needed: screenhost.spl carries no host calls). Done 2026-09-05 (late): B5 hosted file provider (filedriver.spl, real positioned I/O on this host over the typed std.nogcasyncmut.io aliases; 3/3 interpreter + native), H1 manifest row (advisory), H2 perf report (doc/10metrics/runtime/sosixunificationperfreport2026-09-05.md), two defects fixed (sync-leg slot leak, cancel lease leak; bug records). Done 2026-09-05 (evening): C1 (rtfdpread/rtfdpwrite in the seed runtime + interpreter + C twin, plus real interpreter rtfileopen/rtfileclose; proved on a privately built seed, NOT deployed), C2 (posix.spl, posixspec 3/3 on the private seed, 0/3 on the deployed seed by design). Blocked (measured, resume rows in doc/08tracking/todo/sosixunificationblockedrows2026-09-05.md): A5, C3 (native-build of the std.nogcsyncmut.sffi.fs unit fails at HEAD on this seed), C4 (no iouring in the seed; driver backend is rust-syscall), C5, F1, G2 QEMU level (AC-3b), G3, G4, startup-audit A/B. Deploying the rebuilt seed is the user's decision. Current-host scope complete; umbrella goal open on those rows. Authoritative progress log: .spipe/sosixruntimeunification/state.md.; references=doc/08_tracking/bug/no_renaming_re_export_blocks_zero_cost_facade_alias_2026-09-03.md,doc/08_tracking/todo/sosix_unification_blocked_rows_2026-09-05.md; may be plan/feature/history, not automatic bug registration
related-document-needs-review	simpleos	doc/03_plan/app/simpleos/simpleos_ai_cli_js_node_port_traceability_scaffold.md	doc/03_plan/app/simpleos/simpleos_ai_cli_js_node_port_traceability_scaffold.md	Status: pending user option selection. This is not final requirements.; references=; may be plan/feature/history, not automatic bug registration
related-document-needs-review	simpleos	doc/03_plan/sys_test/simpleos_qemu_wm_real_screen.md	doc/03_plan/sys_test/simpleos_qemu_wm_real_screen.md	Status: pending: the prior live run failed/inadmissible; the next manual; references=doc/08_tracking/bug/freestanding_text_local_recompare_flips_material_admission_2026-08-10.md,doc/08_tracking/bug/simpleos_qemu_virtio_serial_host_gpu_transport_2026-07-30.md; may be plan/feature/history, not automatic bug registration
related-document-needs-review	simpleos	doc/06_spec/03_system/app/server_platform/feature/simpleos_server_lifecycle_spec.md	doc/06_spec/03_system/app/server_platform/feature/simpleos_server_lifecycle_spec.md	Status: PARTIAL/RED — executable policy scenarios pin both canonical; references=; may be plan/feature/history, not automatic bug registration
related-document-needs-review	simpleos	doc/06_spec/03_system/os/wm/rv64_simpleos_wm_font_input_spec.md	doc/06_spec/03_system/os/wm/rv64_simpleos_wm_font_input_spec.md	Status: BLOCKED — no live RV64 font or input PASS is claimed.; references=; may be plan/feature/history, not automatic bug registration
related-document-needs-review	common	doc/07_guide/platform/ffi/sffi.md	doc/07_guide/platform/ffi/sffi.md	Status: Partially hardened; global verified/signed admission is not complete; references=doc/08_tracking/bug/sffi_no_signing_raw_sffi_call_default_allow_2026-08-23.md,doc/08_tracking/bug/unregistered_extern_silent_nil_2026-08-01.md; may be plan/feature/history, not automatic bug registration
related-document-needs-review	simpleos	doc/07_guide/platform/simpleos/simpleos_x86_64_wm_qemu.md	doc/07_guide/platform/simpleos/simpleos_x86_64_wm_qemu.md	Status: none; Known Issues section; references=doc/08_tracking/bug/deployed_binary_missing_rt_raw_i64_to_string_extern_2026-08-04.md,doc/08_tracking/bug/parser_trailing_comparison_line_continuation_2026-08-04.md,doc/08_tracking/bug/sfnt_fvar_option_match_nil_baremetal_2026-08-04.md,doc/08_tracking/bug/simpleos_bump_heap_no_free_interactive_session_2026-07-26.md,doc/08_tracking/bug/simpleos_wm_gate_provenance_reject_after_boot_chain_fixes_2026-08-04.md; may be plan/feature/history, not automatic bug registration
related-document-needs-review	simpleos	doc/08_tracking/feature/simpleos_clang_filesystem_pipeline_owner_v1_2026-08-24.md	doc/08_tracking/feature/simpleos_clang_filesystem_pipeline_owner_v1_2026-08-24.md	Status: IN PROGRESS — static implementation only; unverified by explicit user direction.; references=; may be plan/feature/history, not automatic bug registration
related-document-needs-review	simpleos	doc/08_tracking/feature/simpleos_cross_host_board_gpu_requests_2026-07-26.md	doc/08_tracking/feature/simpleos_cross_host_board_gpu_requests_2026-07-26.md	Status: Open; macOS blocked on the Metal-only daemon closure, while Linux and; references=; may be plan/feature/history, not automatic bug registration
related-document-needs-review	simpleos	doc/08_tracking/feature/simpleos_os_requests.md	doc/08_tracking/feature/simpleos_os_requests.md	Status: DEFERRED — blocked on kernel process abstraction layer. No scheduler, process lifecycle, or SOSIX sharing work can proceed until the kernel process abstraction layer is in place.; references=doc/08_tracking/bug/syscall13_enqueue_stall_2026-04-21.md,doc/08_tracking/todo/simpleos_syscall13_direct_handoff_2026-04-20.md; may be plan/feature/history, not automatic bug registration
related-document-needs-review	simpleos	doc/08_tracking/feature/simpleos_scheduler_address_space_quiescence_v1_2026-08-24.md	doc/08_tracking/feature/simpleos_scheduler_address_space_quiescence_v1_2026-08-24.md	Status: BLOCKED — bounded IRQ lease prerequisite landed locally; production; references=; may be plan/feature/history, not automatic bug registration
related-document-needs-review	simpleos	doc/08_tracking/simpleos/kernel_execution_owner_boot_transfer_blocker.md	doc/08_tracking/simpleos/kernel_execution_owner_boot_transfer_blocker.md	Status: blocked at the construction boundary; no production capsule is landed.; references=; may be plan/feature/history, not automatic bug registration
related-document-needs-review	simpleos	doc/09_report/2026/05/riscv64_fpga_simpleos_bringup_audit_2026-05-07.md	doc/09_report/2026/05/riscv64_fpga_simpleos_bringup_audit_2026-05-07.md	Status: BLOCKED for physical FPGA boot.; references=; may be plan/feature/history, not automatic bug registration
related-document-needs-review	windows	doc/09_report/devhub_windows_modes_recovery_2026-09-10.md	doc/09_report/devhub_windows_modes_recovery_2026-09-10.md	Status: PARTIAL — ordinary selection and explicit unsupported loading are; references=; may be plan/feature/history, not automatic bug registration
related-document-needs-review	other-platform	doc/09_report/macos_metal_msl_library_micro_diagnostic_2026-07-26.md	doc/09_report/macos_metal_msl_library_micro_diagnostic_2026-07-26.md	Status: blocked-before-native-run; references=; may be plan/feature/history, not automatic bug registration
related-document-needs-review	simpleos	doc/09_report/simpleos_hot_path_performance_contract_2026-08-20.md	doc/09_report/simpleos_hot_path_performance_contract_2026-08-20.md	Status: BLOCKED (no admitted Stage 4 self-hosted test/runtime); references=; may be plan/feature/history, not automatic bug registration
related-document-needs-review	cross-platform	doc/09_report/simpleos_macos_qemu_metal_gpu_2026-07-27.md	doc/09_report/simpleos_macos_qemu_metal_gpu_2026-07-27.md	Status: BLOCKED; references=; may be plan/feature/history, not automatic bug registration
related-document-needs-review	cross-platform	doc/09_report/simpleos_qemu_macos_gpu_preflight_2026-07-26.md	doc/09_report/simpleos_qemu_macos_gpu_preflight_2026-07-26.md	Status: BLOCKED; references=; may be plan/feature/history, not automatic bug registration
related-document-needs-review	simpleos	doc/09_report/verify/simpleos_arm64_server_qemu_preflight_2026-08-14.md	doc/09_report/verify/simpleos_arm64_server_qemu_preflight_2026-08-14.md	Status: BLOCKED; references=; may be plan/feature/history, not automatic bug registration
validator-status-vocabulary-gap	common	bootstrap_stage2_backend_object_path_status_2026_09_08	doc/08_tracking/bug/bug_db.sdn:1325	fix-implemented-verification-pending; authored state preserved; core validator vocabulary excludes it
validator-status-vocabulary-gap	windows	windows_bootstrap_cmp_authority_missing	doc/08_tracking/bug/bug_db.sdn:1326	fix-implemented-verification-pending; authored state preserved; core validator vocabulary excludes it
validator-status-vocabulary-gap	common	stage3_current_source_hir_rss_termination_2026_08_14	doc/08_tracking/bug/bug_db.sdn:1335	fix-implemented-verification-pending; authored state preserved; core validator vocabulary excludes it
validator-status-vocabulary-gap	common	stage3_hir_contract_model_partial_integration_2026_08_14	doc/08_tracking/bug/bug_db.sdn:1336	fix-implemented-verification-pending; authored state preserved; core validator vocabulary excludes it
validator-status-vocabulary-gap	common	json-parser-nested-object-nil	doc/08_tracking/bug/bug_db.sdn:1342	resolved-duplicate; authored state preserved; core validator vocabulary excludes it
validator-status-vocabulary-gap	common	text-split-limit-ignored	doc/08_tracking/bug/bug_db.sdn:1345	fix-implemented-verification-pending; authored state preserved; core validator vocabulary excludes it
validator-status-vocabulary-gap	common	llvm_constants_lost_ret_zero_2026_08_01	doc/08_tracking/bug/bug_db.sdn:1357	fix-implemented-verification-pending; authored state preserved; core validator vocabulary excludes it
validator-status-vocabulary-gap	common	absolute_path_entry_asymmetry_native_build_and_test_2026-08-09	doc/08_tracking/bug/bug_db.sdn:1375	fix-implemented-verification-pending; authored state preserved; core validator vocabulary excludes it
validator-status-vocabulary-gap	common	array_at_returns_nil_for_every_index_2026-08-01	doc/08_tracking/bug/bug_db.sdn:1396	fix-implemented-verification-pending; authored state preserved; core validator vocabulary excludes it
validator-status-vocabulary-gap	common	bare_assert_statement_vacuity_2026-08-02	doc/08_tracking/bug/bug_db.sdn:1413	fix-implemented-verification-pending; authored state preserved; core validator vocabulary excludes it
validator-status-vocabulary-gap	common	call_site_arity_never_checked_2026-08-04	doc/08_tracking/bug/bug_db.sdn:1493	fix-implemented-verification-pending; authored state preserved; core validator vocabulary excludes it
validator-status-vocabulary-gap	common	interp_me_method_first_param_times8_conditional_2026-06-29	doc/08_tracking/bug/bug_db.sdn:1781	fix-implemented-verification-pending; authored state preserved; core validator vocabulary excludes it
validator-status-vocabulary-gap	common	interpreter_gc_root_scan_blowup_large_array_2026-07-25	doc/08_tracking/bug/bug_db.sdn:1796	fix-implemented-verification-pending; authored state preserved; core validator vocabulary excludes it
validator-status-vocabulary-gap	common	llvm_constants_lost_ret_zero_2026-08-01	doc/08_tracking/bug/bug_db.sdn:1902	fix-implemented-verification-pending; authored state preserved; core validator vocabulary excludes it
validator-status-vocabulary-gap	common	mutate_through_index_loses_write_2026-07-31	doc/08_tracking/bug/bug_db.sdn:1966	fix-implemented-verification-pending; authored state preserved; core validator vocabulary excludes it
validator-status-vocabulary-gap	common	untyped_fn_result_erased_to_zero_2026-08-01	doc/08_tracking/bug/bug_db.sdn:2541	fix-implemented-verification-pending; authored state preserved; core validator vocabulary excludes it
validator-status-vocabulary-gap	common	native_build_static_method_trailing_default_unresolved_2026-08-17	doc/08_tracking/bug/bug_db.sdn:2661	fix-implemented-verification-pending; authored state preserved; core validator vocabulary excludes it
validator-status-vocabulary-gap	common	stage2_struct_field_offset_model_mismatch_oob_read_2026-08-30	doc/08_tracking/bug/bug_db.sdn:2668	fix-implemented-verification-pending; authored state preserved; core validator vocabulary excludes it
validator-status-vocabulary-gap	common	seed_receiver_text_join_resolves_to_thread_join_optional_2026-09-13	doc/08_tracking/bug/bug_db.sdn:2669	fix-implemented-verification-pending; authored state preserved; core validator vocabulary excludes it
validator-status-vocabulary-gap	windows	windows_runtime_file_publish_noreplace_long_path_2026-09-14	doc/08_tracking/bug/bug_db.sdn:2672	fix-implemented-verification-pending; authored state preserved; core validator vocabulary excludes it
validator-status-vocabulary-gap	common	char_to_text_yields_placeholder_not_character_2026-09-06	doc/08_tracking/bug/bug_db.sdn:2684	fix-implemented-verification-pending; authored state preserved; core validator vocabulary excludes it
validator-status-vocabulary-gap	common	module_name_shadows_function_parameter_2026-09-06	doc/08_tracking/bug/bug_db.sdn:2688	fix-implemented-verification-pending; authored state preserved; core validator vocabulary excludes it
