__native_resource_registry_clear	src/compiler_rust/lib/std/src/core/resource_registry.spl:135
__native_resource_registry_close_all	src/compiler_rust/lib/std/src/core/resource_registry.spl:134
__native_resource_registry_get_all	src/compiler_rust/lib/std/src/core/resource_registry.spl:133
__native_resource_registry_register	src/compiler_rust/lib/std/src/core/resource_registry.spl:131
__native_resource_registry_unregister	src/compiler_rust/lib/std/src/core/resource_registry.spl:132
__native_time_now	src/compiler_rust/lib/std/src/core/resource_registry.spl:136
_get_bss_start	src/os/kernel/arch/x86_64/boot.spl:378
_get_bss_start	src/os/kernel/boot/limine_boot.spl:374
_get_kernel_end	src/os/kernel/arch/x86_32/boot.spl:268
_get_kernel_end	src/os/kernel/arch/x86_64/boot.spl:377
_get_kernel_end	src/os/kernel/boot/limine_boot.spl:373
_get_kernel_start	src/os/kernel/arch/x86_32/boot.spl:269
_http_get_response_body	src/compiler_rust/lib/std/src/core/net/http_client.spl:131
_http_post	src/compiler_rust/lib/std/src/core/net/http_client.spl:130
_rv64_enter_user	src/os/kernel/arch/riscv64/context.spl:20
_rv64_enter_user	src/os/kernel/arch/riscv64/user_entry.spl:15
_rv64_trap_vector	src/os/kernel/arch/riscv64/interrupt.spl:146
add_external	test/03_system/feature/usage/parser_functions_spec.spl:228
add_external	test/feature/usage/parser_functions_spec.spl:228
arm_fs_exec_trace	src/os/services/vfs/arm_fs_exec_vfs.spl:21
array_cap	src/runtime/simple_core/core_array_ops.spl:18
array_flags	src/runtime/simple_core/core_array_ops.spl:19
array_flags	src/runtime/simple_core/core_string.spl:28
array_is_valid	src/runtime/simple_core/core_array_ops.spl:20
array_is_valid	src/runtime/simple_core/core_array_query.spl:10
array_is_valid	src/runtime/simple_core/core_string.spl:26
array_items	src/runtime/simple_core/core_array_ops.spl:16
array_items	src/runtime/simple_core/core_array_query.spl:8
array_items	src/runtime/simple_core/core_string.spl:27
array_ptr	src/runtime/simple_core/core_array_ops.spl:15
async_join	src/lib/nogc_async_mut/async/sffi.spl:33
async_read_file	src/lib/nogc_async_mut/async/sffi.spl:29
async_select	src/lib/nogc_async_mut/async/sffi.spl:34
async_sleep	src/lib/nogc_async_mut/async/sffi.spl:27
async_write_file	src/lib/nogc_async_mut/async/sffi.spl:30
barrier_and_fence	src/compiler_rust/lib/std/src/gpu/kernel/memory.spl:6
bits_to_float	src/lib/gc_async_mut/runtime_value.spl:484
bits_to_float	src/lib/nogc_async_mut/runtime_value.spl:484
bits_to_float	src/lib/nogc_sync_mut/runtime_value.spl:484
call_ffi_0	src/app/interpreter/ffi/extern.spl:130
call_ffi_1	src/app/interpreter/ffi/extern.spl:131
call_ffi_2	src/app/interpreter/ffi/extern.spl:132
call_ffi_3	src/app/interpreter/ffi/extern.spl:133
call_ffi_4	src/app/interpreter/ffi/extern.spl:134
clear_ffi_recording	test/01_unit/app/diagram/call_flow_profiling_spec.spl:10
clear_ffi_recording	test/unit/app/diagram/call_flow_profiling_spec.spl:10
clock_ms	src/os/tools/net/ping_tool.spl:88
clock_ms	src/os/tools/shell/mktemp/mktemp_tool.spl:8
create_streams	src/compiler_rust/lib/std/src/gpu/host/async_nogc_mut/stream.spl:86
current_time_micros	src/lib/gc_async_mut/gc.spl:639
current_time_micros	src/lib/nogc_async_mut/gc.spl:657
current_time_micros	src/lib/nogc_sync_mut/gc.spl:655
current_timestamp	src/app/portal/services/auth_service.spl:356
current_timestamp	src/app/portal/services/package_service.spl:381
default_stream	src/compiler_rust/lib/std/src/gpu/host/async_nogc_mut/stream.spl:85
disable_ffi_recording	test/01_unit/app/diagram/call_flow_profiling_spec.spl:12
disable_ffi_recording	test/unit/app/diagram/call_flow_profiling_spec.spl:12
enable_ffi_recording	test/01_unit/app/diagram/call_flow_profiling_spec.spl:11
enable_ffi_recording	test/unit/app/diagram/call_flow_profiling_spec.spl:11
f32_to_bits	src/lib/nogc_sync_mut/src/hash.spl:15
ffi_func	test/03_system/feature/usage/parser_functions_spec.spl:20
ffi_func	test/feature/usage/parser_functions_spec.spl:20
file_metadata	src/lib/nogc_async_mut/fs.spl:638
file_metadata	src/lib/nogc_sync_mut/fs.spl:638
file_write_bytes	src/lib/gc_async_mut/net/ffi.spl:78
file_write_bytes	src/lib/gc_async_mut/net/sffi.spl:78
file_write_bytes	src/lib/nogc_async_mut/net/sffi.spl:78
file_write_bytes	src/lib/nogc_sync_mut/net/sffi.spl:78
float_to_bits	src/lib/gc_async_mut/runtime_value.spl:483
float_to_bits	src/lib/nogc_async_mut/runtime_value.spl:483
float_to_bits	src/lib/nogc_sync_mut/runtime_value.spl:483
fs_copy_cstr	src/runtime/simple_core/core_sha256.spl:12
future_alloc_pending	src/lib/nogc_async_mut/async/sffi.spl:9
future_free	src/lib/nogc_async_mut/async/sffi.spl:12
future_poll	src/lib/nogc_async_mut/async/sffi.spl:10
future_poll_any	src/lib/nogc_async_mut/async/sffi.spl:11
generate_sequence_ffi	test/01_unit/app/diagram/call_flow_profiling_spec.spl:16
generate_sequence_ffi	test/unit/app/diagram/call_flow_profiling_spec.spl:16
get_current_time_ms	src/compiler_rust/lib/std/src/spec/mode_runner.spl:10
get_kernel_syscall_entry_addr	src/os/kernel/arch/x86_64/cpu.spl:178
get_time	src/compiler_rust/lib/std/examples/vulkan_gui_demo.spl:226
get_time	src/compiler_rust/lib/std/examples/vulkan_triangle.spl:160
glob_find	src/lib/nogc_async_mut/fs.spl:691
glob_find	src/lib/nogc_sync_mut/fs.spl:691
glob_matches	src/lib/nogc_async_mut/fs.spl:692
glob_matches	src/lib/nogc_sync_mut/fs.spl:692
global_id_dim	src/compiler_rust/lib/std/src/gpu/kernel/core.spl:5
global_size_dim	src/compiler_rust/lib/std/src/gpu/kernel/core.spl:13
gpu_broadcast	src/os/ml/autograd.spl:338
gpu_relu_mask	src/os/ml/autograd.spl:337
gpu_transpose	src/os/ml/autograd.spl:336
group_id_dim	src/compiler_rust/lib/std/src/gpu/kernel/core.spl:9
header_size	src/lib/gc_async_mut/gc.spl:627
header_size	src/lib/nogc_async_mut/gc.spl:645
header_size	src/lib/nogc_sync_mut/gc.spl:643
i64_to_ptr	src/lib/gc_async_mut/runtime_value.spl:489
i64_to_ptr	src/lib/nogc_async_mut/runtime_value.spl:489
i64_to_ptr	src/lib/nogc_sync_mut/runtime_value.spl:489
is_nan_bits	src/lib/gc_async_mut/runtime_value.spl:485
is_nan_bits	src/lib/nogc_async_mut/runtime_value.spl:485
is_nan_bits	src/lib/nogc_sync_mut/runtime_value.spl:485
json_stringify	src/app/ffi_gen.specs/lib_wrappers.spl:130
json_stringify	src/compiler/90.tools/sffi_gen/specs/lib_wrappers.spl:130
json_stringify_pretty	src/app/ffi_gen.specs/lib_wrappers.spl:133
json_stringify_pretty	src/compiler/90.tools/sffi_gen/specs/lib_wrappers.spl:133
local_id_dim	src/compiler_rust/lib/std/src/gpu/kernel/core.spl:7
local_size_dim	src/compiler_rust/lib/std/src/gpu/kernel/core.spl:15
lsp_document_symbols	src/compiler_rust/lib/std/src/mcp/lsp/mod.spl:430
lsp_find_references	src/compiler_rust/lib/std/src/mcp/lsp/mod.spl:428
lsp_go_to_definition	src/compiler_rust/lib/std/src/mcp/lsp/mod.spl:427
lua_createtable	src/lib/nogc_sync_mut/lua/lua_sffi.spl:48
lua_gettop	src/lib/nogc_sync_mut/lua/lua_sffi.spl:23
lua_pushcfunction	src/lib/nogc_sync_mut/lua/lua_sffi.spl:34
lua_pushinteger	src/lib/nogc_sync_mut/lua/lua_sffi.spl:32
lua_pushnumber	src/lib/nogc_sync_mut/lua/lua_sffi.spl:31
lua_setfield	src/lib/nogc_sync_mut/lua/lua_sffi.spl:50
lua_settop	src/lib/nogc_sync_mut/lua/lua_sffi.spl:25
lua_tointeger	src/lib/nogc_sync_mut/lua/lua_sffi.spl:41
lua_tonumber	src/lib/nogc_sync_mut/lua/lua_sffi.spl:40
memory_init	src/os/kernel/boot/limine_boot.spl:404
mmio_read16	src/os/services/netstack/_NetstackService/ipc_handlers.spl:99
mmio_read16	src/os/services/netstack/_NetstackService/ipc_handlers.spl:123
mmio_read16	src/os/services/vfs/vfs_service.spl:482
mmio_read16	src/os/services/wm/wm_codec.spl:62
mmio_read32	src/os/services/netstack/_NetstackService/ipc_handlers.spl:65
mmio_read32	src/os/services/netstack/_NetstackService/ipc_handlers.spl:100
mmio_read32	src/os/services/netstack/_NetstackService/ipc_handlers.spl:113
mmio_read32	src/os/services/netstack/_NetstackService/ipc_handlers.spl:124
mmio_read32	src/os/services/netstack/_NetstackService/ipc_handlers.spl:188
mmio_read32	src/os/services/netstack/_NetstackService/ipc_handlers.spl:198
mmio_read32	src/os/services/netstack/_NetstackService/ipc_handlers.spl:240
mmio_read32	src/os/services/netstack/_NetstackService/ipc_handlers.spl:276
mmio_read32	src/os/services/vfs/vfs_service.spl:483
mmio_read32	src/os/services/wm/wm_codec.spl:63
mmio_read32	src/os/userlib/_Window/ipc_helpers.spl:46
mmio_read8	src/os/apps/sshd/ssh_pty.spl:14
mmio_read8	src/os/apps/sshd/ssh_session.spl:208
mmio_read8	src/os/kernel/pipe_compat.spl:18
mmio_read8	src/os/kernel/socket_compat.spl:56
mmio_read8	src/os/services/netstack/_NetstackService/ipc_handlers.spl:64
mmio_read8	src/os/services/netstack/_NetstackService/ipc_handlers.spl:91
mmio_read8	src/os/services/netstack/_NetstackService/ipc_handlers.spl:197
mmio_read8	src/os/services/vfs/vfs_service.spl:481
mmio_read8	src/os/services/wm/wm_codec.spl:61
mmio_read8	src/os/sosix/io.spl:12
mmio_read8	src/os/sosix/io_rw.spl:11
mmio_read8	src/os/userlib/_Window/ipc_helpers.spl:45
mmio_write8	src/os/kernel/pipe_compat.spl:17
mmio_write8	src/os/kernel/socket_compat.spl:55
mmio_write8	src/os/sosix/io.spl:11
mmio_write8	src/os/sosix/io_rw.spl:10
native_close	src/compiler_rust/lib/std/src/file/mmap.spl:122
native_file_exists_sync	src/compiler_rust/lib/std/src/host/common/io/fs_sffi.spl:38
native_file_flush_sync	src/compiler_rust/lib/std/src/host/common/io/fs_sffi.spl:68
native_file_get_size	src/compiler_rust/lib/std/src/host/common/io/fs_sffi.spl:37
native_file_pread	src/compiler_rust/lib/std/src/host/common/io/fs_sffi.spl:78
native_file_pwrite	src/compiler_rust/lib/std/src/host/common/io/fs_sffi.spl:79
native_file_read_sync	src/compiler_rust/lib/std/src/host/common/io/fs_sffi.spl:66
native_file_seek_sync	src/compiler_rust/lib/std/src/host/common/io/fs_sffi.spl:69
native_file_sync_sync	src/compiler_rust/lib/std/src/host/common/io/fs_sffi.spl:70
native_file_write_sync	src/compiler_rust/lib/std/src/host/common/io/fs_sffi.spl:67
native_fs_metadata_sync	src/compiler_rust/lib/std/src/host/common/io/fs_sffi.spl:75
native_fs_read_sync	src/compiler_rust/lib/std/src/host/common/io/fs_sffi.spl:73
native_fs_write_sync	src/compiler_rust/lib/std/src/host/common/io/fs_sffi.spl:74
native_ftp_cdup	src/compiler_rust/lib/std/src/host/common/net/ftp.spl:603
native_ftp_connect	src/compiler_rust/lib/std/src/host/common/net/ftp.spl:599
native_ftp_cwd	src/compiler_rust/lib/std/src/host/common/net/ftp.spl:602
native_ftp_delete	src/compiler_rust/lib/std/src/host/common/net/ftp.spl:612
native_ftp_download	src/compiler_rust/lib/std/src/host/common/net/ftp.spl:607
native_ftp_download_bytes	src/compiler_rust/lib/std/src/host/common/net/ftp.spl:609
native_ftp_feat	src/compiler_rust/lib/std/src/host/common/net/ftp.spl:619
native_ftp_list	src/compiler_rust/lib/std/src/host/common/net/ftp.spl:604
native_ftp_list_path	src/compiler_rust/lib/std/src/host/common/net/ftp.spl:605
native_ftp_login	src/compiler_rust/lib/std/src/host/common/net/ftp.spl:600
native_ftp_mdtm	src/compiler_rust/lib/std/src/host/common/net/ftp.spl:617
native_ftp_mkdir	src/compiler_rust/lib/std/src/host/common/net/ftp.spl:613
native_ftp_noop	src/compiler_rust/lib/std/src/host/common/net/ftp.spl:618
native_ftp_pwd	src/compiler_rust/lib/std/src/host/common/net/ftp.spl:601
native_ftp_quit	src/compiler_rust/lib/std/src/host/common/net/ftp.spl:621
native_ftp_raw	src/compiler_rust/lib/std/src/host/common/net/ftp.spl:620
native_ftp_rename	src/compiler_rust/lib/std/src/host/common/net/ftp.spl:615
native_ftp_resume_download	src/compiler_rust/lib/std/src/host/common/net/ftp.spl:611
native_ftp_rmdir	src/compiler_rust/lib/std/src/host/common/net/ftp.spl:614
native_ftp_size	src/compiler_rust/lib/std/src/host/common/net/ftp.spl:616
native_ftp_stat	src/compiler_rust/lib/std/src/host/common/net/ftp.spl:606
native_ftp_upload	src/compiler_rust/lib/std/src/host/common/net/ftp.spl:608
native_ftp_upload_bytes	src/compiler_rust/lib/std/src/host/common/net/ftp.spl:610
native_http_request	src/compiler_rust/lib/std/src/host/async_gc_immut/net/http.spl:491
native_madvise	src/compiler_rust/lib/std/src/host/common/io/fs_sffi.spl:45
native_memset	src/compiler_rust/lib/std/src/core_nogc/arena.spl:352
native_memset	src/compiler_rust/lib/std/src/core_nogc/bump.spl:388
native_munmap	src/compiler_rust/lib/std/src/file/mmap.spl:121
native_tcp_listener_close	src/compiler_rust/lib/std/src/host/async_gc_immut/net/tcp.spl:309
native_tcp_local_addr	src/compiler_rust/lib/std/src/host/async_gc_immut/net/tcp.spl:310
native_tcp_recv	src/compiler_rust/lib/std/src/host/async_gc_immut/net/tcp.spl:307
native_tcp_send	src/compiler_rust/lib/std/src/host/async_gc_immut/net/tcp.spl:306
notify_task	src/os/posix/signal_dispatch.spl:8
num_groups_dim	src/compiler_rust/lib/std/src/gpu/kernel/core.spl:17
numeric_index	src/runtime/simple_core/core_array_ops.spl:24
par_sort	src/app/ffi_gen.specs/lib_wrappers.spl:106
par_sort	src/compiler/90.tools/sffi_gen/specs/lib_wrappers.spl:106
path_components	src/lib/nogc_async_mut/fs.spl:618
path_components	src/lib/nogc_sync_mut/fs.spl:618
path_extension	src/lib/nogc_async_mut/fs.spl:616
path_extension	src/lib/nogc_sync_mut/fs.spl:616
path_filename	src/lib/nogc_async_mut/fs.spl:615
path_filename	src/lib/nogc_sync_mut/fs.spl:615
path_is_absolute	src/lib/nogc_async_mut/fs.spl:619
path_is_absolute	src/lib/nogc_sync_mut/fs.spl:619
path_normalize	src/lib/nogc_async_mut/fs.spl:613
path_normalize	src/lib/nogc_sync_mut/fs.spl:613
path_parent	src/lib/nogc_async_mut/fs.spl:614
path_parent	src/lib/nogc_sync_mut/fs.spl:614
path_stem	src/lib/nogc_async_mut/fs.spl:617
path_stem	src/lib/nogc_sync_mut/fs.spl:617
path_with_extension	src/lib/nogc_async_mut/fs.spl:620
path_with_extension	src/lib/nogc_sync_mut/fs.spl:620
pm_list_pids	src/os/apps/coreutils/ps.spl:7
pm_process_name	src/os/apps/coreutils/ps.spl:8
pmm_alloc_page_raw	src/os/kernel/loader/x86_64_fs_exec_ring3.spl:45
promise_alloc	src/lib/nogc_async_mut/async/sffi.spl:17
promise_complete	src/lib/nogc_async_mut/async/sffi.spl:19
promise_free	src/lib/nogc_async_mut/async/sffi.spl:21
promise_get_future	src/lib/nogc_async_mut/async/sffi.spl:18
promise_is_completed	src/lib/nogc_async_mut/async/sffi.spl:20
ptr_const_i32	test/01_unit/bugs/parser_const_pointer_spec.spl:44
ptr_const_i32	test/unit/bugs/parser_const_pointer_spec.spl:44
ptr_const_i64	test/01_unit/bugs/parser_const_pointer_spec.spl:45
ptr_const_i64	test/unit/bugs/parser_const_pointer_spec.spl:45
ptr_const_u16	test/01_unit/bugs/parser_const_pointer_spec.spl:41
ptr_const_u16	test/unit/bugs/parser_const_pointer_spec.spl:41
ptr_const_u32	test/01_unit/bugs/parser_const_pointer_spec.spl:42
ptr_const_u32	test/unit/bugs/parser_const_pointer_spec.spl:42
ptr_const_u64	test/01_unit/bugs/parser_const_pointer_spec.spl:43
ptr_const_u64	test/unit/bugs/parser_const_pointer_spec.spl:43
ptr_const_u8	test/01_unit/bugs/parser_const_pointer_spec.spl:40
ptr_const_u8	test/unit/bugs/parser_const_pointer_spec.spl:40
ptr_mixed_cmp	test/01_unit/bugs/parser_const_pointer_spec.spl:56
ptr_mixed_cmp	test/unit/bugs/parser_const_pointer_spec.spl:56
ptr_mixed_copy	test/01_unit/bugs/parser_const_pointer_spec.spl:54
ptr_mixed_copy	test/unit/bugs/parser_const_pointer_spec.spl:54
ptr_mixed_set	test/01_unit/bugs/parser_const_pointer_spec.spl:55
ptr_mixed_set	test/unit/bugs/parser_const_pointer_spec.spl:55
ptr_multi_const	test/01_unit/bugs/parser_const_pointer_spec.spl:67
ptr_multi_const	test/unit/bugs/parser_const_pointer_spec.spl:67
ptr_multi_mixed	test/01_unit/bugs/parser_const_pointer_spec.spl:69
ptr_multi_mixed	test/unit/bugs/parser_const_pointer_spec.spl:69
ptr_multi_mut	test/01_unit/bugs/parser_const_pointer_spec.spl:68
ptr_multi_mut	test/unit/bugs/parser_const_pointer_spec.spl:68
ptr_mut_u16	test/01_unit/bugs/parser_const_pointer_spec.spl:49
ptr_mut_u16	test/unit/bugs/parser_const_pointer_spec.spl:49
ptr_mut_u32	test/01_unit/bugs/parser_const_pointer_spec.spl:50
ptr_mut_u32	test/unit/bugs/parser_const_pointer_spec.spl:50
ptr_mut_u64	test/01_unit/bugs/parser_const_pointer_spec.spl:51
ptr_mut_u64	test/unit/bugs/parser_const_pointer_spec.spl:51
ptr_mut_u8	test/01_unit/bugs/parser_const_pointer_spec.spl:48
ptr_mut_u8	test/unit/bugs/parser_const_pointer_spec.spl:48
ptr_plain	test/01_unit/bugs/parser_const_pointer_spec.spl:59
ptr_plain	test/unit/bugs/parser_const_pointer_spec.spl:59
ptr_plain_wide	test/01_unit/bugs/parser_const_pointer_spec.spl:60
ptr_plain_wide	test/unit/bugs/parser_const_pointer_spec.spl:60
ptr_ret_const	test/01_unit/bugs/parser_const_pointer_spec.spl:63
ptr_ret_const	test/unit/bugs/parser_const_pointer_spec.spl:63
ptr_ret_mut	test/01_unit/bugs/parser_const_pointer_spec.spl:64
ptr_ret_mut	test/unit/bugs/parser_const_pointer_spec.spl:64
ptr_strlen	test/01_unit/bugs/parser_const_pointer_spec.spl:73
ptr_strlen	test/unit/bugs/parser_const_pointer_spec.spl:73
ptr_to_i64	src/lib/gc_async_mut/runtime_value.spl:488
ptr_to_i64	src/lib/nogc_async_mut/runtime_value.spl:488
ptr_to_i64	src/lib/nogc_sync_mut/runtime_value.spl:488
ptr_with_regular	test/01_unit/bugs/parser_const_pointer_spec.spl:72
ptr_with_regular	test/unit/bugs/parser_const_pointer_spec.spl:72
register_array	src/runtime/simple_core/core_array_ops.spl:26
rt_alloc_exec_memory	src/compiler/90.tools/sffi_gen/specs/exec_memory.spl:34
rt_alloc_page_aligned	src/os/drivers/virtio/virtio_gpu.spl:85
rt_alloc_rw_memory	src/compiler/90.tools/sffi_gen/specs/exec_memory.spl:90
rt_alloc_zeroed	src/compiler_rust/lib/std/src/alloc/sffi.spl:10
rt_args_all	src/compiler_rust/lib/std/src/sys/args.spl:8
rt_arm32_context_restore	src/os/kernel/arch/arm32/context.spl:62
rt_arm32_context_save	src/os/kernel/arch/arm32/context.spl:61
rt_arm32_context_switch	src/os/kernel/arch/arm32/context.spl:63
rt_arm32_cpsid_f	src/os/kernel/arch/arm32/cpu.spl:59
rt_arm32_cpsid_i	src/os/kernel/arch/arm32/cpu.spl:57
rt_arm32_cpsid_if	src/os/kernel/arch/arm32/cpu.spl:61
rt_arm32_cpsie_f	src/os/kernel/arch/arm32/cpu.spl:60
rt_arm32_cpsie_i	src/os/kernel/arch/arm32/cpu.spl:58
rt_arm32_cpsie_if	src/os/kernel/arch/arm32/cpu.spl:62
rt_arm32_dmb	src/os/kernel/arch/arm32/cpu.spl:54
rt_arm32_dsb	src/os/kernel/arch/arm32/cpu.spl:53
rt_arm32_isb	src/os/kernel/arch/arm32/cpu.spl:52
rt_arm32_mcr_cntp_ctl	src/os/kernel/arch/arm32/timer.spl:36
rt_arm32_mcr_cntp_tval	src/os/kernel/arch/arm32/timer.spl:34
rt_arm32_mcr_dacr	src/os/kernel/arch/arm32/cpu.spl:48
rt_arm32_mcr_sctlr	src/os/kernel/arch/arm32/cpu.spl:42
rt_arm32_mcr_tlbiall	src/os/kernel/arch/arm32/cpu.spl:50
rt_arm32_mcr_tlbimva	src/os/kernel/arch/arm32/cpu.spl:51
rt_arm32_mcr_ttbcr	src/os/kernel/arch/arm32/cpu.spl:47
rt_arm32_mcr_ttbr0	src/os/kernel/arch/arm32/cpu.spl:44
rt_arm32_mcr_ttbr1	src/os/kernel/arch/arm32/cpu.spl:46
rt_arm32_mcr_vbar	src/os/kernel/arch/arm32/cpu.spl:49
rt_arm32_mrc_cntfrq	src/os/kernel/arch/arm32/timer.spl:31
rt_arm32_mrc_cntp_ctl	src/os/kernel/arch/arm32/timer.spl:37
rt_arm32_mrc_cntp_tval	src/os/kernel/arch/arm32/timer.spl:35
rt_arm32_mrc_midr	src/os/kernel/arch/arm32/cpu.spl:39
rt_arm32_mrc_mpidr	src/os/kernel/arch/arm32/cpu.spl:40
rt_arm32_mrc_sctlr	src/os/kernel/arch/arm32/cpu.spl:41
rt_arm32_mrc_ttbr0	src/os/kernel/arch/arm32/cpu.spl:43
rt_arm32_mrc_ttbr1	src/os/kernel/arch/arm32/cpu.spl:45
rt_arm32_mrrc_cntpct_hi	src/os/kernel/arch/arm32/timer.spl:33
rt_arm32_mrrc_cntpct_lo	src/os/kernel/arch/arm32/timer.spl:32
rt_arm32_wfe	src/os/kernel/arch/arm32/cpu.spl:56
rt_arm32_wfi	src/os/kernel/arch/arm32/cpu.spl:55
rt_arm64_context_restore	src/os/kernel/arch/arm64/context.spl:52
rt_arm64_context_save	src/os/kernel/arch/arm64/context.spl:51
rt_arm64_context_switch	src/os/kernel/arch/arm64/context.spl:53
rt_arm64_daif_clr	src/os/kernel/arch/arm64/cpu.spl:40
rt_arm64_daif_set	src/os/kernel/arch/arm64/cpu.spl:39
rt_arm64_dmb	src/os/kernel/arch/arm64/cpu.spl:34
rt_arm64_dsb	src/os/kernel/arch/arm64/cpu.spl:33
rt_arm64_enter_recorded_user_live	src/os/kernel/arch/arm64/user_entry.spl:13
rt_arm64_enter_user_first_probe	src/os/kernel/arch/arm64/user_entry.spl:11
rt_arm64_isb	src/os/kernel/arch/arm64/cpu.spl:32
rt_arm64_mrs_cntfrq_el0	src/os/kernel/arch/arm64/timer.spl:27
rt_arm64_mrs_cntp_ctl_el0	src/os/kernel/arch/arm64/timer.spl:32
rt_arm64_mrs_cntp_tval_el0	src/os/kernel/arch/arm64/timer.spl:30
rt_arm64_mrs_cntpct_el0	src/os/kernel/arch/arm64/timer.spl:28
rt_arm64_mrs_currentel	src/os/kernel/arch/arm64/cpu.spl:22
rt_arm64_mrs_mpidr_el1	src/os/kernel/arch/arm64/cpu.spl:41
rt_arm64_mrs_sctlr_el1	src/os/kernel/arch/arm64/cpu.spl:31
rt_arm64_mrs_ttbr0_el1	src/os/kernel/arch/arm64/cpu.spl:26
rt_arm64_mrs_ttbr1_el1	src/os/kernel/arch/arm64/cpu.spl:27
rt_arm64_msr_cntp_ctl_el0	src/os/kernel/arch/arm64/timer.spl:31
rt_arm64_msr_cntp_tval_el0	src/os/kernel/arch/arm64/timer.spl:29
rt_arm64_msr_mair_el1	src/os/kernel/arch/arm64/cpu.spl:29
rt_arm64_msr_sctlr_el1	src/os/kernel/arch/arm64/cpu.spl:30
rt_arm64_msr_tcr_el1	src/os/kernel/arch/arm64/cpu.spl:28
rt_arm64_msr_ttbr0_el1	src/os/kernel/arch/arm64/cpu.spl:24
rt_arm64_msr_ttbr1_el1	src/os/kernel/arch/arm64/cpu.spl:25
rt_arm64_msr_vbar_el1	src/os/kernel/arch/arm64/cpu.spl:23
rt_arm64_probe_recorded_user_handoff	src/os/kernel/arch/arm64/user_entry.spl:12
rt_arm64_read_sctlr	src/os/kernel/arch_adapt/arm64_hardening_probe.spl:6
rt_arm64_record_user_handoff	src/os/kernel/scheduler/scheduler_arm_bootstrap.spl:35
rt_arm64_record_user_handoff	src/os/kernel/scheduler/scheduler_exec.spl:65
rt_arm64_set_exec_image	src/os/kernel/loader/process_image.spl:47
rt_arm64_tlbi_alle1	src/os/kernel/arch/arm64/cpu.spl:37
rt_arm64_tlbi_vae1	src/os/kernel/arch/arm64/cpu.spl:38
rt_arm64_user_as_create	src/os/kernel/memory/user_address_space.spl:47
rt_arm64_user_as_map_elf64	src/os/kernel/loader/segment_mapper.spl:298
rt_arm64_user_as_map_page	src/os/kernel/memory/user_address_space.spl:59
rt_arm64_user_as_translate	src/os/kernel/loader/segment_mapper.spl:338
rt_arm64_user_as_ttbr0_probe	src/os/kernel/loader/segment_mapper.spl:299
rt_arm64_virtio_input_event_code	src/os/kernel/arch/arm64/virtio_input.spl:13
rt_arm64_virtio_input_event_device_kind	src/os/kernel/arch/arm64/virtio_input.spl:15
rt_arm64_virtio_input_event_irq_status	src/os/kernel/arch/arm64/virtio_input.spl:16
rt_arm64_virtio_input_event_type	src/os/kernel/arch/arm64/virtio_input.spl:12
rt_arm64_virtio_input_event_value	src/os/kernel/arch/arm64/virtio_input.spl:14
rt_arm64_wfe	src/os/kernel/arch/arm64/cpu.spl:36
rt_arm64_wfi	src/os/kernel/arch/arm64/cpu.spl:35
rt_arm_array_clone_bytes	src/os/kernel/loader/process_image.spl:38
rt_arm_array_empty_exact	src/os/kernel/loader/process_image.spl:44
rt_arm_array_slice_bytes	src/os/kernel/loader/process_image.spl:41
rt_arm_context_restore	src/os/realtime/context/arm.spl:31
rt_arm_context_save	src/os/realtime/context/arm.spl:30
rt_arm_elf64_direct_entry	src/os/kernel/loader/segment_mapper.spl:327
rt_arm_elf64_direct_entry	src/os/kernel/loader/segment_mapper.spl:336
rt_arm_elf64_direct_entry_bytes_ok	src/os/kernel/loader/segment_mapper.spl:337
rt_arm_elf64_entry	src/os/kernel/loader/elf_loader.spl:14
rt_arm_elf64_entry	src/os/kernel/loader/process_image.spl:53
rt_arm_elf64_pt_load_align	src/os/kernel/loader/elf_loader.spl:26
rt_arm_elf64_pt_load_align	src/os/kernel/loader/process_image.spl:71
rt_arm_elf64_pt_load_count	src/os/kernel/loader/elf_loader.spl:12
rt_arm_elf64_pt_load_count	src/os/kernel/loader/process_image.spl:50
rt_arm_elf64_pt_load_filesz	src/os/kernel/loader/elf_loader.spl:20
rt_arm_elf64_pt_load_filesz	src/os/kernel/loader/process_image.spl:62
rt_arm_elf64_pt_load_flags	src/os/kernel/loader/elf_loader.spl:24
rt_arm_elf64_pt_load_flags	src/os/kernel/loader/process_image.spl:68
rt_arm_elf64_pt_load_memsz	src/os/kernel/loader/elf_loader.spl:22
rt_arm_elf64_pt_load_memsz	src/os/kernel/loader/process_image.spl:65
rt_arm_elf64_pt_load_offset	src/os/kernel/loader/elf_loader.spl:16
rt_arm_elf64_pt_load_offset	src/os/kernel/loader/process_image.spl:56
rt_arm_elf64_pt_load_vaddr	src/os/kernel/loader/elf_loader.spl:18
rt_arm_elf64_pt_load_vaddr	src/os/kernel/loader/process_image.spl:59
rt_arm_fat32_probe_bpb_from_virtio	src/os/services/vfs/arm_fs_exec_vfs.spl:18
rt_arm_get_psp	src/os/realtime/context/arm.spl:33
rt_arm_set_psp	src/os/realtime/context/arm.spl:32
rt_arm_smf_elf_stub_size	src/os/kernel/loader/process_image.spl:74
rt_arm_smf_elf_stub_size	src/os/kernel/loader/process_image.spl:77
rt_arm_stage_elf64_load_image	src/os/kernel/loader/segment_mapper.spl:297
rt_arm_stage_raw_image	src/os/kernel/loader/segment_mapper.spl:277
rt_array_capacity	src/compiler_rust/lib/std/src/alloc/sffi.spl:19
rt_array_new_cap	test/05_perf/bench/http_server/bench_raw_native_opt.spl:16
rt_array_new_cap	test/perf/bench/http_server/bench_raw_native_opt.spl:16
rt_async_await	src/compiler_rust/lib/std/src/async/sffi/executor.spl:16
rt_async_yield	src/compiler_rust/lib/std/src/async/sffi/executor.spl:17
rt_audio_add_delay	src/app/io/audio_ffi.spl:52
rt_audio_add_delay	src/app/io/audio_sffi.spl:52
rt_audio_add_delay	src/lib/nogc_sync_mut/io/audio_sffi.spl:79
rt_audio_add_highpass	src/app/io/audio_ffi.spl:50
rt_audio_add_highpass	src/app/io/audio_sffi.spl:50
rt_audio_add_highpass	src/lib/nogc_sync_mut/io/audio_sffi.spl:77
rt_audio_add_lowpass	src/app/io/audio_ffi.spl:49
rt_audio_add_lowpass	src/app/io/audio_sffi.spl:49
rt_audio_add_lowpass	src/lib/nogc_sync_mut/io/audio_sffi.spl:76
rt_audio_add_reverb	src/app/io/audio_ffi.spl:51
rt_audio_add_reverb	src/app/io/audio_sffi.spl:51
rt_audio_add_reverb	src/lib/nogc_sync_mut/io/audio_sffi.spl:78
rt_audio_clear_effects	src/app/io/audio_ffi.spl:54
rt_audio_clear_effects	src/app/io/audio_sffi.spl:54
rt_audio_clear_effects	src/lib/nogc_sync_mut/io/audio_sffi.spl:81
rt_audio_remove_effect	src/app/io/audio_ffi.spl:53
rt_audio_remove_effect	src/app/io/audio_sffi.spl:53
rt_audio_remove_effect	src/lib/nogc_sync_mut/io/audio_sffi.spl:80
rt_audio_set_pitch	src/app/io/audio_ffi.spl:46
rt_audio_set_pitch	src/app/io/audio_sffi.spl:46
rt_audio_set_pitch	src/lib/nogc_sync_mut/io/audio_sffi.spl:73
rt_bdd_after_all	src/compiler_rust/lib/std/src/ext/test/sffi.spl:11
rt_bdd_assert_eq	src/compiler_rust/lib/std/src/ext/test/sffi.spl:15
rt_bdd_assert_ne	src/compiler_rust/lib/std/src/ext/test/sffi.spl:16
rt_bdd_assert_true	src/compiler_rust/lib/std/src/ext/test/sffi.spl:17
rt_bdd_before_all	src/compiler_rust/lib/std/src/ext/test/sffi.spl:10
rt_bdd_describe	src/compiler_rust/lib/std/src/ext/test/sffi.spl:6
rt_bdd_expect	src/compiler_rust/lib/std/src/ext/test/sffi.spl:14
rt_bdd_it	src/compiler_rust/lib/std/src/ext/test/sffi.spl:7
rt_bigint_mod_exp	src/lib/nogc_sync_mut/io/signature_sffi.spl:43
rt_bits_to_f64	src/os/ml/gpu_tensor.spl:25
rt_build_symbol_table	src/compiler/90.tools/sffi_gen/specs/compiler_query.spl:140
rt_bytes_to_f64_array	src/os/ml/gpu_tensor.spl:27
rt_call_function_0	src/compiler/90.tools/sffi_gen/specs/exec_memory.spl:129
rt_call_function_1	src/compiler/90.tools/sffi_gen/specs/exec_memory.spl:139
rt_call_function_2	src/compiler/90.tools/sffi_gen/specs/exec_memory.spl:150
rt_channel_is_empty	src/compiler_rust/lib/std/src/async/sffi/channel.spl:12
rt_channel_len	src/compiler_rust/lib/std/src/async/sffi/channel.spl:11
rt_check_file_path	src/compiler_rust/lib/std/src/file/__init__.spl:28
rt_cli_args	src/app/dashboard/web_entry.spl:14
rt_cli_args	src/app/desugar/mod.spl:278
rt_command_output	src/lib/nogc_sync_mut/baremetal/transport/dedicated_hw.spl:13
rt_command_output	src/lib/nogc_sync_mut/baremetal/transport/stlink.spl:7
rt_command_output	src/lib/nogc_sync_mut/debug/remote/protocol/openocd.spl:262
rt_command_output	src/lib/nogc_sync_mut/debug/remote/protocol/stlink_tools.spl:188
rt_copy_user_byte	src/os/kernel/ipc/syscall_process.spl:43
rt_copy_user_byte	src/os/kernel/ipc/syscall_spm.spl:26
rt_copy_user_byte	src/os/sosix/process.spl:7
rt_coverage_branch	src/compiler_rust/lib/std/src/ext/coverage/sffi.spl:8
rt_coverage_branch_count	src/compiler_rust/lib/std/src/ext/coverage/sffi.spl:17
rt_coverage_branch_hit_count	src/compiler_rust/lib/std/src/ext/coverage/sffi.spl:18
rt_coverage_function_enter	src/compiler_rust/lib/std/src/ext/coverage/sffi.spl:9
rt_coverage_function_exit	src/compiler_rust/lib/std/src/ext/coverage/sffi.spl:10
rt_coverage_hit	src/compiler_rust/lib/std/src/ext/coverage/sffi.spl:7
rt_coverage_init	src/compiler_rust/lib/std/src/ext/coverage/sffi.spl:6
rt_coverage_line_count	src/compiler_rust/lib/std/src/ext/coverage/sffi.spl:15
rt_coverage_line_hit_count	src/compiler_rust/lib/std/src/ext/coverage/sffi.spl:16
rt_coverage_path_finalizer	src/lib/nogc_sync_mut/io/coverage_simple.spl:19
rt_coverage_report	src/compiler_rust/lib/std/src/ext/coverage/sffi.spl:13
rt_coverage_report_json	src/compiler_rust/lib/std/src/ext/coverage/sffi.spl:14
rt_coverage_reset	src/compiler_rust/lib/std/src/ext/coverage/sffi.spl:21
rt_cpu_arch_name	src/lib/gc_async_mut/gpu/engine2d/host_ops.spl:2
rt_cpu_count	src/compiler/00.common/parallel.spl:20
rt_cpu_count	src/lib/nogc_sync_mut/ffi/system.spl:112
rt_cpu_count	src/lib/nogc_sync_mut/sffi/system.spl:116
rt_cpu_has_avx2	src/lib/nogc_sync_mut/gpu/engine3d/simd_kernels3d.spl:40
rt_cpu_has_avx512	src/lib/nogc_sync_mut/gpu/engine3d/simd_kernels3d.spl:41
rt_cpu_has_neon	src/lib/nogc_sync_mut/gpu/engine3d/simd_kernels3d.spl:42
rt_cpu_has_sse42	src/lib/nogc_sync_mut/gpu/engine3d/simd_kernels3d.spl:39
rt_cpu_present_pixels	src/lib/nogc_sync_mut/gpu/present_hooks.spl:3
rt_cuda3d_apply_bloom	src/lib/nogc_sync_mut/gpu/engine3d/ffi_cuda3d.spl:31
rt_cuda3d_apply_bloom	src/lib/nogc_sync_mut/gpu/engine3d/sffi_cuda3d.spl:31
rt_cuda3d_apply_fog	src/lib/nogc_sync_mut/gpu/engine3d/ffi_cuda3d.spl:30
rt_cuda3d_apply_fog	src/lib/nogc_sync_mut/gpu/engine3d/sffi_cuda3d.spl:30
rt_cuda3d_available	src/lib/nogc_sync_mut/gpu/engine3d/ffi_cuda3d.spl:22
rt_cuda3d_available	src/lib/nogc_sync_mut/gpu/engine3d/sffi_cuda3d.spl:22
rt_cuda3d_clear_depth	src/lib/nogc_sync_mut/gpu/engine3d/ffi_cuda3d.spl:28
rt_cuda3d_clear_depth	src/lib/nogc_sync_mut/gpu/engine3d/sffi_cuda3d.spl:28
rt_cuda3d_clear_framebuffer	src/lib/nogc_sync_mut/gpu/engine3d/ffi_cuda3d.spl:27
rt_cuda3d_clear_framebuffer	src/lib/nogc_sync_mut/gpu/engine3d/sffi_cuda3d.spl:27
rt_cuda3d_init	src/lib/nogc_sync_mut/gpu/engine3d/ffi_cuda3d.spl:23
rt_cuda3d_init	src/lib/nogc_sync_mut/gpu/engine3d/sffi_cuda3d.spl:23
rt_cuda3d_rasterize_triangles	src/lib/nogc_sync_mut/gpu/engine3d/ffi_cuda3d.spl:26
rt_cuda3d_rasterize_triangles	src/lib/nogc_sync_mut/gpu/engine3d/sffi_cuda3d.spl:26
rt_cuda3d_shutdown	src/lib/nogc_sync_mut/gpu/engine3d/ffi_cuda3d.spl:24
rt_cuda3d_shutdown	src/lib/nogc_sync_mut/gpu/engine3d/sffi_cuda3d.spl:24
rt_cuda3d_texture_sample	src/lib/nogc_sync_mut/gpu/engine3d/ffi_cuda3d.spl:29
rt_cuda3d_texture_sample	src/lib/nogc_sync_mut/gpu/engine3d/sffi_cuda3d.spl:29
rt_cuda3d_transform_vertices	src/lib/nogc_sync_mut/gpu/engine3d/ffi_cuda3d.spl:25
rt_cuda3d_transform_vertices	src/lib/nogc_sync_mut/gpu/engine3d/sffi_cuda3d.spl:25
rt_cuda_alloc_device	src/lib/nogc_sync_mut/gpu/engine2d/cuda_session.spl:26
rt_cuda_alloc_fb	src/lib/gc_async_mut/gpu/engine2d/backend_cuda_proof.spl:16
rt_cuda_cleanup	src/lib/gc_async_mut/gpu/engine2d/backend_cuda_proof.spl:20
rt_cuda_cleanup	src/lib/gc_async_mut/gpu/session/backend_runtime_ops.spl:8
rt_cuda_clear	src/lib/gc_async_mut/gpu/engine2d/backend_cuda_proof.spl:17
rt_cuda_compile_ptx	src/lib/nogc_async_mut/engine/physics/backend_gpu/gpu_solver.spl:28
rt_cuda_compile_ptx	src/lib/nogc_sync_mut/io/cuda_sffi.spl:24
rt_cuda_compile_ptx	src/os/ml/kernels.spl:8
rt_cuda_compute_capability	src/lib/nogc_sync_mut/io/cuda_sffi.spl:16
rt_cuda_device_init	src/lib/gc_async_mut/gpu/engine2d/backend_cuda_proof.spl:15
rt_cuda_device_init	src/lib/gc_async_mut/gpu/session/backend_runtime_ops.spl:6
rt_cuda_device_memory	src/lib/nogc_sync_mut/io/cuda_sffi.spl:15
rt_cuda_draw_rect	src/lib/gc_async_mut/gpu/engine2d/backend_cuda_proof.spl:18
rt_cuda_get_device	src/lib/nogc_sync_mut/io/cuda_sffi.spl:13
rt_cuda_get_function	src/lib/nogc_async_mut/engine/physics/backend_gpu/gpu_solver.spl:29
rt_cuda_get_function	src/lib/nogc_sync_mut/io/cuda_sffi.spl:25
rt_cuda_get_function	src/os/ml/kernels.spl:9
rt_cuda_get_last_error	src/lib/nogc_sync_mut/io/cuda_sffi.spl:32
rt_cuda_is_available	src/lib/nogc_async_mut/engine/physics/backend_gpu/gpu_solver.spl:22
rt_cuda_is_available	src/lib/nogc_sync_mut/io/cuda_sffi.spl:17
rt_cuda_is_available	src/os/ml/gpu_tensor.spl:18
rt_cuda_kernel_get	src/lib/nogc_sync_mut/gpu/engine2d/cuda_session.spl:24
rt_cuda_kernel_get	src/lib/nogc_sync_mut/gpu/engine2d/ffi_cuda.spl:31
rt_cuda_kernel_launch	src/lib/nogc_sync_mut/gpu/engine2d/cuda_session.spl:25
rt_cuda_memcpy_d2d	src/lib/nogc_sync_mut/io/cuda_sffi.spl:22
rt_cuda_memcpy_d2d	src/os/ml/optimizer.spl:265
rt_cuda_memcpy_d2h	src/lib/nogc_async_mut/engine/physics/backend_gpu/gpu_solver.spl:26
rt_cuda_memcpy_d2h	src/lib/nogc_sync_mut/gpu/engine2d/cuda_session.spl:27
rt_cuda_memcpy_d2h	src/lib/nogc_sync_mut/io/cuda_sffi.spl:21
rt_cuda_memcpy_d2h	src/os/ml/gpu_tensor.spl:15
rt_cuda_memcpy_h2d	src/lib/nogc_async_mut/engine/physics/backend_gpu/gpu_solver.spl:25
rt_cuda_memcpy_h2d	src/lib/nogc_sync_mut/io/cuda_sffi.spl:20
rt_cuda_memcpy_h2d	src/os/ml/gpu_tensor.spl:14
rt_cuda_peek_last_error	src/lib/nogc_sync_mut/io/cuda_sffi.spl:33
rt_cuda_primary_ctx_release	src/lib/nogc_sync_mut/gpu/engine2d/cuda_session.spl:22
rt_cuda_primary_ctx_retain	src/lib/nogc_sync_mut/gpu/engine2d/cuda_session.spl:21
rt_cuda_readback	src/lib/gc_async_mut/gpu/engine2d/backend_cuda_proof.spl:19
rt_cuda_set_device	src/lib/nogc_sync_mut/io/cuda_sffi.spl:12
rt_cuda_shutdown	src/lib/nogc_sync_mut/gpu/engine2d/ffi_cuda.spl:24
rt_cuda_shutdown	src/lib/nogc_sync_mut/gpu/engine2d/sffi_cuda.spl:24
rt_cuda_sm_version	src/compiler/30.types/simd_capabilities.spl:46
rt_cuda_stream_create	src/lib/nogc_async_mut/engine/physics/backend_gpu/gpu_solver.spl:33
rt_cuda_stream_create	src/lib/nogc_sync_mut/io/cuda_sffi.spl:29
rt_cuda_stream_destroy	src/lib/nogc_async_mut/engine/physics/backend_gpu/gpu_solver.spl:34
rt_cuda_stream_destroy	src/lib/nogc_sync_mut/io/cuda_sffi.spl:30
rt_cuda_stream_sync	src/lib/nogc_sync_mut/gpu/engine2d/cuda_session.spl:28
rt_cuda_stream_synchronize	src/lib/nogc_sync_mut/io/cuda_sffi.spl:31
rt_cuda_submit	src/lib/gc_async_mut/gpu/session/backend_runtime_ops.spl:7
rt_cuda_unload_module	src/lib/nogc_async_mut/engine/physics/backend_gpu/gpu_solver.spl:31
rt_cuda_unload_module	src/lib/nogc_sync_mut/io/cuda_sffi.spl:27
rt_debug_clear_breakpoints	src/lib/nogc_sync_mut/ffi/debug.spl:77
rt_debug_clear_breakpoints	src/lib/nogc_sync_mut/sffi/debug.spl:77
rt_debug_clear_globals	src/lib/nogc_sync_mut/ffi/debug.spl:125
rt_debug_clear_globals	src/lib/nogc_sync_mut/sffi/debug.spl:125
rt_debug_clear_locals	src/lib/nogc_sync_mut/ffi/debug.spl:124
rt_debug_clear_locals	src/lib/nogc_sync_mut/sffi/debug.spl:124
rt_debug_current_column	src/lib/nogc_sync_mut/ffi/debug.spl:59
rt_debug_current_column	src/lib/nogc_sync_mut/sffi/debug.spl:59
rt_debug_get_step_mode	src/lib/nogc_sync_mut/ffi/debug.spl:13
rt_debug_get_step_mode	src/lib/nogc_sync_mut/sffi/debug.spl:13
rt_debug_get_step_start_depth	src/lib/nogc_sync_mut/ffi/debug.spl:15
rt_debug_get_step_start_depth	src/lib/nogc_sync_mut/sffi/debug.spl:15
rt_debug_globals	src/lib/nogc_sync_mut/ffi/debug.spl:123
rt_debug_globals	src/lib/nogc_sync_mut/sffi/debug.spl:123
rt_debug_has_breakpoint	src/lib/nogc_sync_mut/ffi/debug.spl:78
rt_debug_has_breakpoint	src/lib/nogc_sync_mut/sffi/debug.spl:78
rt_debug_is_paused	src/lib/nogc_sync_mut/ffi/debug.spl:39
rt_debug_is_paused	src/lib/nogc_sync_mut/sffi/debug.spl:39
rt_debug_pop_frame	src/lib/nogc_sync_mut/ffi/debug.spl:102
rt_debug_pop_frame	src/lib/nogc_sync_mut/sffi/debug.spl:102
rt_debug_push_frame	src/lib/nogc_sync_mut/ffi/debug.spl:101
rt_debug_push_frame	src/lib/nogc_sync_mut/sffi/debug.spl:101
rt_debug_set_current_location	src/lib/nogc_sync_mut/ffi/debug.spl:56
rt_debug_set_current_location	src/lib/nogc_sync_mut/sffi/debug.spl:56
rt_debug_set_global	src/lib/nogc_sync_mut/ffi/debug.spl:121
rt_debug_set_global	src/lib/nogc_sync_mut/sffi/debug.spl:121
rt_debug_set_local	src/lib/nogc_sync_mut/ffi/debug.spl:120
rt_debug_set_local	src/lib/nogc_sync_mut/sffi/debug.spl:120
rt_debug_set_step_start_depth	src/lib/nogc_sync_mut/ffi/debug.spl:14
rt_debug_set_step_start_depth	src/lib/nogc_sync_mut/sffi/debug.spl:14
rt_debug_should_break	src/lib/nogc_sync_mut/ffi/debug.spl:94
rt_debug_should_break	src/lib/nogc_sync_mut/sffi/debug.spl:94
rt_debug_wait_for_continue	src/lib/nogc_sync_mut/ffi/debug.spl:40
rt_debug_wait_for_continue	src/lib/nogc_sync_mut/sffi/debug.spl:40
rt_decrypt_aes256	src/app/io/crypto_ffi.spl:36
rt_decrypt_aes256	src/lib/nogc_sync_mut/io/crypto_sffi.spl:36
rt_deflate_compress	src/app/io/compress_ffi.spl:20
rt_deflate_compress	src/lib/nogc_sync_mut/io/compress_sffi.spl:20
rt_deflate_decompress	src/app/io/compress_ffi.spl:21
rt_deflate_decompress	src/lib/nogc_sync_mut/io/compress_sffi.spl:21
rt_derive_key_pbkdf2	src/app/io/crypto_ffi.spl:45
rt_derive_key_pbkdf2	src/lib/nogc_sync_mut/io/crypto_sffi.spl:45
rt_dwarf_addr_to_line	src/app/debug/native_agent.spl:22
rt_dwarf_addr_to_line	src/lib/nogc_sync_mut/debug/native_agent.spl:22
rt_dwarf_addr_to_line	src/lib/nogc_sync_mut/ffi/debug.spl:203
rt_dwarf_addr_to_line	src/lib/nogc_sync_mut/sffi/debug.spl:203
rt_dwarf_free	src/app/debug/native_agent.spl:21
rt_dwarf_free	src/lib/nogc_sync_mut/debug/native_agent.spl:21
rt_dwarf_free	src/lib/nogc_sync_mut/ffi/debug.spl:198
rt_dwarf_free	src/lib/nogc_sync_mut/sffi/debug.spl:198
rt_dwarf_function_at	src/app/debug/native_agent.spl:23
rt_dwarf_function_at	src/lib/nogc_sync_mut/debug/native_agent.spl:23
rt_dwarf_function_at	src/lib/nogc_sync_mut/ffi/debug.spl:213
rt_dwarf_function_at	src/lib/nogc_sync_mut/sffi/debug.spl:213
rt_dwarf_line_to_addr	src/app/debug/native_agent.spl:25
rt_dwarf_line_to_addr	src/lib/nogc_sync_mut/debug/native_agent.spl:25
rt_dwarf_line_to_addr	src/lib/nogc_sync_mut/ffi/debug.spl:208
rt_dwarf_line_to_addr	src/lib/nogc_sync_mut/sffi/debug.spl:208
rt_dwarf_load	src/app/debug/native_agent.spl:20
rt_dwarf_load	src/lib/nogc_sync_mut/debug/native_agent.spl:20
rt_dwarf_load	src/lib/nogc_sync_mut/ffi/debug.spl:193
rt_dwarf_load	src/lib/nogc_sync_mut/sffi/debug.spl:193
rt_dwarf_locals_at	src/app/debug/native_agent.spl:24
rt_dwarf_locals_at	src/lib/nogc_sync_mut/debug/native_agent.spl:24
rt_dwarf_locals_at	src/lib/nogc_sync_mut/ffi/debug.spl:218
rt_dwarf_locals_at	src/lib/nogc_sync_mut/sffi/debug.spl:218
rt_ecdsa_p384_sign	src/lib/nogc_sync_mut/io/signature_sffi.spl:69
rt_ecdsa_p384_verify	src/lib/nogc_sync_mut/io/signature_sffi.spl:65
rt_ecdsa_p521_sign	src/lib/nogc_sync_mut/io/signature_sffi.spl:79
rt_ecdsa_p521_verify	src/lib/nogc_sync_mut/io/signature_sffi.spl:73
rt_ed25519_generate_keypair	src/app/package.registry/signing.spl:23
rt_ed25519_keypair_pk	src/os/apps/sshd/ssh_session.spl:36
rt_ed25519_keypair_pk	src/os/apps/sshd/ssh_session_helpers.spl:13
rt_ed25519_sc_muladd	src/os/crypto/ed25519.spl:26
rt_ed25519_sc_reduce_64	src/os/crypto/ed25519.spl:25
rt_encrypt_aes256	src/app/io/crypto_ffi.spl:35
rt_encrypt_aes256	src/lib/nogc_sync_mut/io/crypto_sffi.spl:35
rt_engine2d_download_pixels	src/lib/nogc_sync_mut/gpu/engine2d/ffi_cuda.spl:41
rt_engine2d_download_pixels	src/lib/nogc_sync_mut/gpu/engine2d/sffi_cuda.spl:43
rt_engine2d_pack_args_4	src/lib/nogc_sync_mut/gpu/engine2d/ffi_cuda.spl:38
rt_engine2d_pack_args_4	src/lib/nogc_sync_mut/gpu/engine2d/sffi_cuda.spl:40
rt_engine2d_pack_args_8	src/lib/nogc_sync_mut/gpu/engine2d/ffi_cuda.spl:39
rt_engine2d_pack_args_8	src/lib/nogc_sync_mut/gpu/engine2d/sffi_cuda.spl:41
rt_engine2d_upload_host_buf	src/lib/nogc_sync_mut/gpu/engine2d/ffi_cuda.spl:42
rt_engine2d_upload_host_buf	src/lib/nogc_sync_mut/gpu/engine2d/sffi_cuda.spl:44
rt_engine2d_upload_pixels	src/lib/nogc_sync_mut/gpu/engine2d/ffi_cuda.spl:40
rt_engine2d_upload_pixels	src/lib/nogc_sync_mut/gpu/engine2d/sffi_cuda.spl:42
rt_ensure_dir	src/lib/nogc_sync_mut/terminal/credential/store.spl:173
rt_env_get_home	src/lib/nogc_sync_mut/terminal/credential/store.spl:79
rt_env_set_cwd	src/compiler_rust/lib/std/src/sys/sffi/env.spl:13
rt_event_loop_poll_into	test/05_perf/bench/http_server/bench_raw_native_opt.spl:15
rt_event_loop_poll_into	test/perf/bench/http_server/bench_raw_native_opt.spl:15
rt_exec_memory_count	src/compiler/90.tools/sffi_gen/specs/exec_memory.spl:209
rt_exec_memory_dump_stats	src/compiler/90.tools/sffi_gen/specs/exec_memory.spl:215
rt_exec_memory_total	src/compiler/90.tools/sffi_gen/specs/exec_memory.spl:201
rt_execute_command	src/compiler_rust/lib/std/src/tooling/dashboard/collectors/vcs_collector.spl:81
rt_executor_block_on	src/compiler_rust/lib/std/src/async/sffi/executor.spl:9
rt_executor_new	src/compiler_rust/lib/std/src/async/sffi/executor.spl:6
rt_executor_run	src/compiler_rust/lib/std/src/async/sffi/executor.spl:8
rt_executor_spawn	src/compiler_rust/lib/std/src/async/sffi/executor.spl:7
rt_extract_all_symbols	src/compiler/90.tools/sffi_gen/specs/compiler_query.spl:180
rt_extract_all_symbols_v2	src/compiler/90.tools/sffi_gen/specs/compiler_query.spl:181
rt_f64_array_to_bytes	src/os/ml/gpu_tensor.spl:26
rt_f64_to_bits	src/os/ml/gpu_tensor.spl:24
rt_file_set_mode	src/lib/gc_async_mut/file_system/permissions.spl:6
rt_file_size_for_mmap	src/compiler/90.tools/sffi_gen/specs/mmap.spl:86
rt_file_write_bytes_b64	src/lib/nogc_sync_mut/play/page.spl:15
rt_find_symbol_at_position	src/compiler/90.tools/sffi_gen/specs/compiler_query.spl:150
rt_find_symbol_at_position_v2	src/compiler/90.tools/sffi_gen/specs/compiler_query.spl:151
rt_find_symbol_references	src/compiler/90.tools/sffi_gen/specs/compiler_query.spl:160
rt_flush_icache	src/compiler/90.tools/sffi_gen/specs/exec_memory.spl:101
rt_font_find_table	src/lib/skia/entity/glyph_outline.spl:85
rt_font_read_i16	src/lib/skia/entity/glyph_outline.spl:78
rt_font_read_u16	src/lib/skia/entity/glyph_outline.spl:75
rt_font_read_u32	src/lib/skia/entity/glyph_outline.spl:81
rt_free_ast	src/compiler/90.tools/sffi_gen/specs/compiler_query.spl:208
rt_free_exec_memory	src/compiler/90.tools/sffi_gen/specs/exec_memory.spl:46
rt_free_symbol_table	src/compiler/90.tools/sffi_gen/specs/compiler_query.spl:217
rt_ftp_append	src/app/io/ftp_ffi.spl:36
rt_ftp_append	src/lib/nogc_sync_mut/io/ftp_sffi.spl:36
rt_ftp_cdup	src/app/io/ftp_ffi.spl:27
rt_ftp_cdup	src/lib/nogc_sync_mut/io/ftp_sffi.spl:27
rt_ftp_connect	src/app/io/ftp_ffi.spl:17
rt_ftp_connect	src/lib/nogc_sync_mut/io/ftp_sffi.spl:17
rt_ftp_connect_secure	src/app/io/ftp_ffi.spl:18
rt_ftp_connect_secure	src/lib/nogc_sync_mut/io/ftp_sffi.spl:18
rt_ftp_cwd	src/app/io/ftp_ffi.spl:26
rt_ftp_cwd	src/lib/nogc_sync_mut/io/ftp_sffi.spl:26
rt_ftp_delete	src/app/io/ftp_ffi.spl:37
rt_ftp_delete	src/lib/nogc_sync_mut/io/ftp_sffi.spl:37
rt_ftp_disconnect	src/app/io/ftp_ffi.spl:20
rt_ftp_disconnect	src/lib/nogc_sync_mut/io/ftp_sffi.spl:20
rt_ftp_get	src/app/io/ftp_ffi.spl:34
rt_ftp_get	src/lib/nogc_sync_mut/io/ftp_sffi.spl:34
rt_ftp_get_welcome_msg	src/app/io/ftp_ffi.spl:52
rt_ftp_get_welcome_msg	src/lib/nogc_sync_mut/io/ftp_sffi.spl:52
rt_ftp_is_connected	src/app/io/ftp_ffi.spl:53
rt_ftp_is_connected	src/lib/nogc_sync_mut/io/ftp_sffi.spl:53
rt_ftp_list	src/app/io/ftp_ffi.spl:30
rt_ftp_list	src/lib/nogc_sync_mut/io/ftp_sffi.spl:30
rt_ftp_login	src/app/io/ftp_ffi.spl:19
rt_ftp_login	src/lib/nogc_sync_mut/io/ftp_sffi.spl:19
rt_ftp_mdtm	src/app/io/ftp_ffi.spl:40
rt_ftp_mdtm	src/lib/nogc_sync_mut/io/ftp_sffi.spl:40
rt_ftp_mkdir	src/app/io/ftp_ffi.spl:28
rt_ftp_mkdir	src/lib/nogc_sync_mut/io/ftp_sffi.spl:28
rt_ftp_noop	src/app/io/ftp_ffi.spl:51
rt_ftp_noop	src/lib/nogc_sync_mut/io/ftp_sffi.spl:51
rt_ftp_put	src/app/io/ftp_ffi.spl:35
rt_ftp_put	src/lib/nogc_sync_mut/io/ftp_sffi.spl:35
rt_ftp_pwd	src/app/io/ftp_ffi.spl:25
rt_ftp_pwd	src/lib/nogc_sync_mut/io/ftp_sffi.spl:25
rt_ftp_quit	src/app/io/ftp_ffi.spl:21
rt_ftp_quit	src/lib/nogc_sync_mut/io/ftp_sffi.spl:21
rt_ftp_rename	src/app/io/ftp_ffi.spl:38
rt_ftp_rename	src/lib/nogc_sync_mut/io/ftp_sffi.spl:38
rt_ftp_rmdir	src/app/io/ftp_ffi.spl:29
rt_ftp_rmdir	src/lib/nogc_sync_mut/io/ftp_sffi.spl:29
rt_ftp_set_mode_active	src/app/io/ftp_ffi.spl:45
rt_ftp_set_mode_active	src/lib/nogc_sync_mut/io/ftp_sffi.spl:45
rt_ftp_set_mode_passive	src/app/io/ftp_ffi.spl:44
rt_ftp_set_mode_passive	src/lib/nogc_sync_mut/io/ftp_sffi.spl:44
rt_ftp_set_transfer_type_ascii	src/app/io/ftp_ffi.spl:47
rt_ftp_set_transfer_type_ascii	src/lib/nogc_sync_mut/io/ftp_sffi.spl:47
rt_ftp_set_transfer_type_binary	src/app/io/ftp_ffi.spl:46
rt_ftp_set_transfer_type_binary	src/lib/nogc_sync_mut/io/ftp_sffi.spl:46
rt_ftp_size	src/app/io/ftp_ffi.spl:39
rt_ftp_size	src/lib/nogc_sync_mut/io/ftp_sffi.spl:39
rt_gamepad_axis_data	src/app/io/gamepad_ffi.spl:37
rt_gamepad_axis_data	src/app/io/gamepad_sffi.spl:37
rt_gamepad_axis_data	src/lib/nogc_sync_mut/io/gamepad_sffi.spl:37
rt_gamepad_button_data	src/app/io/gamepad_ffi.spl:34
rt_gamepad_button_data	src/app/io/gamepad_sffi.spl:34
rt_gamepad_button_data	src/lib/nogc_sync_mut/io/gamepad_sffi.spl:34
rt_gamepad_button_is_pressed	src/app/io/gamepad_ffi.spl:33
rt_gamepad_button_is_pressed	src/app/io/gamepad_sffi.spl:33
rt_gamepad_button_is_pressed	src/lib/nogc_sync_mut/io/gamepad_sffi.spl:33
rt_gamepad_count	src/app/io/gamepad_ffi.spl:18
rt_gamepad_count	src/app/io/gamepad_sffi.spl:18
rt_gamepad_count	src/lib/nogc_sync_mut/io/gamepad_sffi.spl:18
rt_gamepad_event_free	src/app/io/gamepad_ffi.spl:25
rt_gamepad_event_free	src/app/io/gamepad_sffi.spl:25
rt_gamepad_event_free	src/lib/nogc_sync_mut/io/gamepad_sffi.spl:25
rt_gamepad_event_get_axis	src/app/io/gamepad_ffi.spl:29
rt_gamepad_event_get_axis	src/app/io/gamepad_sffi.spl:29
rt_gamepad_event_get_axis	src/lib/nogc_sync_mut/io/gamepad_sffi.spl:29
rt_gamepad_event_get_button	src/app/io/gamepad_ffi.spl:28
rt_gamepad_event_get_button	src/app/io/gamepad_sffi.spl:28
rt_gamepad_event_get_button	src/lib/nogc_sync_mut/io/gamepad_sffi.spl:28
rt_gamepad_event_get_gamepad_id	src/app/io/gamepad_ffi.spl:27
rt_gamepad_event_get_gamepad_id	src/app/io/gamepad_sffi.spl:27
rt_gamepad_event_get_gamepad_id	src/lib/nogc_sync_mut/io/gamepad_sffi.spl:27
rt_gamepad_event_get_type	src/app/io/gamepad_ffi.spl:26
rt_gamepad_event_get_type	src/app/io/gamepad_sffi.spl:26
rt_gamepad_event_get_type	src/lib/nogc_sync_mut/io/gamepad_sffi.spl:26
rt_gamepad_event_get_value	src/app/io/gamepad_ffi.spl:30
rt_gamepad_event_get_value	src/app/io/gamepad_sffi.spl:30
rt_gamepad_event_get_value	src/lib/nogc_sync_mut/io/gamepad_sffi.spl:30
rt_gamepad_get_last_error	src/app/io/gamepad_ffi.spl:44
rt_gamepad_get_last_error	src/app/io/gamepad_sffi.spl:44
rt_gamepad_get_last_error	src/lib/nogc_sync_mut/io/gamepad_sffi.spl:44
rt_gamepad_get_name	src/app/io/gamepad_ffi.spl:20
rt_gamepad_get_name	src/app/io/gamepad_sffi.spl:20
rt_gamepad_get_name	src/lib/nogc_sync_mut/io/gamepad_sffi.spl:20
rt_gamepad_get_power_info	src/app/io/gamepad_ffi.spl:21
rt_gamepad_get_power_info	src/app/io/gamepad_sffi.spl:21
rt_gamepad_get_power_info	src/lib/nogc_sync_mut/io/gamepad_sffi.spl:21
rt_gamepad_init	src/app/io/gamepad_ffi.spl:13
rt_gamepad_init	src/app/io/gamepad_sffi.spl:13
rt_gamepad_init	src/lib/nogc_sync_mut/io/gamepad_sffi.spl:13
rt_gamepad_is_connected	src/app/io/gamepad_ffi.spl:19
rt_gamepad_is_connected	src/app/io/gamepad_sffi.spl:19
rt_gamepad_is_connected	src/lib/nogc_sync_mut/io/gamepad_sffi.spl:19
rt_gamepad_poll_event	src/app/io/gamepad_ffi.spl:24
rt_gamepad_poll_event	src/app/io/gamepad_sffi.spl:24
rt_gamepad_poll_event	src/lib/nogc_sync_mut/io/gamepad_sffi.spl:24
rt_gamepad_set_rumble	src/app/io/gamepad_ffi.spl:40
rt_gamepad_set_rumble	src/app/io/gamepad_sffi.spl:40
rt_gamepad_set_rumble	src/lib/nogc_sync_mut/io/gamepad_sffi.spl:40
rt_gamepad_shutdown	src/app/io/gamepad_ffi.spl:14
rt_gamepad_shutdown	src/app/io/gamepad_sffi.spl:14
rt_gamepad_shutdown	src/lib/nogc_sync_mut/io/gamepad_sffi.spl:14
rt_gamepad_stop_rumble	src/app/io/gamepad_ffi.spl:41
rt_gamepad_stop_rumble	src/app/io/gamepad_sffi.spl:41
rt_gamepad_stop_rumble	src/lib/nogc_sync_mut/io/gamepad_sffi.spl:41
rt_gamepad_update	src/app/io/gamepad_ffi.spl:15
rt_gamepad_update	src/app/io/gamepad_sffi.spl:15
rt_gamepad_update	src/lib/nogc_sync_mut/io/gamepad_sffi.spl:15
rt_gc_allocate	src/app/ffi_gen.specs/gc.spl:120
rt_gc_allocate	src/compiler/90.tools/sffi_gen/specs/gc.spl:120
rt_gc_average_collection_time	src/app/ffi_gen.specs/gc.spl:209
rt_gc_average_collection_time	src/compiler/90.tools/sffi_gen/specs/gc.spl:209
rt_gc_collection_count	src/app/ffi_gen.specs/gc.spl:206
rt_gc_collection_count	src/compiler/90.tools/sffi_gen/specs/gc.spl:206
rt_gc_deallocate	src/app/ffi_gen.specs/gc.spl:127
rt_gc_deallocate	src/compiler/90.tools/sffi_gen/specs/gc.spl:127
rt_gc_destroy	src/app/ffi_gen.specs/gc.spl:45
rt_gc_destroy	src/compiler/90.tools/sffi_gen/specs/gc.spl:45
rt_gc_dump_heap_stats	src/app/ffi_gen.specs/gc.spl:219
rt_gc_dump_heap_stats	src/compiler/90.tools/sffi_gen/specs/gc.spl:219
rt_gc_dump_object_graph	src/app/ffi_gen.specs/gc.spl:222
rt_gc_dump_object_graph	src/compiler/90.tools/sffi_gen/specs/gc.spl:222
rt_gc_enable_leak_detection	src/app/ffi_gen.specs/gc.spl:156
rt_gc_enable_leak_detection	src/compiler/90.tools/sffi_gen/specs/gc.spl:156
rt_gc_enable_logging	src/app/ffi_gen.specs/gc.spl:52
rt_gc_enable_logging	src/compiler/90.tools/sffi_gen/specs/gc.spl:52
rt_gc_enable_verbose	src/app/ffi_gen.specs/gc.spl:55
rt_gc_enable_verbose	src/compiler/90.tools/sffi_gen/specs/gc.spl:55
rt_gc_find_objects_by_type	src/app/ffi_gen.specs/gc.spl:225
rt_gc_find_objects_by_type	src/compiler/90.tools/sffi_gen/specs/gc.spl:225
rt_gc_force_collect	src/app/ffi_gen.specs/gc.spl:100
rt_gc_force_collect	src/compiler/90.tools/sffi_gen/specs/gc.spl:100
rt_gc_get_collection_frequency	src/app/ffi_gen.specs/gc.spl:175
rt_gc_get_collection_frequency	src/compiler/90.tools/sffi_gen/specs/gc.spl:175
rt_gc_get_fail_on_exceeded	src/app/ffi_gen.specs/gc.spl:149
rt_gc_get_fail_on_exceeded	src/compiler/90.tools/sffi_gen/specs/gc.spl:149
rt_gc_get_max_heap_growth	src/app/ffi_gen.specs/gc.spl:187
rt_gc_get_max_heap_growth	src/compiler/90.tools/sffi_gen/specs/gc.spl:187
rt_gc_get_min_heap_size	src/app/ffi_gen.specs/gc.spl:181
rt_gc_get_min_heap_size	src/compiler/90.tools/sffi_gen/specs/gc.spl:181
rt_gc_get_shared_roots	src/app/ffi_gen.specs/gc.spl:89
rt_gc_get_shared_roots	src/compiler/90.tools/sffi_gen/specs/gc.spl:89
rt_gc_get_threshold	src/app/ffi_gen.specs/gc.spl:143
rt_gc_get_threshold	src/compiler/90.tools/sffi_gen/specs/gc.spl:143
rt_gc_get_unique_roots	src/app/ffi_gen.specs/gc.spl:86
rt_gc_get_unique_roots	src/compiler/90.tools/sffi_gen/specs/gc.spl:86
rt_gc_get_worker_threads	src/app/ffi_gen.specs/gc.spl:250
rt_gc_get_worker_threads	src/compiler/90.tools/sffi_gen/specs/gc.spl:250
rt_gc_heap_bytes	src/app/ffi_gen.specs/gc.spl:65
rt_gc_heap_bytes	src/compiler/90.tools/sffi_gen/specs/gc.spl:65
rt_gc_is_concurrent	src/app/ffi_gen.specs/gc.spl:244
rt_gc_is_concurrent	src/compiler/90.tools/sffi_gen/specs/gc.spl:244
rt_gc_is_enabled	src/app/ffi_gen.specs/gc.spl:137
rt_gc_is_enabled	src/compiler/90.tools/sffi_gen/specs/gc.spl:137
rt_gc_is_limited	src/app/ffi_gen.specs/gc.spl:74
rt_gc_is_limited	src/compiler/90.tools/sffi_gen/specs/gc.spl:74
rt_gc_is_valid_object	src/app/ffi_gen.specs/gc.spl:234
rt_gc_is_valid_object	src/compiler/90.tools/sffi_gen/specs/gc.spl:234
rt_gc_last_collection_time	src/app/ffi_gen.specs/gc.spl:212
rt_gc_last_collection_time	src/compiler/90.tools/sffi_gen/specs/gc.spl:212
rt_gc_leak_detection_enabled	src/app/ffi_gen.specs/gc.spl:159
rt_gc_leak_detection_enabled	src/compiler/90.tools/sffi_gen/specs/gc.spl:159
rt_gc_leak_detection_window	src/app/ffi_gen.specs/gc.spl:162
rt_gc_leak_detection_window	src/compiler/90.tools/sffi_gen/specs/gc.spl:162
rt_gc_live_object_count	src/app/ffi_gen.specs/gc.spl:197
rt_gc_live_object_count	src/compiler/90.tools/sffi_gen/specs/gc.spl:197
rt_gc_memory_limit	src/app/ffi_gen.specs/gc.spl:71
rt_gc_memory_limit	src/compiler/90.tools/sffi_gen/specs/gc.spl:71
rt_gc_memory_usage_percent	src/app/ffi_gen.specs/gc.spl:77
rt_gc_memory_usage_percent	src/compiler/90.tools/sffi_gen/specs/gc.spl:77
rt_gc_new	src/app/ffi_gen.specs/gc.spl:23
rt_gc_new	src/compiler/90.tools/sffi_gen/specs/gc.spl:23
rt_gc_object_size	src/app/ffi_gen.specs/gc.spl:228
rt_gc_object_size	src/compiler/90.tools/sffi_gen/specs/gc.spl:228
rt_gc_object_type	src/app/ffi_gen.specs/gc.spl:231
rt_gc_object_type	src/compiler/90.tools/sffi_gen/specs/gc.spl:231
rt_gc_register_shared_root	src/app/ffi_gen.specs/gc.spl:109
rt_gc_register_shared_root	src/compiler/90.tools/sffi_gen/specs/gc.spl:109
rt_gc_register_unique_root	src/app/ffi_gen.specs/gc.spl:103
rt_gc_register_unique_root	src/compiler/90.tools/sffi_gen/specs/gc.spl:103
rt_gc_run_finalizers	src/app/ffi_gen.specs/gc.spl:194
rt_gc_run_finalizers	src/compiler/90.tools/sffi_gen/specs/gc.spl:194
rt_gc_set_collection_frequency	src/app/ffi_gen.specs/gc.spl:172
rt_gc_set_collection_frequency	src/compiler/90.tools/sffi_gen/specs/gc.spl:172
rt_gc_set_concurrent	src/app/ffi_gen.specs/gc.spl:241
rt_gc_set_concurrent	src/compiler/90.tools/sffi_gen/specs/gc.spl:241
rt_gc_set_enabled	src/app/ffi_gen.specs/gc.spl:134
rt_gc_set_enabled	src/compiler/90.tools/sffi_gen/specs/gc.spl:134
rt_gc_set_fail_on_exceeded	src/app/ffi_gen.specs/gc.spl:146
rt_gc_set_fail_on_exceeded	src/compiler/90.tools/sffi_gen/specs/gc.spl:146
rt_gc_set_leak_detection_window	src/app/ffi_gen.specs/gc.spl:165
rt_gc_set_leak_detection_window	src/compiler/90.tools/sffi_gen/specs/gc.spl:165
rt_gc_set_logger	src/app/ffi_gen.specs/gc.spl:58
rt_gc_set_logger	src/compiler/90.tools/sffi_gen/specs/gc.spl:58
rt_gc_set_max_heap_growth	src/app/ffi_gen.specs/gc.spl:184
rt_gc_set_max_heap_growth	src/compiler/90.tools/sffi_gen/specs/gc.spl:184
rt_gc_set_min_heap_size	src/app/ffi_gen.specs/gc.spl:178
rt_gc_set_min_heap_size	src/compiler/90.tools/sffi_gen/specs/gc.spl:178
rt_gc_set_threshold	src/app/ffi_gen.specs/gc.spl:140
rt_gc_set_threshold	src/compiler/90.tools/sffi_gen/specs/gc.spl:140
rt_gc_set_worker_threads	src/app/ffi_gen.specs/gc.spl:247
rt_gc_set_worker_threads	src/compiler/90.tools/sffi_gen/specs/gc.spl:247
rt_gc_shared_root_count	src/app/ffi_gen.specs/gc.spl:83
rt_gc_shared_root_count	src/compiler/90.tools/sffi_gen/specs/gc.spl:83
rt_gc_total_allocated	src/app/ffi_gen.specs/gc.spl:200
rt_gc_total_allocated	src/compiler/90.tools/sffi_gen/specs/gc.spl:200
rt_gc_total_freed	src/app/ffi_gen.specs/gc.spl:203
rt_gc_total_freed	src/compiler/90.tools/sffi_gen/specs/gc.spl:203
rt_gc_tracked_memory	src/app/ffi_gen.specs/gc.spl:68
rt_gc_tracked_memory	src/compiler/90.tools/sffi_gen/specs/gc.spl:68
rt_gc_try_allocate	src/app/ffi_gen.specs/gc.spl:124
rt_gc_try_allocate	src/compiler/90.tools/sffi_gen/specs/gc.spl:124
rt_gc_unique_root_count	src/app/ffi_gen.specs/gc.spl:80
rt_gc_unique_root_count	src/compiler/90.tools/sffi_gen/specs/gc.spl:80
rt_gc_unlimited	src/app/ffi_gen.specs/gc.spl:26
rt_gc_unlimited	src/compiler/90.tools/sffi_gen/specs/gc.spl:26
rt_gc_unregister_shared_root	src/app/ffi_gen.specs/gc.spl:112
rt_gc_unregister_shared_root	src/compiler/90.tools/sffi_gen/specs/gc.spl:112
rt_gc_unregister_unique_root	src/app/ffi_gen.specs/gc.spl:106
rt_gc_unregister_unique_root	src/compiler/90.tools/sffi_gen/specs/gc.spl:106
rt_gc_verbose_stdout	src/app/ffi_gen.specs/gc.spl:38
rt_gc_verbose_stdout	src/compiler/90.tools/sffi_gen/specs/gc.spl:38
rt_gc_with_limit	src/app/ffi_gen.specs/gc.spl:29
rt_gc_with_limit	src/compiler/90.tools/sffi_gen/specs/gc.spl:29
rt_gc_with_limit_gb	src/app/ffi_gen.specs/gc.spl:35
rt_gc_with_limit_gb	src/compiler/90.tools/sffi_gen/specs/gc.spl:35
rt_gc_with_limit_mb	src/app/ffi_gen.specs/gc.spl:32
rt_gc_with_limit_mb	src/compiler/90.tools/sffi_gen/specs/gc.spl:32
rt_gc_with_options	src/app/ffi_gen.specs/gc.spl:42
rt_gc_with_options	src/compiler/90.tools/sffi_gen/specs/gc.spl:42
rt_generate_key	src/app/io/crypto_ffi.spl:40
rt_generate_key	src/lib/nogc_sync_mut/io/crypto_sffi.spl:40
rt_generate_key_hex	src/app/io/crypto_ffi.spl:41
rt_generate_key_hex	src/lib/nogc_sync_mut/io/crypto_sffi.spl:41
rt_get_arg_count	src/compiler_rust/lib/std/src/sys/sffi/env.spl:21
rt_get_context_keywords	src/compiler/90.tools/sffi_gen/specs/compiler_query.spl:199
rt_get_file_mtime	src/compiler/90.tools/sffi_gen/specs/compiler_query.spl:131
rt_get_function_pointer	src/compiler/90.tools/sffi_gen/specs/exec_memory.spl:117
rt_get_page_size	src/compiler/90.tools/sffi_gen/specs/mmap.spl:92
rt_get_protection	src/compiler/90.tools/sffi_gen/specs/exec_memory.spl:176
rt_get_scope_at_position	src/compiler/90.tools/sffi_gen/specs/compiler_query.spl:170
rt_get_scope_at_position_v2	src/compiler/90.tools/sffi_gen/specs/compiler_query.spl:171
rt_getauxval	src/compiler/30.types/simd_capabilities.spl:23
rt_ghdl_verify_return_zero_contract	src/lib/hardware/riscv_common/core/riscv_formal.spl:14
rt_ghdl_verify_vhdl_constraints	src/lib/hardware/riscv_common/core/riscv_formal.spl:13
rt_gpu_buffer_create	src/compiler_rust/lib/std/src/ext/gpu/sffi.spl:11
rt_gpu_buffer_download	src/compiler_rust/lib/std/src/ext/gpu/sffi.spl:13
rt_gpu_buffer_free	src/compiler_rust/lib/std/src/ext/gpu/sffi.spl:14
rt_gpu_buffer_upload	src/compiler_rust/lib/std/src/ext/gpu/sffi.spl:12
rt_gpu_device_count	src/compiler_rust/lib/std/src/ext/gpu/sffi.spl:6
rt_gpu_device_name	src/compiler_rust/lib/std/src/ext/gpu/sffi.spl:7
rt_gpu_device_select	src/compiler_rust/lib/std/src/ext/gpu/sffi.spl:8
rt_gpu_kernel_compile	src/compiler_rust/lib/std/src/ext/gpu/sffi.spl:17
rt_gpu_kernel_launch	src/compiler_rust/lib/std/src/ext/gpu/sffi.spl:18
rt_gpu_kernel_set_arg	src/compiler_rust/lib/std/src/ext/gpu/sffi.spl:19
rt_gpu_synchronize	src/compiler_rust/lib/std/src/ext/gpu/sffi.spl:20
rt_gui_begin_frame	src/os/compositor/glass_effects.spl:9
rt_gui_blend_fill	src/os/compositor/glass_effects.spl:11
rt_gui_box_blur	src/os/compositor/glass_effects.spl:12
rt_gui_gradient_h	src/os/compositor/glass_effects.spl:14
rt_gui_gradient_v	src/os/compositor/glass_effects.spl:13
rt_gui_hline	src/os/drivers/framebuffer/fb_driver.spl:19
rt_gui_present	src/os/compositor/glass_effects.spl:10
rt_gui_present_html	src/app/editor/gui_shell.spl:14
rt_gui_present_html	src/app/editor/gui_shell_render.spl:14
rt_gui_set_gpu_accel_enabled	src/os/drivers/gpu/gpu_accel.spl:13
rt_gui_set_gpu_mode	src/os/drivers/gpu/gpu_accel.spl:14
rt_gui_shadow	src/os/compositor/glass_effects.spl:15
rt_gui_shadow_fill	src/os/compositor/glass_effects.spl:16
rt_gui_simd_fill_chunks	src/os/compositor/engine2d_baremetal_core.spl:28
rt_gui_simd_fill_hits	src/os/compositor/engine2d_baremetal_core.spl:27
rt_gui_simd_fill_tail_pixels	src/os/compositor/engine2d_baremetal_core.spl:29
rt_gui_take_pending_flush	src/os/drivers/gpu/gpu_accel.spl:15
rt_gzip_compress_file	src/app/io/compress_ffi.spl:15
rt_gzip_compress_file	src/lib/nogc_sync_mut/io/compress_sffi.spl:15
rt_gzip_decompress_file	src/app/io/compress_ffi.spl:16
rt_gzip_decompress_file	src/lib/nogc_sync_mut/io/compress_sffi.spl:16
rt_hash_blake3	src/app/io/crypto_ffi.spl:16
rt_hash_blake3	src/lib/nogc_sync_mut/io/crypto_sffi.spl:16
rt_hash_sha3_256	src/app/io/crypto_ffi.spl:15
rt_hash_sha3_256	src/lib/nogc_sync_mut/io/crypto_sffi.spl:15
rt_hash_sha512	src/app/io/crypto_ffi.spl:14
rt_hash_sha512	src/lib/nogc_sync_mut/io/crypto_sffi.spl:14
rt_hda_dma_probe_live_count	test/01_unit/os/drivers/audio/probe_hda_dma_resources.spl:16
rt_hda_dma_probe_reset	test/01_unit/os/drivers/audio/probe_hda_dma_resources.spl:15
rt_hda_pci_probe_set_mode	test/01_unit/os/drivers/audio/probe_hda_pci_binding.spl:14
rt_hmac_sha256	src/app/io/crypto_ffi.spl:20
rt_hmac_sha256	src/lib/nogc_sync_mut/io/crypto_sffi.spl:20
rt_hmac_sha512	src/app/io/crypto_ffi.spl:21
rt_hmac_sha512	src/lib/nogc_sync_mut/io/crypto_sffi.spl:21
rt_hook_add_breakpoint	src/compiler/90.tools/sffi_gen/specs/interpreter_hooks.spl:74
rt_hook_add_breakpoint	src/lib/nogc_async_mut/dap/hooks.spl:513
rt_hook_add_breakpoint	src/lib/nogc_sync_mut/dap/hooks.spl:527
rt_hook_continue	src/compiler/90.tools/sffi_gen/specs/interpreter_hooks.spl:108
rt_hook_continue	src/lib/nogc_async_mut/dap/hooks.spl:516
rt_hook_continue	src/lib/nogc_sync_mut/dap/hooks.spl:530
rt_hook_disable_debugging	src/compiler/90.tools/sffi_gen/specs/interpreter_hooks.spl:224
rt_hook_disable_debugging	src/lib/nogc_async_mut/dap/hooks.spl:526
rt_hook_disable_debugging	src/lib/nogc_sync_mut/dap/hooks.spl:540
rt_hook_enable_debugging	src/compiler/90.tools/sffi_gen/specs/interpreter_hooks.spl:215
rt_hook_enable_debugging	src/lib/nogc_async_mut/dap/hooks.spl:525
rt_hook_enable_debugging	src/lib/nogc_sync_mut/dap/hooks.spl:539
rt_hook_evaluate_condition	src/compiler/90.tools/sffi_gen/specs/interpreter_hooks.spl:206
rt_hook_evaluate_condition	src/lib/nogc_async_mut/dap/hooks.spl:524
rt_hook_evaluate_condition	src/lib/nogc_sync_mut/dap/hooks.spl:538
rt_hook_get_call_depth	src/compiler/90.tools/sffi_gen/specs/interpreter_hooks.spl:147
rt_hook_get_call_depth	src/lib/nogc_async_mut/dap/hooks.spl:520
rt_hook_get_call_depth	src/lib/nogc_sync_mut/dap/hooks.spl:534
rt_hook_get_stack_frames	src/compiler/90.tools/sffi_gen/specs/interpreter_hooks.spl:159
rt_hook_get_stack_frames	src/lib/nogc_async_mut/dap/hooks.spl:521
rt_hook_get_stack_frames	src/lib/nogc_sync_mut/dap/hooks.spl:535
rt_hook_get_variables	src/compiler/90.tools/sffi_gen/specs/interpreter_hooks.spl:174
rt_hook_get_variables	src/lib/nogc_async_mut/dap/hooks.spl:522
rt_hook_get_variables	src/lib/nogc_sync_mut/dap/hooks.spl:536
rt_hook_pause	src/compiler/90.tools/sffi_gen/specs/interpreter_hooks.spl:117
rt_hook_pause	src/lib/nogc_async_mut/dap/hooks.spl:517
rt_hook_pause	src/lib/nogc_sync_mut/dap/hooks.spl:531
rt_hook_remove_breakpoint	src/compiler/90.tools/sffi_gen/specs/interpreter_hooks.spl:86
rt_hook_remove_breakpoint	src/lib/nogc_async_mut/dap/hooks.spl:514
rt_hook_remove_breakpoint	src/lib/nogc_sync_mut/dap/hooks.spl:528
rt_hook_set_breakpoint_enabled	src/compiler/90.tools/sffi_gen/specs/interpreter_hooks.spl:99
rt_hook_set_breakpoint_enabled	src/lib/nogc_async_mut/dap/hooks.spl:515
rt_hook_set_breakpoint_enabled	src/lib/nogc_sync_mut/dap/hooks.spl:529
rt_hook_step	src/compiler/90.tools/sffi_gen/specs/interpreter_hooks.spl:126
rt_hook_step	src/lib/nogc_async_mut/dap/hooks.spl:518
rt_hook_step	src/lib/nogc_sync_mut/dap/hooks.spl:532
rt_hook_terminate	src/compiler/90.tools/sffi_gen/specs/interpreter_hooks.spl:135
rt_hook_terminate	src/lib/nogc_async_mut/dap/hooks.spl:519
rt_hook_terminate	src/lib/nogc_sync_mut/dap/hooks.spl:533
rt_host_gpu_active_backend_handle	src/compiler/10.frontend/core/interpreter/_EvalOps/call_method_eval.spl:22
rt_http_client_set_header	src/app/io/http_ffi.spl:43
rt_http_client_set_header	src/app/io/http_sffi.spl:43
rt_http_client_set_header	src/lib/nogc_sync_mut/io/http_sffi.spl:43
rt_http_delete	src/app/io/http_ffi.spl:21
rt_http_delete	src/app/io/http_sffi.spl:21
rt_http_delete	src/lib/nogc_sync_mut/io/http_sffi.spl:21
rt_http_head	src/app/io/http_ffi.spl:23
rt_http_head	src/app/io/http_sffi.spl:23
rt_http_head	src/lib/nogc_sync_mut/io/http_sffi.spl:23
rt_http_parse_json	src/app/io/http_ffi.spl:85
rt_http_parse_json	src/app/io/http_sffi.spl:85
rt_http_parse_json	src/lib/nogc_sync_mut/io/http_sffi.spl:85
rt_http_patch	src/app/io/http_ffi.spl:22
rt_http_patch	src/app/io/http_sffi.spl:22
rt_http_patch	src/lib/nogc_sync_mut/io/http_sffi.spl:22
rt_http_put	src/app/io/http_ffi.spl:20
rt_http_put	src/app/io/http_sffi.spl:20
rt_http_put	src/lib/nogc_sync_mut/io/http_sffi.spl:20
rt_http_request_body	src/app/io/http_ffi.spl:67
rt_http_request_body	src/app/io/http_sffi.spl:67
rt_http_request_body	src/lib/nogc_sync_mut/io/http_sffi.spl:67
rt_http_request_header	src/app/io/http_ffi.spl:66
rt_http_request_header	src/app/io/http_sffi.spl:66
rt_http_request_header	src/lib/nogc_sync_mut/io/http_sffi.spl:66
rt_http_request_method	src/app/io/http_ffi.spl:64
rt_http_request_method	src/app/io/http_sffi.spl:64
rt_http_request_method	src/lib/nogc_sync_mut/io/http_sffi.spl:64
rt_http_request_path	src/app/io/http_ffi.spl:65
rt_http_request_path	src/app/io/http_sffi.spl:65
rt_http_request_path	src/lib/nogc_sync_mut/io/http_sffi.spl:65
rt_http_request_query	src/app/io/http_ffi.spl:68
rt_http_request_query	src/app/io/http_sffi.spl:68
rt_http_request_query	src/lib/nogc_sync_mut/io/http_sffi.spl:68
rt_http_response_create	src/app/io/http_ffi.spl:70
rt_http_response_create	src/app/io/http_sffi.spl:70
rt_http_response_create	src/lib/nogc_sync_mut/io/http_sffi.spl:70
rt_http_response_json	src/app/io/http_ffi.spl:72
rt_http_response_json	src/app/io/http_sffi.spl:72
rt_http_response_json	src/lib/nogc_sync_mut/io/http_sffi.spl:72
rt_http_response_set_header	src/app/io/http_ffi.spl:71
rt_http_response_set_header	src/app/io/http_sffi.spl:71
rt_http_response_set_header	src/lib/nogc_sync_mut/io/http_sffi.spl:71
rt_http_server_create	src/app/io/http_ffi.spl:55
rt_http_server_create	src/app/io/http_sffi.spl:55
rt_http_server_create	src/lib/nogc_sync_mut/io/http_sffi.spl:55
rt_http_server_destroy	src/app/io/http_ffi.spl:60
rt_http_server_destroy	src/app/io/http_sffi.spl:60
rt_http_server_destroy	src/lib/nogc_sync_mut/io/http_sffi.spl:60
rt_http_server_route	src/app/io/http_ffi.spl:56
rt_http_server_route	src/app/io/http_sffi.spl:56
rt_http_server_route	src/lib/nogc_sync_mut/io/http_sffi.spl:56
rt_http_server_start	src/app/io/http_ffi.spl:58
rt_http_server_start	src/app/io/http_sffi.spl:58
rt_http_server_start	src/lib/nogc_sync_mut/io/http_sffi.spl:58
rt_http_server_static	src/app/io/http_ffi.spl:57
rt_http_server_static	src/app/io/http_sffi.spl:57
rt_http_server_static	src/lib/nogc_sync_mut/io/http_sffi.spl:57
rt_http_server_stop	src/app/io/http_ffi.spl:59
rt_http_server_stop	src/app/io/http_sffi.spl:59
rt_http_server_stop	src/lib/nogc_sync_mut/io/http_sffi.spl:59
rt_http_stringify_json	src/app/io/http_ffi.spl:86
rt_http_stringify_json	src/app/io/http_sffi.spl:86
rt_http_stringify_json	src/lib/nogc_sync_mut/io/http_sffi.spl:86
rt_http_upload	src/app/io/http_ffi.spl:37
rt_http_upload	src/app/io/http_sffi.spl:37
rt_http_upload	src/lib/nogc_sync_mut/io/http_sffi.spl:37
rt_http_url_decode	src/app/io/http_ffi.spl:84
rt_http_url_decode	src/app/io/http_sffi.spl:84
rt_http_url_decode	src/lib/nogc_sync_mut/io/http_sffi.spl:84
rt_http_url_encode	src/app/io/http_ffi.spl:83
rt_http_url_encode	src/app/io/http_sffi.spl:83
rt_http_url_encode	src/lib/nogc_sync_mut/io/http_sffi.spl:83
rt_init_signal_handlers	src/app/interpreter/core/execution_guard.spl:64
rt_install_rich_fault_hook	src/os/kernel/arch/x86_64/arch_init.spl:16
rt_intel3d_available	src/lib/nogc_sync_mut/gpu/engine3d/ffi_intel3d.spl:19
rt_intel3d_available	src/lib/nogc_sync_mut/gpu/engine3d/sffi_intel3d.spl:19
rt_intel3d_clear_framebuffer	src/lib/nogc_sync_mut/gpu/engine3d/ffi_intel3d.spl:24
rt_intel3d_clear_framebuffer	src/lib/nogc_sync_mut/gpu/engine3d/sffi_intel3d.spl:24
rt_intel3d_device_count	src/lib/nogc_sync_mut/gpu/engine3d/ffi_intel3d.spl:22
rt_intel3d_device_count	src/lib/nogc_sync_mut/gpu/engine3d/sffi_intel3d.spl:22
rt_intel3d_init	src/lib/nogc_sync_mut/gpu/engine3d/ffi_intel3d.spl:20
rt_intel3d_init	src/lib/nogc_sync_mut/gpu/engine3d/sffi_intel3d.spl:20
rt_intel3d_shutdown	src/lib/nogc_sync_mut/gpu/engine3d/ffi_intel3d.spl:21
rt_intel3d_shutdown	src/lib/nogc_sync_mut/gpu/engine3d/sffi_intel3d.spl:21
rt_intel3d_transform_vertices	src/lib/nogc_sync_mut/gpu/engine3d/ffi_intel3d.spl:23
rt_intel3d_transform_vertices	src/lib/nogc_sync_mut/gpu/engine3d/sffi_intel3d.spl:23
rt_intel_command_list_close	src/lib/nogc_sync_mut/gpu/engine2d/ffi_intel.spl:30
rt_intel_command_list_close	src/lib/nogc_sync_mut/gpu/engine2d/sffi_intel.spl:30
rt_intel_command_list_create	src/lib/nogc_sync_mut/gpu/engine2d/ffi_intel.spl:29
rt_intel_command_list_create	src/lib/nogc_sync_mut/gpu/engine2d/sffi_intel.spl:29
rt_intel_command_list_destroy	src/lib/nogc_sync_mut/gpu/engine2d/ffi_intel.spl:31
rt_intel_command_list_destroy	src/lib/nogc_sync_mut/gpu/engine2d/sffi_intel.spl:31
rt_intel_command_queue_execute	src/lib/nogc_sync_mut/gpu/engine2d/ffi_intel.spl:32
rt_intel_command_queue_execute	src/lib/nogc_sync_mut/gpu/engine2d/sffi_intel.spl:32
rt_intel_device_count	src/lib/nogc_sync_mut/gpu/engine2d/ffi_intel.spl:27
rt_intel_device_count	src/lib/nogc_sync_mut/gpu/engine2d/sffi_intel.spl:27
rt_intel_device_get	src/lib/nogc_sync_mut/gpu/engine2d/ffi_intel.spl:28
rt_intel_device_get	src/lib/nogc_sync_mut/gpu/engine2d/sffi_intel.spl:28
rt_intel_driver_count	src/lib/nogc_sync_mut/gpu/engine2d/ffi_intel.spl:26
rt_intel_driver_count	src/lib/nogc_sync_mut/gpu/engine2d/sffi_intel.spl:26
rt_intel_fence_create	src/lib/nogc_sync_mut/gpu/engine2d/ffi_intel.spl:41
rt_intel_fence_create	src/lib/nogc_sync_mut/gpu/engine2d/sffi_intel.spl:41
rt_intel_fence_destroy	src/lib/nogc_sync_mut/gpu/engine2d/ffi_intel.spl:43
rt_intel_fence_destroy	src/lib/nogc_sync_mut/gpu/engine2d/sffi_intel.spl:43
rt_intel_fence_wait	src/lib/nogc_sync_mut/gpu/engine2d/ffi_intel.spl:42
rt_intel_fence_wait	src/lib/nogc_sync_mut/gpu/engine2d/sffi_intel.spl:42
rt_intel_init	src/lib/nogc_sync_mut/gpu/engine2d/ffi_intel.spl:23
rt_intel_init	src/lib/nogc_sync_mut/gpu/engine2d/sffi_intel.spl:23
rt_intel_is_available	src/lib/nogc_sync_mut/gpu/engine2d/ffi_intel.spl:25
rt_intel_is_available	src/lib/nogc_sync_mut/gpu/engine2d/sffi_intel.spl:25
rt_intel_kernel_create	src/lib/nogc_sync_mut/gpu/engine2d/ffi_intel.spl:35
rt_intel_kernel_create	src/lib/nogc_sync_mut/gpu/engine2d/sffi_intel.spl:35
rt_intel_kernel_destroy	src/lib/nogc_sync_mut/gpu/engine2d/ffi_intel.spl:36
rt_intel_kernel_destroy	src/lib/nogc_sync_mut/gpu/engine2d/sffi_intel.spl:36
rt_intel_kernel_set_arg	src/lib/nogc_sync_mut/gpu/engine2d/ffi_intel.spl:37
rt_intel_kernel_set_arg	src/lib/nogc_sync_mut/gpu/engine2d/sffi_intel.spl:37
rt_intel_launch_kernel	src/lib/nogc_sync_mut/gpu/engine2d/ffi_intel.spl:38
rt_intel_launch_kernel	src/lib/nogc_sync_mut/gpu/engine2d/sffi_intel.spl:38
rt_intel_mem_alloc	src/lib/nogc_sync_mut/gpu/engine2d/ffi_intel.spl:39
rt_intel_mem_alloc	src/lib/nogc_sync_mut/gpu/engine2d/sffi_intel.spl:39
rt_intel_mem_free	src/lib/nogc_sync_mut/gpu/engine2d/ffi_intel.spl:40
rt_intel_mem_free	src/lib/nogc_sync_mut/gpu/engine2d/sffi_intel.spl:40
rt_intel_module_create	src/lib/nogc_sync_mut/gpu/engine2d/ffi_intel.spl:33
rt_intel_module_create	src/lib/nogc_sync_mut/gpu/engine2d/sffi_intel.spl:33
rt_intel_module_destroy	src/lib/nogc_sync_mut/gpu/engine2d/ffi_intel.spl:34
rt_intel_module_destroy	src/lib/nogc_sync_mut/gpu/engine2d/sffi_intel.spl:34
rt_intel_shutdown	src/lib/nogc_sync_mut/gpu/engine2d/ffi_intel.spl:24
rt_intel_shutdown	src/lib/nogc_sync_mut/gpu/engine2d/sffi_intel.spl:24
rt_io_tcp_read_into	test/05_perf/bench/http_server/bench_raw_native_opt.spl:17
rt_io_tcp_read_into	test/perf/bench/http_server/bench_raw_native_opt.spl:17
rt_ipc_recv_bytes	src/os/kernel/socket_compat.spl:63
rt_ipc_recv_bytes	src/os/tls13/_Tls13/context_io.spl:38
rt_ipc_send_bytes	src/os/kernel/socket_compat.spl:62
rt_ipc_send_bytes	src/os/tls13/_Tls13/context_io.spl:37
rt_is_darwin_arm64	src/compiler/30.types/simd_capabilities.spl:26
rt_is_executable	src/compiler/90.tools/sffi_gen/specs/exec_memory.spl:165
rt_list_dir	src/compiler/35.semantics/lint/remote_exec_lint.spl:534
rt_list_dir_recursive	src/lib/nogc_sync_mut/ffi/io.spl:153
rt_list_dir_recursive	src/lib/nogc_sync_mut/sffi/io.spl:153
rt_lyon_fill_tessellate	src/app/io/graphics2d_ffi.spl:38
rt_lyon_fill_tessellate	src/app/io/graphics2d_sffi.spl:38
rt_lyon_fill_tessellate	src/lib/nogc_sync_mut/io/graphics2d_sffi.spl:38
rt_lyon_fill_tessellate_with_rule	src/app/io/graphics2d_ffi.spl:39
rt_lyon_fill_tessellate_with_rule	src/app/io/graphics2d_sffi.spl:39
rt_lyon_fill_tessellate_with_rule	src/lib/nogc_sync_mut/io/graphics2d_sffi.spl:39
rt_lyon_fill_tessellation_free	src/app/io/graphics2d_ffi.spl:40
rt_lyon_fill_tessellation_free	src/app/io/graphics2d_sffi.spl:40
rt_lyon_fill_tessellation_free	src/lib/nogc_sync_mut/io/graphics2d_sffi.spl:40
rt_lyon_fill_tessellation_get_indices	src/app/io/graphics2d_ffi.spl:42
rt_lyon_fill_tessellation_get_indices	src/app/io/graphics2d_sffi.spl:42
rt_lyon_fill_tessellation_get_indices	src/lib/nogc_sync_mut/io/graphics2d_sffi.spl:42
rt_lyon_fill_tessellation_get_vertices	src/app/io/graphics2d_ffi.spl:41
rt_lyon_fill_tessellation_get_vertices	src/app/io/graphics2d_sffi.spl:41
rt_lyon_fill_tessellation_get_vertices	src/lib/nogc_sync_mut/io/graphics2d_sffi.spl:41
rt_lyon_fill_tessellation_index_count	src/app/io/graphics2d_ffi.spl:44
rt_lyon_fill_tessellation_index_count	src/app/io/graphics2d_sffi.spl:44
rt_lyon_fill_tessellation_index_count	src/lib/nogc_sync_mut/io/graphics2d_sffi.spl:44
rt_lyon_fill_tessellation_vertex_count	src/app/io/graphics2d_ffi.spl:43
rt_lyon_fill_tessellation_vertex_count	src/app/io/graphics2d_sffi.spl:43
rt_lyon_fill_tessellation_vertex_count	src/lib/nogc_sync_mut/io/graphics2d_sffi.spl:43
rt_lyon_get_last_error	src/app/io/graphics2d_ffi.spl:77
rt_lyon_get_last_error	src/app/io/graphics2d_sffi.spl:77
rt_lyon_get_last_error	src/lib/nogc_sync_mut/io/graphics2d_sffi.spl:77
rt_lyon_index_buffer_free	src/app/io/graphics2d_ffi.spl:63
rt_lyon_index_buffer_free	src/app/io/graphics2d_sffi.spl:63
rt_lyon_index_buffer_free	src/lib/nogc_sync_mut/io/graphics2d_sffi.spl:63
rt_lyon_index_buffer_get	src/app/io/graphics2d_ffi.spl:64
rt_lyon_index_buffer_get	src/app/io/graphics2d_sffi.spl:64
rt_lyon_index_buffer_get	src/lib/nogc_sync_mut/io/graphics2d_sffi.spl:64
rt_lyon_index_buffer_size	src/app/io/graphics2d_ffi.spl:65
rt_lyon_index_buffer_size	src/app/io/graphics2d_sffi.spl:65
rt_lyon_index_buffer_size	src/lib/nogc_sync_mut/io/graphics2d_sffi.spl:65
rt_lyon_index_buffer_to_array	src/app/io/graphics2d_ffi.spl:66
rt_lyon_index_buffer_to_array	src/app/io/graphics2d_sffi.spl:66
rt_lyon_index_buffer_to_array	src/lib/nogc_sync_mut/io/graphics2d_sffi.spl:66
rt_lyon_path_builder_arc_to	src/app/io/graphics2d_ffi.spl:19
rt_lyon_path_builder_arc_to	src/app/io/graphics2d_sffi.spl:19
rt_lyon_path_builder_arc_to	src/lib/nogc_sync_mut/io/graphics2d_sffi.spl:19
rt_lyon_path_builder_begin	src/app/io/graphics2d_ffi.spl:15
rt_lyon_path_builder_begin	src/app/io/graphics2d_sffi.spl:15
rt_lyon_path_builder_begin	src/lib/nogc_sync_mut/io/graphics2d_sffi.spl:15
rt_lyon_path_builder_build	src/app/io/graphics2d_ffi.spl:21
rt_lyon_path_builder_build	src/app/io/graphics2d_sffi.spl:21
rt_lyon_path_builder_build	src/lib/nogc_sync_mut/io/graphics2d_sffi.spl:21
rt_lyon_path_builder_close	src/app/io/graphics2d_ffi.spl:20
rt_lyon_path_builder_close	src/app/io/graphics2d_sffi.spl:20
rt_lyon_path_builder_close	src/lib/nogc_sync_mut/io/graphics2d_sffi.spl:20
rt_lyon_path_builder_cubic_bezier_to	src/app/io/graphics2d_ffi.spl:18
rt_lyon_path_builder_cubic_bezier_to	src/app/io/graphics2d_sffi.spl:18
rt_lyon_path_builder_cubic_bezier_to	src/lib/nogc_sync_mut/io/graphics2d_sffi.spl:18
rt_lyon_path_builder_free	src/app/io/graphics2d_ffi.spl:14
rt_lyon_path_builder_free	src/app/io/graphics2d_sffi.spl:14
rt_lyon_path_builder_free	src/lib/nogc_sync_mut/io/graphics2d_sffi.spl:14
rt_lyon_path_builder_line_to	src/app/io/graphics2d_ffi.spl:16
rt_lyon_path_builder_line_to	src/app/io/graphics2d_sffi.spl:16
rt_lyon_path_builder_line_to	src/lib/nogc_sync_mut/io/graphics2d_sffi.spl:16
rt_lyon_path_builder_new	src/app/io/graphics2d_ffi.spl:13
rt_lyon_path_builder_new	src/app/io/graphics2d_sffi.spl:13
rt_lyon_path_builder_new	src/lib/nogc_sync_mut/io/graphics2d_sffi.spl:13
rt_lyon_path_builder_quadratic_bezier_to	src/app/io/graphics2d_ffi.spl:17
rt_lyon_path_builder_quadratic_bezier_to	src/app/io/graphics2d_sffi.spl:17
rt_lyon_path_builder_quadratic_bezier_to	src/lib/nogc_sync_mut/io/graphics2d_sffi.spl:17
rt_lyon_path_circle	src/app/io/graphics2d_ffi.spl:32
rt_lyon_path_circle	src/app/io/graphics2d_sffi.spl:32
rt_lyon_path_circle	src/lib/nogc_sync_mut/io/graphics2d_sffi.spl:32
rt_lyon_path_contains_point	src/app/io/graphics2d_ffi.spl:26
rt_lyon_path_contains_point	src/app/io/graphics2d_sffi.spl:26
rt_lyon_path_contains_point	src/lib/nogc_sync_mut/io/graphics2d_sffi.spl:26
rt_lyon_path_ellipse	src/app/io/graphics2d_ffi.spl:33
rt_lyon_path_ellipse	src/app/io/graphics2d_sffi.spl:33
rt_lyon_path_ellipse	src/lib/nogc_sync_mut/io/graphics2d_sffi.spl:33
rt_lyon_path_free	src/app/io/graphics2d_ffi.spl:24
rt_lyon_path_free	src/app/io/graphics2d_sffi.spl:24
rt_lyon_path_free	src/lib/nogc_sync_mut/io/graphics2d_sffi.spl:24
rt_lyon_path_get_bounds	src/app/io/graphics2d_ffi.spl:25
rt_lyon_path_get_bounds	src/app/io/graphics2d_sffi.spl:25
rt_lyon_path_get_bounds	src/lib/nogc_sync_mut/io/graphics2d_sffi.spl:25
rt_lyon_path_polygon	src/app/io/graphics2d_ffi.spl:34
rt_lyon_path_polygon	src/app/io/graphics2d_sffi.spl:34
rt_lyon_path_polygon	src/lib/nogc_sync_mut/io/graphics2d_sffi.spl:34
rt_lyon_path_rectangle	src/app/io/graphics2d_ffi.spl:30
rt_lyon_path_rectangle	src/app/io/graphics2d_sffi.spl:30
rt_lyon_path_rectangle	src/lib/nogc_sync_mut/io/graphics2d_sffi.spl:30
rt_lyon_path_rounded_rectangle	src/app/io/graphics2d_ffi.spl:31
rt_lyon_path_rounded_rectangle	src/app/io/graphics2d_sffi.spl:31
rt_lyon_path_rounded_rectangle	src/lib/nogc_sync_mut/io/graphics2d_sffi.spl:31
rt_lyon_path_star	src/app/io/graphics2d_ffi.spl:35
rt_lyon_path_star	src/app/io/graphics2d_sffi.spl:35
rt_lyon_path_star	src/lib/nogc_sync_mut/io/graphics2d_sffi.spl:35
rt_lyon_path_transform	src/app/io/graphics2d_ffi.spl:27
rt_lyon_path_transform	src/app/io/graphics2d_sffi.spl:27
rt_lyon_path_transform	src/lib/nogc_sync_mut/io/graphics2d_sffi.spl:27
rt_lyon_stroke_tessellate	src/app/io/graphics2d_ffi.spl:47
rt_lyon_stroke_tessellate	src/app/io/graphics2d_sffi.spl:47
rt_lyon_stroke_tessellate	src/lib/nogc_sync_mut/io/graphics2d_sffi.spl:47
rt_lyon_stroke_tessellate_with_options	src/app/io/graphics2d_ffi.spl:48
rt_lyon_stroke_tessellate_with_options	src/app/io/graphics2d_sffi.spl:48
rt_lyon_stroke_tessellate_with_options	src/lib/nogc_sync_mut/io/graphics2d_sffi.spl:48
rt_lyon_stroke_tessellation_free	src/app/io/graphics2d_ffi.spl:49
rt_lyon_stroke_tessellation_free	src/app/io/graphics2d_sffi.spl:49
rt_lyon_stroke_tessellation_free	src/lib/nogc_sync_mut/io/graphics2d_sffi.spl:49
rt_lyon_stroke_tessellation_get_indices	src/app/io/graphics2d_ffi.spl:51
rt_lyon_stroke_tessellation_get_indices	src/app/io/graphics2d_sffi.spl:51
rt_lyon_stroke_tessellation_get_indices	src/lib/nogc_sync_mut/io/graphics2d_sffi.spl:51
rt_lyon_stroke_tessellation_get_vertices	src/app/io/graphics2d_ffi.spl:50
rt_lyon_stroke_tessellation_get_vertices	src/app/io/graphics2d_sffi.spl:50
rt_lyon_stroke_tessellation_get_vertices	src/lib/nogc_sync_mut/io/graphics2d_sffi.spl:50
rt_lyon_stroke_tessellation_index_count	src/app/io/graphics2d_ffi.spl:53
rt_lyon_stroke_tessellation_index_count	src/app/io/graphics2d_sffi.spl:53
rt_lyon_stroke_tessellation_index_count	src/lib/nogc_sync_mut/io/graphics2d_sffi.spl:53
rt_lyon_stroke_tessellation_vertex_count	src/app/io/graphics2d_ffi.spl:52
rt_lyon_stroke_tessellation_vertex_count	src/app/io/graphics2d_sffi.spl:52
rt_lyon_stroke_tessellation_vertex_count	src/lib/nogc_sync_mut/io/graphics2d_sffi.spl:52
rt_lyon_transform_free	src/app/io/graphics2d_ffi.spl:74
rt_lyon_transform_free	src/app/io/graphics2d_sffi.spl:74
rt_lyon_transform_free	src/lib/nogc_sync_mut/io/graphics2d_sffi.spl:74
rt_lyon_transform_identity	src/app/io/graphics2d_ffi.spl:69
rt_lyon_transform_identity	src/app/io/graphics2d_sffi.spl:69
rt_lyon_transform_identity	src/lib/nogc_sync_mut/io/graphics2d_sffi.spl:69
rt_lyon_transform_multiply	src/app/io/graphics2d_ffi.spl:73
rt_lyon_transform_multiply	src/app/io/graphics2d_sffi.spl:73
rt_lyon_transform_multiply	src/lib/nogc_sync_mut/io/graphics2d_sffi.spl:73
rt_lyon_transform_rotate	src/app/io/graphics2d_ffi.spl:71
rt_lyon_transform_rotate	src/app/io/graphics2d_sffi.spl:71
rt_lyon_transform_rotate	src/lib/nogc_sync_mut/io/graphics2d_sffi.spl:71
rt_lyon_transform_scale	src/app/io/graphics2d_ffi.spl:72
rt_lyon_transform_scale	src/app/io/graphics2d_sffi.spl:72
rt_lyon_transform_scale	src/lib/nogc_sync_mut/io/graphics2d_sffi.spl:72
rt_lyon_transform_translate	src/app/io/graphics2d_ffi.spl:70
rt_lyon_transform_translate	src/app/io/graphics2d_sffi.spl:70
rt_lyon_transform_translate	src/lib/nogc_sync_mut/io/graphics2d_sffi.spl:70
rt_lyon_vertex_buffer_free	src/app/io/graphics2d_ffi.spl:56
rt_lyon_vertex_buffer_free	src/app/io/graphics2d_sffi.spl:56
rt_lyon_vertex_buffer_free	src/lib/nogc_sync_mut/io/graphics2d_sffi.spl:56
rt_lyon_vertex_buffer_get_normal	src/app/io/graphics2d_ffi.spl:58
rt_lyon_vertex_buffer_get_normal	src/app/io/graphics2d_sffi.spl:58
rt_lyon_vertex_buffer_get_normal	src/lib/nogc_sync_mut/io/graphics2d_sffi.spl:58
rt_lyon_vertex_buffer_get_position	src/app/io/graphics2d_ffi.spl:57
rt_lyon_vertex_buffer_get_position	src/app/io/graphics2d_sffi.spl:57
rt_lyon_vertex_buffer_get_position	src/lib/nogc_sync_mut/io/graphics2d_sffi.spl:57
rt_lyon_vertex_buffer_size	src/app/io/graphics2d_ffi.spl:59
rt_lyon_vertex_buffer_size	src/app/io/graphics2d_sffi.spl:59
rt_lyon_vertex_buffer_size	src/lib/nogc_sync_mut/io/graphics2d_sffi.spl:59
rt_lyon_vertex_buffer_to_array	src/app/io/graphics2d_ffi.spl:60
rt_lyon_vertex_buffer_to_array	src/app/io/graphics2d_sffi.spl:60
rt_lyon_vertex_buffer_to_array	src/lib/nogc_sync_mut/io/graphics2d_sffi.spl:60
rt_make_executable	src/compiler/90.tools/sffi_gen/specs/exec_memory.spl:78
rt_malloc	src/app/ffi_gen.specs/memory_syscalls.spl:15
rt_malloc	src/compiler/90.tools/sffi_gen/specs/memory_syscalls.spl:15
rt_mem_read_i64	src/app/gc/core.spl:420
rt_mem_read_u32_boxed	src/os/drivers/virtio/virtio_gpu_regs.spl:13
rt_mem_read_u8	src/app/gc/core.spl:418
rt_mem_read_u8	src/os/kernel/boot/zstd_noalloc.spl:74
rt_mem_write_i64	src/app/gc/core.spl:421
rt_mem_write_u32_boxed	src/os/drivers/virtio/virtio_gpu_regs.spl:14
rt_mem_write_u8	src/app/gc/core.spl:419
rt_mem_write_u8	src/os/kernel/boot/zstd_noalloc.spl:75
rt_metal_begin_command	src/lib/nogc_sync_mut/gpu/engine2d/metal_session.spl:27
rt_metal_cleanup	src/lib/gc_async_mut/gpu/session/backend_runtime_ops.spl:5
rt_metal_cleanup_device	src/lib/nogc_sync_mut/gpu/engine2d/metal_session.spl:30
rt_metal_commit_command	src/lib/nogc_sync_mut/gpu/engine2d/metal_session.spl:28
rt_metal_create_library	src/lib/nogc_sync_mut/gpu/engine2d/metal_session.spl:25
rt_metal_create_queue	src/lib/nogc_sync_mut/gpu/engine2d/metal_session.spl:24
rt_metal_submit	src/lib/gc_async_mut/gpu/session/backend_runtime_ops.spl:3
rt_metal_wait_completion	src/lib/nogc_sync_mut/gpu/engine2d/metal_session.spl:29
rt_mmap_file	src/compiler/90.tools/sffi_gen/specs/mmap.spl:45
rt_mmap_read_bytes	src/compiler/90.tools/sffi_gen/specs/mmap.spl:66
rt_mmap_read_string	src/compiler/90.tools/sffi_gen/specs/mmap.spl:77
rt_mmio_read_u32_real	src/os/drivers/virtio/virtio_gpu.spl:89
rt_mmio_read_u32_real	src/os/drivers/virtio/virtio_gpu_regs.spl:18
rt_mmio_read_u64_real	src/os/drivers/virtio/virtio_gpu_regs.spl:19
rt_mmio_write_u16_real	src/os/drivers/virtio/virtio_gpu_regs.spl:15
rt_mmio_write_u32_real	src/os/drivers/virtio/virtio_gpu_regs.spl:16
rt_mmio_write_u64_real	src/os/drivers/virtio/virtio_gpu_regs.spl:17
rt_net_connect	test/fixtures/net_sffi.spl:2
rt_oneapi_device_memory	src/lib/nogc_sync_mut/io/oneapi_sffi.spl:15
rt_oneapi_device_name	src/lib/nogc_sync_mut/io/oneapi_sffi.spl:13
rt_oneapi_device_type	src/lib/nogc_sync_mut/io/oneapi_sffi.spl:14
rt_oneapi_get_device	src/lib/nogc_sync_mut/io/oneapi_sffi.spl:17
rt_oneapi_get_last_error	src/lib/nogc_sync_mut/io/oneapi_sffi.spl:34
rt_oneapi_malloc_shared	src/lib/nogc_sync_mut/io/oneapi_sffi.spl:19
rt_oneapi_memcpy	src/lib/nogc_sync_mut/io/oneapi_sffi.spl:21
rt_oneapi_memcpy_d2h	src/lib/nogc_sync_mut/io/oneapi_sffi.spl:23
rt_oneapi_memcpy_h2d	src/lib/nogc_sync_mut/io/oneapi_sffi.spl:22
rt_oneapi_set_device	src/lib/nogc_sync_mut/io/oneapi_sffi.spl:16
rt_oneapi_synchronize	src/lib/nogc_sync_mut/io/oneapi_sffi.spl:33
rt_opengl_get_last_error	src/lib/nogc_sync_mut/io/opengl_sffi.spl:41
rt_parse_brief_items	src/compiler_rust/lib/std/src/tooling/brief_view.spl:18
rt_parse_source	src/compiler/90.tools/sffi_gen/specs/compiler_query.spl:123
rt_password_hash	src/app/io/crypto_ffi.spl:25
rt_password_hash	src/lib/nogc_sync_mut/io/crypto_sffi.spl:25
rt_password_hash_bcrypt	src/app/io/crypto_ffi.spl:30
rt_password_hash_bcrypt	src/lib/nogc_sync_mut/io/crypto_sffi.spl:30
rt_password_verify	src/app/io/crypto_ffi.spl:26
rt_password_verify	src/lib/nogc_sync_mut/io/crypto_sffi.spl:26
rt_password_verify_bcrypt	src/app/io/crypto_ffi.spl:31
rt_password_verify_bcrypt	src/lib/nogc_sync_mut/io/crypto_sffi.spl:31
rt_path_normalize	src/compiler_rust/lib/std/src/sys/sffi/io.spl:31
rt_path_normalize	src/lib/nogc_sync_mut/ffi/io.spl:211
rt_path_normalize	src/lib/nogc_sync_mut/sffi/io.spl:211
rt_pci_enable_memory_bus_master	src/os/drivers/audio/hda_pci_binding.spl:9
rt_pci_read_bar0	src/os/drivers/audio/hda_pci_binding.spl:8
rt_print_err	src/app/cli/baremetal_cmd.spl:11
rt_print_err	src/compiler_rust/lib/std/src/sys/sffi/print.spl:8
rt_println_err	src/compiler_rust/lib/std/src/sys/sffi/print.spl:9
rt_process_exit	src/compiler_rust/lib/std/src/sys/sffi/process.spl:10
rt_process_get_rss_kb	src/app/compile/test_dc_leak.spl:5
rt_process_memory_usage	src/app/ffi_gen.specs/memory_syscalls.spl:81
rt_process_memory_usage	src/compiler/90.tools/sffi_gen/specs/memory_syscalls.spl:81
rt_process_parent_pid	src/compiler_rust/lib/std/src/sys/sffi/process.spl:14
rt_process_pid	src/compiler_rust/lib/std/src/sys/sffi/process.spl:13
rt_process_run_capture	src/app/io/vhdl_ffi.spl:11
rt_process_run_capture	src/app/io/vhdl_sffi.spl:11
rt_process_run_capture	src/lib/nogc_sync_mut/io/vhdl_sffi.spl:11
rt_ptrace_attach	src/app/debug/native_agent.spl:10
rt_ptrace_attach	src/app/debug/smf_agent.spl:9
rt_ptrace_attach	src/lib/nogc_sync_mut/debug/native_agent.spl:10
rt_ptrace_attach	src/lib/nogc_sync_mut/debug/smf_agent.spl:9
rt_ptrace_attach	src/lib/nogc_sync_mut/ffi/debug.spl:149
rt_ptrace_attach	src/lib/nogc_sync_mut/sffi/debug.spl:149
rt_ptrace_continue	src/app/debug/native_agent.spl:12
rt_ptrace_continue	src/app/debug/smf_agent.spl:11
rt_ptrace_continue	src/lib/nogc_sync_mut/debug/native_agent.spl:12
rt_ptrace_continue	src/lib/nogc_sync_mut/debug/smf_agent.spl:11
rt_ptrace_continue	src/lib/nogc_sync_mut/ffi/debug.spl:159
rt_ptrace_continue	src/lib/nogc_sync_mut/sffi/debug.spl:159
rt_ptrace_detach	src/app/debug/native_agent.spl:11
rt_ptrace_detach	src/app/debug/smf_agent.spl:10
rt_ptrace_detach	src/lib/nogc_sync_mut/debug/native_agent.spl:11
rt_ptrace_detach	src/lib/nogc_sync_mut/debug/smf_agent.spl:10
rt_ptrace_detach	src/lib/nogc_sync_mut/ffi/debug.spl:154
rt_ptrace_detach	src/lib/nogc_sync_mut/sffi/debug.spl:154
rt_ptrace_get_registers	src/app/debug/native_agent.spl:16
rt_ptrace_get_registers	src/app/debug/smf_agent.spl:15
rt_ptrace_get_registers	src/lib/nogc_sync_mut/debug/native_agent.spl:16
rt_ptrace_get_registers	src/lib/nogc_sync_mut/debug/smf_agent.spl:15
rt_ptrace_get_registers	src/lib/nogc_sync_mut/ffi/debug.spl:174
rt_ptrace_get_registers	src/lib/nogc_sync_mut/sffi/debug.spl:174
rt_ptrace_read_memory	src/app/debug/native_agent.spl:14
rt_ptrace_read_memory	src/app/debug/smf_agent.spl:13
rt_ptrace_read_memory	src/lib/nogc_sync_mut/debug/native_agent.spl:14
rt_ptrace_read_memory	src/lib/nogc_sync_mut/debug/smf_agent.spl:13
rt_ptrace_read_memory	src/lib/nogc_sync_mut/ffi/debug.spl:179
rt_ptrace_read_memory	src/lib/nogc_sync_mut/sffi/debug.spl:179
rt_ptrace_single_step	src/app/debug/native_agent.spl:13
rt_ptrace_single_step	src/app/debug/smf_agent.spl:12
rt_ptrace_single_step	src/lib/nogc_sync_mut/debug/native_agent.spl:13
rt_ptrace_single_step	src/lib/nogc_sync_mut/debug/smf_agent.spl:12
rt_ptrace_single_step	src/lib/nogc_sync_mut/ffi/debug.spl:164
rt_ptrace_single_step	src/lib/nogc_sync_mut/sffi/debug.spl:164
rt_ptrace_wait_stop	src/app/debug/native_agent.spl:17
rt_ptrace_wait_stop	src/app/debug/smf_agent.spl:16
rt_ptrace_wait_stop	src/lib/nogc_sync_mut/debug/native_agent.spl:17
rt_ptrace_wait_stop	src/lib/nogc_sync_mut/debug/smf_agent.spl:16
rt_ptrace_wait_stop	src/lib/nogc_sync_mut/ffi/debug.spl:169
rt_ptrace_wait_stop	src/lib/nogc_sync_mut/sffi/debug.spl:169
rt_ptrace_write_memory	src/app/debug/native_agent.spl:15
rt_ptrace_write_memory	src/app/debug/smf_agent.spl:14
rt_ptrace_write_memory	src/lib/nogc_sync_mut/debug/native_agent.spl:15
rt_ptrace_write_memory	src/lib/nogc_sync_mut/debug/smf_agent.spl:14
rt_ptrace_write_memory	src/lib/nogc_sync_mut/ffi/debug.spl:184
rt_ptrace_write_memory	src/lib/nogc_sync_mut/sffi/debug.spl:184
rt_quic_accept	src/lib/nogc_async_mut/quic/quic_sffi.spl:21
rt_quic_accept	test/01_unit/lib/nogc_async_mut/quic/quic_connection_spec.spl:16
rt_quic_accept	test/unit/lib/nogc_async_mut/quic/quic_connection_spec.spl:16
rt_quic_config_new	src/lib/nogc_async_mut/quic/quic_sffi.spl:13
rt_quic_config_new	test/01_unit/lib/nogc_async_mut/quic/quic_connection_spec.spl:13
rt_quic_config_new	test/unit/lib/nogc_async_mut/quic/quic_connection_spec.spl:13
rt_quic_config_set_initial_max_streams_bidi	src/lib/nogc_async_mut/quic/quic_sffi.spl:15
rt_quic_config_set_initial_max_streams_bidi	test/01_unit/lib/nogc_async_mut/quic/quic_connection_spec.spl:15
rt_quic_config_set_initial_max_streams_bidi	test/unit/lib/nogc_async_mut/quic/quic_connection_spec.spl:15
rt_quic_config_set_max_idle_timeout	src/lib/nogc_async_mut/quic/quic_sffi.spl:14
rt_quic_config_set_max_idle_timeout	test/01_unit/lib/nogc_async_mut/quic/quic_connection_spec.spl:14
rt_quic_config_set_max_idle_timeout	test/unit/lib/nogc_async_mut/quic/quic_connection_spec.spl:14
rt_quic_conn_close	src/lib/nogc_async_mut/quic/quic_sffi.spl:23
rt_quic_conn_close	test/01_unit/lib/nogc_async_mut/quic/quic_connection_spec.spl:22
rt_quic_conn_close	test/unit/lib/nogc_async_mut/quic/quic_connection_spec.spl:22
rt_quic_connect	src/lib/nogc_async_mut/quic/quic_sffi.spl:22
rt_quic_connect	test/01_unit/lib/nogc_async_mut/quic/quic_connection_spec.spl:17
rt_quic_connect	test/unit/lib/nogc_async_mut/quic/quic_connection_spec.spl:17
rt_quic_is_closed	src/lib/nogc_async_mut/quic/quic_sffi.spl:51
rt_quic_is_closed	test/01_unit/lib/nogc_async_mut/quic/quic_connection_spec.spl:26
rt_quic_is_closed	test/unit/lib/nogc_async_mut/quic/quic_connection_spec.spl:26
rt_quic_is_established	src/lib/nogc_async_mut/quic/quic_sffi.spl:50
rt_quic_is_established	test/01_unit/lib/nogc_async_mut/quic/quic_connection_spec.spl:25
rt_quic_is_established	test/unit/lib/nogc_async_mut/quic/quic_connection_spec.spl:25
rt_quic_on_timeout	src/lib/nogc_async_mut/quic/quic_sffi.spl:44
rt_quic_on_timeout	test/01_unit/lib/nogc_async_mut/quic/quic_connection_spec.spl:24
rt_quic_on_timeout	test/unit/lib/nogc_async_mut/quic/quic_connection_spec.spl:24
rt_quic_recv	src/lib/nogc_async_mut/quic/quic_sffi.spl:29
rt_quic_recv	test/01_unit/lib/nogc_async_mut/quic/quic_connection_spec.spl:18
rt_quic_recv	test/unit/lib/nogc_async_mut/quic/quic_connection_spec.spl:18
rt_quic_send	src/lib/nogc_async_mut/quic/quic_sffi.spl:30
rt_quic_send	test/01_unit/lib/nogc_async_mut/quic/quic_connection_spec.spl:19
rt_quic_send	test/unit/lib/nogc_async_mut/quic/quic_connection_spec.spl:19
rt_quic_stream_recv	src/lib/nogc_async_mut/quic/quic_sffi.spl:36
rt_quic_stream_recv	test/01_unit/lib/nogc_async_mut/quic/quic_connection_spec.spl:20
rt_quic_stream_recv	test/unit/lib/nogc_async_mut/quic/quic_connection_spec.spl:20
rt_quic_stream_send	src/lib/nogc_async_mut/quic/quic_sffi.spl:37
rt_quic_stream_send	test/01_unit/lib/nogc_async_mut/quic/quic_connection_spec.spl:21
rt_quic_stream_send	test/unit/lib/nogc_async_mut/quic/quic_connection_spec.spl:21
rt_quic_timeout_as_millis	src/lib/nogc_async_mut/quic/quic_sffi.spl:43
rt_quic_timeout_as_millis	test/01_unit/lib/nogc_async_mut/quic/quic_connection_spec.spl:23
rt_quic_timeout_as_millis	test/unit/lib/nogc_async_mut/quic/quic_connection_spec.spl:23
rt_random_bytes	src/app/io/crypto_ffi.spl:49
rt_random_bytes	src/lib/nogc_sync_mut/io/crypto_sffi.spl:49
rt_rdrand	src/os/crypto/random.spl:14
rt_rdrand	src/os/crypto/random.spl:17
rt_rdrand	src/os/kernel/arch/x86_32/entropy.spl:4
rt_rdrand	src/os/kernel/arch/x86_64/entropy.spl:4
rt_read_cr0	src/os/kernel/arch/x86_32/cpu.spl:54
rt_read_f64	src/app/ffi_gen.specs/memory_syscalls.spl:55
rt_read_f64	src/compiler/90.tools/sffi_gen/specs/memory_syscalls.spl:55
rt_read_i32	src/app/ffi_gen.specs/memory_syscalls.spl:43
rt_read_i32	src/compiler/90.tools/sffi_gen/specs/memory_syscalls.spl:43
rt_read_i64	src/app/ffi_gen.specs/memory_syscalls.spl:49
rt_read_i64	src/compiler/90.tools/sffi_gen/specs/memory_syscalls.spl:49
rt_read_line	src/compiler_rust/lib/std/src/sys/sffi/print.spl:12
rt_read_u8	src/app/ffi_gen.specs/memory_syscalls.spl:37
rt_read_u8	src/compiler/90.tools/sffi_gen/specs/memory_syscalls.spl:37
rt_reflect_function_name	src/compiler_rust/lib/std/src/spec/snapshot/runner.spl:197
rt_reflect_source_file	src/compiler_rust/lib/std/src/spec/snapshot/runner.spl:185
rt_regex_captures	src/app/io/regex_ffi.spl:24
rt_regex_captures	src/lib/nogc_sync_mut/io/regex_sffi.spl:24
rt_regex_captures_len	src/app/io/regex_ffi.spl:25
rt_regex_captures_len	src/lib/nogc_sync_mut/io/regex_sffi.spl:25
rt_regex_find	src/app/io/regex_ffi.spl:19
rt_regex_find	src/lib/nogc_sync_mut/io/regex_sffi.spl:19
rt_regex_find_quick	src/app/io/regex_ffi.spl:39
rt_regex_find_quick	src/lib/nogc_sync_mut/io/regex_sffi.spl:39
rt_regex_is_match_quick	src/app/io/regex_ffi.spl:38
rt_regex_is_match_quick	src/lib/nogc_sync_mut/io/regex_sffi.spl:38
rt_regex_replace_all	src/app/io/regex_ffi.spl:30
rt_regex_replace_all	src/lib/nogc_sync_mut/io/regex_sffi.spl:30
rt_regex_replace_all_quick	src/app/io/regex_ffi.spl:41
rt_regex_replace_all_quick	src/lib/nogc_sync_mut/io/regex_sffi.spl:41
rt_regex_replace_quick	src/app/io/regex_ffi.spl:40
rt_regex_replace_quick	src/lib/nogc_sync_mut/io/regex_sffi.spl:40
rt_regex_split	src/app/io/regex_ffi.spl:34
rt_regex_split	src/lib/nogc_sync_mut/io/regex_sffi.spl:34
rt_regex_split_quick	src/app/io/regex_ffi.spl:42
rt_regex_split_quick	src/lib/nogc_sync_mut/io/regex_sffi.spl:42
rt_riscv_context_restore	src/os/realtime/context/riscv32.spl:22
rt_riscv_context_save	src/os/realtime/context/riscv32.spl:21
rt_riscv_has_v_ext	src/compiler/30.types/simd_capabilities.spl:36
rt_riscv_read_csr_mepc	src/os/realtime/context/riscv32.spl:23
rt_riscv_read_csr_mscratch	src/os/realtime/context/riscv32.spl:25
rt_riscv_read_vlenb	src/compiler/30.types/simd_capabilities.spl:33
rt_riscv_write_csr_mepc	src/os/realtime/context/riscv32.spl:24
rt_riscv_write_csr_mscratch	src/os/realtime/context/riscv32.spl:26
rt_rndr	src/os/crypto/random.spl:20
rt_rndr	src/os/kernel/arch/arm64/entropy.spl:4
rt_rocm3d_available	src/lib/nogc_sync_mut/gpu/engine3d/ffi_rocm3d.spl:19
rt_rocm3d_available	src/lib/nogc_sync_mut/gpu/engine3d/sffi_rocm3d.spl:19
rt_rocm3d_clear_framebuffer	src/lib/nogc_sync_mut/gpu/engine3d/ffi_rocm3d.spl:25
rt_rocm3d_clear_framebuffer	src/lib/nogc_sync_mut/gpu/engine3d/sffi_rocm3d.spl:25
rt_rocm3d_device_count	src/lib/nogc_sync_mut/gpu/engine3d/ffi_rocm3d.spl:22
rt_rocm3d_device_count	src/lib/nogc_sync_mut/gpu/engine3d/sffi_rocm3d.spl:22
rt_rocm3d_init	src/lib/nogc_sync_mut/gpu/engine3d/ffi_rocm3d.spl:20
rt_rocm3d_init	src/lib/nogc_sync_mut/gpu/engine3d/sffi_rocm3d.spl:20
rt_rocm3d_rasterize_triangles	src/lib/nogc_sync_mut/gpu/engine3d/ffi_rocm3d.spl:24
rt_rocm3d_rasterize_triangles	src/lib/nogc_sync_mut/gpu/engine3d/sffi_rocm3d.spl:24
rt_rocm3d_shutdown	src/lib/nogc_sync_mut/gpu/engine3d/ffi_rocm3d.spl:21
rt_rocm3d_shutdown	src/lib/nogc_sync_mut/gpu/engine3d/sffi_rocm3d.spl:21
rt_rocm3d_transform_vertices	src/lib/nogc_sync_mut/gpu/engine3d/ffi_rocm3d.spl:23
rt_rocm3d_transform_vertices	src/lib/nogc_sync_mut/gpu/engine3d/sffi_rocm3d.spl:23
rt_rt_file_read_text	src/app/llm_dashboard/data/project_stats.spl:7
rt_rtos_jump_to_task	src/os/realtime/boot/entry.spl:41
rt_rv32_context_restore	src/os/kernel/arch/riscv32/context.spl:20
rt_rv32_context_save	src/os/kernel/arch/riscv32/context.spl:19
rt_rv32_context_switch	src/os/kernel/arch/riscv32/context.spl:21
rt_rv32_csrr_satp	src/os/kernel/arch/riscv32/cpu.spl:35
rt_rv32_csrr_scause	src/os/kernel/arch/riscv32/cpu.spl:32
rt_rv32_csrr_sepc	src/os/kernel/arch/riscv32/cpu.spl:30
rt_rv32_csrr_sie	src/os/kernel/arch/riscv32/cpu.spl:24
rt_rv32_csrr_sip	src/os/kernel/arch/riscv32/cpu.spl:34
rt_rv32_csrr_sscratch	src/os/kernel/arch/riscv32/cpu.spl:28
rt_rv32_csrr_sstatus	src/os/kernel/arch/riscv32/cpu.spl:22
rt_rv32_csrr_stval	src/os/kernel/arch/riscv32/cpu.spl:33
rt_rv32_csrr_stvec	src/os/kernel/arch/riscv32/cpu.spl:26
rt_rv32_csrw_satp	src/os/kernel/arch/riscv32/cpu.spl:36
rt_rv32_csrw_sepc	src/os/kernel/arch/riscv32/cpu.spl:31
rt_rv32_csrw_sie	src/os/kernel/arch/riscv32/cpu.spl:25
rt_rv32_csrw_sscratch	src/os/kernel/arch/riscv32/cpu.spl:29
rt_rv32_csrw_sstatus	src/os/kernel/arch/riscv32/cpu.spl:23
rt_rv32_csrw_stvec	src/os/kernel/arch/riscv32/cpu.spl:27
rt_rv32_sbi_call	src/os/kernel/arch/riscv32/sbi.spl:29
rt_rv32_sfence_vma	src/os/kernel/arch/riscv32/cpu.spl:40
rt_rv32_sfence_vma_all	src/os/kernel/arch/riscv32/cpu.spl:41
rt_rv32_wfi	src/os/kernel/arch/riscv32/cpu.spl:39
rt_sdl2_get_event_type	src/os/compositor/hosted_backend_sdl2.spl:11
rt_sdl2_get_event_type	src/os/compositor/hosted_input_sdl2.spl:6
rt_sdl2_get_key_code	src/os/compositor/hosted_backend_sdl2.spl:14
rt_sdl2_get_key_code	src/os/compositor/hosted_input_sdl2.spl:9
rt_sdl2_get_mouse_button	src/os/compositor/hosted_backend_sdl2.spl:15
rt_sdl2_get_mouse_button	src/os/compositor/hosted_input_sdl2.spl:10
rt_sdl2_resize_window	src/os/compositor/hosted_backend_sdl2.spl:16
rt_sdn_parse	src/lib/nogc_sync_mut/src/config.spl:9
rt_serial_available	src/app/io/serial_ffi.spl:32
rt_serial_available	src/lib/nogc_sync_mut/baremetal/transport/dedicated_hw.spl:11
rt_serial_set_baud	src/app/io/serial_ffi.spl:24
rt_serial_set_databits	src/app/io/serial_ffi.spl:26
rt_serial_set_parity	src/app/io/serial_ffi.spl:25
rt_serial_set_stopbits	src/app/io/serial_ffi.spl:27
rt_set_protection	src/compiler/90.tools/sffi_gen/specs/exec_memory.spl:189
rt_sftp_download	src/app/io/ssh_ffi.spl:37
rt_sftp_download	src/lib/nogc_sync_mut/io/ssh_sffi.spl:37
rt_sftp_init	src/app/io/ssh_ffi.spl:34
rt_sftp_init	src/lib/nogc_sync_mut/io/ssh_sffi.spl:34
rt_sftp_mkdir	src/app/io/ssh_ffi.spl:38
rt_sftp_mkdir	src/lib/nogc_sync_mut/io/ssh_sffi.spl:38
rt_sftp_readdir	src/app/io/ssh_ffi.spl:42
rt_sftp_readdir	src/lib/nogc_sync_mut/io/ssh_sffi.spl:42
rt_sftp_rename	src/app/io/ssh_ffi.spl:41
rt_sftp_rename	src/lib/nogc_sync_mut/io/ssh_sffi.spl:41
rt_sftp_rmdir	src/app/io/ssh_ffi.spl:39
rt_sftp_rmdir	src/lib/nogc_sync_mut/io/ssh_sffi.spl:39
rt_sftp_shutdown	src/app/io/ssh_ffi.spl:35
rt_sftp_shutdown	src/lib/nogc_sync_mut/io/ssh_sffi.spl:35
rt_sftp_stat	src/app/io/ssh_ffi.spl:43
rt_sftp_stat	src/lib/nogc_sync_mut/io/ssh_sffi.spl:43
rt_sftp_unlink	src/app/io/ssh_ffi.spl:40
rt_sftp_unlink	src/lib/nogc_sync_mut/io/ssh_sffi.spl:40
rt_sftp_upload	src/app/io/ssh_ffi.spl:36
rt_sftp_upload	src/lib/nogc_sync_mut/io/ssh_sffi.spl:36
rt_sha256	src/compiler_rust/lib/std/src/tooling/core/incremental.spl:38
rt_shell_exit_code	src/app/test_daemon/adapters/container_adapter.spl:24
rt_shell_exit_code	src/app/test_daemon/adapters/gui_adapter.spl:22
rt_shell_exit_code	src/app/test_daemon/adapters/hardware_adapter.spl:27
rt_shell_exit_code	src/app/test_daemon/adapters/qemu_adapter.spl:25
rt_shell_exit_code	src/app/test_daemon/adapters/service_adapter.spl:24
rt_shell_exit_code	src/app/test_daemon/agent_client.spl:17
rt_shell_exit_code	src/app/test_daemon/daemon.spl:424
rt_shell_exit_code	test/02_integration/t32_hw/t32_hw_helpers.spl:231
rt_shell_exit_code	test/integration/t32_hw/t32_hw_helpers.spl:231
rt_simd_mat4_mul_avx2	src/lib/nogc_sync_mut/gpu/engine3d/simd_kernels3d.spl:48
rt_simd_mat4_mul_neon	src/lib/nogc_sync_mut/gpu/engine3d/simd_kernels3d.spl:50
rt_simd_mat4_mul_sse42	src/lib/nogc_sync_mut/gpu/engine3d/simd_kernels3d.spl:49
rt_simd_transform_verts_avx2	src/lib/nogc_sync_mut/gpu/engine3d/simd_kernels3d.spl:52
rt_simd_transform_verts_neon	src/lib/nogc_sync_mut/gpu/engine3d/simd_kernels3d.spl:54
rt_simd_transform_verts_sse42	src/lib/nogc_sync_mut/gpu/engine3d/simd_kernels3d.spl:53
rt_simd_vec4_dot_avx2	src/lib/nogc_sync_mut/gpu/engine3d/simd_kernels3d.spl:56
rt_simd_vec4_dot_sse42	src/lib/nogc_sync_mut/gpu/engine3d/simd_kernels3d.spl:57
rt_smf_reader_close	src/compiler/70.backend/linker/smf_reader.spl:65
rt_smf_reader_open	src/compiler/70.backend/linker/smf_reader.spl:60
rt_smf_reader_read_header	src/compiler/70.backend/linker/smf_reader.spl:61
rt_smf_reader_read_section	src/compiler/70.backend/linker/smf_reader.spl:62
rt_smf_reader_read_string_table	src/compiler/70.backend/linker/smf_reader.spl:64
rt_smf_reader_read_symbol_table	src/compiler/70.backend/linker/smf_reader.spl:63
rt_ssh_add_known_host	src/app/io/ssh_ffi.spl:55
rt_ssh_add_known_host	src/lib/nogc_sync_mut/io/ssh_sffi.spl:55
rt_ssh_aes128_gcm_decrypt_packet	src/os/apps/sshd/ssh_session_helpers.spl:25
rt_ssh_aes128_gcm_encrypt_packet	src/os/apps/sshd/ssh_session_helpers.spl:24
rt_ssh_auth_agent	src/app/io/ssh_ffi.spl:22
rt_ssh_auth_agent	src/lib/nogc_sync_mut/io/ssh_sffi.spl:22
rt_ssh_auth_password	src/app/io/ssh_ffi.spl:20
rt_ssh_auth_password	src/lib/nogc_sync_mut/io/ssh_sffi.spl:20
rt_ssh_auth_pubkey	src/app/io/ssh_ffi.spl:21
rt_ssh_auth_pubkey	src/lib/nogc_sync_mut/io/ssh_sffi.spl:21
rt_ssh_channel_close	src/app/io/ssh_ffi.spl:30
rt_ssh_channel_close	src/lib/nogc_sync_mut/io/ssh_sffi.spl:30
rt_ssh_channel_read	src/app/io/ssh_ffi.spl:28
rt_ssh_channel_read	src/lib/nogc_sync_mut/io/ssh_sffi.spl:28
rt_ssh_channel_write	src/app/io/ssh_ffi.spl:29
rt_ssh_channel_write	src/lib/nogc_sync_mut/io/ssh_sffi.spl:29
rt_ssh_check_host_key	src/app/io/ssh_ffi.spl:53
rt_ssh_check_host_key	src/lib/nogc_sync_mut/io/ssh_sffi.spl:53
rt_ssh_connect	src/app/io/ssh_ffi.spl:18
rt_ssh_connect	src/lib/nogc_sync_mut/io/ssh_sffi.spl:18
rt_ssh_curve25519_exchange_hash	src/os/apps/sshd/ssh_session_kex.spl:22
rt_ssh_disconnect	src/app/io/ssh_ffi.spl:19
rt_ssh_disconnect	src/lib/nogc_sync_mut/io/ssh_sffi.spl:19
rt_ssh_exec	src/app/io/ssh_ffi.spl:26
rt_ssh_exec	src/lib/nogc_sync_mut/io/ssh_sffi.spl:26
rt_ssh_forward_close	src/app/io/ssh_ffi.spl:49
rt_ssh_forward_close	src/lib/nogc_sync_mut/io/ssh_sffi.spl:49
rt_ssh_forward_local	src/app/io/ssh_ffi.spl:47
rt_ssh_forward_local	src/lib/nogc_sync_mut/io/ssh_sffi.spl:47
rt_ssh_forward_remote	src/app/io/ssh_ffi.spl:48
rt_ssh_forward_remote	src/lib/nogc_sync_mut/io/ssh_sffi.spl:48
rt_ssh_get_banner	src/app/io/ssh_ffi.spl:59
rt_ssh_get_banner	src/lib/nogc_sync_mut/io/ssh_sffi.spl:59
rt_ssh_get_host_key	src/app/io/ssh_ffi.spl:54
rt_ssh_get_host_key	src/lib/nogc_sync_mut/io/ssh_sffi.spl:54
rt_ssh_get_methods	src/app/io/ssh_ffi.spl:60
rt_ssh_get_methods	src/lib/nogc_sync_mut/io/ssh_sffi.spl:60
rt_ssh_is_authenticated	src/app/io/ssh_ffi.spl:62
rt_ssh_is_authenticated	src/lib/nogc_sync_mut/io/ssh_sffi.spl:62
rt_ssh_set_timeout	src/app/io/ssh_ffi.spl:61
rt_ssh_set_timeout	src/lib/nogc_sync_mut/io/ssh_sffi.spl:61
rt_ssh_shell	src/app/io/ssh_ffi.spl:27
rt_ssh_shell	src/lib/nogc_sync_mut/io/ssh_sffi.spl:27
rt_stdin_read_bytes	src/app/md_lsp/md_lsp_main.spl:12
rt_string_from_char	src/os/kernel/arch/cortex_m33/shell_lite.spl:120
rt_string_is_text	src/runtime/simple_core/core_array.spl:14
rt_string_slice	src/compiler_rust/lib/std/src/alloc/sffi.spl:41
rt_string_to_byte_array	src/os/apps/dbd/dbd.spl:59
rt_string_to_byte_array	src/os/apps/sshd/ssh_session.spl:39
rt_string_to_byte_array	src/os/apps/sshd/sshd.spl:33
rt_string_to_byte_array	src/os/kernel/boot/http_baremetal.spl:57
rt_string_to_byte_array	src/os/kernel/loader/fs_exec_resolve.spl:42
rt_string_to_byte_array	src/os/tools/net/_SshTool/run.spl:75
rt_string_to_byte_array	src/os/tools/net/_SshTool/transport.spl:75
rt_sysctlbyname_i32	src/compiler/30.types/simd_capabilities.spl:29
rt_system	src/lib/nogc_sync_mut/baremetal/transport/stlink.spl:8
rt_system	src/lib/nogc_sync_mut/debug/remote/protocol/openocd.spl:261
rt_system_available_memory	src/app/ffi_gen.specs/memory_syscalls.spl:78
rt_system_available_memory	src/compiler/90.tools/sffi_gen/specs/memory_syscalls.spl:78
rt_system_total_memory	src/app/ffi_gen.specs/memory_syscalls.spl:75
rt_system_total_memory	src/compiler/90.tools/sffi_gen/specs/memory_syscalls.spl:75
rt_tar_add_data	src/app/io/compress_ffi.spl:39
rt_tar_add_data	src/lib/nogc_sync_mut/io/compress_sffi.spl:39
rt_tar_add_file	src/app/io/compress_ffi.spl:38
rt_tar_add_file	src/lib/nogc_sync_mut/io/compress_sffi.spl:38
rt_tar_close	src/app/io/compress_ffi.spl:43
rt_tar_close	src/lib/nogc_sync_mut/io/compress_sffi.spl:43
rt_tar_extract_file	src/app/io/compress_ffi.spl:41
rt_tar_extract_file	src/lib/nogc_sync_mut/io/compress_sffi.spl:41
rt_tar_list	src/app/io/compress_ffi.spl:42
rt_tar_list	src/lib/nogc_sync_mut/io/compress_sffi.spl:42
rt_tar_open	src/app/io/compress_ffi.spl:37
rt_tar_open	src/lib/nogc_sync_mut/io/compress_sffi.spl:37
rt_target_arch_name	src/lib/gc_async_mut/gpu/engine2d/render_2d_x86_session.spl:29
rt_target_pointer_bits	src/lib/gc_async_mut/gpu/engine2d/render_2d_x86_session.spl:30
rt_targz_create	src/app/io/compress_ffi.spl:47
rt_targz_create	src/lib/nogc_sync_mut/io/compress_sffi.spl:47
rt_targz_extract	src/app/io/compress_ffi.spl:48
rt_targz_extract	src/lib/nogc_sync_mut/io/compress_sffi.spl:48
rt_tcp_close	src/os/realtime/jtag/openocd_probe.spl:138
rt_tcp_connect_timeout	src/lib/nogc_sync_mut/terminal/power/host_power.spl:18
rt_tcp_recv	src/os/realtime/jtag/openocd_probe.spl:137
rt_tcp_send	src/os/realtime/jtag/openocd_probe.spl:136
rt_term_poll	src/app/mem/top_tui.spl:37
rt_term_poll	src/app/ui.tui/input.spl:92
rt_term_read_timeout	src/app/mem/top_tui.spl:36
rt_term_read_timeout	src/app/ui.tui/input.spl:91
rt_test_it	src/lib/nogc_sync_mut/spec/decorators.spl:9
rt_test_skip	src/lib/nogc_sync_mut/spec/decorators.spl:10
rt_text_copy_to_phys	src/os/kernel/loader/x86_64_fs_exec_ring3.spl:53
rt_thread_sleep_ms	test/01_unit/lib/std/time_spec.spl:9
rt_thread_spawn	src/compiler_rust/lib/std/src/async/sffi/thread.spl:6
rt_time_millis	src/compiler/80.driver/build_log.spl:10
rt_time_millis	src/compiler/80.driver/incremental.spl:52
rt_time_millis	src/compiler/80.driver/layout_recorder.spl:68
rt_time_millis	src/compiler/80.driver/layout_recorder.spl:137
rt_time_millis	src/lib/nogc_sync_mut/ffi/system.spl:170
rt_time_millis	src/lib/nogc_sync_mut/sffi/system.spl:174
rt_time_now_iso	src/compiler/80.driver/build_log.spl:9
rt_time_now_iso	src/compiler/80.driver/build_mode.spl:66
rt_time_now_iso	src/lib/nogc_sync_mut/ffi/system.spl:165
rt_time_now_iso	src/lib/nogc_sync_mut/sffi/system.spl:169
rt_time_now_secs	src/compiler_rust/lib/std/src/sys/sffi/time.spl:7
rt_time_sleep_millis	src/compiler_rust/lib/std/src/sys/sffi/time.spl:8
rt_timestamp_diff_seconds	src/lib/nogc_sync_mut/ffi/system.spl:229
rt_timestamp_diff_seconds	src/lib/nogc_sync_mut/sffi/system.spl:233
rt_timestamp_from_iso	src/lib/nogc_sync_mut/ffi/system.spl:219
rt_timestamp_from_iso	src/lib/nogc_sync_mut/sffi/system.spl:223
rt_timestamp_now	test/03_system/feature/lib/database_fixtures.spl:11
rt_timestamp_now	test/feature/lib/database_fixtures.spl:11
rt_timestamp_parse	src/lib/nogc_sync_mut/ffi/system.spl:224
rt_timestamp_parse	src/lib/nogc_sync_mut/sffi/system.spl:228
rt_timestamp_to_iso	src/lib/nogc_sync_mut/ffi/system.spl:214
rt_timestamp_to_iso	src/lib/nogc_sync_mut/sffi/system.spl:218
rt_timestamp_to_string	src/lib/nogc_sync_mut/ffi/system.spl:209
rt_timestamp_to_string	src/lib/nogc_sync_mut/sffi/system.spl:213
rt_tls13_build_client_hello	src/os/tls13/_Tls13/context_io.spl:42
rt_tls13_build_client_hello_record	src/os/tls13/_Tls13/context_io.spl:43
rt_tls13_bytes_equal	src/os/tls13/_Tls13/context_io.spl:67
rt_tls13_certificate_body_ed25519_pubkey	src/os/tls13/_Tls13/context_io.spl:70
rt_tls13_certificate_verify_algorithm	src/os/tls13/_Tls13/context_io.spl:71
rt_tls13_certificate_verify_msg_algorithm	src/os/tls13/_Tls13/context_io.spl:73
rt_tls13_certificate_verify_msg_signature	src/os/tls13/_Tls13/context_io.spl:74
rt_tls13_certificate_verify_signature	src/os/tls13/_Tls13/context_io.spl:72
rt_tls13_find_handshake_message	src/os/tls13/_Tls13/context_io.spl:61
rt_tls13_finished_msg_verify_data	src/os/tls13/_Tls13/context_io.spl:68
rt_tls13_handshake_secret_from_record	src/os/tls13/_Tls13/context_io.spl:45
rt_tls13_inner_plaintext_content	src/os/tls13/_Tls13/context_io.spl:76
rt_tls13_inner_plaintext_type	src/os/tls13/_Tls13/context_io.spl:75
rt_tls13_prepare_app_secrets_7	src/os/tls13/_Tls13/context_io.spl:54
rt_tls13_record_content_type	src/os/tls13/_Tls13/context_io.spl:65
rt_tls13_record_encrypt	src/os/tls13/record13.spl:14
rt_tls13_record_find_handshake_message	src/os/tls13/_Tls13/context_io.spl:62
rt_tls13_record_find_handshake_message_fd	src/os/tls13/_Tls13/context_io.spl:63
rt_tls13_record_payload_len	src/os/tls13/_Tls13/context_io.spl:64
rt_tls13_record_payload_len	src/os/tls13/record13.spl:15
rt_tls13_record_serverhello_x25519_pub	src/os/tls13/_Tls13/context_io.spl:40
rt_tls13_recv_record	src/os/tls13/_Tls13/context_io.spl:34
rt_tls13_recv_record	src/os/tls13/server.spl:40
rt_tls13_server_finished_verify_data_fd	src/os/tls13/_Tls13/context_io.spl:69
rt_tls13_serverhello_x25519_pub	src/os/tls13/_Tls13/context_io.spl:39
rt_tls13_sha512_full	src/os/crypto/ed25519.spl:24
rt_tls13_take_cached_client_app_secret	src/os/tls13/_Tls13/context_io.spl:55
rt_tls13_take_cached_server_app_secret	src/os/tls13/_Tls13/context_io.spl:56
rt_tls13_transcript_hash_2	src/os/tls13/_Tls13/context_io.spl:58
rt_tls13_transcript_hash_6	src/os/tls13/_Tls13/context_io.spl:59
rt_tls13_transcript_hash_finished_fd	src/os/tls13/_Tls13/context_io.spl:60
rt_tls13_transcript_hash_record_payloads	src/os/tls13/_Tls13/context_io.spl:41
rt_tls13_verify_data_hmac	src/os/tls13/_Tls13/context_io.spl:66
rt_torch_safetensors_close	src/lib/nogc_sync_mut/torch/sffi.spl:476
rt_torch_safetensors_get_tensor	src/lib/nogc_sync_mut/torch/sffi.spl:485
rt_torch_safetensors_list_names	src/lib/nogc_sync_mut/torch/sffi.spl:482
rt_torch_safetensors_num_tensors	src/lib/nogc_sync_mut/torch/sffi.spl:479
rt_torch_safetensors_open	src/lib/nogc_sync_mut/torch/sffi.spl:473
rt_torch_tensor_arange_int	src/lib/nogc_sync_mut/torch/sffi.spl:426
rt_torch_tensor_from_i64_data	src/lib/nogc_sync_mut/torch/sffi.spl:447
rt_torch_tensor_full_int_1d	src/lib/nogc_sync_mut/torch/sffi.spl:441
rt_torch_tensor_full_int_2d	src/lib/nogc_sync_mut/torch/sffi.spl:444
rt_torch_tensor_load	src/lib/nogc_sync_mut/torch/sffi.spl:466
rt_torch_tensor_ones_int_1d	src/lib/nogc_sync_mut/torch/sffi.spl:435
rt_torch_tensor_ones_int_2d	src/lib/nogc_sync_mut/torch/sffi.spl:438
rt_torch_tensor_save	src/lib/nogc_sync_mut/torch/sffi.spl:463
rt_torch_tensor_zeros_int_1d	src/lib/nogc_sync_mut/torch/sffi.spl:429
rt_torch_tensor_zeros_int_2d	src/lib/nogc_sync_mut/torch/sffi.spl:432
rt_torch_torchtensor_acos	src/lib/common/torch/dyn_sffi_tensor_ops.spl:126
rt_torch_torchtensor_acos	src/lib/nogc_sync_mut/torch/sffi.spl:416
rt_torch_torchtensor_arange	src/lib/common/torch/dyn_sffi_ops.spl:476
rt_torch_torchtensor_asin	src/lib/common/torch/dyn_sffi_tensor_ops.spl:125
rt_torch_torchtensor_asin	src/lib/nogc_sync_mut/torch/sffi.spl:413
rt_torch_torchtensor_binary_op	src/lib/common/torch/dyn_sffi_tensor_ops.spl:232
rt_torch_torchtensor_cat_2	src/lib/common/torch/dyn_sffi_tensor_ops.spl:197
rt_torch_torchtensor_cat_3	src/lib/common/torch/dyn_sffi_tensor_ops.spl:198
rt_torch_torchtensor_cat_4	src/lib/common/torch/dyn_sffi_tensor_ops.spl:199
rt_torch_torchtensor_cos	src/lib/common/torch/dyn_sffi_tensor_ops.spl:123
rt_torch_torchtensor_cos	src/lib/nogc_sync_mut/torch/sffi.spl:407
rt_torch_torchtensor_eye	src/lib/common/torch/dyn_sffi_ops.spl:475
rt_torch_torchtensor_linspace	src/lib/common/torch/dyn_sffi_ops.spl:477
rt_torch_torchtensor_permute_3d	src/lib/common/torch/dyn_sffi_tensor_ops.spl:162
rt_torch_torchtensor_permute_4d	src/lib/common/torch/dyn_sffi_tensor_ops.spl:163
rt_torch_torchtensor_reshape_1d	src/lib/common/torch/dyn_sffi_tensor_ops.spl:157
rt_torch_torchtensor_reshape_2d	src/lib/common/torch/dyn_sffi_tensor_ops.spl:158
rt_torch_torchtensor_reshape_3d	src/lib/common/torch/dyn_sffi_tensor_ops.spl:159
rt_torch_torchtensor_reshape_4d	src/lib/common/torch/dyn_sffi_tensor_ops.spl:160
rt_torch_torchtensor_sin	src/lib/common/torch/dyn_sffi_tensor_ops.spl:122
rt_torch_torchtensor_sin	src/lib/nogc_sync_mut/torch/sffi.spl:404
rt_torch_torchtensor_stack_2	src/lib/common/torch/dyn_sffi_tensor_ops.spl:200
rt_torch_torchtensor_stack_3	src/lib/common/torch/dyn_sffi_tensor_ops.spl:201
rt_torch_torchtensor_stack_4	src/lib/common/torch/dyn_sffi_tensor_ops.spl:202
rt_torch_torchtensor_tan	src/lib/common/torch/dyn_sffi_tensor_ops.spl:124
rt_torch_torchtensor_tan	src/lib/nogc_sync_mut/torch/sffi.spl:410
rt_torch_torchtensor_to_float32	src/lib/nogc_sync_mut/torch/sffi.spl:456
rt_torch_torchtensor_to_int	src/lib/nogc_sync_mut/torch/sffi.spl:453
rt_total_memory	src/os/tools/proc/free_tool.spl:7
rt_type_check_ast	src/compiler/90.tools/sffi_gen/specs/compiler_query.spl:190
rt_type_registry_has	src/compiler/30.types/type_system/builtin_registry.spl:16
rt_type_registry_lookup	src/compiler/30.types/type_system/builtin_registry.spl:15
rt_uart_bytes_available	src/lib/nogc_async_mut_noalloc/tls/transport.spl:33
rt_uart_read_byte	src/lib/nogc_async_mut_noalloc/tls/transport.spl:32
rt_uart_write_byte	src/lib/nogc_async_mut_noalloc/tls/transport.spl:31
rt_udp_send	src/lib/nogc_sync_mut/terminal/power/host_power.spl:17
rt_used_memory	src/os/tools/proc/free_tool.spl:8
rt_user_heap_init	src/os/kernel/loader/x86_64_fs_exec_ring3.spl:59
rt_uuid_v4	src/compiler/80.driver/build_log.spl:8
rt_uuid_v4	src/lib/nogc_sync_mut/ffi/system.spl:122
rt_uuid_v4	src/lib/nogc_sync_mut/sffi/system.spl:126
rt_vec_f32x4_add	src/compiler_rust/lib/std/src/ext/simd/sffi.spl:12
rt_vec_f32x4_div	src/compiler_rust/lib/std/src/ext/simd/sffi.spl:15
rt_vec_f32x4_dot	src/compiler_rust/lib/std/src/ext/simd/sffi.spl:21
rt_vec_f32x4_extract	src/compiler_rust/lib/std/src/ext/simd/sffi.spl:25
rt_vec_f32x4_load	src/compiler_rust/lib/std/src/ext/simd/sffi.spl:8
rt_vec_f32x4_max	src/compiler_rust/lib/std/src/ext/simd/sffi.spl:20
rt_vec_f32x4_min	src/compiler_rust/lib/std/src/ext/simd/sffi.spl:19
rt_vec_f32x4_mul	src/compiler_rust/lib/std/src/ext/simd/sffi.spl:14
rt_vec_f32x4_new	src/compiler_rust/lib/std/src/ext/simd/sffi.spl:6
rt_vec_f32x4_splat	src/compiler_rust/lib/std/src/ext/simd/sffi.spl:7
rt_vec_f32x4_sqrt	src/compiler_rust/lib/std/src/ext/simd/sffi.spl:18
rt_vec_f32x4_store	src/compiler_rust/lib/std/src/ext/simd/sffi.spl:9
rt_vec_f32x4_sub	src/compiler_rust/lib/std/src/ext/simd/sffi.spl:13
rt_vec_f32x4_sum	src/compiler_rust/lib/std/src/ext/simd/sffi.spl:24
rt_virtio_gpu_write_ctrl_hdr	src/os/drivers/virtio/virtio_gpu.spl:88
rt_virtio_notify_addr	src/os/drivers/virtio/virtio_gpu.spl:83
rt_virtio_notify_write16	src/os/drivers/virtio/virtio_gpu.spl:84
rt_virtq_avail_slot_addr	src/os/drivers/virtio/virtio_gpu.spl:82
rt_virtq_write_req_resp_chain	src/os/drivers/virtio/virtio_gpu.spl:87
rt_vk3d_available	src/lib/nogc_sync_mut/gpu/engine3d/ffi_vulkan3d.spl:20
rt_vk3d_available	src/lib/nogc_sync_mut/gpu/engine3d/sffi_vulkan3d.spl:20
rt_vk3d_begin_frame	src/lib/nogc_sync_mut/gpu/engine3d/ffi_vulkan3d.spl:28
rt_vk3d_begin_frame	src/lib/nogc_sync_mut/gpu/engine3d/sffi_vulkan3d.spl:28
rt_vk3d_cmd_draw	src/lib/nogc_sync_mut/gpu/engine3d/ffi_vulkan3d.spl:30
rt_vk3d_cmd_draw	src/lib/nogc_sync_mut/gpu/engine3d/sffi_vulkan3d.spl:30
rt_vk3d_create_device	src/lib/nogc_sync_mut/gpu/engine3d/ffi_vulkan3d.spl:23
rt_vk3d_create_device	src/lib/nogc_sync_mut/gpu/engine3d/sffi_vulkan3d.spl:23
rt_vk3d_create_pipeline	src/lib/nogc_sync_mut/gpu/engine3d/ffi_vulkan3d.spl:27
rt_vk3d_create_pipeline	src/lib/nogc_sync_mut/gpu/engine3d/sffi_vulkan3d.spl:27
rt_vk3d_create_render_pass	src/lib/nogc_sync_mut/gpu/engine3d/ffi_vulkan3d.spl:26
rt_vk3d_create_render_pass	src/lib/nogc_sync_mut/gpu/engine3d/sffi_vulkan3d.spl:26
rt_vk3d_create_swapchain	src/lib/nogc_sync_mut/gpu/engine3d/ffi_vulkan3d.spl:25
rt_vk3d_create_swapchain	src/lib/nogc_sync_mut/gpu/engine3d/sffi_vulkan3d.spl:25
rt_vk3d_destroy_device	src/lib/nogc_sync_mut/gpu/engine3d/ffi_vulkan3d.spl:24
rt_vk3d_destroy_device	src/lib/nogc_sync_mut/gpu/engine3d/sffi_vulkan3d.spl:24
rt_vk3d_end_frame	src/lib/nogc_sync_mut/gpu/engine3d/ffi_vulkan3d.spl:29
rt_vk3d_end_frame	src/lib/nogc_sync_mut/gpu/engine3d/sffi_vulkan3d.spl:29
rt_vk3d_init	src/lib/nogc_sync_mut/gpu/engine3d/ffi_vulkan3d.spl:21
rt_vk3d_init	src/lib/nogc_sync_mut/gpu/engine3d/sffi_vulkan3d.spl:21
rt_vk3d_shutdown	src/lib/nogc_sync_mut/gpu/engine3d/ffi_vulkan3d.spl:22
rt_vk3d_shutdown	src/lib/nogc_sync_mut/gpu/engine3d/sffi_vulkan3d.spl:22
rt_vk_alloc_cmd_buffer	src/lib/nogc_sync_mut/gpu/engine2d/vulkan_session.spl:37
rt_vk_begin_cmd	src/lib/nogc_sync_mut/gpu/engine2d/vulkan_session.spl:38
rt_vk_cleanup	src/lib/gc_async_mut/gpu/engine2d/backend_vulkan_session_runtime_ops.spl:10
rt_vk_cleanup	src/lib/gc_async_mut/gpu/session/backend_runtime_ops.spl:12
rt_vk_clear	src/lib/gc_async_mut/gpu/engine2d/backend_vulkan_session_runtime_ops.spl:5
rt_vk_create_allocator	src/lib/nogc_sync_mut/gpu/engine2d/vulkan_session.spl:28
rt_vk_create_cmd_pool	src/lib/nogc_sync_mut/gpu/engine2d/vulkan_session.spl:29
rt_vk_create_descriptor_pool	src/lib/nogc_sync_mut/gpu/engine2d/vulkan_session.spl:31
rt_vk_create_device	src/lib/gc_async_mut/gpu/engine2d/backend_vulkan_session_runtime_ops.spl:2
rt_vk_create_device	src/lib/gc_async_mut/gpu/session/backend_runtime_ops.spl:9
rt_vk_create_device	src/lib/nogc_sync_mut/gpu/engine2d/vulkan_session.spl:26
rt_vk_create_instance	src/lib/nogc_sync_mut/gpu/engine2d/vulkan_session.spl:25
rt_vk_create_pipeline_cache	src/lib/nogc_sync_mut/gpu/engine2d/vulkan_session.spl:30
rt_vk_destroy_cmd_pool	src/lib/nogc_sync_mut/gpu/engine2d/vulkan_session.spl:45
rt_vk_destroy_device	src/lib/nogc_sync_mut/gpu/engine2d/vulkan_session.spl:33
rt_vk_destroy_instance	src/lib/nogc_sync_mut/gpu/engine2d/vulkan_session.spl:34
rt_vk_device_name	src/lib/nogc_sync_mut/gpu/engine2d/vulkan_session.spl:44
rt_vk_draw_rect	src/lib/gc_async_mut/gpu/engine2d/backend_vulkan_session_runtime_ops.spl:6
rt_vk_end_cmd	src/lib/nogc_sync_mut/gpu/engine2d/vulkan_session.spl:39
rt_vk_get_queue	src/lib/nogc_sync_mut/gpu/engine2d/vulkan_session.spl:27
rt_vk_has_glslc	src/lib/gc_async_mut/gpu/engine2d/backend_vulkan_session_runtime_ops.spl:4
rt_vk_has_spirv_support	src/lib/gc_async_mut/gpu/engine2d/backend_vulkan_session_runtime_ops.spl:3
rt_vk_instance_create	src/compiler_rust/lib/std/src/ext/gpu/sffi.spl:23
rt_vk_load_spirv	src/lib/nogc_sync_mut/gpu/engine2d/vulkan_session.spl:32
rt_vk_present	src/lib/gc_async_mut/gpu/engine2d/backend_vulkan_session_runtime_ops.spl:9
rt_vk_present	src/lib/gc_async_mut/gpu/session/backend_runtime_ops.spl:11
rt_vk_present	src/lib/nogc_sync_mut/gpu/engine2d/vulkan_session.spl:42
rt_vk_queue_submit	src/compiler_rust/lib/std/src/ext/gpu/sffi.spl:28
rt_vk_queue_submit	src/lib/nogc_sync_mut/gpu/engine2d/vulkan_session.spl:40
rt_vk_queue_wait_idle	src/lib/nogc_sync_mut/gpu/engine2d/vulkan_session.spl:41
rt_vk_readback	src/lib/gc_async_mut/gpu/engine2d/backend_vulkan_session_runtime_ops.spl:7
rt_vk_readback	src/lib/nogc_sync_mut/gpu/engine2d/vulkan_session.spl:43
rt_vk_submit	src/lib/gc_async_mut/gpu/engine2d/backend_vulkan_session_runtime_ops.spl:8
rt_vk_submit	src/lib/gc_async_mut/gpu/session/backend_runtime_ops.spl:10
rt_vulkan_api_version	src/lib/nogc_sync_mut/io/vulkan_sffi.spl:25
rt_wait_u16_change	src/os/drivers/virtio/virtio_gpu.spl:81
rt_webgpu_adapter_backend	src/lib/gc_async_mut/gpu/engine2d/backend_webgpu_proof_runtime_ops.spl:4
rt_webgpu_adapter_count	src/lib/nogc_sync_mut/gpu/engine2d/webgpu_ffi.spl:11
rt_webgpu_adapter_count	src/lib/nogc_sync_mut/gpu/engine2d/webgpu_sffi.spl:11
rt_webgpu_adapter_is_cpu	src/lib/nogc_sync_mut/gpu/engine2d/webgpu_ffi.spl:13
rt_webgpu_adapter_is_cpu	src/lib/nogc_sync_mut/gpu/engine2d/webgpu_sffi.spl:13
rt_webgpu_adapter_name	src/lib/gc_async_mut/gpu/engine2d/backend_webgpu_proof_runtime_ops.spl:3
rt_webgpu_adapter_name	src/lib/nogc_sync_mut/gpu/engine2d/webgpu_ffi.spl:12
rt_webgpu_adapter_name	src/lib/nogc_sync_mut/gpu/engine2d/webgpu_sffi.spl:12
rt_webgpu_cleanup	src/lib/gc_async_mut/gpu/engine2d/backend_webgpu_proof_runtime_ops.spl:8
rt_webgpu_cleanup	src/lib/gc_async_mut/gpu/session/backend_runtime_ops.spl:16
rt_webgpu_create_device	src/lib/gc_async_mut/gpu/engine2d/backend_webgpu_proof_runtime_ops.spl:2
rt_webgpu_create_device	src/lib/gc_async_mut/gpu/session/backend_runtime_ops.spl:13
rt_webgpu_is_stub	src/lib/gc_async_mut/gpu/engine2d/backend_webgpu_proof_runtime_ops.spl:5
rt_webgpu_submit	src/lib/gc_async_mut/gpu/engine2d/backend_webgpu_proof_runtime_ops.spl:6
rt_webgpu_submit	src/lib/gc_async_mut/gpu/session/backend_runtime_ops.spl:14
rt_wgpu_adapter_backend	src/lib/nogc_sync_mut/gpu/engine2d/webgpu_session.spl:25
rt_wgpu_adapter_name	src/lib/nogc_sync_mut/gpu/engine2d/webgpu_session.spl:24
rt_wgpu_cleanup	src/lib/nogc_sync_mut/gpu/engine2d/webgpu_session.spl:32
rt_wgpu_create_device	src/lib/nogc_sync_mut/gpu/engine2d/webgpu_session.spl:27
rt_wgpu_create_instance	src/lib/nogc_sync_mut/gpu/engine2d/webgpu_session.spl:22
rt_wgpu_create_shader	src/lib/nogc_sync_mut/gpu/engine2d/webgpu_session.spl:29
rt_wgpu_get_queue	src/lib/nogc_sync_mut/gpu/engine2d/webgpu_session.spl:28
rt_wgpu_is_stub	src/lib/nogc_sync_mut/gpu/engine2d/webgpu_session.spl:26
rt_wgpu_present	src/lib/nogc_sync_mut/gpu/engine2d/webgpu_session.spl:31
rt_wgpu_request_adapter	src/lib/nogc_sync_mut/gpu/engine2d/webgpu_session.spl:23
rt_wgpu_submit	src/lib/nogc_sync_mut/gpu/engine2d/webgpu_session.spl:30
rt_write_cr0	src/os/kernel/arch/x86_32/cpu.spl:55
rt_write_exec_memory	src/compiler/90.tools/sffi_gen/specs/exec_memory.spl:60
rt_write_f64	src/app/ffi_gen.specs/memory_syscalls.spl:58
rt_write_f64	src/compiler/90.tools/sffi_gen/specs/memory_syscalls.spl:58
rt_write_i32	src/app/ffi_gen.specs/memory_syscalls.spl:46
rt_write_i32	src/compiler/90.tools/sffi_gen/specs/memory_syscalls.spl:46
rt_write_i64	src/app/ffi_gen.specs/memory_syscalls.spl:52
rt_write_i64	src/compiler/90.tools/sffi_gen/specs/memory_syscalls.spl:52
rt_write_stdout	src/lib/nogc_sync_mut/io/serial_proxy.spl:13
rt_write_u8	src/app/ffi_gen.specs/memory_syscalls.spl:40
rt_write_u8	src/compiler/90.tools/sffi_gen/specs/memory_syscalls.spl:40
rt_ws_close	src/app/io/http_ffi.spl:79
rt_ws_close	src/app/io/http_sffi.spl:79
rt_ws_close	src/lib/nogc_sync_mut/io/http_sffi.spl:79
rt_ws_connect	src/app/io/http_ffi.spl:76
rt_ws_connect	src/app/io/http_sffi.spl:76
rt_ws_connect	src/lib/nogc_sync_mut/io/http_sffi.spl:76
rt_ws_receive	src/app/io/http_ffi.spl:78
rt_ws_receive	src/app/io/http_sffi.spl:78
rt_ws_receive	src/lib/nogc_sync_mut/io/http_sffi.spl:78
rt_ws_send	src/app/io/http_ffi.spl:77
rt_ws_send	src/app/io/http_sffi.spl:77
rt_ws_send	src/lib/nogc_sync_mut/io/http_sffi.spl:77
rt_x86_32_context_switch	src/os/kernel/arch/x86_32/context.spl:22
rt_x86_32_enter_user_first	src/os/kernel/arch/x86_32/user_entry.spl:25
rt_x86_32_fpu_restore	src/os/kernel/arch/x86_32/context.spl:24
rt_x86_32_fpu_save	src/os/kernel/arch/x86_32/context.spl:23
rt_x86_64_context_switch	src/os/kernel/arch/x86_64/context.spl:35
rt_x86_64_fpu_restore	src/os/kernel/arch/x86_64/context.spl:37
rt_x86_64_fpu_save	src/os/kernel/arch/x86_64/context.spl:36
rt_x86_ap_trampoline_phys	src/os/kernel/arch/x86_64/cpu.spl:180
rt_x86_context_restore	src/os/realtime/context/x86_64.spl:34
rt_x86_context_save	src/os/realtime/context/x86_64.spl:33
rt_x86_get_rsp	src/os/realtime/context/x86_64.spl:35
rt_x86_install_syscall_entry_raw	src/os/kernel/arch/x86_64/cpu.spl:87
rt_x86_prepare_ap_startup	src/os/kernel/arch/x86_64/cpu.spl:179
rt_x86_rdrand_or_rdtsc	src/os/kernel/arch_adapt/x86_64_hardening_probe.spl:9
rt_x86_read_cr0	src/os/kernel/arch_adapt/x86_64_hardening_probe.spl:6
rt_x86_read_cr4	src/os/kernel/arch_adapt/x86_64_hardening_probe.spl:7
rt_x86_read_efer	src/os/kernel/arch_adapt/x86_64_hardening_probe.spl:8
rt_x86_ring3_exit_rc	src/os/kernel/loader/x86_64_fs_exec_ring3.spl:64
rt_x86_syscall	src/os/userlib/syscall_raw.spl:9
rt_zip_add_data	src/app/io/compress_ffi.spl:28
rt_zip_add_data	src/lib/nogc_sync_mut/io/compress_sffi.spl:28
rt_zip_add_file	src/app/io/compress_ffi.spl:27
rt_zip_add_file	src/lib/nogc_sync_mut/io/compress_sffi.spl:27
rt_zip_close	src/app/io/compress_ffi.spl:32
rt_zip_close	src/lib/nogc_sync_mut/io/compress_sffi.spl:32
rt_zip_create	src/app/io/compress_ffi.spl:25
rt_zip_create	src/lib/nogc_sync_mut/io/compress_sffi.spl:25
rt_zip_extract	src/app/io/compress_ffi.spl:29
rt_zip_extract	src/lib/nogc_sync_mut/io/compress_sffi.spl:29
rt_zip_extract_file	src/app/io/compress_ffi.spl:30
rt_zip_extract_file	src/lib/nogc_sync_mut/io/compress_sffi.spl:30
rt_zip_list	src/app/io/compress_ffi.spl:31
rt_zip_list	src/lib/nogc_sync_mut/io/compress_sffi.spl:31
rt_zip_open	src/app/io/compress_ffi.spl:26
rt_zip_open	src/lib/nogc_sync_mut/io/compress_sffi.spl:26
runtime_set_backend	src/compiler_rust/lib/std/src/spec/mode_runner.spl:9
runtime_set_jit_enabled	src/compiler_rust/lib/std/src/spec/mode_runner.spl:8
send_smtp_message	src/compiler_rust/lib/std/src/tooling/dashboard/notify.spl:313
set_array_cap	src/runtime/simple_core/core_array_ops.spl:23
set_array_items	src/runtime/simple_core/core_array_ops.spl:21
set_array_len	src/runtime/simple_core/core_array_ops.spl:22
signal_deliver	src/os/apps/coreutils/kill.spl:8
simpleos_bare_exec_reset	src/os/kernel/loader/x86_64_fs_exec_spawn.spl:19
simpleos_current_cs	src/app/simpleos_tool/focused_pipeline.spl:20
simpleos_fat32_path_read_buffer_addr	src/os/apps/sshd/ssh_session.spl:206
simpleos_fat32_path_read_buffer_addr	src/os/kernel/loader/x86_64_fs_exec_spawn.spl:11
simpleos_fat32_path_read_buffer_addr	src/os/services/vfs/c_nvme_block_adapter.spl:25
simpleos_fat32_path_read_buffer_addr	src/os/services/vfs/vfs_init.spl:68
simpleos_fat32_read_path_array	src/os/services/vfs/c_nvme_block_adapter.spl:28
simpleos_fat32_read_path_array	src/os/services/vfs/vfs_init.spl:71
simpleos_fat32_read_path_size	src/os/services/vfs/c_nvme_block_adapter.spl:27
simpleos_fat32_read_path_size	src/os/services/vfs/vfs_init.spl:70
simpleos_fat32_read_path_size	src/os/services/vfs/vfs_write_ops.spl:33
simpleos_fat32_stream_open	src/os/apps/sshd/ssh_session.spl:202
simpleos_fat32_stream_open	src/os/kernel/loader/fs_exec_resolve.spl:44
simpleos_fat32_stream_open	src/os/kernel/loader/x86_64_fs_exec_spawn.spl:12
simpleos_fat32_stream_read_at	src/os/apps/sshd/ssh_session.spl:204
simpleos_fat32_stream_read_at	src/os/kernel/loader/x86_64_fs_exec_ring3.spl:46
simpleos_fat32_stream_read_at	src/os/kernel/loader/x86_64_fs_exec_spawn.spl:13
simpleos_nvme_write_sector	src/os/services/vfs/q35_pure_nvme_perf_boot.spl:34
spl_alloc_buffer	src/lib/nogc_async_mut/debug/remote/t32_sffi/t32_breakpoint.spl:8
spl_alloc_buffer	src/lib/nogc_async_mut/debug/remote/t32_sffi/t32_core.spl:8
spl_alloc_buffer	src/lib/nogc_async_mut/debug/remote/t32_sffi/t32_direct.spl:8
spl_alloc_buffer	src/lib/nogc_async_mut/debug/remote/t32_sffi/t32_fdx.spl:8
spl_alloc_buffer	src/lib/nogc_async_mut/debug/remote/t32_sffi/t32_memory.spl:8
spl_alloc_buffer	src/lib/nogc_async_mut/debug/remote/t32_sffi/t32_register.spl:8
spl_alloc_buffer	src/lib/nogc_async_mut/debug/remote/t32_sffi/t32_trace.spl:7
spl_alloc_buffer	src/lib/nogc_sync_mut/debug/remote/t32_ffi/t32_breakpoint.spl:8
spl_alloc_buffer	src/lib/nogc_sync_mut/debug/remote/t32_ffi/t32_core.spl:8
spl_alloc_buffer	src/lib/nogc_sync_mut/debug/remote/t32_ffi/t32_direct.spl:8
spl_alloc_buffer	src/lib/nogc_sync_mut/debug/remote/t32_ffi/t32_fdx.spl:8
spl_alloc_buffer	src/lib/nogc_sync_mut/debug/remote/t32_ffi/t32_memory.spl:8
spl_alloc_buffer	src/lib/nogc_sync_mut/debug/remote/t32_ffi/t32_register.spl:8
spl_alloc_buffer	src/lib/nogc_sync_mut/debug/remote/t32_ffi/t32_trace.spl:7
spl_alloc_buffer	src/lib/nogc_sync_mut/debug/remote/t32_sffi/t32_breakpoint.spl:8
spl_alloc_buffer	src/lib/nogc_sync_mut/debug/remote/t32_sffi/t32_core.spl:8
spl_alloc_buffer	src/lib/nogc_sync_mut/debug/remote/t32_sffi/t32_direct.spl:8
spl_alloc_buffer	src/lib/nogc_sync_mut/debug/remote/t32_sffi/t32_fdx.spl:8
spl_alloc_buffer	src/lib/nogc_sync_mut/debug/remote/t32_sffi/t32_memory.spl:8
spl_alloc_buffer	src/lib/nogc_sync_mut/debug/remote/t32_sffi/t32_register.spl:8
spl_alloc_buffer	src/lib/nogc_sync_mut/debug/remote/t32_sffi/t32_trace.spl:7
spl_cstr_to_str	src/lib/nogc_async_mut/debug/remote/t32_sffi/t32_core.spl:186
spl_cstr_to_str	src/lib/nogc_async_mut/debug/remote/t32_sffi/t32_core.spl:205
spl_cstr_to_str	src/lib/nogc_async_mut/debug/remote/t32_sffi/t32_direct.spl:86
spl_cstr_to_str	src/lib/nogc_async_mut/debug/remote/t32_sffi/t32_direct.spl:108
spl_cstr_to_str	src/lib/nogc_async_mut/debug/remote/t32_sffi/t32_register.spl:113
spl_cstr_to_str	src/lib/nogc_async_mut/debug/remote/t32_sffi/t32_register.spl:139
spl_cstr_to_str	src/lib/nogc_async_mut/debug/remote/t32_sffi/t32_register.spl:159
spl_cstr_to_str	src/lib/nogc_async_mut/debug/remote/t32_sffi/t32_register.spl:208
spl_cstr_to_str	src/lib/nogc_sync_mut/debug/remote/t32_ffi/t32_core.spl:186
spl_cstr_to_str	src/lib/nogc_sync_mut/debug/remote/t32_ffi/t32_core.spl:205
spl_cstr_to_str	src/lib/nogc_sync_mut/debug/remote/t32_ffi/t32_direct.spl:86
spl_cstr_to_str	src/lib/nogc_sync_mut/debug/remote/t32_ffi/t32_direct.spl:108
spl_cstr_to_str	src/lib/nogc_sync_mut/debug/remote/t32_ffi/t32_register.spl:113
spl_cstr_to_str	src/lib/nogc_sync_mut/debug/remote/t32_ffi/t32_register.spl:139
spl_cstr_to_str	src/lib/nogc_sync_mut/debug/remote/t32_ffi/t32_register.spl:159
spl_cstr_to_str	src/lib/nogc_sync_mut/debug/remote/t32_ffi/t32_register.spl:208
spl_cstr_to_str	src/lib/nogc_sync_mut/debug/remote/t32_sffi/t32_core.spl:186
spl_cstr_to_str	src/lib/nogc_sync_mut/debug/remote/t32_sffi/t32_core.spl:205
spl_cstr_to_str	src/lib/nogc_sync_mut/debug/remote/t32_sffi/t32_direct.spl:86
spl_cstr_to_str	src/lib/nogc_sync_mut/debug/remote/t32_sffi/t32_direct.spl:108
spl_cstr_to_str	src/lib/nogc_sync_mut/debug/remote/t32_sffi/t32_register.spl:113
spl_cstr_to_str	src/lib/nogc_sync_mut/debug/remote/t32_sffi/t32_register.spl:139
spl_cstr_to_str	src/lib/nogc_sync_mut/debug/remote/t32_sffi/t32_register.spl:159
spl_cstr_to_str	src/lib/nogc_sync_mut/debug/remote/t32_sffi/t32_register.spl:208
spl_free_buffer	src/lib/nogc_async_mut/debug/remote/t32_sffi/t32_breakpoint.spl:9
spl_free_buffer	src/lib/nogc_async_mut/debug/remote/t32_sffi/t32_core.spl:9
spl_free_buffer	src/lib/nogc_async_mut/debug/remote/t32_sffi/t32_direct.spl:9
spl_free_buffer	src/lib/nogc_async_mut/debug/remote/t32_sffi/t32_fdx.spl:9
spl_free_buffer	src/lib/nogc_async_mut/debug/remote/t32_sffi/t32_memory.spl:9
spl_free_buffer	src/lib/nogc_async_mut/debug/remote/t32_sffi/t32_register.spl:9
spl_free_buffer	src/lib/nogc_async_mut/debug/remote/t32_sffi/t32_trace.spl:8
spl_free_buffer	src/lib/nogc_sync_mut/debug/remote/t32_ffi/t32_breakpoint.spl:9
spl_free_buffer	src/lib/nogc_sync_mut/debug/remote/t32_ffi/t32_core.spl:9
spl_free_buffer	src/lib/nogc_sync_mut/debug/remote/t32_ffi/t32_direct.spl:9
spl_free_buffer	src/lib/nogc_sync_mut/debug/remote/t32_ffi/t32_fdx.spl:9
spl_free_buffer	src/lib/nogc_sync_mut/debug/remote/t32_ffi/t32_memory.spl:9
spl_free_buffer	src/lib/nogc_sync_mut/debug/remote/t32_ffi/t32_register.spl:9
spl_free_buffer	src/lib/nogc_sync_mut/debug/remote/t32_ffi/t32_trace.spl:8
spl_free_buffer	src/lib/nogc_sync_mut/debug/remote/t32_sffi/t32_breakpoint.spl:9
spl_free_buffer	src/lib/nogc_sync_mut/debug/remote/t32_sffi/t32_core.spl:9
spl_free_buffer	src/lib/nogc_sync_mut/debug/remote/t32_sffi/t32_direct.spl:9
spl_free_buffer	src/lib/nogc_sync_mut/debug/remote/t32_sffi/t32_fdx.spl:9
spl_free_buffer	src/lib/nogc_sync_mut/debug/remote/t32_sffi/t32_memory.spl:9
spl_free_buffer	src/lib/nogc_sync_mut/debug/remote/t32_sffi/t32_register.spl:9
spl_free_buffer	src/lib/nogc_sync_mut/debug/remote/t32_sffi/t32_trace.spl:8
spl_read_bytes	src/lib/nogc_async_mut/debug/remote/t32_sffi/t32_breakpoint.spl:10
spl_read_bytes	src/lib/nogc_async_mut/debug/remote/t32_sffi/t32_fdx.spl:10
spl_read_bytes	src/lib/nogc_async_mut/debug/remote/t32_sffi/t32_memory.spl:11
spl_read_bytes	src/lib/nogc_async_mut/debug/remote/t32_sffi/t32_register.spl:10
spl_read_bytes	src/lib/nogc_async_mut/debug/remote/t32_sffi/t32_trace.spl:9
spl_read_bytes	src/lib/nogc_sync_mut/debug/remote/t32_ffi/t32_breakpoint.spl:10
spl_read_bytes	src/lib/nogc_sync_mut/debug/remote/t32_ffi/t32_fdx.spl:10
spl_read_bytes	src/lib/nogc_sync_mut/debug/remote/t32_ffi/t32_memory.spl:11
spl_read_bytes	src/lib/nogc_sync_mut/debug/remote/t32_ffi/t32_register.spl:10
spl_read_bytes	src/lib/nogc_sync_mut/debug/remote/t32_ffi/t32_trace.spl:9
spl_read_bytes	src/lib/nogc_sync_mut/debug/remote/t32_sffi/t32_breakpoint.spl:10
spl_read_bytes	src/lib/nogc_sync_mut/debug/remote/t32_sffi/t32_fdx.spl:10
spl_read_bytes	src/lib/nogc_sync_mut/debug/remote/t32_sffi/t32_memory.spl:11
spl_read_bytes	src/lib/nogc_sync_mut/debug/remote/t32_sffi/t32_register.spl:10
spl_read_bytes	src/lib/nogc_sync_mut/debug/remote/t32_sffi/t32_trace.spl:9
spl_read_i32	src/lib/nogc_async_mut/debug/remote/t32_sffi/t32_breakpoint.spl:41
spl_read_i32	src/lib/nogc_async_mut/debug/remote/t32_sffi/t32_breakpoint.spl:62
spl_read_i32	src/lib/nogc_async_mut/debug/remote/t32_sffi/t32_core.spl:140
spl_read_i32	src/lib/nogc_async_mut/debug/remote/t32_sffi/t32_core.spl:155
spl_read_i32	src/lib/nogc_async_mut/debug/remote/t32_sffi/t32_core.spl:187
spl_read_i32	src/lib/nogc_async_mut/debug/remote/t32_sffi/t32_direct.spl:10
spl_read_i32	src/lib/nogc_async_mut/debug/remote/t32_sffi/t32_direct.spl:87
spl_read_i32	src/lib/nogc_async_mut/debug/remote/t32_sffi/t32_memory.spl:136
spl_read_i32	src/lib/nogc_async_mut/debug/remote/t32_sffi/t32_register.spl:55
spl_read_i32	src/lib/nogc_async_mut/debug/remote/t32_sffi/t32_register.spl:111
spl_read_i32	src/lib/nogc_async_mut/debug/remote/t32_sffi/t32_register.spl:140
spl_read_i32	src/lib/nogc_async_mut/debug/remote/t32_sffi/t32_register.spl:160
spl_read_i32	src/lib/nogc_async_mut/debug/remote/t32_sffi/t32_register.spl:180
spl_read_i32	src/lib/nogc_async_mut/debug/remote/t32_sffi/t32_register.spl:209
spl_read_i32	src/lib/nogc_async_mut/debug/remote/t32_sffi/t32_trace.spl:32
spl_read_i32	src/lib/nogc_sync_mut/debug/remote/t32_ffi/t32_breakpoint.spl:41
spl_read_i32	src/lib/nogc_sync_mut/debug/remote/t32_ffi/t32_breakpoint.spl:62
spl_read_i32	src/lib/nogc_sync_mut/debug/remote/t32_ffi/t32_core.spl:140
spl_read_i32	src/lib/nogc_sync_mut/debug/remote/t32_ffi/t32_core.spl:155
spl_read_i32	src/lib/nogc_sync_mut/debug/remote/t32_ffi/t32_core.spl:187
spl_read_i32	src/lib/nogc_sync_mut/debug/remote/t32_ffi/t32_direct.spl:10
spl_read_i32	src/lib/nogc_sync_mut/debug/remote/t32_ffi/t32_direct.spl:87
spl_read_i32	src/lib/nogc_sync_mut/debug/remote/t32_ffi/t32_memory.spl:136
spl_read_i32	src/lib/nogc_sync_mut/debug/remote/t32_ffi/t32_register.spl:55
spl_read_i32	src/lib/nogc_sync_mut/debug/remote/t32_ffi/t32_register.spl:111
spl_read_i32	src/lib/nogc_sync_mut/debug/remote/t32_ffi/t32_register.spl:140
spl_read_i32	src/lib/nogc_sync_mut/debug/remote/t32_ffi/t32_register.spl:160
spl_read_i32	src/lib/nogc_sync_mut/debug/remote/t32_ffi/t32_register.spl:180
spl_read_i32	src/lib/nogc_sync_mut/debug/remote/t32_ffi/t32_register.spl:209
spl_read_i32	src/lib/nogc_sync_mut/debug/remote/t32_ffi/t32_trace.spl:32
spl_read_i32	src/lib/nogc_sync_mut/debug/remote/t32_sffi/t32_breakpoint.spl:41
spl_read_i32	src/lib/nogc_sync_mut/debug/remote/t32_sffi/t32_breakpoint.spl:62
spl_read_i32	src/lib/nogc_sync_mut/debug/remote/t32_sffi/t32_core.spl:140
spl_read_i32	src/lib/nogc_sync_mut/debug/remote/t32_sffi/t32_core.spl:155
spl_read_i32	src/lib/nogc_sync_mut/debug/remote/t32_sffi/t32_core.spl:187
spl_read_i32	src/lib/nogc_sync_mut/debug/remote/t32_sffi/t32_direct.spl:10
spl_read_i32	src/lib/nogc_sync_mut/debug/remote/t32_sffi/t32_direct.spl:87
spl_read_i32	src/lib/nogc_sync_mut/debug/remote/t32_sffi/t32_memory.spl:136
spl_read_i32	src/lib/nogc_sync_mut/debug/remote/t32_sffi/t32_register.spl:55
spl_read_i32	src/lib/nogc_sync_mut/debug/remote/t32_sffi/t32_register.spl:111
spl_read_i32	src/lib/nogc_sync_mut/debug/remote/t32_sffi/t32_register.spl:140
spl_read_i32	src/lib/nogc_sync_mut/debug/remote/t32_sffi/t32_register.spl:160
spl_read_i32	src/lib/nogc_sync_mut/debug/remote/t32_sffi/t32_register.spl:180
spl_read_i32	src/lib/nogc_sync_mut/debug/remote/t32_sffi/t32_register.spl:209
spl_read_i32	src/lib/nogc_sync_mut/debug/remote/t32_sffi/t32_trace.spl:32
spl_read_ptr	src/lib/nogc_async_mut/debug/remote/t32_sffi/t32_register.spl:112
spl_read_ptr	src/lib/nogc_sync_mut/debug/remote/t32_ffi/t32_register.spl:112
spl_read_ptr	src/lib/nogc_sync_mut/debug/remote/t32_sffi/t32_register.spl:112
spl_read_u8	src/lib/nogc_async_mut/debug/remote/t32_sffi/t32_direct.spl:11
spl_read_u8	src/lib/nogc_sync_mut/debug/remote/t32_ffi/t32_direct.spl:11
spl_read_u8	src/lib/nogc_sync_mut/debug/remote/t32_sffi/t32_direct.spl:11
spl_str_to_cstr	src/lib/nogc_async_mut/debug/remote/t32_sffi/t32_breakpoint.spl:7
spl_str_to_cstr	src/lib/nogc_async_mut/debug/remote/t32_sffi/t32_core.spl:7
spl_str_to_cstr	src/lib/nogc_async_mut/debug/remote/t32_sffi/t32_direct.spl:7
spl_str_to_cstr	src/lib/nogc_async_mut/debug/remote/t32_sffi/t32_fdx.spl:7
spl_str_to_cstr	src/lib/nogc_async_mut/debug/remote/t32_sffi/t32_memory.spl:7
spl_str_to_cstr	src/lib/nogc_async_mut/debug/remote/t32_sffi/t32_register.spl:7
spl_str_to_cstr	src/lib/nogc_sync_mut/debug/remote/t32_ffi/t32_breakpoint.spl:7
spl_str_to_cstr	src/lib/nogc_sync_mut/debug/remote/t32_ffi/t32_core.spl:7
spl_str_to_cstr	src/lib/nogc_sync_mut/debug/remote/t32_ffi/t32_direct.spl:7
spl_str_to_cstr	src/lib/nogc_sync_mut/debug/remote/t32_ffi/t32_fdx.spl:7
spl_str_to_cstr	src/lib/nogc_sync_mut/debug/remote/t32_ffi/t32_memory.spl:7
spl_str_to_cstr	src/lib/nogc_sync_mut/debug/remote/t32_ffi/t32_register.spl:7
spl_str_to_cstr	src/lib/nogc_sync_mut/debug/remote/t32_sffi/t32_breakpoint.spl:7
spl_str_to_cstr	src/lib/nogc_sync_mut/debug/remote/t32_sffi/t32_core.spl:7
spl_str_to_cstr	src/lib/nogc_sync_mut/debug/remote/t32_sffi/t32_direct.spl:7
spl_str_to_cstr	src/lib/nogc_sync_mut/debug/remote/t32_sffi/t32_fdx.spl:7
spl_str_to_cstr	src/lib/nogc_sync_mut/debug/remote/t32_sffi/t32_memory.spl:7
spl_str_to_cstr	src/lib/nogc_sync_mut/debug/remote/t32_sffi/t32_register.spl:7
spl_write_bytes	src/lib/nogc_async_mut/debug/remote/t32_sffi/t32_fdx.spl:11
spl_write_bytes	src/lib/nogc_async_mut/debug/remote/t32_sffi/t32_memory.spl:10
spl_write_bytes	src/lib/nogc_async_mut/debug/remote/t32_sffi/t32_register.spl:11
spl_write_bytes	src/lib/nogc_sync_mut/debug/remote/t32_ffi/t32_fdx.spl:11
spl_write_bytes	src/lib/nogc_sync_mut/debug/remote/t32_ffi/t32_memory.spl:10
spl_write_bytes	src/lib/nogc_sync_mut/debug/remote/t32_ffi/t32_register.spl:11
spl_write_bytes	src/lib/nogc_sync_mut/debug/remote/t32_sffi/t32_fdx.spl:11
spl_write_bytes	src/lib/nogc_sync_mut/debug/remote/t32_sffi/t32_memory.spl:10
spl_write_bytes	src/lib/nogc_sync_mut/debug/remote/t32_sffi/t32_register.spl:11
spl_write_u8	src/lib/nogc_async_mut/debug/remote/t32_sffi/t32_direct.spl:12
spl_write_u8	src/lib/nogc_sync_mut/debug/remote/t32_ffi/t32_direct.spl:12
spl_write_u8	src/lib/nogc_sync_mut/debug/remote/t32_sffi/t32_direct.spl:12
task_alloc_id	src/lib/nogc_async_mut/async/sffi.spl:24
tcp_listener_accept	src/lib/gc_async_mut/net/ffi.spl:18
tcp_listener_accept	src/lib/gc_async_mut/net/sffi.spl:18
tcp_listener_accept	src/lib/nogc_async_mut/net/sffi.spl:18
tcp_listener_accept	src/lib/nogc_sync_mut/net/sffi.spl:18
tcp_listener_accept_timeout	src/lib/gc_async_mut/net/ffi.spl:19
tcp_listener_accept_timeout	src/lib/gc_async_mut/net/sffi.spl:19
tcp_listener_accept_timeout	src/lib/nogc_async_mut/net/sffi.spl:19
tcp_listener_accept_timeout	src/lib/nogc_sync_mut/net/sffi.spl:19
tcp_listener_bind	src/lib/gc_async_mut/net/ffi.spl:17
tcp_listener_bind	src/lib/gc_async_mut/net/sffi.spl:17
tcp_listener_bind	src/lib/nogc_async_mut/net/sffi.spl:17
tcp_listener_bind	src/lib/nogc_sync_mut/net/sffi.spl:17
tcp_listener_local_addr	src/lib/gc_async_mut/net/ffi.spl:20
tcp_listener_local_addr	src/lib/gc_async_mut/net/sffi.spl:20
tcp_listener_local_addr	src/lib/nogc_async_mut/net/sffi.spl:20
tcp_listener_local_addr	src/lib/nogc_sync_mut/net/sffi.spl:20
tcp_listener_set_nonblocking	src/lib/gc_async_mut/net/ffi.spl:21
tcp_listener_set_nonblocking	src/lib/gc_async_mut/net/sffi.spl:21
tcp_listener_set_nonblocking	src/lib/nogc_async_mut/net/sffi.spl:21
tcp_listener_set_nonblocking	src/lib/nogc_sync_mut/net/sffi.spl:21
tcp_stream_close	src/lib/gc_async_mut/net/ffi.spl:38
tcp_stream_close	src/lib/gc_async_mut/net/sffi.spl:38
tcp_stream_close	src/lib/nogc_async_mut/net/sffi.spl:38
tcp_stream_close	src/lib/nogc_sync_mut/net/sffi.spl:38
tcp_stream_close	src/lib/nogc_sync_mut/play/cdp/client.spl:622
tcp_stream_connect_timeout	src/lib/gc_async_mut/net/ffi.spl:25
tcp_stream_connect_timeout	src/lib/gc_async_mut/net/sffi.spl:25
tcp_stream_connect_timeout	src/lib/nogc_async_mut/net/sffi.spl:25
tcp_stream_connect_timeout	src/lib/nogc_sync_mut/net/sffi.spl:25
tcp_stream_connect_timeout	src/lib/nogc_sync_mut/play/cdp/client.spl:616
tcp_stream_flush	src/lib/gc_async_mut/net/ffi.spl:31
tcp_stream_flush	src/lib/gc_async_mut/net/sffi.spl:31
tcp_stream_flush	src/lib/nogc_async_mut/net/sffi.spl:31
tcp_stream_flush	src/lib/nogc_sync_mut/net/sffi.spl:31
tcp_stream_local_addr	src/lib/gc_async_mut/net/ffi.spl:33
tcp_stream_local_addr	src/lib/gc_async_mut/net/sffi.spl:33
tcp_stream_local_addr	src/lib/nogc_async_mut/net/sffi.spl:33
tcp_stream_local_addr	src/lib/nogc_sync_mut/net/sffi.spl:33
tcp_stream_peer_addr	src/lib/gc_async_mut/net/ffi.spl:32
tcp_stream_peer_addr	src/lib/gc_async_mut/net/sffi.spl:32
tcp_stream_peer_addr	src/lib/nogc_async_mut/net/sffi.spl:32
tcp_stream_peer_addr	src/lib/nogc_sync_mut/net/sffi.spl:32
tcp_stream_read	src/lib/gc_async_mut/net/ffi.spl:26
tcp_stream_read	src/lib/gc_async_mut/net/sffi.spl:26
tcp_stream_read	src/lib/nogc_async_mut/net/sffi.spl:26
tcp_stream_read	src/lib/nogc_sync_mut/net/sffi.spl:26
tcp_stream_read	src/lib/nogc_sync_mut/play/cdp/client.spl:617
tcp_stream_read_exact	src/lib/gc_async_mut/net/ffi.spl:27
tcp_stream_read_exact	src/lib/gc_async_mut/net/sffi.spl:27
tcp_stream_read_exact	src/lib/nogc_async_mut/net/sffi.spl:27
tcp_stream_read_exact	src/lib/nogc_sync_mut/net/sffi.spl:27
tcp_stream_read_line	src/lib/gc_async_mut/net/ffi.spl:28
tcp_stream_read_line	src/lib/gc_async_mut/net/sffi.spl:28
tcp_stream_read_line	src/lib/nogc_async_mut/net/sffi.spl:28
tcp_stream_read_line	src/lib/nogc_sync_mut/net/sffi.spl:28
tcp_stream_read_line	src/lib/nogc_sync_mut/play/cdp/client.spl:619
tcp_stream_set_nodelay	src/lib/gc_async_mut/net/ffi.spl:36
tcp_stream_set_nodelay	src/lib/gc_async_mut/net/sffi.spl:36
tcp_stream_set_nodelay	src/lib/nogc_async_mut/net/sffi.spl:36
tcp_stream_set_nodelay	src/lib/nogc_sync_mut/net/sffi.spl:36
tcp_stream_set_nodelay	src/lib/nogc_sync_mut/play/cdp/client.spl:621
tcp_stream_set_nonblocking	src/lib/gc_async_mut/net/ffi.spl:37
tcp_stream_set_nonblocking	src/lib/gc_async_mut/net/sffi.spl:37
tcp_stream_set_nonblocking	src/lib/nogc_async_mut/net/sffi.spl:37
tcp_stream_set_nonblocking	src/lib/nogc_sync_mut/net/sffi.spl:37
tcp_stream_set_read_timeout	src/lib/gc_async_mut/net/ffi.spl:34
tcp_stream_set_read_timeout	src/lib/gc_async_mut/net/sffi.spl:34
tcp_stream_set_read_timeout	src/lib/nogc_async_mut/net/sffi.spl:34
tcp_stream_set_read_timeout	src/lib/nogc_sync_mut/net/sffi.spl:34
tcp_stream_set_read_timeout	src/lib/nogc_sync_mut/play/cdp/client.spl:620
tcp_stream_set_write_timeout	src/lib/gc_async_mut/net/ffi.spl:35
tcp_stream_set_write_timeout	src/lib/gc_async_mut/net/sffi.spl:35
tcp_stream_set_write_timeout	src/lib/nogc_async_mut/net/sffi.spl:35
tcp_stream_set_write_timeout	src/lib/nogc_sync_mut/net/sffi.spl:35
tcp_stream_write	src/lib/gc_async_mut/net/ffi.spl:29
tcp_stream_write	src/lib/gc_async_mut/net/sffi.spl:29
tcp_stream_write	src/lib/nogc_async_mut/net/sffi.spl:29
tcp_stream_write	src/lib/nogc_sync_mut/net/sffi.spl:29
tcp_stream_write_all	src/lib/gc_async_mut/net/ffi.spl:30
tcp_stream_write_all	src/lib/gc_async_mut/net/sffi.spl:30
tcp_stream_write_all	src/lib/nogc_async_mut/net/sffi.spl:30
tcp_stream_write_all	src/lib/nogc_sync_mut/net/sffi.spl:30
tcp_stream_write_all	src/lib/nogc_sync_mut/play/cdp/client.spl:618
trampoline_invoke	src/os/posix/signal_dispatch.spl:9
tree_sitter_rust	src/compiler_rust/lib/std/src/mcp/multi_lang/rust_provider.spl:413
ts_node_child	src/compiler_rust/lib/std/src/mcp/multi_lang/rust_provider.spl:408
type_id_of	src/lib/gc_async_mut/gc.spl:631
type_id_of	src/lib/nogc_async_mut/gc.spl:649
type_id_of	src/lib/nogc_sync_mut/gc.spl:647
udp_socket_bind	src/lib/gc_async_mut/net/ffi.spl:44
udp_socket_bind	src/lib/gc_async_mut/net/sffi.spl:44
udp_socket_bind	src/lib/nogc_async_mut/net/sffi.spl:44
udp_socket_bind	src/lib/nogc_sync_mut/net/sffi.spl:44
udp_socket_close	src/lib/gc_async_mut/net/ffi.spl:57
udp_socket_close	src/lib/gc_async_mut/net/sffi.spl:57
udp_socket_close	src/lib/nogc_async_mut/net/sffi.spl:57
udp_socket_close	src/lib/nogc_sync_mut/net/sffi.spl:57
udp_socket_join_multicast	src/lib/gc_async_mut/net/ffi.spl:53
udp_socket_join_multicast	src/lib/gc_async_mut/net/sffi.spl:53
udp_socket_join_multicast	src/lib/nogc_async_mut/net/sffi.spl:53
udp_socket_join_multicast	src/lib/nogc_sync_mut/net/sffi.spl:53
udp_socket_leave_multicast	src/lib/gc_async_mut/net/ffi.spl:54
udp_socket_leave_multicast	src/lib/gc_async_mut/net/sffi.spl:54
udp_socket_leave_multicast	src/lib/nogc_async_mut/net/sffi.spl:54
udp_socket_leave_multicast	src/lib/nogc_sync_mut/net/sffi.spl:54
udp_socket_local_addr	src/lib/gc_async_mut/net/ffi.spl:50
udp_socket_local_addr	src/lib/gc_async_mut/net/sffi.spl:50
udp_socket_local_addr	src/lib/nogc_async_mut/net/sffi.spl:50
udp_socket_local_addr	src/lib/nogc_sync_mut/net/sffi.spl:50
udp_socket_recv	src/lib/gc_async_mut/net/ffi.spl:49
udp_socket_recv	src/lib/gc_async_mut/net/sffi.spl:49
udp_socket_recv	src/lib/nogc_async_mut/net/sffi.spl:49
udp_socket_recv	src/lib/nogc_sync_mut/net/sffi.spl:49
udp_socket_recv_from	src/lib/gc_async_mut/net/ffi.spl:45
udp_socket_recv_from	src/lib/gc_async_mut/net/sffi.spl:45
udp_socket_recv_from	src/lib/nogc_async_mut/net/sffi.spl:45
udp_socket_recv_from	src/lib/nogc_sync_mut/net/sffi.spl:45
udp_socket_send	src/lib/gc_async_mut/net/ffi.spl:48
udp_socket_send	src/lib/gc_async_mut/net/sffi.spl:48
udp_socket_send	src/lib/nogc_async_mut/net/sffi.spl:48
udp_socket_send	src/lib/nogc_sync_mut/net/sffi.spl:48
udp_socket_send_to	src/lib/gc_async_mut/net/ffi.spl:46
udp_socket_send_to	src/lib/gc_async_mut/net/sffi.spl:46
udp_socket_send_to	src/lib/nogc_async_mut/net/sffi.spl:46
udp_socket_send_to	src/lib/nogc_sync_mut/net/sffi.spl:46
udp_socket_set_broadcast	src/lib/gc_async_mut/net/ffi.spl:51
udp_socket_set_broadcast	src/lib/gc_async_mut/net/sffi.spl:51
udp_socket_set_broadcast	src/lib/nogc_async_mut/net/sffi.spl:51
udp_socket_set_broadcast	src/lib/nogc_sync_mut/net/sffi.spl:51
udp_socket_set_multicast_loop	src/lib/gc_async_mut/net/ffi.spl:52
udp_socket_set_multicast_loop	src/lib/gc_async_mut/net/sffi.spl:52
udp_socket_set_multicast_loop	src/lib/nogc_async_mut/net/sffi.spl:52
udp_socket_set_multicast_loop	src/lib/nogc_sync_mut/net/sffi.spl:52
udp_socket_set_nonblocking	src/lib/gc_async_mut/net/ffi.spl:56
udp_socket_set_nonblocking	src/lib/gc_async_mut/net/sffi.spl:56
udp_socket_set_nonblocking	src/lib/nogc_async_mut/net/sffi.spl:56
udp_socket_set_nonblocking	src/lib/nogc_sync_mut/net/sffi.spl:56
udp_socket_set_read_timeout	src/lib/gc_async_mut/net/ffi.spl:55
udp_socket_set_read_timeout	src/lib/gc_async_mut/net/sffi.spl:55
udp_socket_set_read_timeout	src/lib/nogc_async_mut/net/sffi.spl:55
udp_socket_set_read_timeout	src/lib/nogc_sync_mut/net/sffi.spl:55
unregister_array	src/runtime/simple_core/core_array_ops.spl:27
url_parse	src/lib/gc_async_mut/net/ffi.spl:69
url_parse	src/lib/gc_async_mut/net/sffi.spl:69
url_parse	src/lib/nogc_async_mut/net/sffi.spl:69
url_parse	src/lib/nogc_sync_mut/net/sffi.spl:69
utf8_bytes_of_t	test/01_unit/lib/driver/driver_manifest_test.spl:60
val_get_array	src/compiler/10.frontend/core/type_checker.spl:62
val_get_float	src/compiler/10.frontend/core/type_checker.spl:60
val_get_int	src/compiler/10.frontend/core/type_checker.spl:59
val_get_kind	src/compiler/10.frontend/core/type_checker.spl:58
val_get_struct_fields	src/compiler/10.frontend/core/type_checker.spl:64
val_get_struct_name	src/compiler/10.frontend/core/type_checker.spl:63
val_get_struct_values	src/compiler/10.frontend/core/type_checker.spl:65
val_get_text	src/compiler/10.frontend/core/type_checker.spl:61
vfs_chmod	src/os/apps/coreutils/chmod.spl:8
vfs_close	src/os/apps/coreutils/cat.spl:12
vfs_close	src/os/apps/coreutils/cp.spl:12
vfs_close	src/os/apps/simple_browser/main.spl:46
vfs_closedir	src/os/apps/coreutils/ls.spl:12
vfs_create	src/os/apps/coreutils/cp.spl:9
vfs_create	src/os/apps/simple_browser/main.spl:47
vfs_mkdir	src/os/apps/coreutils/mkdir.spl:10
vfs_open	src/os/apps/coreutils/cat.spl:10
vfs_open	src/os/apps/coreutils/cp.spl:8
vfs_open	src/os/apps/simple_browser/main.spl:43
vfs_opendir	src/os/apps/coreutils/ls.spl:10
vfs_read_all	src/os/apps/coreutils/cp.spl:10
vfs_read_all	src/os/apps/simple_browser/main.spl:45
vfs_read_line	src/os/apps/coreutils/cat.spl:11
vfs_read_line	src/os/apps/simple_browser/main.spl:44
vfs_readdir	src/os/apps/coreutils/ls.spl:11
vfs_rename	src/os/apps/coreutils/mv.spl:9
vfs_unlink	src/os/apps/coreutils/mv.spl:10
vfs_unlink	src/os/apps/coreutils/rm.spl:7
vfs_write_all	src/os/apps/coreutils/cp.spl:11
vfs_write_all	src/os/apps/simple_browser/main.spl:48
vscode_actions_apply_edit	src/compiler_rust/lib/std/src/vscode/actions.spl:10
vscode_actions_create_workspace_edit	src/compiler_rust/lib/std/src/vscode/actions.spl:6
vscode_actions_edit_delete	src/compiler_rust/lib/std/src/vscode/actions.spl:8
vscode_actions_edit_insert	src/compiler_rust/lib/std/src/vscode/actions.spl:7
vscode_actions_edit_replace	src/compiler_rust/lib/std/src/vscode/actions.spl:9
vscode_actions_register_provider	src/compiler_rust/lib/std/src/vscode/actions.spl:5
vscode_commands_execute	src/compiler_rust/lib/std/src/vscode/commands.spl:6
vscode_commands_get_commands	src/compiler_rust/lib/std/src/vscode/commands.spl:7
vscode_commands_register	src/compiler_rust/lib/std/src/vscode/commands.spl:5
vscode_debug_continue	src/compiler_rust/lib/std/src/vscode/dap.spl:10
vscode_debug_evaluate	src/compiler_rust/lib/std/src/vscode/dap.spl:16
vscode_debug_pause	src/compiler_rust/lib/std/src/vscode/dap.spl:14
vscode_debug_register_adapter	src/compiler_rust/lib/std/src/vscode/dap.spl:17
vscode_debug_set_breakpoint	src/compiler_rust/lib/std/src/vscode/dap.spl:9
vscode_debug_start_session	src/compiler_rust/lib/std/src/vscode/dap.spl:8
vscode_debug_step_into	src/compiler_rust/lib/std/src/vscode/dap.spl:12
vscode_debug_step_out	src/compiler_rust/lib/std/src/vscode/dap.spl:13
vscode_debug_step_over	src/compiler_rust/lib/std/src/vscode/dap.spl:11
vscode_debug_stop	src/compiler_rust/lib/std/src/vscode/dap.spl:15
vscode_document_provider_fire_change	src/compiler_rust/lib/std/src/vscode/document_provider.spl:6
vscode_document_provider_register	src/compiler_rust/lib/std/src/vscode/document_provider.spl:5
vscode_languages_create_diagnostic_collection	src/compiler_rust/lib/std/src/vscode/languages.spl:9
vscode_languages_register_code_actions	src/compiler_rust/lib/std/src/vscode/languages.spl:8
vscode_languages_register_completion	src/compiler_rust/lib/std/src/vscode/languages.spl:5
vscode_languages_register_definition	src/compiler_rust/lib/std/src/vscode/languages.spl:7
vscode_languages_register_hover	src/compiler_rust/lib/std/src/vscode/languages.spl:6
vscode_languages_set_diagnostics	src/compiler_rust/lib/std/src/vscode/languages.spl:10
vscode_tasks_execute_task	src/compiler_rust/lib/std/src/vscode/tasks.spl:8
vscode_tasks_fetch_tasks	src/compiler_rust/lib/std/src/vscode/tasks.spl:9
vscode_tasks_register_provider	src/compiler_rust/lib/std/src/vscode/tasks.spl:7
vscode_terminal_create	src/compiler_rust/lib/std/src/vscode/terminal.spl:5
vscode_terminal_dispose	src/compiler_rust/lib/std/src/vscode/terminal.spl:9
vscode_terminal_get_exit_status	src/compiler_rust/lib/std/src/vscode/terminal.spl:11
vscode_terminal_get_process_id	src/compiler_rust/lib/std/src/vscode/terminal.spl:10
vscode_terminal_hide	src/compiler_rust/lib/std/src/vscode/terminal.spl:8
vscode_terminal_on_exit	src/compiler_rust/lib/std/src/vscode/terminal.spl:255
vscode_terminal_send_text	src/compiler_rust/lib/std/src/vscode/terminal.spl:6
vscode_terminal_show	src/compiler_rust/lib/std/src/vscode/terminal.spl:7
vscode_tree_view_refresh	src/compiler_rust/lib/std/src/vscode/tree_view.spl:7
vscode_tree_view_register	src/compiler_rust/lib/std/src/vscode/tree_view.spl:5
vscode_tree_view_reveal	src/compiler_rust/lib/std/src/vscode/tree_view.spl:6
vscode_webview_create_panel	src/compiler_rust/lib/std/src/vscode/webview.spl:7
vscode_webview_dispose	src/compiler_rust/lib/std/src/vscode/webview.spl:10
vscode_webview_on_message	src/compiler_rust/lib/std/src/vscode/webview.spl:11
vscode_webview_post_message	src/compiler_rust/lib/std/src/vscode/webview.spl:8
vscode_webview_set_html	src/compiler_rust/lib/std/src/vscode/webview.spl:9
vscode_window_create_status_bar_item	src/compiler_rust/lib/std/src/vscode/window.spl:9
vscode_window_get_active_editor_uri	src/compiler_rust/lib/std/src/vscode/window.spl:13
vscode_window_show_error	src/compiler_rust/lib/std/src/vscode/window.spl:6
vscode_window_show_info	src/compiler_rust/lib/std/src/vscode/window.spl:8
vscode_window_show_message	src/compiler_rust/lib/std/src/vscode/window.spl:5
vscode_window_show_warning	src/compiler_rust/lib/std/src/vscode/window.spl:7
vscode_window_status_bar_hide	src/compiler_rust/lib/std/src/vscode/window.spl:12
vscode_window_status_bar_set_text	src/compiler_rust/lib/std/src/vscode/window.spl:10
vscode_window_status_bar_show	src/compiler_rust/lib/std/src/vscode/window.spl:11
vscode_workspace_close_text_document	src/compiler_rust/lib/std/src/vscode/workspace.spl:13
vscode_workspace_find_files	src/compiler_rust/lib/std/src/vscode/workspace.spl:10
vscode_workspace_get_configuration	src/compiler_rust/lib/std/src/vscode/workspace.spl:8
vscode_workspace_get_folders	src/compiler_rust/lib/std/src/vscode/workspace.spl:7
vscode_workspace_get_workspace_folder	src/compiler_rust/lib/std/src/vscode/workspace.spl:14
vscode_workspace_open_text_document	src/compiler_rust/lib/std/src/vscode/workspace.spl:11
vscode_workspace_save_text_document	src/compiler_rust/lib/std/src/vscode/workspace.spl:12
vscode_workspace_update_configuration	src/compiler_rust/lib/std/src/vscode/workspace.spl:9
wasm_lsp_initialize	src/compiler_rust/lib/std/src/vscode/wasm_lsp.spl:9
wasm_lsp_register_handler	src/compiler_rust/lib/std/src/vscode/wasm_lsp.spl:10
wasm_lsp_send_notification	src/compiler_rust/lib/std/src/vscode/wasm_lsp.spl:11
wasm_lsp_send_response	src/compiler_rust/lib/std/src/vscode/wasm_lsp.spl:12
write_header	src/lib/gc_async_mut/gc.spl:628
write_header	src/lib/nogc_async_mut/gc.spl:646
write_header	src/lib/nogc_sync_mut/gc.spl:644
write_header_field	src/lib/gc_async_mut/gc.spl:630
write_header_field	src/lib/nogc_async_mut/gc.spl:648
write_header_field	src/lib/nogc_sync_mut/gc.spl:646
