DOC_CONTENT_DRIFT	expected # Interpreter Hook API for Debugging	test/01_unit/app/dap/interpreter_hooks_spec.spl
DOC_CONTENT_DRIFT	expected # Interpreter Hook API for Debugging	test/01_unit/app/dap/interpreter_hooks_spec.spl
MISSING_SYMBOL_VAR	`NL`	test/01_unit/app/doc_coverage/compiler_integration_spec.spl
MISSING_SYMBOL_VAR	`NL`	test/01_unit/app/doc_coverage/compiler_integration_spec.spl
MISSING_SYMBOL_VAR	`NL`	test/01_unit/app/doc_coverage/compiler_integration_spec.spl
MISSING_SYMBOL_VAR	`NL`	test/01_unit/app/doc_coverage/compiler_integration_spec.spl
MISSING_SYMBOL_VAR	`NL`	test/01_unit/app/doc_coverage/compiler_integration_spec.spl
MISSING_SYMBOL_VAR	`NL`	test/01_unit/app/doc_coverage/compiler_integration_spec.spl
MISSING_SYMBOL_VAR	`NL`	test/01_unit/app/doc_coverage/compiler_integration_spec.spl
MISSING_SYMBOL_VAR	`vec`	test/01_unit/app/interpreter/collections/persistent_vec_intensive_spec.spl
MISSING_SYMBOL_VAR	`vec`	test/01_unit/app/interpreter/collections/persistent_vec_intensive_spec.spl
MISSING_SYMBOL_VAR	`vec`	test/01_unit/app/interpreter/collections/persistent_vec_intensive_spec.spl
MISSING_SYMBOL_METH	`first`	test/01_unit/app/interpreter/collections/persistent_vec_intensive_spec.spl
MISSING_SYMBOL_METH	`first`	test/01_unit/app/interpreter/collections/persistent_vec_intensive_spec.spl
MISSING_SYMBOL_VAR	`vec`	test/01_unit/app/interpreter/collections/persistent_vec_intensive_spec.spl
MISSING_SYMBOL_VAR	`vec`	test/01_unit/app/interpreter/collections/persistent_vec_intensive_spec.spl
MISSING_SYMBOL_VAR	`vec`	test/01_unit/app/interpreter/collections/persistent_vec_intensive_spec.spl
MISSING_SYMBOL_VAR	`vec`	test/01_unit/app/interpreter/collections/persistent_vec_intensive_spec.spl
MISSING_SYMBOL_VAR	`vec`	test/01_unit/app/interpreter/collections/persistent_vec_intensive_spec.spl
MISSING_SYMBOL_VAR	`vec`	test/01_unit/app/interpreter/collections/persistent_vec_intensive_spec.spl
MISSING_SYMBOL_VAR	`vec`	test/01_unit/app/interpreter/collections/persistent_vec_intensive_spec.spl
MISSING_SYMBOL_VAR	`vec`	test/01_unit/app/interpreter/collections/persistent_vec_intensive_spec.spl
MISSING_SYMBOL_VAR	`vec`	test/01_unit/app/interpreter/collections/persistent_vec_intensive_spec.spl
MISSING_SYMBOL_VAR	`vec`	test/01_unit/app/interpreter/collections/persistent_vec_intensive_spec.spl
MISSING_SYMBOL_VAR	`vec`	test/01_unit/app/interpreter/collections/persistent_vec_intensive_spec.spl
MISSING_SYMBOL_VAR	`vec`	test/01_unit/app/interpreter/collections/persistent_vec_intensive_spec.spl
DOC_CONTENT_DRIFT	expected # Symbol Table - Cross-module symbol	test/01_unit/app/interpreter/symbol_spec.spl
TYPE_MISMATCH	semantic: type mismatch: comparing string with integer	test/01_unit/compiler/50.mir/hwir_mir_function_extract_spec.spl
TYPE_MISMATCH	semantic: type mismatch: comparing string with integer	test/01_unit/compiler/50.mir/hwir_mir_function_extract_spec.spl
TYPE_MISMATCH	semantic: type mismatch: comparing string with integer	test/01_unit/compiler/50.mir/hwir_mir_function_extract_spec.spl
TYPE_MISMATCH	semantic: type mismatch: comparing string with integer	test/01_unit/compiler/50.mir/hwir_mir_function_extract_spec.spl
TYPE_MISMATCH	semantic: type mismatch: comparing string with integer	test/01_unit/compiler/50.mir/hwir_mir_function_extract_spec.spl
MISSING_SYMBOL_METH	`len`	test/01_unit/compiler/50.mir/hwir_retirement_composition_spec.spl
VALUE_MISMATCH	expected 0 to equal 4094	test/01_unit/compiler/50.mir/hwir_riscv_scalar_control_projection_spec.spl
MISSING_SYMBOL_FIELD	semantic: unknown static method rv32_zca on class CoreC	test/01_unit/compiler/50.mir/hwir_riscv_scalar_control_projection_spec.spl
MISSING_SYMBOL_FIELD	semantic: unknown static method rv32_zca on class CoreC	test/01_unit/compiler/50.mir/hwir_riscv_scalar_control_projection_spec.spl
MISSING_SYMBOL_METH	`to_text`	test/01_unit/compiler/50.mir/hwir_riscv_scalar_retirement_owner_spec.spl
UNIMPLEMENTED_BACKEND	semantic: called unwrap on Err: HWIR-E-HOST-EVAL-OP: un	test/01_unit/compiler/50.mir/hwir_riscv_scalar_trap_projection_spec.spl
UNIMPLEMENTED_BACKEND	semantic: called unwrap on Err: HWIR-E-HOST-EVAL-OP: un	test/01_unit/compiler/50.mir/hwir_riscv_scalar_trap_projection_spec.spl
VALUE_MISMATCH	expected 7 to equal 4	test/01_unit/compiler/60.mir_opt/.spipe_wrapped_entry_general_patterns_spec.spl
VALUE_MISMATCH	expected 7 to equal 4	test/01_unit/compiler/60.mir_opt/.spipe_wrapped_entry_general_patterns_spec.spl
VALUE_MISMATCH	expected 7 to equal 4	test/01_unit/compiler/60.mir_opt/.spipe_wrapped_entry_general_patterns_spec.spl
VALUE_MISMATCH	expected 7 to equal 4	test/01_unit/compiler/60.mir_opt/.spipe_wrapped_entry_general_patterns_spec.spl
VALUE_MISMATCH	expected 7 to equal 4	test/01_unit/compiler/60.mir_opt/.spipe_wrapped_entry_general_patterns_spec.spl
SEMANTIC_OTHER	semantic: invalid operation: cannot index value of type	test/01_unit/compiler/60.mir_opt/optimizer_manifest_backend_budget_spec.spl
UNIMPLEMENTED_BACKEND	semantic: panic: compile error: C backend does not supp	test/01_unit/compiler/backend/backend_capability_spec.spl
UNIMPLEMENTED_BACKEND	semantic: panic: compile error: C backend does not supp	test/01_unit/compiler/backend/backend_capability_spec.spl
UNIMPLEMENTED_BACKEND	semantic: panic: compile error: LLVM backend does not s	test/01_unit/compiler/backend/backend_capability_spec.spl
UNIMPLEMENTED_BACKEND	semantic: panic: compile error: LLVM backend does not s	test/01_unit/compiler/backend/backend_capability_spec.spl
UNIMPLEMENTED_BACKEND	semantic: panic: compile error: LLVM backend does not s	test/01_unit/compiler/backend/backend_capability_spec.spl
UNIMPLEMENTED_BACKEND	semantic: panic: compile error: LLVM backend does not s	test/01_unit/compiler/backend/backend_capability_spec.spl
DOC_CONTENT_DRIFT	expected # Part 1 of src/compiler/70.backend/	test/01_unit/compiler/backend/bootstrap_llvm_entry_symbol_source_spec.spl
DOC_CONTENT_DRIFT	expected # Part 1 of src/compiler/70.backend/	test/01_unit/compiler/backend/bootstrap_llvm_entry_symbol_source_spec.spl
DOC_CONTENT_DRIFT	expected # Part 1 of src/compiler/70.backend/	test/01_unit/compiler/backend/bootstrap_llvm_entry_symbol_source_spec.spl
DOC_CONTENT_DRIFT	expected # Part 1 of src/compiler/70.backend/	test/01_unit/compiler/backend/bootstrap_llvm_entry_symbol_source_spec.spl
UNIMPLEMENTED_BACKEND	semantic: panic: compile error: C backend does not supp	test/01_unit/compiler/backend/c_backend_async_spec.spl
UNIMPLEMENTED_BACKEND	semantic: panic: compile error: C backend does not supp	test/01_unit/compiler/backend/c_backend_async_spec.spl
UNIMPLEMENTED_BACKEND	semantic: panic: compile error: C backend does not supp	test/01_unit/compiler/backend/c_backend_async_spec.spl
DOC_CONTENT_DRIFT	expected #!/bin/sh	test/01_unit/compiler/backend/cranelift_aggregate_runtime_abi_spec.spl
VALUE_MISMATCH	expected <fn:check> to contain zero-arg-	test/01_unit/compiler/backend/cranelift_aggregate_runtime_abi_spec.spl
DOC_CONTENT_DRIFT	expected # Part of src/compiler/50.mir/mir_lo	test/01_unit/compiler/backend/cranelift_aggregate_runtime_abi_spec.spl
DOC_CONTENT_DRIFT	expected # Cranelift Codegen Adapter	test/01_unit/compiler/backend/cranelift_aggregate_runtime_abi_spec.spl
DOC_CONTENT_DRIFT	expected # Cranelift Codegen Adapter	test/01_unit/compiler/backend/cranelift_aggregate_runtime_abi_spec.spl
VALUE_MISMATCH	expected true to equal false	test/01_unit/compiler/backend/cranelift_aggregate_runtime_abi_spec.spl
VALUE_MISMATCH	expected true to equal false	test/01_unit/compiler/backend/cranelift_aggregate_runtime_abi_spec.spl
MISSING_SYMBOL_VAR	`MirLowering`	test/01_unit/compiler/backend/cuda_source_global_pointer_abi_spec.spl
MISSING_SYMBOL_VAR	`MirLowering`	test/01_unit/compiler/backend/cuda_source_global_pointer_abi_spec.spl
MISSING_SYMBOL_VAR	`MirLowering`	test/01_unit/compiler/backend/cuda_source_global_pointer_abi_spec.spl
DOC_CONTENT_DRIFT	expected # Interpreter Backend - Tree-walking	test/01_unit/compiler/backend/interpreter_backend_spec.spl
VALUE_MISMATCH	expected 26768 to be greater than 26839	test/01_unit/compiler/backend/interpreter_backend_spec.spl
VALUE_MISMATCH	expected unimplemented to equal unknown	test/01_unit/compiler/backend/intrinsic_lowering_aarch64_spec.spl
VALUE_MISMATCH	expected  to equal Float	test/01_unit/compiler/backend/lean_backend_spec.spl
VALUE_MISMATCH	expected  to equal >>>	test/01_unit/compiler/backend/lean_backend_spec.spl
MISSING_SYMBOL_METH	`translate_terminator`	test/01_unit/compiler/backend/llvm_bitcast_pointer_bool_spec.spl
MISSING_SYMBOL_METH	`translate_terminator`	test/01_unit/compiler/backend/llvm_bitcast_pointer_bool_spec.spl
MISSING_SYMBOL_METH	`translate_terminator`	test/01_unit/compiler/backend/llvm_bitcast_pointer_bool_spec.spl
MISSING_SYMBOL_METH	`translate_terminator`	test/01_unit/compiler/backend/llvm_bitcast_pointer_bool_spec.spl
VALUE_MISMATCH	expected true to equal false	test/01_unit/compiler/backend/llvm_copy_move_alloc_spec.spl
MISSING_SYMBOL_FIELD	semantic: undefined field: unknown property or method '	test/01_unit/compiler/backend/llvm_inline_asm_template_spec.spl
MISSING_SYMBOL_FIELD	semantic: undefined field: unknown property or method '	test/01_unit/compiler/backend/llvm_inline_asm_template_spec.spl
MISSING_SYMBOL_FIELD	semantic: undefined field: unknown property or method '	test/01_unit/compiler/backend/llvm_inline_asm_template_spec.spl
MISSING_SYMBOL_VAR	`header_target`	test/01_unit/compiler/backend/llvm_ir_builder_target_header_lifetime_spec.spl
DOC_CONTENT_DRIFT	expected # LLVM Lib Translate Expr — Instruct	test/01_unit/compiler/backend/llvm_lib_backend_spec.spl
DOC_CONTENT_DRIFT	expected # LLVM Lib Translate Expr — Instruct	test/01_unit/compiler/backend/llvm_lib_backend_spec.spl
UNIMPLEMENTED_BACKEND	semantic: panic: compile error: LLVM backend does not s	test/01_unit/compiler/backend/llvm_matrix_lowering_spec.spl
UNIMPLEMENTED_BACKEND	semantic: panic: compile error: LLVM backend does not s	test/01_unit/compiler/backend/llvm_matrix_lowering_spec.spl
TYPE_MISMATCH	semantic: type mismatch: cannot convert object to int	test/01_unit/compiler/backend/llvm_mutable_global_static_spec.spl
TYPE_MISMATCH	semantic: type mismatch: cannot convert object to int	test/01_unit/compiler/backend/llvm_mutable_global_static_spec.spl
TYPE_MISMATCH	semantic: type mismatch: cannot convert object to int	test/01_unit/compiler/backend/llvm_mutable_global_static_spec.spl
VALUE_MISMATCH	expected ; ModuleID = 'test.llvm.literal	test/01_unit/compiler/backend/llvm_mutable_global_static_spec.spl
MISSING_SYMBOL_FN	`runtime_value`	test/01_unit/compiler/backend/llvm_mutable_global_static_spec.spl
SEMANTIC_OTHER	semantic: function expects argument for parameter 'dbg_	test/01_unit/compiler/backend/llvm_opt_pipeline_spec.spl
VALUE_MISMATCH	expected ; TBAA metadata	test/01_unit/compiler/backend/llvm_opt_pipeline_spec.spl
MISSING_SYMBOL_METH	`translate_terminator`	test/01_unit/compiler/backend/llvm_pointer_return_null_spec.spl
DOC_CONTENT_DRIFT	expected # LLVM Lib Translate Expr — Instruct	test/01_unit/compiler/backend/llvm_pointer_return_null_spec.spl
SEMANTIC_OTHER	semantic: function expects argument for parameter 'raw_	test/01_unit/compiler/backend/llvm_pointer_return_null_spec.spl
SEMANTIC_OTHER	semantic: function expects argument for parameter 'raw_	test/01_unit/compiler/backend/llvm_pointer_return_null_spec.spl
DOC_CONTENT_DRIFT	expected # LLVM IR Builder	test/01_unit/compiler/backend/llvm_simd_array_abi_spec.spl
VALUE_MISMATCH	expected /*	test/01_unit/compiler/backend/llvm_simd_array_abi_spec.spl
VALUE_MISMATCH	expected  to contain keep-me	test/01_unit/compiler/backend/logger_native_probe_spec.spl
VALUE_MISMATCH	expected -1 to equal 0	test/01_unit/compiler/backend/native/isel_riscv32_spec.spl
VALUE_MISMATCH	expected -1 to equal 0	test/01_unit/compiler/backend/native/isel_riscv64_spec.spl
UNIMPLEMENTED_BACKEND	semantic: panic: x86_64 SIMD selection rejected: simd-c	test/01_unit/compiler/backend/native/isel_x86_64_spec.spl
UNIMPLEMENTED_BACKEND	semantic: panic: x86_64 SIMD selection rejected: simd-c	test/01_unit/compiler/backend/native/isel_x86_64_spec.spl
MISSING_SYMBOL_FIELD	semantic: undefined field 'symbol': cannot access field	test/01_unit/compiler/backend/native/x86_avx2_mir_route_spec.spl
OTHER	assert_equal failed: expected 4, got 7	test/01_unit/compiler/backend/native/x86_avx2_mir_route_spec.spl
OTHER	assert_true failed: got false	test/01_unit/compiler/backend/native/x86_avx2_mir_route_spec.spl
MISSING_SYMBOL_VAR	`value`	test/01_unit/compiler/backend/numeric_interpolation_abi_spec.spl
DOC_CONTENT_DRIFT	expected # Native runtime probe for stage3_nu	test/01_unit/compiler/backend/numeric_interpolation_abi_spec.spl
DOC_CONTENT_DRIFT	expected # LLVM Backend	test/01_unit/compiler/backend/rt_extern_decl_arity_spec.spl
DOC_CONTENT_DRIFT	expected # LLVM Lib Translate — Module/Functi	test/01_unit/compiler/backend/rt_extern_decl_arity_spec.spl
OTHER	assert_false failed: got true	test/01_unit/compiler/backend/rt_extern_decl_arity_spec.spl
MISSING_SYMBOL_VAR	`plan`	test/01_unit/compiler/backend/runtime_compiler_spec.spl
VALUE_MISMATCH	expected PROBE_RC=127	test/01_unit/compiler/backend/runtime_compiler_spec.spl
VALUE_MISMATCH	expected /* Hosted dynamic loading for p	test/01_unit/compiler/backend/runtime_dynload_owner_source_spec.spl
VALUE_MISMATCH	expected /*	test/01_unit/compiler/backend/runtime_timestamp_owner_source_spec.spl
DOC_CONTENT_DRIFT	expected # Compatibility facade: app.io.time_	test/01_unit/compiler/backend/runtime_timestamp_owner_source_spec.spl
MISSING_SYMBOL_FN	`simpleos_forbidden_allocator_symbols_from_names`	test/01_unit/compiler/backend/simpleos_forbidden_allocator_guard_spec.spl
MISSING_SYMBOL_FN	`simpleos_forbidden_allocator_symbols_from_names`	test/01_unit/compiler/backend/simpleos_forbidden_allocator_guard_spec.spl
MISSING_SYMBOL_FN	`simpleos_forbidden_allocator_symbols_from_names`	test/01_unit/compiler/backend/simpleos_forbidden_allocator_guard_spec.spl
MISSING_SYMBOL_FN	`simpleos_forbidden_allocator_symbols_from_names`	test/01_unit/compiler/backend/simpleos_forbidden_allocator_guard_spec.spl
MISSING_SYMBOL_FN	`simpleos_check_no_forbidden_allocator_names`	test/01_unit/compiler/backend/simpleos_forbidden_allocator_guard_spec.spl
MISSING_SYMBOL_FN	`simpleos_check_no_forbidden_allocator_names`	test/01_unit/compiler/backend/simpleos_forbidden_allocator_guard_spec.spl
MISSING_SYMBOL_FN	`simpleos_check_no_forbidden_allocator_names`	test/01_unit/compiler/backend/simpleos_forbidden_allocator_guard_spec.spl
VALUE_MISMATCH	expected -1 to be greater than -1	test/01_unit/compiler/backend/simpleos_native_target_flow_spec.spl
UNWRAP_ON_ERR	semantic: called unwrap on Err: Stage4 runtime-native r	test/01_unit/compiler/backend/stage4_final_symbol_closure_spec.spl
DOC_CONTENT_DRIFT	expected # Driver — AOT Output Methods	test/01_unit/compiler/backend/stage4_final_symbol_closure_spec.spl
MISSING_SYMBOL_VAR	`macho`	test/01_unit/compiler/backend/stage4_final_symbol_closure_spec.spl
VALUE_MISMATCH	expected if stage4_requested:	test/01_unit/compiler/backend/stage4_final_symbol_closure_spec.spl
VALUE_MISMATCH	expected match llvm_stage4_final_request	test/01_unit/compiler/backend/stage4_final_symbol_closure_spec.spl
VALUE_MISMATCH	expected var candidate_labels = ["compil	test/01_unit/compiler/backend/stage4_native_link_source_contract_spec.spl
VALUE_MISMATCH	expected 7 to equal 6	test/01_unit/compiler/backend/stage4_native_link_source_contract_spec.spl
VALUE_MISMATCH	expected 3 to equal 0	test/01_unit/compiler/backend/stage4_native_link_source_contract_spec.spl
VALUE_MISMATCH	expected true to equal false	test/01_unit/compiler/backend/stage4_native_link_source_contract_spec.spl
VALUE_MISMATCH	expected -1 to be nil	test/01_unit/compiler/backend/stage4_process_provider_spec.spl
VALUE_MISMATCH	expected if stage4_requested:	test/01_unit/compiler/backend/stage4_process_provider_spec.spl
VALUE_MISMATCH	expected -1 to be greater than 13647	test/01_unit/compiler/backend/stage4_runtime_legacy_compat_provider_spec.spl
DOC_CONTENT_DRIFT	expected # LLVM Type Mapper - LLVM-Specific T	test/01_unit/compiler/backend/std_error_no_duplicate_definition_guard_spec.spl
VALUE_MISMATCH	expected false to equal true	test/01_unit/compiler/backend/vhdl_backend_spec.spl
VALUE_MISMATCH	expected library ieee;	test/01_unit/compiler/backend/vhdl_backend_spec.spl
UNWRAP_ON_ERR	semantic: called unwrap on Err: CompileError(message: V	test/01_unit/compiler/backend/vhdl_backend_spec.spl
VALUE_MISMATCH	expected false to equal true	test/01_unit/compiler/backend/vhdl_backend_spec.spl
VALUE_MISMATCH	expected false to equal true	test/01_unit/compiler/backend/vhdl_backend_spec.spl
VALUE_MISMATCH	expected false to equal true	test/01_unit/compiler/backend/vhdl_backend_spec.spl
VALUE_MISMATCH	expected false to equal true	test/01_unit/compiler/backend/vhdl_backend_spec.spl
VALUE_MISMATCH	expected false to equal true	test/01_unit/compiler/backend/vhdl_backend_spec.spl
VALUE_MISMATCH	expected false to equal true	test/01_unit/compiler/backend/vhdl_backend_spec.spl
VALUE_MISMATCH	expected false to equal true	test/01_unit/compiler/backend/vhdl_backend_spec.spl
VALUE_MISMATCH	expected false to equal true	test/01_unit/compiler/backend/vhdl_backend_spec.spl
UNIMPLEMENTED_BACKEND	semantic: called unwrap on Err: CompileError(location: 	test/01_unit/compiler/backend/vhdl_backend_spec.spl
VALUE_MISMATCH	expected false to equal true	test/01_unit/compiler/backend/vhdl_backend_spec.spl
UNWRAP_ON_ERR	semantic: called unwrap_err on Ok	test/01_unit/compiler/backend/vhdl_backend_spec.spl
UNWRAP_ON_ERR	semantic: called unwrap_err on Ok	test/01_unit/compiler/backend/vhdl_backend_spec.spl
UNIMPLEMENTED_BACKEND	semantic: called unwrap on Err: CompileError(phase: bac	test/01_unit/compiler/backend/vhdl_clocked_global_state_contract_spec.spl
VALUE_MISMATCH	expected  to contain "hardware_entity_co	test/01_unit/compiler/backend/vhdl_clocked_global_state_contract_spec.spl
VALUE_MISMATCH	expected  to contain "hardware_entity_co	test/01_unit/compiler/backend/vhdl_clocked_global_state_contract_spec.spl
MISSING_SYMBOL_FIELD	semantic: undefined field 'has_vhdl_metadata': cannot a	test/01_unit/compiler/backend/vhdl_design_catalog_spec.spl
UNWRAP_ON_ERR	semantic: called unwrap on Err: VHDL design catalog fou	test/01_unit/compiler/backend/vhdl_design_catalog_spec.spl
MISSING_SYMBOL_FIELD	semantic: undefined field 'has_vhdl_metadata': cannot a	test/01_unit/compiler/backend/vhdl_design_catalog_spec.spl
UNWRAP_ON_ERR	semantic: called unwrap on Err: VHDL design catalog fou	test/01_unit/compiler/backend/vhdl_design_catalog_spec.spl
VALUE_MISMATCH	expected VHDL design catalog found no @h	test/01_unit/compiler/backend/vhdl_design_catalog_spec.spl
UNWRAP_ON_ERR	semantic: called unwrap on Err: VHDL design catalog fou	test/01_unit/compiler/backend/vhdl_design_catalog_spec.spl
VALUE_MISMATCH	expected VHDL design catalog found no @h	test/01_unit/compiler/backend/vhdl_design_catalog_spec.spl
VALUE_MISMATCH	expected VHDL design catalog found no @h	test/01_unit/compiler/backend/vhdl_design_catalog_spec.spl
VALUE_MISMATCH	expected VHDL design catalog found no @h	test/01_unit/compiler/backend/vhdl_design_catalog_spec.spl
UNWRAP_ON_ERR	semantic: called unwrap on Err: VHDL design catalog fou	test/01_unit/compiler/backend/vhdl_design_catalog_spec.spl
VALUE_MISMATCH	expected VHDL design catalog found no @h	test/01_unit/compiler/backend/vhdl_design_catalog_spec.spl
UNWRAP_ON_ERR	semantic: called unwrap on Err: VHDL design catalog fou	test/01_unit/compiler/backend/vhdl_design_catalog_spec.spl
VALUE_MISMATCH	expected VHDL design catalog found no @h	test/01_unit/compiler/backend/vhdl_design_catalog_spec.spl
VALUE_MISMATCH	expected VHDL design catalog references 	test/01_unit/compiler/backend/vhdl_design_catalog_spec.spl
SEMANTIC_OTHER	semantic: class `Span` has no field named `end_pos`	test/01_unit/compiler/backend/vhdl_dim_constraints_spec.spl
UNWRAP_ON_ERR	semantic: called unwrap_err on Ok	test/01_unit/compiler/backend/vhdl_hardware_call_lowering_contract_spec.spl
UNWRAP_ON_ERR	semantic: called unwrap_err on Ok	test/01_unit/compiler/backend/vhdl_hardware_call_lowering_contract_spec.spl
VALUE_MISMATCH	expected false to equal true	test/01_unit/compiler/backend/vhdl_hardware_call_lowering_contract_spec.spl
UNWRAP_ON_ERR	semantic: called unwrap on Err: CompileError(location: 	test/01_unit/compiler/backend/vulkan_backend_intensive_spec.spl
VALUE_MISMATCH	expected Vulkan SPIR-V load currently re	test/01_unit/compiler/backend/vulkan_backend_intensive_spec.spl
DOC_CONTENT_DRIFT	expected # Vulkan Backend - Vulkan/SPIR-V Cod	test/01_unit/compiler/backend/vulkan_entry_abi_source_spec.spl
DOC_CONTENT_DRIFT	expected # Vulkan Backend - Vulkan/SPIR-V Cod	test/01_unit/compiler/backend/vulkan_entry_abi_source_spec.spl
VALUE_MISMATCH	expected false to equal true	test/01_unit/compiler/backend/vulkan_gep_index_diagnostic_class_spec.spl
VALUE_MISMATCH	expected Vulkan SPIR-V operand _l2 has n	test/01_unit/compiler/backend/vulkan_gep_index_diagnostic_class_spec.spl
UNWRAP_ON_ERR	semantic: called unwrap on Err: CompileError(location: 	test/01_unit/compiler/backend/vulkan_shared_gep_index_type_spec.spl
MISSING_SYMBOL_VAR	`MirLowering`	test/01_unit/compiler/backend/vulkan_source_storage_buffer_abi_spec.spl
MISSING_SYMBOL_VAR	`MirLowering`	test/01_unit/compiler/backend/vulkan_source_storage_buffer_abi_spec.spl
MISSING_SYMBOL_VAR	`MirLowering`	test/01_unit/compiler/backend/vulkan_source_storage_buffer_abi_spec.spl
SEMANTIC_OTHER	semantic: panic: compile error: E-BACKEND-WASM-INST-Con	test/01_unit/compiler/backend/wasm_mir_to_wat_spec.spl
VALUE_MISMATCH	expected 1 to equal 2	test/01_unit/compiler/bdd_eq_chained_matcher_provisional_spec.spl
VALUE_MISMATCH	expected false to equal true	test/01_unit/compiler/bdd_keyword_executor_coverage_spec.spl
VALUE_MISMATCH	expected false to equal true	test/01_unit/compiler/bdd_keyword_executor_coverage_spec.spl
VALUE_MISMATCH	expected false to equal true	test/01_unit/compiler/bdd_keyword_executor_coverage_spec.spl
VALUE_MISMATCH	expected false to equal true	test/01_unit/compiler/bdd_keyword_executor_coverage_spec.spl
VALUE_MISMATCH	expected false to equal true	test/01_unit/compiler/bdd_keyword_executor_coverage_spec.spl
VALUE_MISMATCH	expected -1 to be nil	test/01_unit/compiler/blocks/unified_registry_bootstrap_source_spec.spl
DOC_CONTENT_DRIFT	expected # Decl arena: DECL_* tags, decl_* no	test/01_unit/compiler/bootstrap/ast_native_arena_spec.spl
SEMANTIC_OTHER	semantic: array index out of bounds: index is 0 but len	test/01_unit/compiler/bootstrap/ast_native_arena_spec.spl
VALUE_MISMATCH	expected Any to equal SiblingBox	test/01_unit/compiler/bootstrap/ast_native_arena_spec.spl
VALUE_MISMATCH	expected 7 to equal 88	test/01_unit/compiler/bootstrap/ast_native_arena_spec.spl
DOC_CONTENT_DRIFT	expected # HIR item lowering - module, import	test/01_unit/compiler/bootstrap/callable_dependency_route_precedence_contract_spec.spl
DOC_CONTENT_DRIFT	expected # Driver - Compiler Driver Implement	test/01_unit/compiler/bootstrap/driver_phase_entry_shared_binding_contract_spec.spl
DOC_CONTENT_DRIFT	expected # Driver — Source Loading and Error 	test/01_unit/compiler/bootstrap/entry_closure_bucket_count_contract_spec.spl
DOC_CONTENT_DRIFT	expected # Driver - Compiler Driver Implement	test/01_unit/compiler/bootstrap/entry_closure_module_map_update_spec.spl
VALUE_MISMATCH	expected true to equal false	test/01_unit/compiler/bootstrap/entry_closure_physical_source_dedup_spec.spl
VALUE_MISMATCH	expected -1 to be greater than 43670	test/01_unit/compiler/bootstrap/entry_closure_physical_source_dedup_spec.spl
DOC_CONTENT_DRIFT	expected # CLI compile — target backends (sim	test/01_unit/compiler/bootstrap/entry_closure_physical_source_dedup_spec.spl
DOC_CONTENT_DRIFT	expected # Driver — Source Loading and Error 	test/01_unit/compiler/bootstrap/entry_closure_physical_source_dedup_spec.spl
VALUE_MISMATCH	expected [app.cli._CliMain.args_and_os_c	test/01_unit/compiler/bootstrap/entry_closure_physical_source_dedup_spec.spl
DOC_CONTENT_DRIFT	expected # Expression Type Inference	test/01_unit/compiler/bootstrap/entry_closure_physical_source_dedup_spec.spl
DOC_CONTENT_DRIFT	expected # CompilerDriver phase-1 source load	test/01_unit/compiler/bootstrap/entry_closure_physical_source_dedup_spec.spl
VALUE_MISMATCH	expected -1 to be greater than -1	test/01_unit/compiler/bootstrap/entry_closure_physical_source_dedup_spec.spl
VALUE_MISMATCH	expected  to contain _loader_symbol_type	test/01_unit/compiler/bootstrap/flattened_linker_symbol_types_contract_spec.spl
DOC_CONTENT_DRIFT	expected # HIR expression lowering umbrella.	test/01_unit/compiler/bootstrap/hir_expression_shared_binding_contract_spec.spl
DOC_CONTENT_DRIFT	expected # HIR item lowering - module, import	test/01_unit/compiler/bootstrap/hir_import_resolution_shared_binding_contract_spec.spl
DOC_CONTENT_DRIFT	expected # HIR item lowering - module, import	test/01_unit/compiler/bootstrap/hir_module_lowering_shared_binding_contract_spec.spl
DOC_CONTENT_DRIFT	expected # HIR Types - Core Types and Symbol 	test/01_unit/compiler/bootstrap/hir_symbol_table_shared_binding_contract_spec.spl
DOC_CONTENT_DRIFT	expected # Interpreter Backend - Tree-walking	test/01_unit/compiler/bootstrap/interpreter_function_lookup_shared_binding_contract_spec.spl
VALUE_MISMATCH	expected  to contain me moduleloader_inv	test/01_unit/compiler/bootstrap/loader_metadata_helpers_contract_spec.spl
VALUE_MISMATCH	expected true to equal false	test/01_unit/compiler/bootstrap/mir_expr_dispatch_shared_binding_contract_spec.spl
VALUE_MISMATCH	expected true to equal false	test/01_unit/compiler/bootstrap/mir_method_calls_shared_binding_contract_spec.spl
VALUE_MISMATCH	expected true to equal false	test/01_unit/compiler/bootstrap/module_surface_callable_projection_contract_spec.spl
DOC_CONTENT_DRIFT	expected # HIR item lowering - module, import	test/01_unit/compiler/bootstrap/module_surface_callable_projection_contract_spec.spl
VALUE_MISMATCH	expected true to equal false	test/01_unit/compiler/bootstrap/module_surface_callable_projection_contract_spec.spl
VALUE_MISMATCH	expected true to equal false	test/01_unit/compiler/bootstrap/module_surface_callable_projection_contract_spec.spl
DOC_CONTENT_DRIFT	expected # HIR item lowering - module, import	test/01_unit/compiler/bootstrap/module_surface_callable_projection_contract_spec.spl
VALUE_MISMATCH	expected true to equal false	test/01_unit/compiler/bootstrap/module_surface_callable_projection_contract_spec.spl
VALUE_MISMATCH	expected true to equal false	test/01_unit/compiler/bootstrap/module_surface_callable_projection_contract_spec.spl
VALUE_MISMATCH	expected @allow(unnamed_duplicate_typed_	test/01_unit/compiler/bootstrap/module_surface_callable_projection_contract_spec.spl
VALUE_MISMATCH	expected true to equal false	test/01_unit/compiler/bootstrap/module_surface_callable_projection_contract_spec.spl
VALUE_MISMATCH	expected  to contain builder.add_parsed_	test/01_unit/compiler/bootstrap/module_surface_canonical_once_spec.spl
DOC_CONTENT_DRIFT	expected # Compatibility facade for the exter	test/01_unit/compiler/bootstrap/module_surface_canonical_once_spec.spl
VALUE_MISMATCH	expected  to contain methods: Dict<text,	test/01_unit/compiler/bootstrap/module_surface_impl_retention_spec.spl
VALUE_MISMATCH	expected  to contain methods: methods	test/01_unit/compiler/bootstrap/module_surface_impl_retention_spec.spl
DOC_CONTENT_DRIFT	expected # Driver - Compiler Driver Implement	test/01_unit/compiler/bootstrap/native_entry_closure_mode_contract_spec.spl
VALUE_MISMATCH	expected 0 to be greater than 0	test/01_unit/compiler/bootstrap/parser_self_parse_spec.spl
VALUE_MISMATCH	expected //! Common execution core share	test/01_unit/compiler/bootstrap/seed_jit_temp_project_hint_source_spec.spl
DOC_CONTENT_DRIFT	expected # Effect Inference and Checking	test/01_unit/compiler/bootstrap/stage2_bare_variant_owner_spec.spl
DOC_CONTENT_DRIFT	expected # Part of src/compiler/50.mir/mir_lo	test/01_unit/compiler/bootstrap/stage2_bare_variant_owner_spec.spl
VALUE_MISMATCH	expected use compiler.hir.hir_types.*	test/01_unit/compiler/bootstrap/stage2_source_shape_regression_spec.spl
DOC_CONTENT_DRIFT	expected # HIR item lowering - trait, impl, a	test/01_unit/compiler/bootstrap/stage2_source_shape_regression_spec.spl
MISSING_SYMBOL_VAR	`LLVM_EXTERNAL_LINKAGE`	test/01_unit/compiler/bootstrap/stage3_explicit_owner_types_spec.spl
DOC_CONTENT_DRIFT	expected # Lane: Stage 4 / `$sp_dev`	test/01_unit/compiler/bootstrap/stage4_manual_stage3_admission_contract_spec.spl
VALUE_MISMATCH	expected 6 to equal 3	test/01_unit/compiler/bootstrap/stage4_smoke_gate_spec.spl
DOC_CONTENT_DRIFT	expected #!/bin/sh	test/01_unit/compiler/bootstrap/stage4_smoke_gate_spec.spl
VALUE_MISMATCH	expected  to contain if-no-files-found: 	test/01_unit/compiler/bootstrap/stage4_smoke_gate_spec.spl
VALUE_MISMATCH	expected if [ "${os}" = "windows" ]; the	test/01_unit/compiler/bootstrap/stage4_smoke_gate_spec.spl
DOC_CONTENT_DRIFT	expected #!/bin/sh	test/01_unit/compiler/bootstrap/stage4_smoke_gate_spec.spl
DOC_CONTENT_DRIFT	expected # Stage 3: stage2 recompiles bootstr	test/01_unit/compiler/bootstrap/stage4_smoke_gate_spec.spl
DOC_CONTENT_DRIFT	expected # CLI compile — target backends (sim	test/01_unit/compiler/bootstrap/stage4_smoke_gate_spec.spl
DOC_CONTENT_DRIFT	expected # Part of src/compiler/50.mir/mir_lo	test/01_unit/compiler/bootstrap/stage4_smoke_gate_spec.spl
DOC_CONTENT_DRIFT	expected # Engine2D advanced Draw IR executor	test/01_unit/compiler/bootstrap/stage4_smoke_gate_spec.spl
DOC_CONTENT_DRIFT	expected # Compatibility facade for the exter	test/01_unit/compiler/bootstrap/stage4_streaming_surfaces_contract_spec.spl
DOC_CONTENT_DRIFT	expected # CompilerDriver phase-2 source pars	test/01_unit/compiler/bootstrap/stage4_streaming_surfaces_contract_spec.spl
DOC_CONTENT_DRIFT	expected # HIR item lowering - module, import	test/01_unit/compiler/bootstrap/stage4_streaming_surfaces_contract_spec.spl
VALUE_MISMATCH	expected use compiler.driver.driver_comp	test/01_unit/compiler/bootstrap/stage4_streaming_surfaces_contract_spec.spl
VALUE_MISMATCH	expected use compiler.driver.driver_comp	test/01_unit/compiler/bootstrap/stage4_streaming_surfaces_contract_spec.spl
VALUE_MISMATCH	expected -1 to be greater than 3453	test/01_unit/compiler/bootstrap/stage4_streaming_surfaces_contract_spec.spl
VALUE_MISMATCH	expected use compiler.driver.driver_comp	test/01_unit/compiler/bootstrap/stage4_unlimited_streaming_ownership_spec.spl
VALUE_MISMATCH	expected use compiler.driver.driver_comp	test/01_unit/compiler/bootstrap/stage4_unlimited_streaming_ownership_spec.spl
VALUE_MISMATCH	expected false to equal true	test/01_unit/compiler/bootstrap/tier_resolution_order_source_spec.spl
VALUE_MISMATCH	expected -1 to be greater than -1	test/01_unit/compiler/bootstrap/transient_parse_array_scope_spec.spl
OTHER	assert_true failed: got false	test/01_unit/compiler/borrow/iso_move_sites_spec.spl
OTHER	assert_true failed: got false	test/01_unit/compiler/borrow/iso_use_after_move_e2e_spec.spl
VALUE_MISMATCH	expected 1 to equal 0	test/01_unit/compiler/borrow/iso_use_after_move_e2e_spec.spl
VALUE_MISMATCH	expected 1 to equal 0	test/01_unit/compiler/borrow/iso_use_after_move_e2e_spec.spl
OTHER	assert_true failed: got false	test/01_unit/compiler/borrow/iso_use_after_move_e2e_spec.spl
OTHER	assert_true failed: got false	test/01_unit/compiler/cache/compile_options_hash_spec.spl
OTHER	assert_true failed: got false	test/01_unit/compiler/cache/compile_options_hash_spec.spl
OTHER	assert_true failed: got false	test/01_unit/compiler/cache/compile_options_hash_spec.spl
DOC_CONTENT_DRIFT	expected # Cache leases — process-scoped prot	test/01_unit/compiler/cache_v2/gc_spec.spl
VALUE_MISMATCH	expected  to contain PASS list_elem_add	test/01_unit/compiler/codegen/any_typed_value_consumption_class_spec.spl
VALUE_MISMATCH	expected  to contain PASS text_to_i64_af	test/01_unit/compiler/codegen/any_typed_value_consumption_class_spec.spl
VALUE_MISMATCH	expected  to contain PASS untyped_fn_res	test/01_unit/compiler/codegen/any_typed_value_consumption_class_spec.spl
VALUE_MISMATCH	expected  to contain ANY_TYPED_CONSUMPTI	test/01_unit/compiler/codegen/any_typed_value_consumption_class_spec.spl
VALUE_MISMATCH	expected  to contain ANY_TYPED_CONSUMPTI	test/01_unit/compiler/codegen/any_typed_value_consumption_class_spec.spl
VALUE_MISMATCH	expected  to contain bool=true	test/01_unit/compiler/codegen/array_copy_element_type_matrix_spec.spl
VALUE_MISMATCH	expected  to contain BUILTIN_NAME_COLLIS	test/01_unit/compiler/codegen/builtin_name_collision_arg_transport_spec.spl
VALUE_MISMATCH	expected  to contain BUILTIN_NAME_COLLIS	test/01_unit/compiler/codegen/builtin_name_collision_arg_transport_spec.spl
VALUE_MISMATCH	expected  to contain BUILTIN_NAME_COLLIS	test/01_unit/compiler/codegen/builtin_name_collision_arg_transport_spec.spl
VALUE_MISMATCH	expected  to contain CHAINED_BUILTIN_RES	test/01_unit/compiler/codegen/chained_builtin_result_type_class_spec.spl
VALUE_MISMATCH	expected  to contain PASS via_typed_val_	test/01_unit/compiler/codegen/chained_builtin_result_type_class_spec.spl
VALUE_MISMATCH	expected  to contain CHAINED_BUILTIN_RES	test/01_unit/compiler/codegen/chained_builtin_result_type_class_spec.spl
MISSING_SYMBOL_FN	`expect_not`	test/01_unit/compiler/codegen/chained_call_receiver_class_spec.spl
VALUE_MISMATCH	expected  to contain PASS substring_subs	test/01_unit/compiler/codegen/chained_call_receiver_class_spec.spl
VALUE_MISMATCH	expected  to contain PASS array_slice_in	test/01_unit/compiler/codegen/chained_call_receiver_class_spec.spl
MISSING_SYMBOL_FN	`expect_not`	test/01_unit/compiler/codegen/chained_call_receiver_class_spec.spl
VALUE_MISMATCH	expected  to contain PASS substring_to_i	test/01_unit/compiler/codegen/chained_call_receiver_to_int_spec.spl
MISSING_SYMBOL_FN	`expect_not`	test/01_unit/compiler/codegen/chained_call_receiver_to_int_spec.spl
MISSING_SYMBOL_FN	`expect_not`	test/01_unit/compiler/codegen/chained_call_receiver_to_int_spec.spl
VALUE_MISMATCH	expected  to contain PASS text_to_i64_af	test/01_unit/compiler/codegen/chained_text_builtin_to_int_spec.spl
VALUE_MISMATCH	expected  to contain PASS text_to_i64_af	test/01_unit/compiler/codegen/chained_text_builtin_to_int_spec.spl
VALUE_MISMATCH	expected  to contain PASS text_to_i64_af	test/01_unit/compiler/codegen/chained_text_builtin_to_int_spec.spl
VALUE_MISMATCH	expected  to contain PASS index_of_coale	test/01_unit/compiler/codegen/coalesce_sentinel_collision_class_spec.spl
VALUE_MISMATCH	expected  to contain COALESCE_SENTINEL P	test/01_unit/compiler/codegen/coalesce_sentinel_collision_class_spec.spl
VALUE_MISMATCH	expected  to contain CONDITION_TAG_DECOD	test/01_unit/compiler/codegen/condition_tag_decode_spec.spl
VALUE_MISMATCH	expected  to contain CONDITION_TAG_DECOD	test/01_unit/compiler/codegen/condition_tag_decode_spec.spl
VALUE_MISMATCH	expected  to contain mutB_dict_explicit_	test/01_unit/compiler/codegen/cross_engine_divergence_prevention_spec.spl
VALUE_MISMATCH	expected  to contain PASS condA_while_ni	test/01_unit/compiler/codegen/cross_engine_divergence_prevention_spec.spl
VALUE_MISMATCH	expected  to contain PASS condA_call_ret	test/01_unit/compiler/codegen/cross_engine_divergence_prevention_spec.spl
VALUE_MISMATCH	expected  to contain PASS mutB_dict_expl	test/01_unit/compiler/codegen/cross_engine_divergence_prevention_spec.spl
VALUE_MISMATCH	expected  to contain PASS mutB_dict_expl	test/01_unit/compiler/codegen/cross_engine_divergence_prevention_spec.spl
VALUE_MISMATCH	expected  to contain PASS mutate_through	test/01_unit/compiler/codegen/cross_engine_silent_divergence_spec.spl
VALUE_MISMATCH	expected  to contain PASS cond_nil_throu	test/01_unit/compiler/codegen/cross_engine_silent_divergence_spec.spl
VALUE_MISMATCH	expected  to contain PASS cond_nil_throu	test/01_unit/compiler/codegen/cross_engine_silent_divergence_spec.spl
VALUE_MISMATCH	expected  to contain PASS match_option_e	test/01_unit/compiler/codegen/cross_engine_silent_divergence_spec.spl
VALUE_MISMATCH	expected  to contain PASS match_option_e	test/01_unit/compiler/codegen/cross_engine_silent_divergence_spec.spl
VALUE_MISMATCH	expected  to contain PASS mutate_through	test/01_unit/compiler/codegen/cross_engine_silent_divergence_spec.spl
VALUE_MISMATCH	expected  to contain PASS mutate_through	test/01_unit/compiler/codegen/cross_engine_silent_divergence_spec.spl
SEMANTIC_OTHER	semantic: `case F16:` is not a variant of enum `MirType	test/01_unit/compiler/codegen/cuda_backend_intensive_contract_spec.spl
SEMANTIC_OTHER	semantic: `case F16:` is not a variant of enum `MirType	test/01_unit/compiler/codegen/cuda_backend_intensive_contract_spec.spl
SEMANTIC_OTHER	semantic: `case F16:` is not a variant of enum `MirType	test/01_unit/compiler/codegen/cuda_backend_intensive_contract_spec.spl
MISSING_SYMBOL_FN	`ptx_mir_kind_to_primitive`	test/01_unit/compiler/codegen/cuda_ptx_device_function_param_type_spec.spl
MISSING_SYMBOL_FN	`ptx_mir_kind_to_primitive`	test/01_unit/compiler/codegen/cuda_ptx_device_function_param_type_spec.spl
MISSING_SYMBOL_FN	`ptx_mir_kind_to_primitive`	test/01_unit/compiler/codegen/cuda_ptx_mir_kind_primitive_class_spec.spl
MISSING_SYMBOL_FN	`ptx_mir_kind_to_primitive`	test/01_unit/compiler/codegen/cuda_ptx_mir_kind_primitive_class_spec.spl
MISSING_SYMBOL_FN	`ptx_mir_kind_to_primitive`	test/01_unit/compiler/codegen/cuda_ptx_mir_kind_primitive_class_spec.spl
MISSING_SYMBOL_FN	`ptx_mir_kind_to_primitive`	test/01_unit/compiler/codegen/cuda_ptx_mir_kind_primitive_class_spec.spl
VALUE_MISMATCH	expected  to contain DECLARED_DEFAULT_OB	test/01_unit/compiler/codegen/declared_default_object_identity_class_spec.spl
VALUE_MISMATCH	expected  to contain PASS class_default_	test/01_unit/compiler/codegen/declared_default_object_identity_class_spec.spl
VALUE_MISMATCH	expected  to contain PASS control_explic	test/01_unit/compiler/codegen/declared_default_object_identity_class_spec.spl
VALUE_MISMATCH	expected  to contain PASS default_nested	test/01_unit/compiler/codegen/declared_default_object_identity_class_spec.spl
VALUE_MISMATCH	expected  to contain DECLARED_DEFAULT_OB	test/01_unit/compiler/codegen/declared_default_object_identity_class_spec.spl
VALUE_MISMATCH	expected BUILD-FAILED	test/01_unit/compiler/codegen/dict_clear_native_dispatch_spec.spl
VALUE_MISMATCH	expected PASS — 3 fixture(s) checked, se	test/01_unit/compiler/codegen/engine_differential_class_spec.spl
VALUE_MISMATCH	expected PASS — 3 fixture(s) checked, se	test/01_unit/compiler/codegen/engine_differential_class_spec.spl
VALUE_MISMATCH	expected ; ModuleID = 'test.enum.f64'	test/01_unit/compiler/codegen/enum_f64_payload_precision_spec.spl
DOC_CONTENT_DRIFT	expected # Part of src/compiler/50.mir/mir_lo	test/01_unit/compiler/codegen/enum_f64_payload_precision_spec.spl
SEMANTIC_OTHER	semantic: nil is forbidden by the non-optional return c	test/01_unit/compiler/codegen/erased_receiver_index_of_bind_spec.spl
SEMANTIC_OTHER	semantic: nil is forbidden by the non-optional return c	test/01_unit/compiler/codegen/erased_receiver_index_of_bind_spec.spl
VALUE_MISMATCH	expected  to contain 1.25	test/01_unit/compiler/codegen/f32_struct_field_roundtrip_spec.spl
VALUE_MISMATCH	expected  to contain PASS class_default_	test/01_unit/compiler/codegen/field_default_container_mutation_spec.spl
VALUE_MISMATCH	expected  to contain FIELD_DEFAULT_CONTA	test/01_unit/compiler/codegen/field_default_container_mutation_spec.spl
DOC_CONTENT_DRIFT	expected #include <metal_stdlib>	test/01_unit/compiler/codegen/gpu_portable_compute_spec.spl
DOC_CONTENT_DRIFT	expected #version 450	test/01_unit/compiler/codegen/gpu_portable_compute_spec.spl
VALUE_MISMATCH	expected HipBackendCompileContract[sourc	test/01_unit/compiler/codegen/hip_backend_contract_spec.spl
VALUE_MISMATCH	expected false to equal true	test/01_unit/compiler/codegen/hip_backend_contract_spec.spl
MISSING_SYMBOL_FIELD	semantic: unknown static method new on class Codegen	test/01_unit/compiler/codegen/host_gpu_lane_codegen_marker_spec.spl
MISSING_SYMBOL_FIELD	semantic: unknown static method new on class Codegen	test/01_unit/compiler/codegen/host_gpu_lane_codegen_marker_spec.spl
VALUE_MISMATCH	expected 	test/01_unit/compiler/codegen/host_gpu_lane_codegen_marker_spec.spl
VALUE_MISMATCH	expected  to contain I8_INT_BOXING PROBE	test/01_unit/compiler/codegen/i8_int_boxing_repro_spec.spl
VALUE_MISMATCH	expected  to contain PASS bool_false_una	test/01_unit/compiler/codegen/i8_int_boxing_repro_spec.spl
VALUE_MISMATCH	expected  to contain INT_WIDTH_BOXING_MA	test/01_unit/compiler/codegen/int_width_boxing_matrix_class_spec.spl
VALUE_MISMATCH	expected  to contain PASS bool_elem_fals	test/01_unit/compiler/codegen/int_width_boxing_matrix_class_spec.spl
VALUE_MISMATCH	expected rc=0|OK	test/01_unit/compiler/codegen/jit_unresolved_symbol_diagnosis_class_spec.spl
VALUE_MISMATCH	expected 4 to equal 1	test/01_unit/compiler/codegen/match_bare_val_constant_spec.spl
VALUE_MISMATCH	expected 11 to equal -1	test/01_unit/compiler/codegen/match_bare_val_constant_spec.spl
VALUE_MISMATCH	expected 7 to equal 3	test/01_unit/compiler/codegen/match_bare_val_constant_spec.spl
VALUE_MISMATCH	expected BUILD-FAILED	test/01_unit/compiler/codegen/native_aggregate_return_transport_class_spec.spl
VALUE_MISMATCH	expected BUILD-FAILED	test/01_unit/compiler/codegen/native_bool_argument_marshalling_class_spec.spl
VALUE_MISMATCH	expected BUILD-FAILED	test/01_unit/compiler/codegen/native_dict_get_miss_sentinel_class_spec.spl
VALUE_MISMATCH	expected  to contain PASS boxed_ifval_su	test/01_unit/compiler/codegen/native_optional_payload_extraction_class_spec.spl
VALUE_MISMATCH	expected  to contain PASS nil_scalar_non	test/01_unit/compiler/codegen/native_optional_payload_extraction_class_spec.spl
VALUE_MISMATCH	expected  to contain PASS match_scalar_i	test/01_unit/compiler/codegen/native_optional_payload_extraction_class_spec.spl
VALUE_MISMATCH	expected  to contain PASS boxed_coalesce	test/01_unit/compiler/codegen/native_optional_payload_extraction_class_spec.spl
VALUE_MISMATCH	expected  to contain OPTIONAL_PAYLOAD PR	test/01_unit/compiler/codegen/native_optional_payload_extraction_class_spec.spl
VALUE_MISMATCH	expected BUILD-FAILED	test/01_unit/compiler/codegen/native_struct_return_by_value_field_read_spec.spl
VALUE_MISMATCH	expected BUILD-FAILED	test/01_unit/compiler/codegen/nontext_receiver_method_dispatch_class_spec.spl
VALUE_MISMATCH	expected BUILD-FAILED	test/01_unit/compiler/codegen/nontext_receiver_method_dispatch_class_spec.spl
VALUE_MISMATCH	expected BUILD-FAILED	test/01_unit/compiler/codegen/nontext_receiver_method_dispatch_class_spec.spl
VALUE_MISMATCH	expected BUILD-FAILED	test/01_unit/compiler/codegen/nontext_receiver_method_dispatch_class_spec.spl
VALUE_MISMATCH	expected BUILD-FAILED	test/01_unit/compiler/codegen/nontext_receiver_method_dispatch_class_spec.spl
VALUE_MISMATCH	expected BUILD-FAILED	test/01_unit/compiler/codegen/nontext_receiver_method_dispatch_class_spec.spl
VALUE_MISMATCH	expected BUILD-FAILED	test/01_unit/compiler/codegen/nontext_receiver_method_dispatch_class_spec.spl
VALUE_MISMATCH	expected BUILD-FAILED	test/01_unit/compiler/codegen/nontext_receiver_method_dispatch_class_spec.spl
VALUE_MISMATCH	expected  to contain OMITTED_FIELD_DEFAU	test/01_unit/compiler/codegen/omitted_field_default_class_spec.spl
VALUE_MISMATCH	expected  to contain OMITTED_FIELD_DEFAU	test/01_unit/compiler/codegen/omitted_field_default_class_spec.spl
VALUE_MISMATCH	expected OpenClBackendCompileContract[so	test/01_unit/compiler/codegen/opencl_backend_contract_spec.spl
VALUE_MISMATCH	expected __kernel void opencl_branch_ker	test/01_unit/compiler/codegen/opencl_backend_contract_spec.spl
UNIMPLEMENTED_BACKEND	semantic: called unwrap on Err: CompileError(phase: bac	test/01_unit/compiler/codegen/opencl_backend_contract_spec.spl
VALUE_MISMATCH	expected  to contain PASS coalesce_empty	test/01_unit/compiler/codegen/option_presence_falsy_payload_class_spec.spl
VALUE_MISMATCH	expected  to contain PASS coalesce_zero_	test/01_unit/compiler/codegen/option_presence_falsy_payload_class_spec.spl
VALUE_MISMATCH	expected  to contain PASS parse_ok_zero 	test/01_unit/compiler/codegen/option_presence_falsy_payload_class_spec.spl
VALUE_MISMATCH	expected  to contain OPTION_PRESENCE_FAL	test/01_unit/compiler/codegen/option_presence_falsy_payload_class_spec.spl
VALUE_MISMATCH	expected  to contain OPTION_PRESENCE_FAL	test/01_unit/compiler/codegen/option_presence_zero_payload_spec.spl
VALUE_MISMATCH	expected  to contain OPTION_PRESENCE_FAL	test/01_unit/compiler/codegen/option_presence_zero_payload_spec.spl
VALUE_MISMATCH	expected  to contain PASS coalesce_absen	test/01_unit/compiler/codegen/option_presence_zero_payload_spec.spl
OTHER	assert_equal failed: expected 0, got 1	test/01_unit/compiler/codegen/option_returning_method_not_scalar_aliased_spec.spl
OTHER	assert_equal failed: expected 0, got 1	test/01_unit/compiler/codegen/option_returning_method_not_scalar_aliased_spec.spl
VALUE_MISMATCH	expected  to contain coalesce=42	test/01_unit/compiler/codegen/optional_scalar_payload_roundtrip_spec.spl
VALUE_MISMATCH	expected  to contain 1234567890123456789	test/01_unit/compiler/codegen/packed_array_copy_roundtrip_spec.spl
VALUE_MISMATCH	expected  to contain PACKED BITFIELD PRO	test/01_unit/compiler/codegen/packed_bitfield_field_read_jit_spec.spl
VALUE_MISMATCH	expected  to contain PASS status_zero_ty	test/01_unit/compiler/codegen/packed_bitfield_field_read_jit_spec.spl
VALUE_MISMATCH	expected  to contain PASS bitfield_byte1	test/01_unit/compiler/codegen/packed_bitfield_field_read_tagging_spec.spl
VALUE_MISMATCH	expected  to contain PACKED_BITFIELD_REA	test/01_unit/compiler/codegen/packed_bitfield_field_read_tagging_spec.spl
VALUE_MISMATCH	expected  to contain PARSE_FAMILY_OPTION	test/01_unit/compiler/codegen/parse_family_option_preserved_spec.spl
VALUE_MISMATCH	expected  to contain PASS parse_int_zero	test/01_unit/compiler/codegen/parse_family_option_preserved_spec.spl
VALUE_MISMATCH	expected  to contain PASS nil_unwrap_or_	test/01_unit/compiler/codegen/parse_family_option_preserved_spec.spl
VALUE_MISMATCH	expected  to contain PASS parse_i64_none	test/01_unit/compiler/codegen/parse_family_option_preserved_spec.spl
VALUE_MISMATCH	expected  to contain PASS int_cast_ok	test/01_unit/compiler/codegen/parse_family_option_preserved_spec.spl
VALUE_MISMATCH	expected  to contain PARSE_FAMILY_OPTION	test/01_unit/compiler/codegen/parse_family_option_preserved_spec.spl
VALUE_MISMATCH	expected  to contain RECEIVER_WRITEBACK 	test/01_unit/compiler/codegen/receiver_mutation_writeback_class_spec.spl
VALUE_MISMATCH	expected  to contain RECEIVER_WRITEBACK 	test/01_unit/compiler/codegen/receiver_mutation_writeback_class_spec.spl
VALUE_MISMATCH	expected  to contain PASS present_3_get_	test/01_unit/compiler/codegen/rt_nil_sentinel_collision_class_spec.spl
VALUE_MISMATCH	expected  to contain PASS raw_coalesce_b	test/01_unit/compiler/codegen/rt_nil_sentinel_collision_class_spec.spl
VALUE_MISMATCH	expected  to contain PASS empty_last_coa	test/01_unit/compiler/codegen/rt_nil_sentinel_collision_class_spec.spl
VALUE_MISMATCH	expected  to contain PASS sweep_present_	test/01_unit/compiler/codegen/rt_nil_sentinel_collision_class_spec.spl
VALUE_MISMATCH	expected  to contain RT_NIL_SENTINEL PRO	test/01_unit/compiler/codegen/rt_nil_sentinel_collision_class_spec.spl
VALUE_MISMATCH	expected  to contain PASS array_i64_elem	test/01_unit/compiler/codegen/scalar_slot_roundtrip_class_spec.spl
VALUE_MISMATCH	expected  to contain SCALAR_SLOT_ROUNDTR	test/01_unit/compiler/codegen/scalar_slot_roundtrip_class_spec.spl
VALUE_MISMATCH	expected  to contain SHA1 RFC 3174 PROBE	test/01_unit/compiler/codegen/sha1_rfc3174_jit_spec.spl
VALUE_MISMATCH	expected  to contain PASS list_len	test/01_unit/compiler/codegen/sha1_rfc3174_jit_spec.spl
VALUE_MISMATCH	expected  to contain SHA1 RFC 3174 PROBE	test/01_unit/compiler/codegen/sha1_rfc3174_jit_spec.spl
VALUE_MISMATCH	expected  to contain 1.5	test/01_unit/compiler/codegen/struct_field_width_roundtrip_spec.spl
VALUE_MISMATCH	expected  to contain RECEIVER_MUTATION P	test/01_unit/compiler/codegen/struct_receiver_mutation_persist_spec.spl
VALUE_MISMATCH	expected  to contain RECEIVER_MUTATION P	test/01_unit/compiler/codegen/struct_receiver_mutation_persist_spec.spl
SEMANTIC_OTHER	semantic: nil is forbidden by the non-optional return c	test/01_unit/compiler/codegen/subgroup_intrinsics_contract_spec.spl
VALUE_MISMATCH	expected  to contain PASS residue7_is_15	test/01_unit/compiler/codegen/tag_escape_surfaces_detection_spec.spl
VALUE_MISMATCH	expected  to contain PASS array_elem2_is	test/01_unit/compiler/codegen/tag_escape_surfaces_detection_spec.spl
VALUE_MISMATCH	expected  to contain PASS compare_b_is_5	test/01_unit/compiler/codegen/tag_escape_surfaces_detection_spec.spl
VALUE_MISMATCH	expected  to contain PASS u64_bitfield_h	test/01_unit/compiler/codegen/tag_escape_surfaces_detection_spec.spl
VALUE_MISMATCH	expected  to contain TAG_ESCAPE_SURFACES	test/01_unit/compiler/codegen/tag_escape_surfaces_detection_spec.spl
VALUE_MISMATCH	expected nice: ‘bin/simple’: No such fil	test/01_unit/compiler/codegen/tagged_value_into_raw_return_slot_class_spec.spl
VALUE_MISMATCH	expected  to contain PASS shape_e_array_	test/01_unit/compiler/codegen/trait_typed_receiver_dispatch_class_spec.spl
VALUE_MISMATCH	expected  to contain PASS shape_c2_retur	test/01_unit/compiler/codegen/trait_typed_receiver_dispatch_class_spec.spl
VALUE_MISMATCH	expected  to contain PASS shape_d_option	test/01_unit/compiler/codegen/trait_typed_receiver_dispatch_class_spec.spl
VALUE_MISMATCH	expected  to contain TRAIT_RECEIVER PROB	test/01_unit/compiler/codegen/trait_typed_receiver_dispatch_class_spec.spl
VALUE_MISMATCH	expected nice: ‘bin/simple’: No such fil	test/01_unit/compiler/codegen/untyped_list_element_raw_return_slot_spec.spl
VALUE_MISMATCH	expected  to contain USER_METHOD_BUILTIN	test/01_unit/compiler/codegen/user_method_named_append_arg_boxing_spec.spl
VALUE_MISMATCH	expected  to contain USER_METHOD_BUILTIN	test/01_unit/compiler/codegen/user_method_named_append_arg_boxing_spec.spl
VALUE_MISMATCH	expected false to equal true	test/01_unit/compiler/codegen/vhdl_kernel_entity_contract_spec.spl
VALUE_MISMATCH	expected  to contain WIDE_INT_BOUNDARY P	test/01_unit/compiler/codegen/wide_int_boundary_class_spec.spl
VALUE_MISMATCH	expected  to contain PASS inline_neg_p59	test/01_unit/compiler/codegen/wide_int_boundary_class_spec.spl
VALUE_MISMATCH	expected  to contain WIDE_INT_BOUNDARY P	test/01_unit/compiler/codegen/wide_int_boundary_class_spec.spl
VALUE_MISMATCH	expected  to contain INTERP_FBITS=461393	test/01_unit/compiler/codegen/wide_int_box_roundtrip_class_spec.spl
VALUE_MISMATCH	expected  to contain PASS list_param_max	test/01_unit/compiler/codegen/wide_int_box_roundtrip_class_spec.spl
VALUE_MISMATCH	expected  to contain WIDE_INT_BOX_PROBE:	test/01_unit/compiler/codegen/wide_int_box_roundtrip_class_spec.spl
VALUE_MISMATCH	expected false to equal true	test/01_unit/compiler/common/impl_to_free_fn_zero_definition_census_spec.spl
SEMANTIC_OTHER	semantic: invalid assignment: deeply nested augmented f	test/01_unit/compiler/compound_assign_place_spec.spl
SEMANTIC_OTHER	semantic: invalid assignment: deeply nested augmented f	test/01_unit/compiler/compound_assign_place_spec.spl
VALUE_MISMATCH	expected SWEEP-FAILED	test/01_unit/compiler/concurrent/concurrent_backend_store_parity_class_spec.spl
VALUE_MISMATCH	expected FIXTURE-FAILED	test/01_unit/compiler/concurrent/lock_value_fidelity_pure_std_spec.spl
VALUE_MISMATCH	expected FIXTURE-FAILED	test/01_unit/compiler/concurrent/spawn_join_backend_store_spec.spl
VALUE_MISMATCH	expected 1 to equal 2	test/01_unit/compiler_core/ast_spec.spl
VALUE_MISMATCH	expected -1 to equal 1	test/01_unit/compiler_core/ast_spec.spl
SEMANTIC_OTHER	semantic: function expects argument for parameter 'type	test/01_unit/compiler_core/ast_spec.spl
VALUE_MISMATCH	expected false to equal true	test/01_unit/compiler_core/exhaustiveness_spec.spl
VALUE_MISMATCH	expected false to equal true	test/01_unit/compiler_core/lang_basics_spec.spl
VALUE_MISMATCH	expected false to equal true	test/01_unit/compiler_core/lang_basics_spec.spl
VALUE_MISMATCH	expected false to equal true	test/01_unit/compiler_core/lang_basics_spec.spl
VALUE_MISMATCH	expected false to equal true	test/01_unit/compiler_core/lexer_intensive_spec.spl
VALUE_MISMATCH	expected <lambda> to equal 15	test/01_unit/compiler_core/parser/pipe_operator_spec.spl
VALUE_MISMATCH	expected 7 to equal 6	test/01_unit/compiler_core/parser_spec.spl
VALUE_MISMATCH	expected -1 to equal 7	test/01_unit/compiler_core/parser_spec.spl
VALUE_MISMATCH	expected 300 to equal 14	test/01_unit/compiler_core/parser_spec.spl
VALUE_MISMATCH	expected 301 to equal 14	test/01_unit/compiler_core/parser_spec.spl
VALUE_MISMATCH	expected false to equal true	test/01_unit/compiler_core/receive_spec.spl
VALUE_MISMATCH	expected false to equal true	test/01_unit/compiler_core/receive_spec.spl
DOC_CONTENT_DRIFT	expected # @no_alloc	test/01_unit/compiler_core/types_spec.spl
DOC_CONTENT_DRIFT	expected # @no_alloc	test/01_unit/compiler_core/types_spec.spl
DOC_CONTENT_DRIFT	expected # Core Interpreter — Tree-Walking Ev	test/01_unit/compiler/coverage_compound_conditions_spec.spl
DOC_CONTENT_DRIFT	expected # Core Interpreter — Tree-Walking Ev	test/01_unit/compiler/coverage_compound_conditions_spec.spl
DOC_CONTENT_DRIFT	expected # Core Interpreter — Statement/Decla	test/01_unit/compiler/coverage_compound_conditions_spec.spl
OTHER	assert_false failed: got true	test/01_unit/compiler/deep/borrow_check_move_1_spec.spl
OTHER	assert_true failed: got false	test/01_unit/compiler/deep/borrow_check_move_2_spec.spl
VALUE_MISMATCH	expected Option::Some(a_uses_Option::Som	test/01_unit/compiler/di/di_runtime_spec.spl
VALUE_MISMATCH	expected dict get-miss / len probe	test/01_unit/compiler/dict_get_miss_returns_nil_spec.spl
VALUE_MISMATCH	expected {SdnSpan: <constructor:SdnSpan>	test/01_unit/compiler/driver/backend_result_payload_identity_spec.spl
DOC_CONTENT_DRIFT	expected # Driver — AOT Output Methods	test/01_unit/compiler/driver/bootstrap_context_mir_source_spec.spl
VALUE_MISMATCH	expected use compiler.driver.driver_comp	test/01_unit/compiler/driver/bootstrap_context_mir_source_spec.spl
DOC_CONTENT_DRIFT	expected # Driver — AOT Output Methods	test/01_unit/compiler/driver/bootstrap_context_mir_source_spec.spl
DOC_CONTENT_DRIFT	expected # HIR item lowering - module, import	test/01_unit/compiler/driver/bootstrap_context_mir_source_spec.spl
VALUE_MISMATCH	expected  to contain bootstrap_hir_modul	test/01_unit/compiler/driver/bootstrap_context_mir_source_spec.spl
DOC_CONTENT_DRIFT	expected # Part of src/compiler/50.mir/mir_lo	test/01_unit/compiler/driver/bootstrap_context_mir_source_spec.spl
VALUE_MISMATCH	expected true to equal false	test/01_unit/compiler/driver/bootstrap_context_mir_source_spec.spl
DOC_CONTENT_DRIFT	expected # Part 1 of src/compiler/70.backend/	test/01_unit/compiler/driver/bootstrap_context_mir_source_spec.spl
DOC_CONTENT_DRIFT	expected # Part 1 of src/compiler/70.backend/	test/01_unit/compiler/driver/bootstrap_context_mir_source_spec.spl
DOC_CONTENT_DRIFT	expected # Part 1 of src/compiler/70.backend/	test/01_unit/compiler/driver/bootstrap_context_mir_source_spec.spl
DOC_CONTENT_DRIFT	expected # Part 2 of src/compiler/70.backend/	test/01_unit/compiler/driver/bootstrap_context_mir_source_spec.spl
VALUE_MISMATCH	expected use compiler.mir.mir_instructio	test/01_unit/compiler/driver/bootstrap_context_mir_source_spec.spl
DOC_CONTENT_DRIFT	expected # HIR item lowering - trait, impl, a	test/01_unit/compiler/driver/bootstrap_flat_nonentry_globals_source_spec.spl
DOC_CONTENT_DRIFT	expected # Part of src/compiler/50.mir/mir_lo	test/01_unit/compiler/driver/bootstrap_flat_nonentry_globals_source_spec.spl
DOC_CONTENT_DRIFT	expected # Part 1 of src/compiler/70.backend/	test/01_unit/compiler/driver/bootstrap_indexed_global_dispatch_spec.spl
DOC_CONTENT_DRIFT	expected # Part 1 of src/compiler/70.backend/	test/01_unit/compiler/driver/bootstrap_mir_to_llvm_owner_mutation_source_spec.spl
DOC_CONTENT_DRIFT	expected # Driver — Bootstrap Compilation Fun	test/01_unit/compiler/driver/bootstrap_mir_to_llvm_owner_mutation_source_spec.spl
DOC_CONTENT_DRIFT	expected # Part of src/compiler/50.mir/mir_lo	test/01_unit/compiler/driver/bootstrap_mir_to_llvm_owner_mutation_source_spec.spl
DOC_CONTENT_DRIFT	expected # Part 1 of src/compiler/70.backend/	test/01_unit/compiler/driver/bootstrap_mir_to_llvm_owner_mutation_source_spec.spl
DOC_CONTENT_DRIFT	expected # Part 1 of src/compiler/70.backend/	test/01_unit/compiler/driver/bootstrap_mir_to_llvm_owner_mutation_source_spec.spl
DOC_CONTENT_DRIFT	expected # Part 1 of src/compiler/70.backend/	test/01_unit/compiler/driver/bootstrap_mir_to_llvm_owner_mutation_source_spec.spl
DOC_CONTENT_DRIFT	expected # Part 1 of src/compiler/70.backend/	test/01_unit/compiler/driver/bootstrap_mir_to_llvm_owner_mutation_source_spec.spl
DOC_CONTENT_DRIFT	expected # HIR item lowering - function, clas	test/01_unit/compiler/driver/bootstrap_post_entry_lowering_source_spec.spl
DOC_CONTENT_DRIFT	expected # HIR item lowering - module, import	test/01_unit/compiler/driver/bootstrap_post_entry_lowering_source_spec.spl
VALUE_MISMATCH	expected 3 to equal 1	test/01_unit/compiler/driver/build_supervisor_poisoned_fixture_spec.spl
SEMANTIC_OTHER	semantic: array index out of bounds: index is 0 but len	test/01_unit/compiler/driver/build_supervisor_poisoned_fixture_spec.spl
VALUE_MISMATCH	expected 5 to equal 3	test/01_unit/compiler/driver/build_supervisor_poisoned_fixture_spec.spl
OTHER	assert_true failed: got false	test/01_unit/compiler/driver/build_supervisor_poisoned_fixture_spec.spl
VALUE_MISMATCH	expected -1 to be greater than -1	test/01_unit/compiler/driver/check_mode_short_circuit_spec.spl
DOC_CONTENT_DRIFT	expected # Compatibility facade for lightweig	test/01_unit/compiler/driver/cli_args_mutability_spec.spl
VALUE_MISMATCH	expected true to equal false	test/01_unit/compiler/driver/driver_memory_lifecycle_family_spec.spl
DOC_CONTENT_DRIFT	expected # Flat AST Bridge: flat expr/stmt/ty	test/01_unit/compiler/driver/flat_optional_fixed_tag_guard_spec.spl
DOC_CONTENT_DRIFT	expected # Driver Types - heavyweight driver-	test/01_unit/compiler/driver/focused_aot_lazy_interpreter_contract_spec.spl
DOC_CONTENT_DRIFT	expected # CLI commands — web/compile/replay/	test/01_unit/compiler/driver/genuine_import_ownership_spec.spl
VALUE_MISMATCH	expected use compiler.hir.hir_types.*	test/01_unit/compiler/driver/hir_diagnostic_owner_reset_source_spec.spl
VALUE_MISMATCH	expected use compiler.driver.driver_comp	test/01_unit/compiler/driver/hir_progress_cadence_contract_spec.spl
VALUE_MISMATCH	expected 0 to equal 1	test/01_unit/compiler/driver/low_memory_source_fingerprint_spec.spl
VALUE_MISMATCH	expected 0 to equal 2	test/01_unit/compiler/driver/low_memory_source_fingerprint_spec.spl
VALUE_MISMATCH	expected false to equal true	test/01_unit/compiler/driver/low_memory_source_fingerprint_spec.spl
SEMANTIC_OTHER	semantic: nil is forbidden by the non-optional return c	test/01_unit/compiler/driver/main_opt_level_cli_spec.spl
SEMANTIC_OTHER	semantic: nil is forbidden by the non-optional return c	test/01_unit/compiler/driver/main_opt_level_cli_spec.spl
SEMANTIC_OTHER	semantic: nil is forbidden by the non-optional return c	test/01_unit/compiler/driver/main_opt_level_cli_spec.spl
SEMANTIC_OTHER	semantic: nil is forbidden by the non-optional return c	test/01_unit/compiler/driver/main_opt_level_cli_spec.spl
DOC_CONTENT_DRIFT	expected # MIR Lowering - Type Definitions	test/01_unit/compiler/driver/mir_local_isolation_scalar_source_spec.spl
DOC_CONTENT_DRIFT	expected # Part of src/compiler/50.mir/mir_lo	test/01_unit/compiler/driver/mir_method_enum_receiver_nil_guard_spec.spl
DOC_CONTENT_DRIFT	expected # Driver - Compiler Driver Implement	test/01_unit/compiler/driver/native_build_cache_plumbing_spec.spl
MISSING_SYMBOL_FN	`Module`	test/01_unit/compiler/driver/native_build_cache_plumbing_spec.spl
DOC_CONTENT_DRIFT	expected # Driver — AOT Output Methods	test/01_unit/compiler/driver/native_build_cache_plumbing_spec.spl
VALUE_MISMATCH	expected  to contain val hash_value: Sdn	test/01_unit/compiler/driver/native_build_cache_plumbing_spec.spl
VALUE_MISMATCH	expected false to equal true	test/01_unit/compiler/driver/native_build_cache_plumbing_spec.spl
DOC_CONTENT_DRIFT	expected # CLI compile — target backends (sim	test/01_unit/compiler/driver/native_build_cache_plumbing_spec.spl
DOC_CONTENT_DRIFT	expected # CLI compile — target backends (sim	test/01_unit/compiler/driver/native_build_cache_plumbing_spec.spl
VALUE_MISMATCH	expected  to contain if all_done and not	test/01_unit/compiler/driver/native_build_cache_plumbing_spec.spl
DOC_CONTENT_DRIFT	expected # MIR Lowering - Statement and Contr	test/01_unit/compiler/driver/native_build_cache_plumbing_spec.spl
VALUE_MISMATCH	expected true to equal false	test/01_unit/compiler/driver/native_build_jit_ambiguity_source_spec.spl
DOC_CONTENT_DRIFT	expected # CompilerDriver phase-2 source pars	test/01_unit/compiler/driver/native_build_jit_ambiguity_source_spec.spl
VALUE_MISMATCH	expected true to equal false	test/01_unit/compiler/driver/native_build_success_implies_functions_spec.spl
DOC_CONTENT_DRIFT	expected # Driver — AOT Output Methods	test/01_unit/compiler/driver/native_cache_mir_fingerprint_prerequisite_spec.spl
SEMANTIC_OTHER	semantic: function expects 4 argument(s), but more were	test/01_unit/compiler/driver/native_capsule_result_receipt_spec.spl
VALUE_MISMATCH	expected -1 to be greater than -1	test/01_unit/compiler/driver/native_entry_closure_gate_source_spec.spl
VALUE_MISMATCH	expected 0 to equal 3	test/01_unit/compiler/driver/parse_collect_all_errors_spec.spl
VALUE_MISMATCH	expected true, got false	test/01_unit/compiler/driver/parse_shard_execution_mode_spec.spl
VALUE_MISMATCH	expected false to equal true	test/01_unit/compiler/driver/phase2_verdict_from_scalar_field_spec.spl
VALUE_MISMATCH	expected VHDL design catalog error: VHDL	test/01_unit/compiler/driver/riscv_gen2_strict_source_route_spec.spl
VALUE_MISMATCH	expected VHDL design catalog error: VHDL	test/01_unit/compiler/driver/riscv_gen2_strict_source_route_spec.spl
VALUE_MISMATCH	expected VHDL design catalog error: VHDL	test/01_unit/compiler/driver/riscv_gen2_strict_source_route_spec.spl
VALUE_MISMATCH	expected nil to equal false	test/01_unit/compiler/driver/smf_cache_loading_spec.spl
VALUE_MISMATCH	expected use compiler.driver.driver_comp	test/01_unit/compiler/driver/stage3_bootstrap_flat_warning_spec.spl
VALUE_MISMATCH	expected true to equal false	test/01_unit/compiler/driver/stage3_hir_lowerer_reuse_contract_spec.spl
VALUE_MISMATCH	expected use compiler.hir.hir_types.*	test/01_unit/compiler/driver/stage3_hir_lowerer_reuse_contract_spec.spl
UNWRAP_ON_ERR	semantic: called unwrap() on None/nil value	test/01_unit/compiler/driver/streaming_module_surface_lifecycle_spec.spl
MISSING_SYMBOL_FIELD	semantic: undefined field 'functions': cannot access fi	test/01_unit/compiler/driver/streaming_module_surface_lifecycle_spec.spl
VALUE_MISMATCH	expected Streaming module surfaces missi	test/01_unit/compiler/driver/streaming_module_surface_lifecycle_spec.spl
VALUE_MISMATCH	expected 3 to equal 1	test/01_unit/compiler/extern/rt_file_read_bytes_single_extern_signature_spec.spl
DOC_CONTENT_DRIFT	expected # Module/lexer arena state slots, mo	test/01_unit/compiler/frontend/bootstrap_decl_count_slot_spec.spl
VALUE_MISMATCH	expected -1 to equal 1	test/01_unit/compiler/frontend/bootstrap_decl_count_slot_spec.spl
VALUE_MISMATCH	expected false to equal true	test/01_unit/compiler/frontend/bootstrap_expr_stmt_arena_spec.spl
VALUE_MISMATCH	expected  to equal maybe	test/01_unit/compiler/frontend/bootstrap_expr_stmt_arena_spec.spl
VALUE_MISMATCH	expected Some to equal value	test/01_unit/compiler/frontend/bootstrap_expr_stmt_arena_spec.spl
VALUE_MISMATCH	expected 33 to equal 35	test/01_unit/compiler/frontend/bootstrap_expr_stmt_arena_spec.spl
MISSING_SYMBOL_VAR	`rt_dict_keys`	test/01_unit/compiler/frontend/desugar_dict_keys_source_spec.spl
MISSING_SYMBOL_METH	`lower_module`	test/01_unit/compiler/frontend/flat_ast_address_of_spec.spl
MISSING_SYMBOL_VAR	`dst`	test/01_unit/compiler/frontend/flat_ast_inline_asm_bridge_spec.spl
MISSING_SYMBOL_VAR	`rax`	test/01_unit/compiler/frontend/flat_ast_inline_asm_bridge_spec.spl
DOC_CONTENT_DRIFT	expected # Compiler Frontend Runner	test/01_unit/compiler/frontend/frontend_collection_desugar_start_spec.spl
VALUE_MISMATCH	expected 0 to equal 112	test/01_unit/compiler/frontend/host_gpu_lane_structural_bridge_spec.spl
UNWRAP_ON_ERR	semantic: called unwrap() on None/nil value	test/01_unit/compiler/frontend/interp_fragment_sticky_error_spec.spl
VALUE_MISMATCH	expected false to equal true	test/01_unit/compiler/frontend/interp_fragment_sticky_error_spec.spl
DOC_CONTENT_DRIFT	expected # Core Interpreter — Module Path Res	test/01_unit/compiler/frontend/module_loader_runtime_capsule_spec.spl
VALUE_MISMATCH	expected 0 to equal 3	test/01_unit/compiler/frontend/name_resolved_argument_order_independence_class_spec.spl
VALUE_MISMATCH	expected 0 to equal 2	test/01_unit/compiler/frontend/name_resolved_argument_order_independence_class_spec.spl
VALUE_MISMATCH	expected nil to equal five	test/01_unit/compiler/frontend/name_resolved_argument_order_independence_class_spec.spl
MISSING_SYMBOL_FIELD	semantic: undefined field 'v': cannot access field on v	test/01_unit/compiler/frontend/name_resolved_argument_order_independence_class_spec.spl
VALUE_MISMATCH	expected 0 to equal 3	test/01_unit/compiler/frontend/name_resolved_argument_order_independence_class_spec.spl
VALUE_MISMATCH	expected 0 to equal 20	test/01_unit/compiler/frontend/struct_shorthand_after_named_arg_spec.spl
VALUE_MISMATCH	expected 0 to equal 30	test/01_unit/compiler/frontend/struct_shorthand_after_named_arg_spec.spl
OTHER	assert_true failed: got false	test/01_unit/compiler/hir/alias_static_call_resolution_spec.spl
OTHER	assert_true failed: got false	test/01_unit/compiler/hir/alias_static_call_resolution_spec.spl
DOC_CONTENT_DRIFT	expected # HIR expression lowering umbrella.	test/01_unit/compiler/hir/bootstrap_block_value_has_source_spec.spl
DOC_CONTENT_DRIFT	expected # HIR expression lowering umbrella.	test/01_unit/compiler/hir/bootstrap_expr_args_source_spec.spl
VALUE_MISMATCH	expected 1 to equal 0	test/01_unit/compiler/hir/class_method_bodies_reachable_spec.spl
VALUE_MISMATCH	expected 1 to equal 0	test/01_unit/compiler/hir/class_method_bodies_reachable_spec.spl
VALUE_MISMATCH	expected 1 to equal 0	test/01_unit/compiler/hir/enum_payload_range_or_frontend_exec_spec.spl
VALUE_MISMATCH	expected 1 to equal 0	test/01_unit/compiler/hir/enum_payload_range_or_frontend_exec_spec.spl
VALUE_MISMATCH	expected 1 to equal 0	test/01_unit/compiler/hir/enum_shortname_collision_two_owners_spec.spl
VALUE_MISMATCH	expected true, got false	test/01_unit/compiler/hir/enum_shortname_collision_two_owners_spec.spl
VALUE_MISMATCH	expected BUILD-FAILED to contain FWD1113	test/01_unit/compiler/hir/field_index_erased_receiver_spec.spl
VALUE_MISMATCH	expected BUILD-FAILED to contain OUTER73	test/01_unit/compiler/hir/field_index_guess_class_spec.spl
VALUE_MISMATCH	expected 1 to equal 0	test/01_unit/compiler/hir/fixed_width_array_type_spec.spl
VALUE_MISMATCH	expected 1 to equal 0	test/01_unit/compiler/hir/float_primitive_cast_spec.spl
VALUE_MISMATCH	expected 1 to equal 0	test/01_unit/compiler/hir/float_primitive_cast_spec.spl
VALUE_MISMATCH	expected false to equal true	test/01_unit/compiler/hir/generic_impl_head_params_gate_spec.spl
VALUE_MISMATCH	expected false to equal true	test/01_unit/compiler/hir/generic_impl_head_params_gate_spec.spl
VALUE_MISMATCH	expected 0 to be greater than 0	test/01_unit/compiler/hir/generic_template_marking_spec.spl
VALUE_MISMATCH	expected 0 to be greater than 0	test/01_unit/compiler/hir/generic_template_marking_spec.spl
DOC_CONTENT_DRIFT	expected # HIR expression lowering umbrella.	test/01_unit/compiler/hir/hir_block_tail_invariants_source_spec.spl
DOC_CONTENT_DRIFT	expected # HIR item lowering - module, import	test/01_unit/compiler/hir/hir_block_tail_invariants_source_spec.spl
DOC_CONTENT_DRIFT	expected # HIR item lowering - module, import	test/01_unit/compiler/hir/hir_block_tail_invariants_source_spec.spl
DOC_CONTENT_DRIFT	expected # Part of src/compiler/50.mir/mir_lo	test/01_unit/compiler/hir/hir_block_tail_invariants_source_spec.spl
VALUE_MISMATCH	expected use compiler.hir.hir_types.*	test/01_unit/compiler/hir/hir_bootstrap_source_regression_spec.spl
MISSING_SYMBOL_VAR	`name`	test/01_unit/compiler/hir/hir_bootstrap_source_regression_spec.spl
VALUE_MISMATCH	expected -1 to be greater than -1	test/01_unit/compiler/hir/hir_bootstrap_source_regression_spec.spl
VALUE_MISMATCH	expected true to equal false	test/01_unit/compiler/hir/hir_bootstrap_source_regression_spec.spl
DOC_CONTENT_DRIFT	expected # HIR expression lowering umbrella.	test/01_unit/compiler/hir/hir_bootstrap_source_regression_spec.spl
DOC_CONTENT_DRIFT	expected # HIR Lowering - Statement Lowering	test/01_unit/compiler/hir/hir_bootstrap_source_regression_spec.spl
MISSING_SYMBOL_VAR	`module_name`	test/01_unit/compiler/hir/hir_import_registration_scalar_profile_source_spec.spl
VALUE_MISMATCH	expected -1 to be greater than -1	test/01_unit/compiler/hir/hir_lazy_import_registration_flag_regression_spec.spl
VALUE_MISMATCH	expected true to equal false	test/01_unit/compiler/hir/hir_lowering_construct_gaps_spec.spl
VALUE_MISMATCH	expected true to equal false	test/01_unit/compiler/hir/hir_lowering_construct_gaps_spec.spl
VALUE_MISMATCH	expected true to equal false	test/01_unit/compiler/hir/hir_lowering_construct_gaps_spec.spl
VALUE_MISMATCH	expected true to equal false	test/01_unit/compiler/hir/hir_lowering_construct_gaps_spec.spl
VALUE_MISMATCH	expected true to equal false	test/01_unit/compiler/hir/hir_lowering_construct_gaps_spec.spl
VALUE_MISMATCH	expected true to equal false	test/01_unit/compiler/hir/hir_lowering_construct_gaps_spec.spl
VALUE_MISMATCH	expected true to equal false	test/01_unit/compiler/hir/hir_stmt_dispatch_source_spec.spl
DOC_CONTENT_DRIFT	expected # HIR item lowering - function, clas	test/01_unit/compiler/hir/hir_stmt_dispatch_source_spec.spl
VALUE_MISMATCH	expected true to equal false	test/01_unit/compiler/hir/hir_stmt_dispatch_source_spec.spl
DOC_CONTENT_DRIFT	expected # HIR item lowering - module, import	test/01_unit/compiler/hir/hir_stmt_dispatch_source_spec.spl
VALUE_MISMATCH	expected 0 to equal 112	test/01_unit/compiler/hir/host_gpu_lane_hir_lowering_spec.spl
MISSING_SYMBOL_VAR	`v`	test/01_unit/compiler/hir/if_val_expression_binding_spec.spl
MISSING_SYMBOL_VAR	`v`	test/01_unit/compiler/hir/if_val_expression_binding_spec.spl
MISSING_SYMBOL_VAR	`interp_list`	test/01_unit/compiler/hir/if_val_expression_binding_spec.spl
DOC_CONTENT_DRIFT	expected # HIR item lowering - module, import	test/01_unit/compiler/hir/impl_lowering_self_symbol_id_spec.spl
DOC_CONTENT_DRIFT	expected # HIR item lowering - module, import	test/01_unit/compiler/hir/impl_lowering_self_symbol_id_spec.spl
DOC_CONTENT_DRIFT	expected # HIR item lowering - module, import	test/01_unit/compiler/hir/impl_self_symbol_id_scope_spec.spl
DOC_CONTENT_DRIFT	expected # HIR item lowering - module, import	test/01_unit/compiler/hir/impl_self_symbol_id_scope_spec.spl
DOC_CONTENT_DRIFT	expected # HIR item lowering - module, import	test/01_unit/compiler/hir/impl_self_symbol_id_scope_spec.spl
VALUE_MISMATCH	expected 2 to equal 1	test/01_unit/compiler/hir/implicit_self_field_hir_probe_spec.spl
VALUE_MISMATCH	expected 1 to equal 0	test/01_unit/compiler/hir/implicit_self_field_hir_probe_spec.spl
VALUE_MISMATCH	expected 3 to equal 2	test/01_unit/compiler/hir/implicit_self_field_hir_probe_spec.spl
MISSING_SYMBOL_METH	`lower_module`	test/01_unit/compiler/hir/imported_callable_materialization_cardinality_spec.spl
VALUE_MISMATCH	expected 5 to equal 0	test/01_unit/compiler/hir/imported_composite_field_package_sibling_spec.spl
DOC_CONTENT_DRIFT	expected # HIR item lowering - module, import	test/01_unit/compiler/hir/imported_surface_callable_projection_spec.spl
DOC_CONTENT_DRIFT	expected # HIR item lowering - module, import	test/01_unit/compiler/hir/imported_surface_callable_projection_spec.spl
VALUE_MISMATCH	expected 1 to equal 0	test/01_unit/compiler/hir/imported_tuple_signature_dependency_spec.spl
VALUE_MISMATCH	expected 1 to equal 0	test/01_unit/compiler/hir/imported_tuple_signature_dependency_spec.spl
DOC_CONTENT_DRIFT	expected # HIR expression lowering umbrella.	test/01_unit/compiler/hir/legacy_builtin_alias_source_spec.spl
VALUE_MISMATCH	expected 1 to equal 0	test/01_unit/compiler/hir/match_arm_underscore_subpattern_spec.spl
VALUE_MISMATCH	expected 1 to equal 0	test/01_unit/compiler/hir/match_arm_underscore_subpattern_spec.spl
VALUE_MISMATCH	expected 1 to equal 0	test/01_unit/compiler/hir/match_arm_underscore_subpattern_spec.spl
VALUE_MISMATCH	expected 1 to equal 0	test/01_unit/compiler/hir/match_arm_underscore_subpattern_spec.spl
VALUE_MISMATCH	expected 1 to equal 0	test/01_unit/compiler/hir/match_arm_underscore_subpattern_spec.spl
VALUE_MISMATCH	expected 1 to equal 0	test/01_unit/compiler/hir/me_field_resolution_spec.spl
VALUE_MISMATCH	expected 1 to equal 0	test/01_unit/compiler/hir/me_field_resolution_spec.spl
VALUE_MISMATCH	expected 1 to equal 0	test/01_unit/compiler/hir/me_field_resolution_spec.spl
VALUE_MISMATCH	expected false to equal true	test/01_unit/compiler/hir/member_visibility_enforcement_spec.spl
VALUE_MISMATCH	expected false to equal true	test/01_unit/compiler/hir/member_visibility_enforcement_spec.spl
VALUE_MISMATCH	expected false to equal true	test/01_unit/compiler/hir/member_visibility_enforcement_spec.spl
VALUE_MISMATCH	expected false to equal true	test/01_unit/compiler/hir/member_visibility_enforcement_spec.spl
VALUE_MISMATCH	expected false to equal true	test/01_unit/compiler/hir/member_visibility_enforcement_spec.spl
VALUE_MISMATCH	expected false to equal true	test/01_unit/compiler/hir/member_visibility_enforcement_spec.spl
VALUE_MISMATCH	expected false to equal true	test/01_unit/compiler/hir/member_visibility_enforcement_spec.spl
VALUE_MISMATCH	expected false to equal true	test/01_unit/compiler/hir/member_visibility_enforcement_spec.spl
VALUE_MISMATCH	expected false to equal true	test/01_unit/compiler/hir/member_visibility_enforcement_spec.spl
VALUE_MISMATCH	expected false to equal true	test/01_unit/compiler/hir/member_visibility_enforcement_spec.spl
DOC_CONTENT_DRIFT	expected # HIR item lowering - function, clas	test/01_unit/compiler/hir/method_self_context_save_restore_spec.spl
DOC_CONTENT_DRIFT	expected # HIR item lowering - module, import	test/01_unit/compiler/hir/method_self_context_save_restore_spec.spl
VALUE_MISMATCH	expected true to equal false	test/01_unit/compiler/hir/module_lowering_dict_keys_source_spec.spl
VALUE_MISMATCH	expected false to equal true	test/01_unit/compiler/hir/module_namespace_retained_surface_spec.spl
VALUE_MISMATCH	expected false to equal true	test/01_unit/compiler/hir/module_namespace_retained_surface_spec.spl
VALUE_MISMATCH	expected false to equal true	test/01_unit/compiler/hir/module_namespace_retained_surface_spec.spl
VALUE_MISMATCH	expected 1 to equal 0	test/01_unit/compiler/hir/module_namespace_retained_surface_spec.spl
VALUE_MISMATCH	expected false to equal true	test/01_unit/compiler/hir/module_namespace_retained_surface_spec.spl
MISSING_SYMBOL_FIELD	semantic: unknown static method new on class TreeSitter	test/01_unit/compiler/hir/module_surface_declaration_authority_spec.spl
VALUE_MISMATCH	expected Visibility::Private to equal Vi	test/01_unit/compiler/hir/module_surface_declaration_authority_spec.spl
VALUE_MISMATCH	expected Visibility::Private to equal Vi	test/01_unit/compiler/hir/module_surface_declaration_authority_spec.spl
VALUE_MISMATCH	expected Visibility::Public to equal Vis	test/01_unit/compiler/hir/module_surface_declaration_authority_spec.spl
MISSING_SYMBOL_FIELD	semantic: undefined field 'owner_module': cannot access	test/01_unit/compiler/hir/module_surface_glob_export_origin_spec.spl
MISSING_SYMBOL_FIELD	semantic: undefined field 'owner_module': cannot access	test/01_unit/compiler/hir/module_surface_glob_export_origin_spec.spl
MISSING_SYMBOL_VAR	`missing_value`	test/01_unit/compiler/hir/module_surface_glob_export_origin_spec.spl
DOC_CONTENT_DRIFT	expected # Compatibility facade for the exter	test/01_unit/compiler/hir/module_surface_index_allocation_guard_spec.spl
DOC_CONTENT_DRIFT	expected # HIR item lowering - module, import	test/01_unit/compiler/hir/module_surface_index_allocation_guard_spec.spl
MISSING_SYMBOL_METH	`get`	test/01_unit/compiler/hir/nil_dict_receiver_phantom_option_spec.spl
MISSING_SYMBOL_METH	`len`	test/01_unit/compiler/hir/nil_dict_receiver_phantom_option_spec.spl
DOC_CONTENT_DRIFT	expected # HIR item lowering - module, import	test/01_unit/compiler/hir/payload_binding_contest_names_agree_source_spec.spl
DOC_CONTENT_DRIFT	expected # HIR item lowering - module, import	test/01_unit/compiler/hir/payload_binding_contest_names_agree_source_spec.spl
DOC_CONTENT_DRIFT	expected # HIR item lowering - module, import	test/01_unit/compiler/hir/payload_binding_contest_names_agree_source_spec.spl
DOC_CONTENT_DRIFT	expected # HIR item lowering - module, import	test/01_unit/compiler/hir/payload_binding_contest_names_agree_source_spec.spl
OTHER	assert_true failed: got false	test/01_unit/compiler/hir/qualified_import_call_spec.spl
OTHER	assert_true failed: got false	test/01_unit/compiler/hir/qualified_import_call_spec.spl
VALUE_MISMATCH	expected 1 to equal 0	test/01_unit/compiler/hir/qualified_import_call_spec.spl
UNWRAP_ON_ERR	semantic: called unwrap on Err: pre-freeze import item 	test/01_unit/compiler/hir/reexport_physical_cache_spec.spl
VALUE_MISMATCH	expected  to equal provider	test/01_unit/compiler/hir/resolve_import_module_value_spec.spl
VALUE_MISMATCH	expected false to be truthy	test/01_unit/compiler/hir/resolve_import_symbols_spec.spl
MISSING_SYMBOL_FIELD	semantic: undefined field 'owner_module': cannot access	test/01_unit/compiler/hir/resolve_import_symbols_spec.spl
MISSING_SYMBOL_FIELD	semantic: undefined field 'owner_module': cannot access	test/01_unit/compiler/hir/resolve_import_symbols_spec.spl
MISSING_SYMBOL_FIELD	semantic: undefined field 'owner_module': cannot access	test/01_unit/compiler/hir/resolve_import_symbols_spec.spl
MISSING_SYMBOL_FIELD	semantic: undefined field 'owner_module': cannot access	test/01_unit/compiler/hir/resolve_import_symbols_spec.spl
MISSING_SYMBOL_FIELD	semantic: undefined field 'owner_module': cannot access	test/01_unit/compiler/hir/resolve_import_symbols_spec.spl
VALUE_MISMATCH	expected false to equal true	test/01_unit/compiler/hir/rv32_decode_helper_hir_lowering_spec.spl
VALUE_MISMATCH	expected false to be truthy	test/01_unit/compiler/hir/same_named_package_facade_reexport_spec.spl
VALUE_MISMATCH	expected false to be truthy	test/01_unit/compiler/hir/same_named_package_facade_reexport_spec.spl
MISSING_SYMBOL_FIELD	semantic: undefined field 'owner_module': cannot access	test/01_unit/compiler/hir/same_named_package_facade_reexport_spec.spl
MISSING_SYMBOL_FIELD	semantic: undefined field 'owner_module': cannot access	test/01_unit/compiler/hir/same_named_package_facade_reexport_spec.spl
UNWRAP_ON_ERR	semantic: called unwrap on Err: parsed module has no so	test/01_unit/compiler/hir/same_named_package_facade_reexport_spec.spl
VALUE_MISMATCH	expected 1 to equal 0	test/01_unit/compiler/hir/seed_parity_container_and_self_types_spec.spl
VALUE_MISMATCH	expected 1 to equal 0	test/01_unit/compiler/hir/seed_parity_container_and_self_types_spec.spl
VALUE_MISMATCH	expected 1 to equal 0	test/01_unit/compiler/hir/seed_parity_container_and_self_types_spec.spl
VALUE_MISMATCH	expected 1 to equal 0	test/01_unit/compiler/hir/seed_parity_container_and_self_types_spec.spl
VALUE_MISMATCH	expected 1 to equal 0	test/01_unit/compiler/hir/seed_parity_container_and_self_types_spec.spl
VALUE_MISMATCH	expected 1 to equal 0	test/01_unit/compiler/hir/seed_parity_container_and_self_types_spec.spl
VALUE_MISMATCH	expected 1 to equal 0	test/01_unit/compiler/hir/seed_parity_scalar_type_names_spec.spl
VALUE_MISMATCH	expected 1 to equal 0	test/01_unit/compiler/hir/seed_parity_scalar_type_names_spec.spl
VALUE_MISMATCH	expected 1 to equal 0	test/01_unit/compiler/hir/seed_parity_scalar_type_names_spec.spl
VALUE_MISMATCH	expected 1 to equal 0	test/01_unit/compiler/hir/seed_parity_scalar_type_names_spec.spl
VALUE_MISMATCH	expected 1 to equal 0	test/01_unit/compiler/hir/seed_parity_scalar_type_names_spec.spl
VALUE_MISMATCH	expected 1 to equal 0	test/01_unit/compiler/hir/seed_parity_scalar_type_names_spec.spl
VALUE_MISMATCH	expected 1 to equal 0	test/01_unit/compiler/hir/seed_parity_scalar_type_names_spec.spl
VALUE_MISMATCH	expected 1 to equal 0	test/01_unit/compiler/hir/seed_parity_scalar_type_names_spec.spl
VALUE_MISMATCH	expected 1 to equal 0	test/01_unit/compiler/hir/seed_parity_scalar_type_names_spec.spl
VALUE_MISMATCH	expected 1 to equal 0	test/01_unit/compiler/hir/seed_parity_scalar_type_names_spec.spl
VALUE_MISMATCH	expected 1 to equal 0	test/01_unit/compiler/hir/seed_parity_scalar_type_names_spec.spl
VALUE_MISMATCH	expected src/compiler/20.hir/hir_lowerin	test/01_unit/compiler/hir/self_context_pair_consistency_spec.spl
DOC_CONTENT_DRIFT	expected # HIR expression lowering umbrella.	test/01_unit/compiler/hir/self_context_pair_consistency_spec.spl
VALUE_MISMATCH	expected 1 to equal 0	test/01_unit/compiler/hir/stage4_hir_value_name_dispatch_spec.spl
VALUE_MISMATCH	expected false to equal true	test/01_unit/compiler/hir/stage4_hir_value_name_dispatch_spec.spl
DOC_CONTENT_DRIFT	expected # HIR item lowering - module, import	test/01_unit/compiler/hir/stage4_hir_value_name_dispatch_spec.spl
DOC_CONTENT_DRIFT	expected # HIR Types - Core Types and Symbol 	test/01_unit/compiler/hir/symbol_table_dict_get_source_spec.spl
DOC_CONTENT_DRIFT	expected # HIR Types - Core Types and Symbol 	test/01_unit/compiler/hir/symbol_table_dict_get_source_spec.spl
DOC_CONTENT_DRIFT	expected # HIR expression lowering umbrella.	test/01_unit/compiler/hir/symbol_table_dict_get_source_spec.spl
MISSING_SYMBOL_METH	`lower_module`	test/01_unit/compiler/hir/unannotated_module_const_type_spec.spl
VALUE_MISMATCH	expected 1 to equal 0	test/01_unit/compiler/hir/vulkan_gpu_attr_hir_spec.spl
VALUE_MISMATCH	expected 1 to equal 0	test/01_unit/compiler/hir/vulkan_gpu_attr_hir_spec.spl
VALUE_MISMATCH	expected 1 to equal 0	test/01_unit/compiler/hir/vulkan_gpu_attr_hir_spec.spl
VALUE_MISMATCH	expected true to equal false	test/01_unit/compiler/interp/mir_interpreter_hot_path_spec.spl
VALUE_MISMATCH	expected  to contain ALIASED_PARAM_WRITE	test/01_unit/compiler/interpreter/aliased_param_writeback_spec.spl
VALUE_MISMATCH	expected  to contain PASS aliased_array_	test/01_unit/compiler/interpreter/aliased_param_writeback_spec.spl
VALUE_MISMATCH	expected  to contain ALIASED_PARAM_WRITE	test/01_unit/compiler/interpreter/aliased_param_writeback_spec.spl
VALUE_MISMATCH	expected  to contain OBSERVE aliased_arr	test/01_unit/compiler/interpreter/aliased_param_writeback_spec.spl
SEMANTIC_OTHER	semantic: invalid operation: cannot index value of type	test/01_unit/compiler/interpreter/cast_numeric_parity_spec.spl
SEMANTIC_OTHER	semantic: invalid operation: cannot index value of type	test/01_unit/compiler/interpreter/cast_numeric_parity_spec.spl
VALUE_MISMATCH	expected  to contain PASS dict_text_key	test/01_unit/compiler/interpreter/dict_class_value_identity_spec.spl
VALUE_MISMATCH	expected  to contain PASS callee_field_d	test/01_unit/compiler/interpreter/dict_class_value_identity_spec.spl
VALUE_MISMATCH	expected  to contain PASS two_handles_al	test/01_unit/compiler/interpreter/dict_class_value_identity_spec.spl
VALUE_MISMATCH	expected  to contain DICT_CLASS_IDENTITY	test/01_unit/compiler/interpreter/dict_class_value_identity_spec.spl
VALUE_MISMATCH	expected  to contain PASS one_big	test/01_unit/compiler/interpreter/enum_single_field_payload_spec.spl
VALUE_MISMATCH	expected  to contain PASS three_c	test/01_unit/compiler/interpreter/enum_single_field_payload_spec.spl
VALUE_MISMATCH	expected  to contain PASS flag_payload	test/01_unit/compiler/interpreter/enum_single_field_payload_spec.spl
VALUE_MISMATCH	expected  to contain ENUM_PAYLOAD PROBE:	test/01_unit/compiler/interpreter/enum_single_field_payload_spec.spl
VALUE_MISMATCH	expected struct_field_zero_fill  to equa	test/01_unit/compiler/interpreter/evalops_export_and_text_at_spec.spl
SEMANTIC_OTHER	semantic: nil is forbidden by the non-optional return c	test/01_unit/compiler/interpreter/gc_family_boundary_hook_spec.spl
SEMANTIC_OTHER	semantic: nil is forbidden by the non-optional return c	test/01_unit/compiler/interpreter/gc_family_boundary_hook_spec.spl
SEMANTIC_OTHER	semantic: nil is forbidden by the non-optional return c	test/01_unit/compiler/interpreter/gc_family_boundary_hook_spec.spl
SEMANTIC_OTHER	semantic: nil is forbidden by the non-optional return c	test/01_unit/compiler/interpreter/gc_family_boundary_hook_spec.spl
SEMANTIC_OTHER	semantic: nil is forbidden by the non-optional return c	test/01_unit/compiler/interpreter/gc_family_boundary_hook_spec.spl
OTHER	assert_contains failed: '/bin/sh: 1: src/compiler_rust/target/bootstrap/simple: not found	test/01_unit/compiler/interpreter/implicit_self_field_assign_spec.spl
OTHER	assert_equal failed: expected 0, got 127	test/01_unit/compiler/interpreter/implicit_self_field_assign_spec.spl
OTHER	assert_equal failed: expected 0, got 127	test/01_unit/compiler/interpreter/implicit_self_field_assign_spec.spl
SEMANTIC_OTHER	semantic: cannot call mutating method 'push' on immutab	test/01_unit/compiler/interpreter/interpreter_aop_collect_generalization_spec.spl
SEMANTIC_OTHER	semantic: cannot call mutating method 'push' on immutab	test/01_unit/compiler/interpreter/interpreter_aop_collect_generalization_spec.spl
SEMANTIC_OTHER	semantic: cannot call mutating method 'push' on immutab	test/01_unit/compiler/interpreter/interpreter_aop_collect_generalization_spec.spl
SEMANTIC_OTHER	semantic: cannot call mutating method 'push' on immutab	test/01_unit/compiler/interpreter/interpreter_aop_collect_generalization_spec.spl
SEMANTIC_OTHER	semantic: cannot call mutating method 'push' on immutab	test/01_unit/compiler/interpreter/interpreter_aop_weave_spec.spl
VALUE_MISMATCH	expected 5 to equal 99	test/01_unit/compiler/interpreter/match_binding_scope_generalization_spec.spl
VALUE_MISMATCH	expected 3 to equal 7	test/01_unit/compiler/interpreter/match_binding_scope_generalization_spec.spl
VALUE_MISMATCH	expected 7 to equal 2	test/01_unit/compiler/interpreter/match_binding_scope_generalization_spec.spl
VALUE_MISMATCH	expected 5 to equal 99	test/01_unit/compiler/interpreter/match_expr_binding_scope_spec.spl
VALUE_MISMATCH	expected escape_json slice missing body 	test/01_unit/compiler/interpreter/module_loader_lazy_spec.spl
VALUE_MISMATCH	expected  to contain PASS reversed_order	test/01_unit/compiler/interpreter/named_ctor_static_new_hijack_spec.spl
VALUE_MISMATCH	expected  to contain PASS explicit_new_s	test/01_unit/compiler/interpreter/named_ctor_static_new_hijack_spec.spl
VALUE_MISMATCH	expected  to contain PASS param_names_do	test/01_unit/compiler/interpreter/named_ctor_static_new_hijack_spec.spl
VALUE_MISMATCH	expected  to contain NAMED_CTOR_HIJACK P	test/01_unit/compiler/interpreter/named_ctor_static_new_hijack_spec.spl
MISSING_SYMBOL_VAR	`total`	test/01_unit/compiler/interpreter/nested_fn_enclosing_var_mutation_spec.spl
MISSING_SYMBOL_VAR	`total`	test/01_unit/compiler/interpreter/nested_fn_enclosing_var_mutation_spec.spl
VALUE_MISMATCH	expected 0 to equal 42	test/01_unit/compiler/interpreter/nested_fn_enclosing_var_mutation_spec.spl
MISSING_SYMBOL_VAR	`log`	test/01_unit/compiler/interpreter/nested_fn_enclosing_var_mutation_spec.spl
VALUE_MISMATCH	expected false to equal true	test/01_unit/compiler/interpreter/nested_fn_enclosing_var_mutation_spec.spl
MISSING_SYMBOL_VAR	`total`	test/01_unit/compiler/interpreter/nested_fn_enclosing_var_mutation_spec.spl
VALUE_MISMATCH	expected uo=6	test/01_unit/compiler/interpreter/option_on_non_option_scrutinee_class_spec.spl
VALUE_MISMATCH	expected some=6	test/01_unit/compiler/interpreter/option_on_non_option_scrutinee_class_spec.spl
VALUE_MISMATCH	expected bound=6	test/01_unit/compiler/interpreter/option_on_non_option_scrutinee_class_spec.spl
VALUE_MISMATCH	expected RESOLVED rt_process_run exit=0	test/01_unit/compiler/interpreter/process_extern_registration_class_spec.spl
VALUE_MISMATCH	expected true, got false	test/01_unit/compiler/interpreter/receiver_hop_depth_linear_spec.spl
VALUE_MISMATCH	expected true, got false	test/01_unit/compiler/interpreter/receiver_hop_depth_linear_spec.spl
MISSING_SYMBOL_VAR	`literal`	test/01_unit/compiler/interpreter/string_interpolation_spec.spl
MISSING_SYMBOL_VAR	`value`	test/01_unit/compiler/interpreter/string_interpolation_spec.spl
VALUE_MISMATCH	expected  to contain r=1	test/01_unit/compiler/interpreter/struct_container_field_mutation_spec.spl
VALUE_MISMATCH	expected -1 to be greater than -1	test/01_unit/compiler/interpreter/text_index_of_start_spec.spl
VALUE_MISMATCH	expected false to equal true	test/01_unit/compiler/interpreter/tiered_jit_hotspot_spec.spl
VALUE_MISMATCH	expected false to equal true	test/01_unit/compiler/interpreter/tiered_jit_hotspot_spec.spl
VALUE_MISMATCH	expected false to equal true	test/01_unit/compiler/interpreter/tiered_jit_hotspot_spec.spl
VALUE_MISMATCH	expected false to equal true	test/01_unit/compiler/interpreter/tiered_jit_hotspot_spec.spl
DOC_CONTENT_DRIFT	expected # Core Simple — Lexer Types (struct-	test/01_unit/compiler/lexer/lexer_import_debug_spec.spl
VALUE_MISMATCH	expected fn char_slice(start: i64, end: 	test/01_unit/compiler/lexer/lexer_triple_quote_docstring_spec.spl
TYPE_MISMATCH	semantic: type mismatch: cannot convert array to int	test/01_unit/compiler/linker/assurance_object_note_spec.spl
VALUE_MISMATCH	expected false to equal true	test/01_unit/compiler/linker/extern_unimplemented_weak_stub_fabrication_spec.spl
VALUE_MISMATCH	expected false to equal true	test/01_unit/compiler/linker/extern_unimplemented_weak_stub_fabrication_spec.spl
VALUE_MISMATCH	expected false to equal true	test/01_unit/compiler/linker/extern_unimplemented_weak_stub_fabrication_spec.spl
VALUE_MISMATCH	expected false to equal true	test/01_unit/compiler/linker/extern_unimplemented_weak_stub_fabrication_spec.spl
SEMANTIC_OTHER	semantic: invalid assignment: cannot index assign value	test/01_unit/compiler/linker/fixed_backend_success_spec.spl
VALUE_MISMATCH	expected 2 to equal 0	test/01_unit/compiler/linker/gpu_smf/smf_link_profile_spec.spl
VALUE_MISMATCH	expected 2 to equal 1	test/01_unit/compiler/linker/gpu_smf/smf_link_profile_spec.spl
VALUE_MISMATCH	expected false to equal true	test/01_unit/compiler/linker/gpu_smf/smf_link_receipts_spec.spl
TYPE_MISMATCH	semantic: type mismatch: cannot convert array to int	test/01_unit/compiler/linker/gpu_smf/smf_reader_adapter_spec.spl
VALUE_MISMATCH	expected 0 to equal 1	test/01_unit/compiler/linker/gpu_smf/smf_reader_adapter_spec.spl
UNWRAP_ON_ERR	semantic: called unwrap on Err: Object hash mismatch fo	test/01_unit/compiler/linker/lib_smf_spec.spl
VALUE_MISMATCH	expected [210, 255, 2, 134, 50, 188, 98,	test/01_unit/compiler/linker/lib_smf_spec.spl
SEMANTIC_OTHER	semantic: class `InstantiationEntry` has no field named	test/01_unit/compiler/linker/linker_context_spec.spl
UNWRAP_ON_ERR	semantic: called unwrap_err on Ok	test/01_unit/compiler/linker/object_provider_spec.spl
MISSING_SYMBOL_FIELD	semantic: unknown static method from_bytes on class Smf	test/01_unit/compiler/linker/object_provider_spec.spl
MISSING_SYMBOL_FIELD	semantic: unknown static method from_raw on class SmfHe	test/01_unit/compiler/linker/smf_reader_spec.spl
TYPE_MISMATCH	semantic: type mismatch: cannot convert array to int	test/01_unit/compiler/linker/smf_writer_write_spec.spl
TYPE_MISMATCH	semantic: type mismatch: cannot convert array to int	test/01_unit/compiler/linker/smf_writer_write_spec.spl
TYPE_MISMATCH	semantic: type mismatch: cannot convert array to int	test/01_unit/compiler/linker/smf_writer_write_spec.spl
TYPE_MISMATCH	semantic: type mismatch: cannot convert array to int	test/01_unit/compiler/linker/smf_writer_write_spec.spl
TYPE_MISMATCH	semantic: type mismatch: cannot convert array to int	test/01_unit/compiler/linker/smf_writer_write_spec.spl
TYPE_MISMATCH	semantic: type mismatch: cannot convert array to int	test/01_unit/compiler/linker/smf_writer_write_spec.spl
VALUE_MISMATCH	expected  to contain raw_rt_violation.sp	test/01_unit/compiler/lint/lint_still_bites_prevention_spec.spl
VALUE_MISMATCH	expected -1 to equal 0	test/01_unit/compiler/lint/lint_still_bites_prevention_spec.spl
VALUE_MISMATCH	expected -1 to equal 0	test/01_unit/compiler/lint/lint_terminates_with_verdict_spec.spl
VALUE_MISMATCH	expected -1 to equal 0	test/01_unit/compiler/lint/lint_terminates_with_verdict_spec.spl
VALUE_MISMATCH	expected true to equal false	test/01_unit/compiler/lint/riscv_rtl_debuggability_spec.spl
VALUE_MISMATCH	expected true to equal false	test/01_unit/compiler/lint/riscv_rtl_debuggability_spec.spl
VALUE_MISMATCH	expected true to equal false	test/01_unit/compiler/lint/riscv_rtl_debuggability_spec.spl
SEMANTIC_OTHER	semantic: unknown variant or method 'AspectPackDirector	test/01_unit/compiler/loader/aspect_pack_smf_section_wiring_spec.spl
MISSING_SYMBOL_FN	`smf_build_aspect_pack_image`	test/01_unit/compiler/loader/aspect_pack_smf_section_wiring_spec.spl
MISSING_SYMBOL_FN	`smf_build_aspect_pack_image`	test/01_unit/compiler/loader/aspect_pack_smf_section_wiring_spec.spl
MISSING_SYMBOL_FN	`smf_build_aspect_pack_image`	test/01_unit/compiler/loader/aspect_pack_smf_section_wiring_spec.spl
SEMANTIC_OTHER	semantic: class `ModuleLoader` has no field named `last	test/01_unit/compiler/loader/aspect_pack_smf_section_wiring_spec.spl
MISSING_SYMBOL_FN	`smf_build_aspect_pack_image`	test/01_unit/compiler/loader/aspect_pack_smf_section_wiring_spec.spl
MISSING_SYMBOL_FN	`smf_build_aspect_pack_image`	test/01_unit/compiler/loader/aspect_pack_smf_section_wiring_spec.spl
SEMANTIC_OTHER	semantic: class `CompilerContext` has no field named `a	test/01_unit/compiler/loader/compiler_ffi_spec.spl
SEMANTIC_OTHER	semantic: class `TypeInfo` has no field named `type_nam	test/01_unit/compiler/loader/compiler_ffi_spec.spl
VALUE_MISMATCH	expected (vec.smf, PossibleInstantiation	test/01_unit/compiler/loader/jit_instantiator_spec.spl
MISSING_SYMBOL_FN	`InstantiationRecord`	test/01_unit/compiler/loader/metadata_symbols_spec.spl
MISSING_SYMBOL_FN	`InstantiationRecord`	test/01_unit/compiler/loader/metadata_symbols_spec.spl
SEMANTIC_OTHER	semantic: function expects 1 argument(s), but more were	test/01_unit/compiler/loader/module_loader_relocation_spec.spl
MISSING_SYMBOL_FN	`InstantiationRecord`	test/01_unit/compiler/loader/module_loader_spec.spl
MISSING_SYMBOL_FN	`InstantiationRecord`	test/01_unit/compiler/loader/module_loader_spec.spl
MISSING_SYMBOL_FN	`InstantiationRecord`	test/01_unit/compiler/loader/module_loader_spec.spl
MISSING_SYMBOL_METH	`reserve`	test/01_unit/compiler/loader/native_mmap_byte_read_spec.spl
UNIMPLEMENTED_BACKEND	semantic: type mismatch: unsupported cast target type: 	test/01_unit/compiler/loader/native_mmap_byte_read_spec.spl
VALUE_MISMATCH	expected false to equal true	test/01_unit/compiler/loader/object_mapper_no_fabrication_spec.spl
DOC_CONTENT_DRIFT	expected # Curated runtime loader package.	test/01_unit/compiler/loader/runtime_surface_spec.spl
VALUE_MISMATCH	expected LayerViolation(from_layer: infr	test/01_unit/compiler/mdsoc/layer_checker_spec.spl
VALUE_MISMATCH	expected LayerViolation(to_layer: infra,	test/01_unit/compiler/mdsoc/layer_checker_spec.spl
VALUE_MISMATCH	expected LayerViolation(to_module: frame	test/01_unit/compiler/mdsoc/layer_checker_spec.spl
VALUE_MISMATCH	expected LayerViolation(location: , from	test/01_unit/compiler/mdsoc/layer_checker_spec.spl
VALUE_MISMATCH	expected LayerViolation(to_layer: app, f	test/01_unit/compiler/mdsoc/layer_checker_spec.spl
VALUE_MISMATCH	expected LayerViolation(from_layer: fram	test/01_unit/compiler/mdsoc/layer_checker_spec.spl
MISSING_SYMBOL_METH	`empty`	test/01_unit/compiler/mdsoc/transform_adapters_spec.spl
MISSING_SYMBOL_METH	`empty`	test/01_unit/compiler/mdsoc/transform_adapters_spec.spl
MISSING_SYMBOL_METH	`empty`	test/01_unit/compiler/mdsoc/transform_adapters_spec.spl
MISSING_SYMBOL_METH	`empty`	test/01_unit/compiler/mdsoc/transform_adapters_spec.spl
MISSING_SYMBOL_METH	`empty`	test/01_unit/compiler/mdsoc/transform_adapters_spec.spl
MISSING_SYMBOL_METH	`from_lexer_output`	test/01_unit/compiler/mdsoc/transform_adapters_spec.spl
MISSING_SYMBOL_METH	`from_lexer_output`	test/01_unit/compiler/mdsoc/transform_adapters_spec.spl
MISSING_SYMBOL_METH	`from_lexer_output`	test/01_unit/compiler/mdsoc/transform_adapters_spec.spl
MISSING_SYMBOL_METH	`from_lexer_output`	test/01_unit/compiler/mdsoc/transform_adapters_spec.spl
MISSING_SYMBOL_METH	`from_lexer_output`	test/01_unit/compiler/mdsoc/transform_adapters_spec.spl
MISSING_SYMBOL_METH	`from_lexer_output`	test/01_unit/compiler/mdsoc/transform_adapters_spec.spl
MISSING_SYMBOL_METH	`from_lexer_output`	test/01_unit/compiler/mdsoc/transform_adapters_spec.spl
MISSING_SYMBOL_METH	`from_lexer_output`	test/01_unit/compiler/mdsoc/transform_adapters_spec.spl
MISSING_SYMBOL_METH	`empty`	test/01_unit/compiler/mdsoc/transform_adapters_spec.spl
MISSING_SYMBOL_METH	`empty`	test/01_unit/compiler/mdsoc/transform_adapters_spec.spl
MISSING_SYMBOL_METH	`empty`	test/01_unit/compiler/mdsoc/transform_adapters_spec.spl
MISSING_SYMBOL_METH	`empty`	test/01_unit/compiler/mdsoc/transform_adapters_spec.spl
MISSING_SYMBOL_METH	`empty`	test/01_unit/compiler/mdsoc/transform_adapters_spec.spl
MISSING_SYMBOL_METH	`failed`	test/01_unit/compiler/mdsoc/transform_adapters_spec.spl
MISSING_SYMBOL_METH	`failed`	test/01_unit/compiler/mdsoc/transform_adapters_spec.spl
MISSING_SYMBOL_METH	`failed`	test/01_unit/compiler/mdsoc/transform_adapters_spec.spl
MISSING_SYMBOL_METH	`from_codegen`	test/01_unit/compiler/mdsoc/transform_adapters_spec.spl
MISSING_SYMBOL_METH	`from_codegen`	test/01_unit/compiler/mdsoc/transform_adapters_spec.spl
MISSING_SYMBOL_METH	`from_codegen`	test/01_unit/compiler/mdsoc/transform_adapters_spec.spl
MISSING_SYMBOL_METH	`from_codegen`	test/01_unit/compiler/mdsoc/transform_adapters_spec.spl
MISSING_SYMBOL_METH	`empty`	test/01_unit/compiler/mdsoc/transform_adapters_spec.spl
MISSING_SYMBOL_METH	`empty`	test/01_unit/compiler/mdsoc/transform_adapters_spec.spl
MISSING_SYMBOL_METH	`empty`	test/01_unit/compiler/mdsoc/transform_adapters_spec.spl
MISSING_SYMBOL_METH	`from_source`	test/01_unit/compiler/mdsoc/transform_adapters_spec.spl
MISSING_SYMBOL_METH	`from_source`	test/01_unit/compiler/mdsoc/transform_adapters_spec.spl
MISSING_SYMBOL_METH	`from_source`	test/01_unit/compiler/mdsoc/transform_adapters_spec.spl
MISSING_SYMBOL_METH	`from_source`	test/01_unit/compiler/mdsoc/transform_adapters_spec.spl
DOC_CONTENT_DRIFT	expected # Part of src/compiler/50.mir/mir_lo	test/01_unit/compiler/mir/bootstrap_binary_lowering_source_spec.spl
DOC_CONTENT_DRIFT	expected # Part of src/compiler/50.mir/mir_lo	test/01_unit/compiler/mir/bootstrap_binary_lowering_source_spec.spl
VALUE_MISMATCH	expected 0 to equal 2	test/01_unit/compiler/mir/bootstrap_binary_lowering_source_spec.spl
DOC_CONTENT_DRIFT	expected # Part 1 of src/compiler/70.backend/	test/01_unit/compiler/mir/bootstrap_binary_lowering_source_spec.spl
MISSING_SYMBOL_VAR	`dest_name`	test/01_unit/compiler/mir/bootstrap_binary_lowering_source_spec.spl
DOC_CONTENT_DRIFT	expected # Part 1 of src/compiler/70.backend/	test/01_unit/compiler/mir/bootstrap_binary_lowering_source_spec.spl
DOC_CONTENT_DRIFT	expected # Part of src/compiler/50.mir/mir_lo	test/01_unit/compiler/mir/bootstrap_len_fallback_source_spec.spl
DOC_CONTENT_DRIFT	expected # Part of src/compiler/50.mir/mir_lo	test/01_unit/compiler/mir/bootstrap_real_body_guard_source_spec.spl
DOC_CONTENT_DRIFT	expected # Part of src/compiler/50.mir/mir_lo	test/01_unit/compiler/mir/builtin_is_empty_source_spec.spl
DOC_CONTENT_DRIFT	expected # Part of src/compiler/50.mir/mir_lo	test/01_unit/compiler/mir/cross_module_field_layout_source_spec.spl
DOC_CONTENT_DRIFT	expected # EasyFix Rules - Code Quality Lint 	test/01_unit/compiler/mir/default_trait_is_empty_source_spec.spl
DOC_CONTENT_DRIFT	expected # HIR expression lowering umbrella.	test/01_unit/compiler/mir/dict_typed_method_lowering_source_spec.spl
VALUE_MISMATCH	expected //! Method call expression lowe	test/01_unit/compiler/mir/enum_bare_name_collision_dual_key_spec.spl
DOC_CONTENT_DRIFT	expected # Part of src/compiler/50.mir/mir_lo	test/01_unit/compiler/mir/erased_dict_views_source_spec.spl
MISSING_SYMBOL_FN	`Dict`	test/01_unit/compiler/mir/folded_const_type_classification_spec.spl
VALUE_MISMATCH	expected 1 to equal 0	test/01_unit/compiler/mir/gpu_target_metadata_spec.spl
MISSING_SYMBOL_VAR	`MirLowering`	test/01_unit/compiler/mir/host_gpu_lane_mir_marker_spec.spl
MISSING_SYMBOL_VAR	`MirLowering`	test/01_unit/compiler/mir/host_gpu_lane_queue_evidence_spec.spl
MISSING_SYMBOL_VAR	`MirLowering`	test/01_unit/compiler/mir/host_gpu_lane_queue_evidence_spec.spl
VALUE_MISMATCH	expected false to equal true	test/01_unit/compiler/mir/inline_asm_bare_template_placeholder_spec.spl
VALUE_MISMATCH	expected false to equal true	test/01_unit/compiler/mir/inline_asm_bare_template_placeholder_spec.spl
VALUE_MISMATCH	expected false to equal true	test/01_unit/compiler/mir/inline_asm_bare_template_placeholder_spec.spl
MISSING_SYMBOL_VAR	`MirLowering`	test/01_unit/compiler/mir/logical_short_circuit_lowering_spec.spl
MISSING_SYMBOL_VAR	`MirLowering`	test/01_unit/compiler/mir/logical_short_circuit_lowering_spec.spl
MISSING_SYMBOL_VAR	`MirLowering`	test/01_unit/compiler/mir/logical_short_circuit_lowering_spec.spl
MISSING_SYMBOL_VAR	`MirLowering`	test/01_unit/compiler/mir/logical_short_circuit_lowering_spec.spl
MISSING_SYMBOL_VAR	`MirLowering`	test/01_unit/compiler/mir/logical_short_circuit_lowering_spec.spl
MISSING_SYMBOL_VAR	`MirLowering`	test/01_unit/compiler/mir/logical_short_circuit_lowering_spec.spl
VALUE_MISMATCH	expected 8 to equal 16	test/01_unit/compiler/mir/mir_construct_matrix_spec.spl
VALUE_MISMATCH	expected 8 to equal 32	test/01_unit/compiler/mir/mir_construct_matrix_spec.spl
VALUE_MISMATCH	expected 8 to equal 32	test/01_unit/compiler/mir/mir_construct_matrix_spec.spl
VALUE_MISMATCH	expected 13463 to be less than 9000	test/01_unit/compiler/mir/mir_instruction_split_contract_spec.spl
VALUE_MISMATCH	expected 	test/01_unit/compiler/mir/mir_lowering_new_spec.spl
DOC_CONTENT_DRIFT	expected # Part of src/compiler/50.mir/mir_lo	test/01_unit/compiler/mir/mir_lowering_new_spec.spl
SEMANTIC_OTHER	semantic: array index out of bounds: index is 1 but len	test/01_unit/compiler/mir/mir_lowering_new_spec.spl
DOC_CONTENT_DRIFT	expected # HIR expression lowering umbrella.	test/01_unit/compiler/mir/mir_lowering_new_spec.spl
DOC_CONTENT_DRIFT	expected # Part of src/compiler/50.mir/mir_lo	test/01_unit/compiler/mir/mir_lowering_new_spec.spl
DOC_CONTENT_DRIFT	expected # HIR item lowering - function, clas	test/01_unit/compiler/mir/mir_lowering_new_spec.spl
VALUE_MISMATCH	expected 	test/01_unit/compiler/mir/mir_lowering_new_spec.spl
DOC_CONTENT_DRIFT	expected # Part of src/compiler/50.mir/mir_lo	test/01_unit/compiler/mir/mir_lowering_new_spec.spl
DOC_CONTENT_DRIFT	expected # Part of src/compiler/50.mir/mir_lo	test/01_unit/compiler/mir/mir_lowering_new_spec.spl
DOC_CONTENT_DRIFT	expected # Part of src/compiler/50.mir/mir_lo	test/01_unit/compiler/mir/mir_lowering_new_spec.spl
DOC_CONTENT_DRIFT	expected # HIR expression lowering umbrella.	test/01_unit/compiler/mir/mir_lowering_new_spec.spl
DOC_CONTENT_DRIFT	expected # HIR expression lowering umbrella.	test/01_unit/compiler/mir/mir_lowering_new_spec.spl
VALUE_MISMATCH	expected true to equal false	test/01_unit/compiler/mir/mir_lowering_new_spec.spl
VALUE_MISMATCH	expected true to equal false	test/01_unit/compiler/mir/mir_lowering_new_spec.spl
MISSING_SYMBOL_VAR	`name_direct`	test/01_unit/compiler/mir/mir_lowering_new_spec.spl
DOC_CONTENT_DRIFT	expected # MIR Lowering - Statement and Contr	test/01_unit/compiler/mir/mir_lowering_new_spec.spl
DOC_CONTENT_DRIFT	expected # Part 2 of src/compiler/70.backend/	test/01_unit/compiler/mir/mir_lowering_new_spec.spl
DOC_CONTENT_DRIFT	expected # Driver - Compiler Driver Implement	test/01_unit/compiler/mir/mir_lowering_new_spec.spl
DOC_CONTENT_DRIFT	expected # Compatibility shim for older impor	test/01_unit/compiler/mir/mir_lowering_new_spec.spl
DOC_CONTENT_DRIFT	expected # HIR item lowering - module, import	test/01_unit/compiler/mir/mir_lowering_new_spec.spl
DOC_CONTENT_DRIFT	expected # Part 1 of src/compiler/70.backend/	test/01_unit/compiler/mir/mir_lowering_new_spec.spl
MISSING_SYMBOL_VAR	`defining_module`	test/01_unit/compiler/mir/mir_lowering_new_spec.spl
VALUE_MISMATCH	expected /usr/bin/sh: 1: /tmp/native_cap	test/01_unit/compiler/mir/native_capturing_lambda_closure_conversion_spec.spl
VALUE_MISMATCH	expected false to equal true	test/01_unit/compiler/mir_opt/cipher/cipher_intrinsics_spec.spl
VALUE_MISMATCH	expected false to equal true	test/01_unit/compiler/mir_opt/cipher/cipher_intrinsics_spec.spl
VALUE_MISMATCH	expected false to equal true	test/01_unit/compiler/mir_opt/cipher/cipher_intrinsics_spec.spl
SEMANTIC_OTHER	semantic: invalid operation: cannot index value of type	test/01_unit/compiler/mir_opt/optimizer_manifest_backend_policy_spec.spl
MISSING_SYMBOL_VAR	`MirLowering`	test/01_unit/compiler/mir/result_unwrap_struct_provenance_spec.spl
MISSING_SYMBOL_VAR	`MirLowering`	test/01_unit/compiler/mir/result_unwrap_struct_provenance_spec.spl
MISSING_SYMBOL_VAR	`MirLowering`	test/01_unit/compiler/mir/result_unwrap_struct_provenance_spec.spl
VALUE_MISMATCH	expected true to equal false	test/01_unit/compiler/mir/struct_field_order_module_qualified_spec.spl
DOC_CONTENT_DRIFT	expected # Part of src/compiler/50.mir/mir_lo	test/01_unit/compiler/mir/struct_text_field_interpolation_source_spec.spl
VALUE_MISMATCH	expected @driver manifest can synthesize	test/01_unit/compiler/mir/synthetic_driver_registration_spec.spl
VALUE_MISMATCH	expected @driver supplies manifest field	test/01_unit/compiler/mir/synthetic_driver_registration_spec.spl
DOC_CONTENT_DRIFT	expected # Part of src/compiler/50.mir/mir_lo	test/01_unit/compiler/mir/text_bool_result_type_source_spec.spl
MISSING_SYMBOL_VAR	`MirLowering`	test/01_unit/compiler/mir/text_builtin_rfind_lowering_spec.spl
MISSING_SYMBOL_VAR	`MirLowering`	test/01_unit/compiler/mir/text_builtin_rfind_lowering_spec.spl
VALUE_MISMATCH	expected missing importing module surfac	test/01_unit/compiler/mir/text_builtin_rfind_lowering_spec.spl
VALUE_MISMATCH	expected 2 to equal 1	test/01_unit/compiler/mir/text_builtin_rfind_lowering_spec.spl
MISSING_SYMBOL_VAR	`MirLowering`	test/01_unit/compiler/mir/text_builtin_rfind_lowering_spec.spl
MISSING_SYMBOL_VAR	`MirLowering`	test/01_unit/compiler/mir/text_builtin_rfind_lowering_spec.spl
VALUE_MISMATCH	expected /* RV64 boot runtime facade: bo	test/01_unit/compiler/mir/text_for_iteration_lowering_source_spec.spl
MISSING_SYMBOL_VAR	`method`	test/01_unit/compiler/mir/unresolved_method_fatal_guard_source_spec.spl
VALUE_MISMATCH	expected 1 to equal 0	test/01_unit/compiler/mir/verification_call_identity_spec.spl
VALUE_MISMATCH	expected  to equal 7102::fv2::trust-clos	test/01_unit/compiler/mir/verification_obligation_module_spec.spl
VALUE_MISMATCH	expected true to equal false	test/01_unit/compiler/mir/verification_obligation_module_spec.spl
VALUE_MISMATCH	expected true to equal false	test/01_unit/compiler/mir/verification_obligation_module_spec.spl
VALUE_MISMATCH	expected FV2-E-CONTRACT-MODULE-CALLEE-EF	test/01_unit/compiler/mir/verification_obligation_module_spec.spl
VALUE_MISMATCH	expected FV2-E-REGION-PROOF-EVIDENCE: th	test/01_unit/compiler/mir/verification_region_effects_spec.spl
MISSING_SYMBOL_METH	`kind`	test/01_unit/compiler/module_resolver/group_import_self_named_module_spec.spl
MISSING_SYMBOL_METH	`kind`	test/01_unit/compiler/module_resolver/group_import_shadowing_generalization_spec.spl
MISSING_SYMBOL_VAR	`Parser`	test/01_unit/compiler/module_resolver/type_domain_resolver_spec.spl
VALUE_MISMATCH	expected 0 to equal 1	test/01_unit/compiler/mono/verify/post_mono_verify_spec.spl
VALUE_MISMATCH	expected line 2:10: expected indented as	test/01_unit/compiler/native/inline_asm_core_parser_spec.spl
VALUE_MISMATCH	expected false to equal true	test/01_unit/compiler/parser/asm_volatile_indented_block_spec.spl
VALUE_MISMATCH	expected false to equal true	test/01_unit/compiler/parser/asm_volatile_indented_block_spec.spl
SEMANTIC_OTHER	semantic: nil is forbidden by the non-optional return c	test/01_unit/compiler/parser/common_mistake_function_identifier_spec.spl
SEMANTIC_OTHER	semantic: nil is forbidden by the non-optional return c	test/01_unit/compiler/parser/common_mistake_function_identifier_spec.spl
VALUE_MISMATCH	expected false to equal true	test/01_unit/compiler/parser/dedent_continuation_spec.spl
OTHER	image custom block did not retain raw payload	test/01_unit/compiler/parser/expression_primary_parity_spec.spl
VALUE_MISMATCH	expected false to equal true	test/01_unit/compiler/parser/parser_category_c_spec.spl
VALUE_MISMATCH	expected false to equal true	test/01_unit/compiler/parser/parser_category_c_spec.spl
VALUE_MISMATCH	expected false to equal true	test/01_unit/compiler/parser/parser_category_c_spec.spl
VALUE_MISMATCH	expected false to equal true	test/01_unit/compiler/parser/print_log_policy_spec.spl
MISSING_SYMBOL_FIELD	semantic: unknown static method new on class TreeSitter	test/01_unit/compiler/parser/treesitter_error_recovery_spec.spl
MISSING_SYMBOL_FIELD	semantic: unknown static method new on class TreeSitter	test/01_unit/compiler/parser/treesitter_error_recovery_spec.spl
MISSING_SYMBOL_FIELD	semantic: unknown static method new on class TreeSitter	test/01_unit/compiler/parser/treesitter_error_recovery_spec.spl
MISSING_SYMBOL_FIELD	semantic: unknown static method new on class TreeSitter	test/01_unit/compiler/parser/treesitter_error_recovery_spec.spl
MISSING_SYMBOL_FIELD	semantic: unknown static method new on class TreeSitter	test/01_unit/compiler/parser/treesitter_highlights_spec.spl
MISSING_SYMBOL_FIELD	semantic: unknown static method new on class TreeSitter	test/01_unit/compiler/parser/treesitter_highlights_spec.spl
MISSING_SYMBOL_FIELD	semantic: unknown static method new on class TreeSitter	test/01_unit/compiler/parser/treesitter_highlights_spec.spl
MISSING_SYMBOL_FIELD	semantic: unknown static method new on class TreeSitter	test/01_unit/compiler/parser/treesitter_highlights_spec.spl
MISSING_SYMBOL_FIELD	semantic: unknown static method new on class TreeSitter	test/01_unit/compiler/parser/treesitter_highlights_spec.spl
MISSING_SYMBOL_FIELD	semantic: unknown static method new on class TreeSitter	test/01_unit/compiler/parser/treesitter_incremental_spec.spl
MISSING_SYMBOL_FIELD	semantic: unknown static method new on class TreeSitter	test/01_unit/compiler/parser/treesitter_incremental_spec.spl
MISSING_SYMBOL_FIELD	semantic: unknown static method new on class TreeSitter	test/01_unit/compiler/parser/treesitter_incremental_spec.spl
MISSING_SYMBOL_FIELD	semantic: unknown static method new on class TreeSitter	test/01_unit/compiler/parser/treesitter_incremental_spec.spl
MISSING_SYMBOL_FIELD	semantic: unknown static method new on class TreeSitter	test/01_unit/compiler/parser/treesitter_spec.spl
MISSING_SYMBOL_FIELD	semantic: unknown static method new on class TreeSitter	test/01_unit/compiler/parser/treesitter_spec.spl
MISSING_SYMBOL_FIELD	semantic: unknown static method new on class TreeSitter	test/01_unit/compiler/parser/treesitter_spec.spl
MISSING_SYMBOL_FIELD	semantic: unknown static method new on class TreeSitter	test/01_unit/compiler/parser/treesitter_spec.spl
MISSING_SYMBOL_FIELD	semantic: unknown static method new on class TreeSitter	test/01_unit/compiler/parser/treesitter_spec.spl
MISSING_SYMBOL_VAR	`cli`	test/01_unit/compiler/parser/treesitter_spec.spl
MISSING_SYMBOL_VAR	`bkpt`	test/01_unit/compiler/parser/treesitter_spec.spl
MISSING_SYMBOL_FIELD	semantic: unknown static method new on class TreeSitter	test/01_unit/compiler/parser/treesitter_spec.spl
MISSING_SYMBOL_FIELD	semantic: unknown static method new on class TreeSitter	test/01_unit/compiler/parser/treesitter_spec.spl
MISSING_SYMBOL_FIELD	semantic: unknown static method new on class TreeSitter	test/01_unit/compiler/parser/treesitter_spec.spl
MISSING_SYMBOL_FIELD	semantic: unknown static method new on class TreeSitter	test/01_unit/compiler/parser/treesitter_spec.spl
MISSING_SYMBOL_FIELD	semantic: unknown static method new on class TreeSitter	test/01_unit/compiler/parser/treesitter_visibility_spec.spl
MISSING_SYMBOL_FIELD	semantic: unknown static method new on class TreeSitter	test/01_unit/compiler/parser/treesitter_visibility_spec.spl
VALUE_MISMATCH	expected 3 to equal 0	test/01_unit/compiler/parser/where_clause_spec.spl
VALUE_MISMATCH	expected warning: public function `share	test/01_unit/compiler/pipeline/cross_module_collision_detection_spec.spl
VALUE_MISMATCH	expected  to contain XMOD_COLLISION PROB	test/01_unit/compiler/pipeline/cross_module_symbol_collision_spec.spl
VALUE_MISMATCH	expected  to contain XMOD_COLLISION PROB	test/01_unit/compiler/pipeline/cross_module_symbol_collision_spec.spl
VALUE_MISMATCH	expected false to equal true	test/01_unit/compiler/portable_numeric_capabilities_spec.spl
VALUE_MISMATCH	expected x86-64 to equal x86-64-v1	test/01_unit/compiler/portable_numeric_capabilities_spec.spl
VALUE_MISMATCH	expected x86-64 to equal x86-64-v1	test/01_unit/compiler/portable_numeric_capabilities_spec.spl
VALUE_MISMATCH	expected x86-64 to equal x86-64-v1	test/01_unit/compiler/portable_numeric_capabilities_spec.spl
SEMANTIC_OTHER	semantic: class `CompileOptions` has no field named `ta	test/01_unit/compiler/portable_numeric_plan_threading_spec.spl
SEMANTIC_OTHER	semantic: class `CompileOptions` has no field named `ta	test/01_unit/compiler/portable_numeric_plan_threading_spec.spl
VALUE_MISMATCH	expected 1 to equal 2	test/01_unit/compiler/r2_matchers_red_probe_spec.spl
VALUE_MISMATCH	expected 42 to be nil	test/01_unit/compiler/r2_matchers_red_probe_spec.spl
VALUE_MISMATCH	expected 0 to be nil	test/01_unit/compiler/regression/struct_init_omitted_field_nil_fill_spec.spl
VALUE_MISMATCH	expected 0 to be nil	test/01_unit/compiler/regression/struct_init_omitted_field_nil_fill_spec.spl
VALUE_MISMATCH	expected nil to equal 0	test/01_unit/compiler/regression/struct_init_omitted_field_nil_fill_spec.spl
VALUE_MISMATCH	expected 0 to equal 1	test/01_unit/compiler/resource/resource_with_scoped_mir_drop_spec.spl
VALUE_MISMATCH	expected 0 to equal 1	test/01_unit/compiler/resource/resource_with_scoped_mir_drop_spec.spl
VALUE_MISMATCH	expected 0 to equal 2	test/01_unit/compiler/resource/resource_with_scoped_mir_drop_spec.spl
VALUE_MISMATCH	expected 0 to equal 1	test/01_unit/compiler/resource/resource_with_scoped_mir_drop_spec.spl
MISSING_SYMBOL_METH	`split_whitespace`	test/01_unit/compiler/runtime/hosted_extern_mode_agreement_class_spec.spl
SEMANTIC_OTHER	semantic: class `CompileOptions` has no field named `ta	test/01_unit/compiler/scalable_vec_mir_scaffolding_spec.spl
SEMANTIC_OTHER	semantic: class `CompileOptions` has no field named `ta	test/01_unit/compiler/scalable_vec_mir_scaffolding_spec.spl
DOC_CONTENT_DRIFT	expected # MIR Lowering - Type Definitions	test/01_unit/compiler/scalar_metadata_copy_spec.spl
VALUE_MISMATCH	expected 102 to equal 100	test/01_unit/compiler/schema/generated_visitor_coverage_spec.spl
VALUE_MISMATCH	expected 104 to equal 103	test/01_unit/compiler/schema/generated_visitor_coverage_spec.spl
OTHER	assert_false failed: got true	test/01_unit/compiler/semantics/alloc_checker_spec.spl
MISSING_SYMBOL_FN	`resolve_flat_methods`	test/01_unit/compiler/semantics/flat_imported_method_resolution_spec.spl
VALUE_MISMATCH	expected [] to contain nested_transport.	test/01_unit/compiler/semantics/nested_method_resolution_transport_spec.spl
VALUE_MISMATCH	expected false to equal true	test/01_unit/compiler/semantics/preprocessor_when_cfg_spec.spl
VALUE_MISMATCH	expected [] to contain method_owner.Tier	test/01_unit/compiler/semantics/resolve_nil_guard_spec.spl
VALUE_MISMATCH	expected false to equal true	test/01_unit/compiler/semantics/resolve_nil_guard_spec.spl
MISSING_SYMBOL_VAR	`Shared`	test/01_unit/compiler/semantics/resolve_nil_guard_spec.spl
MISSING_SYMBOL_VAR	`Shared`	test/01_unit/compiler/semantics/resolve_nil_guard_spec.spl
DOC_CONTENT_DRIFT	expected # HIR item lowering - module, import	test/01_unit/compiler/semantics/resolve_nil_guard_spec.spl
MISSING_SYMBOL_VAR	`stats`	test/01_unit/compiler/stats_bug_schema_spec.spl
VALUE_MISMATCH	expected nil to equal 0	test/01_unit/compiler/struct_init_field_order_fill_spec.spl
OTHER	assert_equal failed: expected 0, got 1	test/01_unit/compiler/tools/lint_checks_spec.spl
VALUE_MISMATCH	expected [] to contain mmap	test/01_unit/compiler/tools/verify/allocator_symbol_scan_spec.spl
VALUE_MISMATCH	expected hi bob	test/01_unit/compiler/traits/conformance/trait_conformance_enforced_class_spec.spl
VALUE_MISMATCH	expected hi bob	test/01_unit/compiler/traits/conformance/trait_conformance_enforced_class_spec.spl
VALUE_MISMATCH	expected hi bob	test/01_unit/compiler/traits/conformance/trait_impl_arity_conformance_spec.spl
MISSING_SYMBOL_FN	`TraitDef`	test/01_unit/compiler/type_infer_link_contract_spec.spl
MISSING_SYMBOL_VAR	`trait_name`	test/01_unit/compiler/type_infer_link_contract_spec.spl
MISSING_SYMBOL_METH	`generate_obligation_for_method_call`	test/01_unit/compiler/type_infer/method_call_inference_spec.spl
MISSING_SYMBOL_METH	`generate_obligation_for_method_call`	test/01_unit/compiler/type_infer/method_call_inference_spec.spl
VALUE_MISMATCH	expected 1 to equal 0	test/01_unit/compiler/type_inference/hm_source_diagnostics_spec.spl
VALUE_MISMATCH	expected 1 to equal 0	test/01_unit/compiler/type_inference/hm_source_diagnostics_spec.spl
VALUE_MISMATCH	expected 1 to equal 0	test/01_unit/compiler/type_inference/hm_source_diagnostics_spec.spl
VALUE_MISMATCH	expected 1 to equal 0	test/01_unit/compiler/type_inference/hm_source_diagnostics_spec.spl
OTHER	assert_false failed: got true	test/01_unit/compiler/types/declared_return_type_enforced_spec.spl
OTHER	assert_false failed: got true	test/01_unit/compiler/types/declared_return_type_enforced_spec.spl
VALUE_MISMATCH	expected false to equal true	test/01_unit/compiler/u64_to_f64_comparison_spec.spl
VALUE_MISMATCH	expected false to equal true	test/01_unit/compiler/u64_to_f64_comparison_spec.spl
VALUE_MISMATCH	expected 0 to equal 6	test/01_unit/compiler/verification/exact_core_gate_collector_spec.spl
VALUE_MISMATCH	expected 0 to equal 6	test/01_unit/compiler/verification/exact_core_gate_collector_spec.spl
VALUE_MISMATCH	expected 0 to equal 4	test/01_unit/compiler/verification/exact_core_gate_collector_spec.spl
VALUE_MISMATCH	expected true to equal false	test/01_unit/compiler/verification/lean_basic_spec.spl
SEMANTIC_OTHER	semantic: class `LeanBlock` has no field named `namespa	test/01_unit/compiler/verification/lean_block_integration_spec.spl
VALUE_MISMATCH	expected -- GENERATED by `simple gen-lea	test/01_unit/compiler/verification/lean_codegen_spec.spl
MISSING_SYMBOL_METH	`is_model_complete`	test/01_unit/compiler/verification/lean_workflow_spec.spl
MISSING_SYMBOL_METH	`is_model_complete`	test/01_unit/compiler/verification/lean_workflow_spec.spl
MISSING_SYMBOL_FIELD	semantic: undefined field: unknown property or method '	test/01_unit/compiler/verification/lean_workflow_spec.spl
VALUE_MISMATCH	expected  to equal theorem demo : True :	test/01_unit/compiler/verification/lean_workflow_spec.spl
MISSING_SYMBOL_FIELD	semantic: undefined field: unknown property or method '	test/01_unit/compiler/verification/lean_workflow_spec.spl
VALUE_MISMATCH	expected no such file or directory (erro	test/01_unit/compiler/verification/lean_workflow_spec.spl
VALUE_MISMATCH	expected true to equal false	test/01_unit/compiler/verification/lean_workflow_spec.spl
VALUE_MISMATCH	expected Option::Some(Proof for theorem 	test/01_unit/compiler/verification/proof_reference_spec.spl
VALUE_MISMATCH	expected Option::Some(Ambiguous proof fo	test/01_unit/compiler/verification/proof_reference_spec.spl
VALUE_MISMATCH	expected Lean Verification: 1 verified, 	test/01_unit/compiler/verification/report_rendering_spec.spl
VALUE_MISMATCH	expected true to equal false	test/01_unit/compiler/verification/report_rendering_spec.spl
VALUE_MISMATCH	expected FV2-E-GATE-FINALIZER-AUTHORITY:	test/01_unit/compiler/verification/rv32i_delivery_gate_spec.spl
VALUE_MISMATCH	expected 0 to equal 21	test/01_unit/compiler/verification/rv64_delivery_gate_spec.spl
VALUE_MISMATCH	expected theorem increment_contract (n :	test/01_unit/compiler/verification/unified_attrs_spec.spl
VALUE_MISMATCH	expected nil to equal Option::Some(Verif	test/01_unit/compiler/verification/unsupported_construct_spec.spl
MISSING_SYMBOL_METH	`report_ffi_error`	test/01_unit/compiler/verification/unsupported_construct_spec.spl
MISSING_SYMBOL_METH	`ffi_in_verified_error`	test/01_unit/compiler/verification/verification_diagnostics_spec.spl
VALUE_MISMATCH	expected codegen feature-validation prob	test/01_unit/lib/common/feature_validation/codegen_spec.spl
TYPE_MISMATCH	semantic: type mismatch: cannot convert array to int	test/01_unit/lib/driver/fat32_file_io_spec.spl
TYPE_MISMATCH	semantic: type mismatch: cannot convert array to int	test/01_unit/lib/driver/fat32_file_io_spec.spl
VALUE_MISMATCH	expected false to equal true	test/01_unit/lib/std/type_checker/type_inference_spec.spl
VALUE_MISMATCH	expected false to equal true	test/01_unit/lib/std/type_checker/type_inference_spec.spl
VALUE_MISMATCH	expected false to equal true	test/01_unit/lib/std/type_checker/type_inference_spec.spl
VALUE_MISMATCH	expected 20 to equal 18	test/01_unit/os/kernel/loader/app_discovery_spec.spl
MISSING_SYMBOL_FN	`read_u16_le`	test/01_unit/os/kernel/loader/byte_utils_spec.spl
MISSING_SYMBOL_FN	`read_u32_le`	test/01_unit/os/kernel/loader/byte_utils_spec.spl
MISSING_SYMBOL_FN	`read_u64_le`	test/01_unit/os/kernel/loader/byte_utils_spec.spl
MISSING_SYMBOL_FN	`read_u64_le`	test/01_unit/os/kernel/loader/byte_utils_spec.spl
OTHER	fixture unmount failed	test/01_unit/os/kernel/loader/executable_admission_pipeline_spec.spl
OTHER	fixture unmount failed	test/01_unit/os/kernel/loader/executable_admission_pipeline_spec.spl
OTHER	fixture unmount failed	test/01_unit/os/kernel/loader/executable_admission_pipeline_spec.spl
VALUE_MISMATCH	expected false to equal true	test/01_unit/os/kernel/loader/executable_crypto_authority_spec.spl
MISSING_SYMBOL_FN	`encode_simple_artifact_manifest_v1_signing_bytes`	test/01_unit/os/kernel/loader/executable_manifest_signature_verifier_spec.spl
MISSING_SYMBOL_FN	`encode_simple_artifact_manifest_v1_signing_bytes`	test/01_unit/os/kernel/loader/executable_manifest_signature_verifier_spec.spl
UNWRAP_ON_ERR	semantic: called unwrap on Err: ENOENT: -2	test/01_unit/os/kernel/loader/executable_source_spec.spl
UNWRAP_ON_ERR	semantic: called unwrap on Err: ENOENT: -2	test/01_unit/os/kernel/loader/executable_source_spec.spl
MISSING_SYMBOL_METH	`to_u8`	test/01_unit/os/kernel/loader/executable_source_spec.spl
UNWRAP_ON_ERR	semantic: called unwrap on Err: ELF64 initial stack con	test/01_unit/os/kernel/loader/process_image_spec.spl
UNWRAP_ON_ERR	semantic: called unwrap on Err: ELF64 initial stack con	test/01_unit/os/kernel/loader/process_image_spec.spl
UNWRAP_ON_ERR	semantic: called unwrap on Err: ELF64 initial stack con	test/01_unit/os/kernel/loader/process_image_spec.spl
UNWRAP_ON_ERR	semantic: called unwrap on Err: ELF64 initial stack con	test/01_unit/os/kernel/loader/process_image_spec.spl
UNWRAP_ON_ERR	semantic: called unwrap on Err: ELF64 initial stack con	test/01_unit/os/kernel/loader/process_image_spec.spl
DOC_CONTENT_DRIFT	expected # Shared filesystem-exec scheduler b	test/01_unit/os/kernel/loader/riscv64_fs_exec_spawn_spec.spl
UNWRAP_ON_ERR	semantic: called unwrap on Err: FsError::InvalidArg	test/01_unit/os/kernel/loader/rv64_authenticated_media_policy_spec.spl
DOC_CONTENT_DRIFT	expected # Process Syscall Handlers — split f	test/01_unit/os/kernel/loader/spawn_enforcement_wiring_spec.spl
VALUE_MISMATCH	expected 125000000 to equal 134217728	test/01_unit/os/kernel/loader/stack_builder_spec.spl
OTHER	checked builder rejected an exactly sized frame	test/01_unit/os/kernel/loader/stack_builder_spec.spl
VALUE_MISMATCH	expected StackBuildError::ArithmeticOver	test/01_unit/os/kernel/loader/stack_builder_spec.spl
OTHER	checked builder rejected complete AT_RANDOM entropy	test/01_unit/os/kernel/loader/stack_builder_spec.spl
OTHER	checked builder rejected an explicitly minimal auxv	test/01_unit/os/kernel/loader/stack_builder_spec.spl
OTHER	checked builder rejected a valid complete frame	test/01_unit/os/kernel/loader/stack_builder_spec.spl
OTHER	checked builder rejected a bounded 64/128 launch frame	test/01_unit/os/kernel/loader/stack_builder_spec.spl
MISSING_SYMBOL_METH	`not_to_contain`	test/01_unit/os/kernel/loader/stack_builder_spec.spl
VALUE_MISMATCH	expected zstd frame header to contain co	test/01_unit/os/kernel/loader/zstd_decompress_spec.spl
VALUE_MISMATCH	expected true to equal false	test/01_unit/os/kernel/types/capability_types_spec.spl
VALUE_MISMATCH	expected /*	test/01_unit/runtime/argv_provider_source_contract_spec.spl
DOC_CONTENT_DRIFT	expected #include "runtime.h"	test/01_unit/runtime/dir_walk_runtime_parity_source_spec.spl
SEMANTIC_OTHER	semantic: nil is forbidden by the non-optional return c	test/01_unit/runtime/generic_runtime_spec.spl
DOC_CONTENT_DRIFT	expected # JavaScript tree-walking interprete	test/01_unit/runtime/http_runtime_abi_source_spec.spl
VALUE_MISMATCH	expected  to contain _rt_http_get(url).1	test/01_unit/runtime/http_runtime_abi_source_spec.spl
VALUE_MISMATCH	expected /*	test/01_unit/runtime/process_run_timeout_provider_source_spec.spl
MISSING_SYMBOL_VAR	`NULL`	test/01_unit/runtime/process_run_timeout_provider_source_spec.spl
VALUE_MISMATCH	expected true to equal false	test/01_unit/runtime/simple_core_process_contract_spec.spl
DOC_CONTENT_DRIFT	expected #!/bin/sh	test/01_unit/runtime/terminal_runtime_abi_source_spec.spl
VALUE_MISMATCH	expected """Vulkan FFI Dispatch — Static	test/01_unit/runtime/vulkan_compute_entry_provider_contract_spec.spl
SEMANTIC_OTHER	semantic: unknown extern function: rt_winit_buffer_crea	test/01_unit/runtime/winit_buffer_honesty_spec.spl
SEMANTIC_OTHER	semantic: unknown extern function: rt_winit_buffer_crea	test/01_unit/runtime/winit_buffer_honesty_spec.spl
SEMANTIC_OTHER	semantic: unknown extern function: rt_winit_buffer_pres	test/01_unit/runtime/winit_buffer_honesty_spec.spl
SEMANTIC_OTHER	semantic: unknown extern function: rt_winit_buffer_pres	test/01_unit/runtime/winit_buffer_honesty_spec.spl
SEMANTIC_OTHER	semantic: unknown extern function: rt_winit_buffer_fill	test/01_unit/runtime/winit_buffer_honesty_spec.spl
SEMANTIC_OTHER	semantic: unknown extern function: rt_winit_buffer_read	test/01_unit/runtime/winit_buffer_honesty_spec.spl
SEMANTIC_OTHER	semantic: unknown extern function: rt_winit_buffer_get_	test/01_unit/runtime/winit_buffer_honesty_spec.spl
SEMANTIC_OTHER	semantic: unknown extern function: rt_winit_buffer_free	test/01_unit/runtime/winit_buffer_honesty_spec.spl
SEMANTIC_OTHER	semantic: unknown extern function: rt_winit_buffer_crea	test/01_unit/runtime/winit_buffer_honesty_spec.spl
VALUE_MISMATCH	expected codegen feature-validation prob	test/01_unit/std/feature_validation/codegen_spec.spl
OTHER	assert_true failed: got false	test/02_integration/app/loader_exec_memory_spec.spl
VALUE_MISMATCH	expected  to contain Right	test/02_integration/compiler/advanced_types_spec.spl
OTHER	stack overflow: recursion depth 1000 exceeded limit 1000 in function 'qualified_symbol_key'	test/02_integration/compiler/advanced_types_spec.spl
VALUE_MISMATCH	expected false to equal true	test/02_integration/compiler/advanced_types_spec.spl
VALUE_MISMATCH	expected false to equal true	test/02_integration/compiler/advanced_types_spec.spl
VALUE_MISMATCH	expected false to equal true	test/02_integration/compiler/advanced_types_spec.spl
VALUE_MISMATCH	expected false to equal true	test/02_integration/compiler/advanced_types_spec.spl
VALUE_MISMATCH	expected parse error in /tmp/sml_advance	test/02_integration/compiler/advanced_types_spec.spl
VALUE_MISMATCH	expected parse error in /tmp/sml_advance	test/02_integration/compiler/advanced_types_spec.spl
VALUE_MISMATCH	expected /usr/bin/sh:1:build/tmp/array_v	test/02_integration/compiler/backend/array_value_copy_native_spec.spl
VALUE_MISMATCH	expected false to equal true	test/02_integration/compiler/bootstrap_intensive_spec.spl
MISSING_SYMBOL_METH	`first_unemitted_call_destination`	test/02_integration/compiler/bootstrap_llvm_call_dest_definition_spec.spl
VALUE_MISMATCH	expected true to equal true	test/02_integration/compiler/core_intensive_spec.spl
MISSING_SYMBOL_METH	`has_column`	test/02_integration/compiler/core_intensive_spec.spl
MISSING_SYMBOL_METH	`has_column`	test/02_integration/compiler/core_intensive_spec.spl
SEMANTIC_OTHER	semantic: unknown extern function: rt_heap_ref_wellform	test/02_integration/compiler/driver/native_build_cache_second_build_hits_spec.spl
VALUE_MISMATCH	expected 0 to equal 3	test/02_integration/compiler/driver/native_build_frontend_cache_second_build_hits_spec.spl
VALUE_MISMATCH	expected false to equal true	test/02_integration/compiler/driver/native_build_frontend_cache_second_build_hits_spec.spl
VALUE_MISMATCH	expected false to equal true	test/02_integration/compiler/driver/native_build_frontend_cache_second_build_hits_spec.spl
VALUE_MISMATCH	expected false to equal true	test/02_integration/compiler/driver/native_build_frontend_cache_second_build_hits_spec.spl
SEMANTIC_OTHER	semantic: array index out of bounds: index is 0 but len	test/02_integration/compiler/driver/native_build_frontend_cache_second_build_hits_spec.spl
VALUE_MISMATCH	expected 0 to equal 3	test/02_integration/compiler/driver/native_build_hir_sharding_spec.spl
VALUE_MISMATCH	expected false to equal true	test/02_integration/compiler/driver/native_build_hir_sharding_spec.spl
VALUE_MISMATCH	expected false to equal true	test/02_integration/compiler/driver/native_build_hir_streaming_sharding_spec.spl
VALUE_MISMATCH	expected false to equal true	test/02_integration/compiler/driver/native_build_parse_sharding_spec.spl
VALUE_MISMATCH	expected false to equal true	test/02_integration/compiler/driver/native_build_parse_sharding_spec.spl
VALUE_MISMATCH	expected false to equal true	test/02_integration/compiler/driver/native_build_parse_sharding_spec.spl
VALUE_MISMATCH	expected false to equal true	test/02_integration/compiler/driver/native_build_parse_sharding_spec.spl
VALUE_MISMATCH	expected 1 to equal 0	test/02_integration/compiler/hir_method_call_receiver_payload_spec.spl
VALUE_MISMATCH	expected 1 to equal 0	test/02_integration/compiler/hir_method_call_receiver_payload_spec.spl
VALUE_MISMATCH	expected /usr/bin/llc-20 to start with l	test/02_integration/compiler/llvm_backend_e2e_spec.spl
VALUE_MISMATCH	expected x86-64-v1 to equal x86-64	test/02_integration/compiler/llvm_backend_e2e_spec.spl
SEMANTIC_OTHER	semantic: function expects argument for parameter 'opt_	test/02_integration/compiler/llvm_compiled_proof_spec.spl
VALUE_MISMATCH	expected -1 to be greater than 8	test/02_integration/compiler/llvm_compiled_proof_spec.spl
VALUE_MISMATCH	expected -1 to be greater than 8	test/02_integration/compiler/llvm_compiled_proof_spec.spl
VALUE_MISMATCH	expected false to equal true	test/02_integration/compiler/llvm_native_link_spec.spl
SEMANTIC_OTHER	semantic: function expects argument for parameter 'opt_	test/02_integration/compiler/llvm_parity_spec.spl
SEMANTIC_OTHER	semantic: function expects argument for parameter 'opt_	test/02_integration/compiler/llvm_parity_spec.spl
SEMANTIC_OTHER	semantic: function expects argument for parameter 'opt_	test/02_integration/compiler/llvm_parity_spec.spl
SEMANTIC_OTHER	semantic: function expects argument for parameter 'opt_	test/02_integration/compiler/llvm_parity_spec.spl
SEMANTIC_OTHER	semantic: function expects argument for parameter 'opt_	test/02_integration/compiler/llvm_parity_spec.spl
SEMANTIC_OTHER	semantic: function expects argument for parameter 'opt_	test/02_integration/compiler/llvm_parity_spec.spl
SEMANTIC_OTHER	semantic: function expects argument for parameter 'opt_	test/02_integration/compiler/llvm_parity_spec.spl
VALUE_MISMATCH	expected /usr/bin/sh:1:build/tmp/array_c	test/02_integration/compiler/mir/array_concat_assign_merge_native_spec.spl
VALUE_MISMATCH	expected STATUS: FAIL native-crossmodule	test/02_integration/compiler/native_crossmodule_static_error_factory_spec.spl
VALUE_MISMATCH	expected STATUS: FAIL native-method-reso	test/02_integration/compiler/native_method_resolution_payload_enum_spec.spl
VALUE_MISMATCH	expected STATUS: FAIL scalar-metadata-co	test/02_integration/compiler/native_scalar_metadata_copy_spec.spl
VALUE_MISMATCH	expected false to equal true	test/02_integration/compiler/phase2_low_memory_source_reclaim_probe_spec.spl
DOC_CONTENT_DRIFT	expected # HIR Types - Core Types and Symbol 	test/02_integration/compiler/static_method_desugar_spec.spl
VALUE_MISMATCH	expected phantom module import: `use arm	test/02_integration/compiler/unresolved_import_is_hard_error_spec.spl
VALUE_MISMATCH	expected phantom module import: `use arm	test/02_integration/compiler/unresolved_import_is_hard_error_spec.spl
VALUE_MISMATCH	expected false to equal true	test/02_integration/compiler/vhdl_backend_e2e_spec.spl
VALUE_MISMATCH	expected false to equal true	test/02_integration/compiler/vhdl_backend_e2e_spec.spl
VALUE_MISMATCH	expected false to equal true	test/02_integration/compiler/vhdl_backend_e2e_spec.spl
VALUE_MISMATCH	expected false to equal true	test/02_integration/compiler/vhdl_backend_e2e_spec.spl
VALUE_MISMATCH	expected false to equal true	test/02_integration/compiler/vhdl_backend_e2e_spec.spl
VALUE_MISMATCH	expected false to equal true	test/02_integration/compiler/vhdl_backend_e2e_spec.spl
VALUE_MISMATCH	expected false to equal true	test/02_integration/compiler/vhdl_backend_e2e_spec.spl
VALUE_MISMATCH	expected false to equal true	test/02_integration/compiler/vhdl_backend_e2e_spec.spl
VALUE_MISMATCH	expected false to equal true	test/02_integration/compiler/vhdl_backend_e2e_spec.spl
VALUE_MISMATCH	expected false to equal true	test/02_integration/compiler/vhdl_backend_e2e_spec.spl
VALUE_MISMATCH	expected false to equal true	test/02_integration/compiler/vhdl_backend_e2e_spec.spl
VALUE_MISMATCH	expected false to equal true	test/02_integration/compiler/vhdl_backend_e2e_spec.spl
UNWRAP_ON_ERR	semantic: called unwrap on Err: CompileError(phase: bac	test/02_integration/compiler/vhdl_backend_e2e_spec.spl
VALUE_MISMATCH	expected GHDL rejected backend-generated	test/02_integration/compiler/vhdl_backend_e2e_spec.spl
VALUE_MISMATCH	expected GHDL synthesis failed for gener	test/02_integration/compiler/vhdl_backend_e2e_spec.spl
VALUE_MISMATCH	expected GHDL simulation failed for gene	test/02_integration/compiler/vhdl_backend_e2e_spec.spl
VALUE_MISMATCH	expected GHDL rejected backend-generated	test/02_integration/compiler/vhdl_backend_e2e_spec.spl
VALUE_MISMATCH	expected GHDL rejected backend-generated	test/02_integration/compiler/vhdl_backend_e2e_spec.spl
VALUE_MISMATCH	expected GHDL rejected backend-generated	test/02_integration/compiler/vhdl_backend_e2e_spec.spl
VALUE_MISMATCH	expected GHDL rejected backend-generated	test/02_integration/compiler/vhdl_backend_e2e_spec.spl
MISSING_SYMBOL_FN	`CompileOptions`	test/02_integration/compiler/wasm_e2e_spec.spl
MISSING_SYMBOL_FN	`CompileOptions`	test/02_integration/compiler/wasm_e2e_spec.spl
MISSING_SYMBOL_FN	`CompileOptions`	test/02_integration/compiler/wasm_e2e_spec.spl
MISSING_SYMBOL_FN	`CompileOptions`	test/02_integration/compiler/wasm_e2e_spec.spl
VALUE_MISMATCH	expected 1 to be greater than 1	test/02_integration/runtime/cli_scalar_args_spec.spl
SEMANTIC_OTHER	semantic: unknown extern function: rt_tcp_connect	test/02_integration/t32_hw/modes/interpreter_spec.spl
SEMANTIC_OTHER	semantic: unknown extern function: rt_tcp_connect	test/02_integration/t32_hw/modes/interpreter_spec.spl
SEMANTIC_OTHER	semantic: unknown extern function: rt_tcp_connect	test/02_integration/t32_hw/modes/interpreter_spec.spl
SEMANTIC_OTHER	semantic: unknown extern function: rt_tcp_connect	test/02_integration/t32_hw/modes/interpreter_spec.spl
SEMANTIC_OTHER	semantic: unknown extern function: rt_tcp_connect	test/02_integration/t32_hw/modes/interpreter_spec.spl
VALUE_MISMATCH	expected -1 to equal 0	test/03_system/app/compiler/feature/driver_synthetic_registration_live_spec.spl
VALUE_MISMATCH	expected -1 to equal 0	test/03_system/app/compiler/feature/driver_synthetic_registration_live_spec.spl
VALUE_MISMATCH	expected false to equal true	test/03_system/app/compiler/feature/host_cpu_runtime_variants_spec.spl
SEMANTIC_OTHER	semantic: invalid operation: cannot index value of type	test/03_system/app/compiler/feature/kairos_like_simple_mcp_llm_dashboard_spec.spl
SEMANTIC_OTHER	semantic: invalid operation: cannot index value of type	test/03_system/app/compiler/feature/kairos_like_simple_mcp_llm_dashboard_spec.spl
SEMANTIC_OTHER	semantic: invalid operation: cannot index value of type	test/03_system/app/compiler/feature/kairos_like_simple_mcp_llm_dashboard_spec.spl
SEMANTIC_OTHER	semantic: invalid operation: cannot index value of type	test/03_system/app/compiler/feature/kairos_like_simple_mcp_llm_dashboard_spec.spl
SEMANTIC_OTHER	semantic: invalid operation: cannot index value of type	test/03_system/app/compiler/feature/kairos_like_simple_mcp_llm_dashboard_spec.spl
SEMANTIC_OTHER	semantic: invalid operation: cannot index value of type	test/03_system/app/compiler/feature/kairos_like_simple_mcp_llm_dashboard_spec.spl
SEMANTIC_OTHER	semantic: invalid operation: cannot index value of type	test/03_system/app/compiler/feature/kairos_like_simple_mcp_llm_dashboard_spec.spl
SEMANTIC_OTHER	semantic: invalid operation: cannot index value of type	test/03_system/app/compiler/feature/kairos_like_simple_mcp_llm_dashboard_spec.spl
SEMANTIC_OTHER	semantic: invalid operation: cannot index value of type	test/03_system/app/compiler/feature/kairos_like_simple_mcp_llm_dashboard_spec.spl
SEMANTIC_OTHER	semantic: invalid operation: cannot index value of type	test/03_system/app/compiler/feature/kairos_like_simple_mcp_llm_dashboard_spec.spl
SEMANTIC_OTHER	semantic: invalid operation: cannot index value of type	test/03_system/app/compiler/feature/kairos_like_simple_mcp_llm_dashboard_spec.spl
SEMANTIC_OTHER	semantic: invalid operation: cannot index value of type	test/03_system/app/compiler/feature/kairos_like_simple_mcp_llm_dashboard_spec.spl
SEMANTIC_OTHER	semantic: invalid operation: cannot index value of type	test/03_system/app/compiler/feature/kairos_like_simple_mcp_llm_dashboard_spec.spl
VALUE_MISMATCH	expected  to contain explicit diagnostic	test/03_system/app/compiler/feature/vhdl_python_hdl_parity_spec.spl
VALUE_MISMATCH	expected -1 to equal 0	test/03_system/compiler/backend_system_spec.spl
VALUE_MISMATCH	expected  to equal exact output test	test/03_system/compiler/backend_system_spec.spl
VALUE_MISMATCH	expected  to equal 42	test/03_system/compiler/backend_system_spec.spl
VALUE_MISMATCH	expected  to equal hello world	test/03_system/compiler/backend_system_spec.spl
VALUE_MISMATCH	expected  to contain line three	test/03_system/compiler/backend_system_spec.spl
VALUE_MISMATCH	expected  to equal 55	test/03_system/compiler/backend_system_spec.spl
MISSING_SYMBOL_VAR	`mkdir_code`	test/03_system/compiler/bootstrap_stage3_real_body_spec.spl
VALUE_MISMATCH	expected false to equal true	test/03_system/compiler/c_parser_spec.spl
VALUE_MISMATCH	expected false to equal true	test/03_system/compiler/c_parser_spec.spl
VALUE_MISMATCH	expected false to equal true	test/03_system/compiler/c_parser_spec.spl
VALUE_MISMATCH	expected false to equal true	test/03_system/compiler/c_parser_spec.spl
VALUE_MISMATCH	expected false to equal true	test/03_system/compiler/c_parser_spec.spl
VALUE_MISMATCH	expected false to equal true	test/03_system/compiler/c_parser_spec.spl
VALUE_MISMATCH	expected false to equal true	test/03_system/compiler/c_parser_spec.spl
VALUE_MISMATCH	expected false to equal true	test/03_system/compiler/c_parser_spec.spl
VALUE_MISMATCH	expected false to equal true	test/03_system/compiler/c_parser_spec.spl
VALUE_MISMATCH	expected false to equal true	test/03_system/compiler/c_parser_spec.spl
VALUE_MISMATCH	expected false to equal true	test/03_system/compiler/c_parser_spec.spl
VALUE_MISMATCH	expected false to equal true	test/03_system/compiler/c_parser_spec.spl
VALUE_MISMATCH	expected false to equal true	test/03_system/compiler/c_parser_spec.spl
VALUE_MISMATCH	expected false to equal true	test/03_system/compiler/c_parser_spec.spl
VALUE_MISMATCH	expected false to equal true	test/03_system/compiler/c_parser_spec.spl
VALUE_MISMATCH	expected false to equal true	test/03_system/compiler/c_parser_spec.spl
VALUE_MISMATCH	expected false to equal true	test/03_system/compiler/c_parser_spec.spl
VALUE_MISMATCH	expected false to equal true	test/03_system/compiler/c_parser_spec.spl
VALUE_MISMATCH	expected false to equal true	test/03_system/compiler/c_parser_spec.spl
VALUE_MISMATCH	expected false to equal true	test/03_system/compiler/c_parser_spec.spl
VALUE_MISMATCH	expected false to equal true	test/03_system/compiler/c_parser_spec.spl
VALUE_MISMATCH	expected false to equal true	test/03_system/compiler/c_parser_spec.spl
VALUE_MISMATCH	expected false to equal true	test/03_system/compiler/c_parser_spec.spl
VALUE_MISMATCH	expected false to equal true	test/03_system/compiler/c_parser_spec.spl
VALUE_MISMATCH	expected false to equal true	test/03_system/compiler/c_parser_spec.spl
VALUE_MISMATCH	expected false to equal true	test/03_system/compiler/c_parser_spec.spl
VALUE_MISMATCH	expected false to equal true	test/03_system/compiler/c_parser_spec.spl
VALUE_MISMATCH	expected false to equal true	test/03_system/compiler/c_parser_spec.spl
VALUE_MISMATCH	expected false to equal true	test/03_system/compiler/c_parser_spec.spl
VALUE_MISMATCH	expected false to equal true	test/03_system/compiler/c_parser_spec.spl
VALUE_MISMATCH	expected false to equal true	test/03_system/compiler/c_parser_spec.spl
VALUE_MISMATCH	expected false to equal true	test/03_system/compiler/c_parser_spec.spl
VALUE_MISMATCH	expected false to equal true	test/03_system/compiler/c_parser_spec.spl
VALUE_MISMATCH	expected false to equal true	test/03_system/compiler/c_parser_spec.spl
VALUE_MISMATCH	expected false to equal true	test/03_system/compiler/c_parser_spec.spl
VALUE_MISMATCH	expected false to equal true	test/03_system/compiler/compiler_full_spec.spl
SEMANTIC_OTHER	semantic: function expects 2 argument(s), but more were	test/03_system/compiler/compiler_full_spec.spl
VALUE_MISMATCH	expected nil to equal 	test/03_system/compiler/compiler_full_spec.spl
VALUE_MISMATCH	expected native-build produced empty mir	test/03_system/compiler/compiler_full_spec.spl
SEMANTIC_OTHER	semantic: class `JitInstantiatorConfig` has no field na	test/03_system/compiler/compiler_full_spec.spl
MISSING_SYMBOL_FN	`imported_symbol_local_name`	test/03_system/compiler/compiler_import_alias_resolution_spec.spl
MISSING_SYMBOL_FN	`imported_symbol_local_name`	test/03_system/compiler/compiler_import_alias_resolution_spec.spl
VALUE_MISMATCH	expected false to equal true	test/03_system/compiler/compiler_interpret_pipeline_spec.spl
VALUE_MISMATCH	expected false to equal true	test/03_system/compiler/compiler_interpret_pipeline_spec.spl
VALUE_MISMATCH	expected false to equal true	test/03_system/compiler/compiler_interpret_pipeline_spec.spl
VALUE_MISMATCH	expected false to equal true	test/03_system/compiler/compiler_interpret_pipeline_spec.spl
VALUE_MISMATCH	expected false to equal true	test/03_system/compiler/compiler_interpret_pipeline_spec.spl
VALUE_MISMATCH	expected false to equal true	test/03_system/compiler/compiler_interpret_pipeline_spec.spl
VALUE_MISMATCH	expected false to equal true	test/03_system/compiler/compiler_interpret_pipeline_spec.spl
DOC_CONTENT_DRIFT	expected # Driver - Compiler Driver Implement	test/03_system/compiler/compiler_module_scoped_hir_lowering_spec.spl
SEMANTIC_OTHER	semantic: cannot assign to const 'result'	test/03_system/compiler/compiler_sample_spec.spl
MISSING_SYMBOL_METH	`len`	test/03_system/compiler/compiler_services_system_spec.spl
MISSING_SYMBOL_METH	`len`	test/03_system/compiler/compiler_services_system_spec.spl
MISSING_SYMBOL_METH	`len`	test/03_system/compiler/compiler_services_system_spec.spl
MISSING_SYMBOL_METH	`len`	test/03_system/compiler/compiler_services_system_spec.spl
MISSING_SYMBOL_VAR	`write_out`	test/03_system/compiler/controlflow_bool_codegen_regression_spec.spl
MISSING_SYMBOL_VAR	`compile_code`	test/03_system/compiler/controlflow_bool_codegen_regression_spec.spl
VALUE_MISMATCH	expected false to equal true	test/03_system/compiler/debug_sidecar_json_order_spec.spl
VALUE_MISMATCH	expected false to equal true	test/03_system/compiler/debug_sidecar_json_order_spec.spl
VALUE_MISMATCH	expected -1 to be less than -1	test/03_system/compiler/debug_sidecar_json_order_spec.spl
VALUE_MISMATCH	expected -1 to be less than -1	test/03_system/compiler/debug_sidecar_json_order_spec.spl
VALUE_MISMATCH	expected file not found (SA-3 not run ye	test/03_system/compiler/debug_sidecar_json_order_spec.spl
VALUE_MISMATCH	expected -1 to be greater than -1	test/03_system/compiler/debug_sidecar_json_order_spec.spl
VALUE_MISMATCH	expected -1 to be greater than -1	test/03_system/compiler/debug_sidecar_json_order_spec.spl
VALUE_MISMATCH	expected -1 to be less than -1	test/03_system/compiler/debug_sidecar_json_order_spec.spl
VALUE_MISMATCH	expected -1 to be greater than -1	test/03_system/compiler/debug_sidecar_json_order_spec.spl
VALUE_MISMATCH	expected -1 to be less than -1	test/03_system/compiler/debug_sidecar_json_order_spec.spl
VALUE_MISMATCH	expected false to equal true	test/03_system/compiler/driver_api_external_facade_spec.spl
VALUE_MISMATCH	expected false to equal true	test/03_system/compiler/driver_api_external_facade_spec.spl
SEMANTIC_OTHER	semantic: function expects 2 argument(s), but more were	test/03_system/compiler/driver_api_external_facade_spec.spl
VALUE_MISMATCH	expected false to equal true	test/03_system/compiler/driver_api_heavy_path_spec.spl
VALUE_MISMATCH	expected false to equal true	test/03_system/compiler/driver_api_heavy_path_spec.spl
VALUE_MISMATCH	expected false to equal true	test/03_system/compiler/driver_api_tier_policy_spec.spl
VALUE_MISMATCH	expected 0 to equal 8	test/03_system/compiler/driver_api_tier_policy_spec.spl
VALUE_MISMATCH	expected false to equal true	test/03_system/compiler/driver_api_tier_policy_spec.spl
VALUE_MISMATCH	expected false to equal true	test/03_system/compiler/driver_api_tier_policy_spec.spl
VALUE_MISMATCH	expected false to equal true	test/03_system/compiler/driver_api_tier_policy_spec.spl
VALUE_MISMATCH	expected -1 to equal 0	test/03_system/compiler/driver_synthetic_registration_live_spec.spl
VALUE_MISMATCH	expected -1 to equal 0	test/03_system/compiler/driver_synthetic_registration_live_spec.spl
SEMANTIC_OTHER	semantic: array index out of bounds: index is 0 but len	test/03_system/compiler/dynamic_driver_lsm_packaging_spec.spl
VALUE_MISMATCH	expected false to equal true	test/03_system/compiler/fpga_linux_split_spec.spl
VALUE_MISMATCH	expected false to equal true	test/03_system/compiler/fpga_linux_split_spec.spl
VALUE_MISMATCH	expected false to equal true	test/03_system/compiler/fpga_linux_split_spec.spl
VALUE_MISMATCH	expected file not found: src/hardware/fp	test/03_system/compiler/fpga_linux_split_spec.spl
VALUE_MISMATCH	expected file not found: src/hardware/fp	test/03_system/compiler/fpga_linux_split_spec.spl
VALUE_MISMATCH	expected file not found: src/hardware/fp	test/03_system/compiler/fpga_linux_split_spec.spl
VALUE_MISMATCH	expected false to equal true	test/03_system/compiler/fpga_linux_split_spec.spl
VALUE_MISMATCH	expected false to equal true	test/03_system/compiler/fpga_linux_split_spec.spl
VALUE_MISMATCH	expected false to equal true	test/03_system/compiler/fpga_linux_split_spec.spl
VALUE_MISMATCH	expected false to equal true	test/03_system/compiler/fpga_linux_split_spec.spl
VALUE_MISMATCH	expected false to equal true	test/03_system/compiler/fpga_linux_split_spec.spl
VALUE_MISMATCH	expected false to equal true	test/03_system/compiler/fpga_linux_split_spec.spl
VALUE_MISMATCH	expected STATUS: PASS riscv-fpga-sidecar	test/03_system/compiler/fv2_riscv_dual_track_readiness_spec.spl
VALUE_MISMATCH	expected true to equal false	test/03_system/compiler/fv2_riscv_dual_track_readiness_spec.spl
VALUE_MISMATCH	expected nil to contain return;	test/03_system/compiler/hip_backend_cli_smoke_spec.spl
VALUE_MISMATCH	expected nil to contain return;	test/03_system/compiler/hip_backend_cli_smoke_spec.spl
OTHER	assert_true failed: got false	test/03_system/compiler/i64_interpolation_engine_parity_spec.spl
OTHER	assert_equal failed: expected 9223372036854775807, got 	test/03_system/compiler/i64_interpolation_engine_parity_spec.spl
OTHER	assert_equal failed: expected -9223372036854775808, got 	test/03_system/compiler/i64_interpolation_engine_parity_spec.spl
OTHER	assert_equal failed: expected 4611686018427387904, got 	test/03_system/compiler/i64_interpolation_engine_parity_spec.spl
OTHER	assert_equal failed: expected 1152921504606846976, got 	test/03_system/compiler/i64_interpolation_engine_parity_spec.spl
VALUE_MISMATCH	expected false to equal true	test/03_system/compiler/import_c_defines_spec.spl
VALUE_MISMATCH	expected false to equal true	test/03_system/compiler/import_c_defines_spec.spl
VALUE_MISMATCH	expected false to equal true	test/03_system/compiler/import_c_defines_spec.spl
VALUE_MISMATCH	expected false to equal true	test/03_system/compiler/import_c_defines_spec.spl
VALUE_MISMATCH	expected false to equal true	test/03_system/compiler/import_c_defines_spec.spl
VALUE_MISMATCH	expected false to equal true	test/03_system/compiler/import_c_defines_spec.spl
VALUE_MISMATCH	expected false to equal true	test/03_system/compiler/import_c_defines_spec.spl
VALUE_MISMATCH	expected false to equal true	test/03_system/compiler/import_c_defines_spec.spl
VALUE_MISMATCH	expected false to equal true	test/03_system/compiler/import_c_defines_spec.spl
VALUE_MISMATCH	expected false to equal true	test/03_system/compiler/import_c_defines_spec.spl
VALUE_MISMATCH	expected false to equal true	test/03_system/compiler/import_c_defines_spec.spl
VALUE_MISMATCH	expected false to equal true	test/03_system/compiler/import_c_defines_spec.spl
VALUE_MISMATCH	expected false to equal true	test/03_system/compiler/import_c_defines_spec.spl
VALUE_MISMATCH	expected false to equal true	test/03_system/compiler/import_c_defines_spec.spl
VALUE_MISMATCH	expected false to equal true	test/03_system/compiler/import_c_defines_spec.spl
VALUE_MISMATCH	expected false to equal true	test/03_system/compiler/import_c_defines_spec.spl
VALUE_MISMATCH	expected false to equal true	test/03_system/compiler/import_c_defines_spec.spl
VALUE_MISMATCH	expected false to equal true	test/03_system/compiler/import_c_match_spec.spl
VALUE_MISMATCH	expected false to equal true	test/03_system/compiler/import_c_match_spec.spl
VALUE_MISMATCH	expected false to equal true	test/03_system/compiler/import_c_match_spec.spl
VALUE_MISMATCH	expected false to equal true	test/03_system/compiler/import_c_match_spec.spl
SEMANTIC_OTHER	semantic: invalid assignment: cannot reassign to immuta	test/03_system/compiler/lean_verification_workflow_spec.spl
VALUE_MISMATCH	expected WARNING: this Rust-built Simple	test/03_system/compiler/lean_verify_cli_spec.spl
VALUE_MISMATCH	expected WARNING: this Rust-built Simple	test/03_system/compiler/lean_verify_cli_spec.spl
VALUE_MISMATCH	expected WARNING: this Rust-built Simple	test/03_system/compiler/lean_verify_cli_spec.spl
VALUE_MISMATCH	expected WARNING: this Rust-built Simple	test/03_system/compiler/lean_verify_cli_spec.spl
VALUE_MISMATCH	expected  to equal hello from module	test/03_system/compiler/module_import/module_loader_e2e_spec.spl
VALUE_MISMATCH	expected  to equal 42	test/03_system/compiler/module_import/module_loader_e2e_spec.spl
VALUE_MISMATCH	expected  to contain 12	test/03_system/compiler/module_import/module_loader_e2e_spec.spl
VALUE_MISMATCH	expected  to equal Hello, World!	test/03_system/compiler/module_import/module_loader_e2e_spec.spl
VALUE_MISMATCH	expected  to equal 20	test/03_system/compiler/module_import/module_loader_e2e_spec.spl
VALUE_MISMATCH	expected  to contain 200	test/03_system/compiler/module_import/module_loader_e2e_spec.spl
VALUE_MISMATCH	expected  to equal 120	test/03_system/compiler/module_import/module_loader_e2e_spec.spl
VALUE_MISMATCH	expected  to equal pong	test/03_system/compiler/module_import/module_system_spec.spl
VALUE_MISMATCH	expected  to contain bar	test/03_system/compiler/module_import/module_system_spec.spl
VALUE_MISMATCH	expected  to equal 49	test/03_system/compiler/module_import/module_system_spec.spl
VALUE_MISMATCH	expected  to equal 7	test/03_system/compiler/module_import/module_system_spec.spl
VALUE_MISMATCH	expected  to equal 25	test/03_system/compiler/module_import/module_system_spec.spl
VALUE_MISMATCH	expected  to contain line2	test/03_system/compiler/module_import/module_system_spec.spl
VALUE_MISMATCH	expected  to equal 5	test/03_system/compiler/native_backend_e2e_system_spec.spl
VALUE_MISMATCH	expected  to equal 3	test/03_system/compiler/native_backend_e2e_system_spec.spl
VALUE_MISMATCH	expected  to contain positive	test/03_system/compiler/native_backend_e2e_system_spec.spl
VALUE_MISMATCH	expected  to equal 42	test/03_system/compiler/native_backend_e2e_system_spec.spl
VALUE_MISMATCH	expected  to equal two	test/03_system/compiler/native_backend_e2e_system_spec.spl
VALUE_MISMATCH	expected -1 to be greater than 0	test/03_system/compiler/native_backend_e2e_system_spec.spl
VALUE_MISMATCH	expected -1 to be greater than 0	test/03_system/compiler/native_backend_e2e_system_spec.spl
DOC_CONTENT_DRIFT	expected # CLI compile — target backends (sim	test/03_system/compiler/native_cli_mode_transport_regression_spec.spl
VALUE_MISMATCH	expected  to equal 84	test/03_system/compiler/native_cross_module_class_field_layout_regression_spec.spl
VALUE_MISMATCH	expected  to equal 84	test/03_system/compiler/native_cross_module_class_field_layout_regression_spec.spl
VALUE_MISMATCH	expected STATUS: FAIL native-crossmodule	test/03_system/compiler/native_crossmodule_static_error_factory_spec.spl
VALUE_MISMATCH	expected STATUS: FAIL native-crossmodule	test/03_system/compiler/native_crossmodule_static_error_factory_spec.spl
VALUE_MISMATCH	expected true to equal false	test/03_system/compiler/native_crossmodule_static_error_factory_spec.spl
VALUE_MISMATCH	expected STATUS: FAIL native-method-reso	test/03_system/compiler/native_method_resolution_payload_enum_spec.spl
VALUE_MISMATCH	expected STATUS: FAIL native-method-reso	test/03_system/compiler/native_method_resolution_payload_enum_spec.spl
VALUE_MISMATCH	expected STATUS: FAIL native-method-reso	test/03_system/compiler/native_method_resolution_payload_enum_spec.spl
VALUE_MISMATCH	expected STATUS: FAIL native-method-reso	test/03_system/compiler/native_method_resolution_payload_enum_spec.spl
VALUE_MISMATCH	expected true to equal false	test/03_system/compiler/native_method_resolution_payload_enum_spec.spl
VALUE_MISMATCH	expected  to equal 42	test/03_system/compiler/native_module_namespace_call_regression_spec.spl
VALUE_MISMATCH	expected  to equal 42	test/03_system/compiler/native_platform_path_owner_regression_spec.spl
VALUE_MISMATCH	expected compile-failed:env: ‘bin/simple	test/03_system/compiler/native_same_name_has_dispatch_regression_spec.spl
VALUE_MISMATCH	expected STATUS: FAIL scalar-metadata-co	test/03_system/compiler/native_scalar_metadata_copy_spec.spl
VALUE_MISMATCH	expected STATUS: FAIL scalar-metadata-co	test/03_system/compiler/native_scalar_metadata_copy_spec.spl
VALUE_MISMATCH	expected true to equal false	test/03_system/compiler/native_scalar_metadata_copy_spec.spl
VALUE_MISMATCH	expected  to equal A	test/03_system/compiler/native_struct_field_access_regression_spec.spl
VALUE_MISMATCH	expected nil to contain return;	test/03_system/compiler/opencl_backend_cli_smoke_spec.spl
VALUE_MISMATCH	expected nil to contain return;	test/03_system/compiler/opencl_backend_cli_smoke_spec.spl
OTHER	vacuous expect: expect(...) was never consumed by a matcher — chain .to_equal(...)/.to_contain(...) or use assert_true(...)	test/03_system/compiler/parser_improvements_spec.spl
SEMANTIC_OTHER	semantic: enum `Expected` not found in this scope	test/03_system/compiler/parser_spec.spl
VALUE_MISMATCH	expected use compiler.driver.driver.{com	test/03_system/compiler/phase2_low_memory_bridge_admission_contract_spec.spl
VALUE_MISMATCH	expected -1 to be greater than -1	test/03_system/compiler/phase2_low_memory_bridge_admission_contract_spec.spl
VALUE_MISMATCH	expected pure VHDL output was not create	test/03_system/compiler/pure_simple_vhdl_source_of_truth_spec.spl
VALUE_MISMATCH	expected pure VHDL output was not create	test/03_system/compiler/pure_simple_vhdl_source_of_truth_spec.spl
VALUE_MISMATCH	expected pure VHDL output was not create	test/03_system/compiler/pure_simple_vhdl_source_of_truth_spec.spl
VALUE_MISMATCH	expected pure VHDL output was not create	test/03_system/compiler/pure_simple_vhdl_source_of_truth_spec.spl
VALUE_MISMATCH	expected pure VHDL output was not create	test/03_system/compiler/pure_simple_vhdl_source_of_truth_spec.spl
VALUE_MISMATCH	expected pure VHDL output was not create	test/03_system/compiler/pure_simple_vhdl_source_of_truth_spec.spl
VALUE_MISMATCH	expected pure VHDL output was not create	test/03_system/compiler/pure_simple_vhdl_source_of_truth_spec.spl
VALUE_MISMATCH	expected GHDL rejected explicit helper V	test/03_system/compiler/pure_simple_vhdl_source_of_truth_spec.spl
VALUE_MISMATCH	expected pure VHDL output was not create	test/03_system/compiler/pure_simple_vhdl_source_of_truth_spec.spl
VALUE_MISMATCH	expected pure VHDL output was not create	test/03_system/compiler/pure_simple_vhdl_source_of_truth_spec.spl
VALUE_MISMATCH	expected pure VHDL output was not create	test/03_system/compiler/pure_simple_vhdl_source_of_truth_spec.spl
VALUE_MISMATCH	expected pure VHDL output was not create	test/03_system/compiler/pure_simple_vhdl_source_of_truth_spec.spl
VALUE_MISMATCH	expected pure VHDL output was not create	test/03_system/compiler/pure_simple_vhdl_source_of_truth_spec.spl
VALUE_MISMATCH	expected pure VHDL output was not create	test/03_system/compiler/pure_simple_vhdl_source_of_truth_spec.spl
VALUE_MISMATCH	expected GHDL rejected pure concat VHDL 	test/03_system/compiler/pure_simple_vhdl_source_of_truth_spec.spl
VALUE_MISMATCH	expected pure VHDL output was not create	test/03_system/compiler/pure_simple_vhdl_source_of_truth_spec.spl
VALUE_MISMATCH	expected GHDL synth rejected pure full_a	test/03_system/compiler/pure_simple_vhdl_source_of_truth_spec.spl
VALUE_MISMATCH	expected GHDL synth rejected pure caller	test/03_system/compiler/pure_simple_vhdl_source_of_truth_spec.spl
VALUE_MISMATCH	expected failed pure VHDL compile left s	test/03_system/compiler/pure_simple_vhdl_source_of_truth_spec.spl
VALUE_MISMATCH	expected pure VHDL output was not create	test/03_system/compiler/pure_simple_vhdl_source_of_truth_spec.spl
VALUE_MISMATCH	expected true to equal false	test/03_system/compiler/rtl_mdsoc_byte_equal_spec.spl
VALUE_MISMATCH	expected true to equal false	test/03_system/compiler/rtl_mdsoc_byte_equal_spec.spl
VALUE_MISMATCH	expected true to equal false	test/03_system/compiler/rtl_mdsoc_byte_equal_spec.spl
VALUE_MISMATCH	expected true to equal false	test/03_system/compiler/rtl_mdsoc_byte_equal_spec.spl
VALUE_MISMATCH	expected false to equal true	test/03_system/compiler/rtl_mdsoc_capsule_boundary_spec.spl
VALUE_MISMATCH	expected false to equal true	test/03_system/compiler/rtl_mdsoc_capsule_boundary_spec.spl
VALUE_MISMATCH	expected false to equal true	test/03_system/compiler/rtl_mdsoc_capsule_boundary_spec.spl
VALUE_MISMATCH	expected false to equal true	test/03_system/compiler/rtl_mdsoc_capsule_boundary_spec.spl
VALUE_MISMATCH	expected false to equal true	test/03_system/compiler/rtl_mdsoc_capsule_boundary_spec.spl
VALUE_MISMATCH	expected false to equal true	test/03_system/compiler/rtl_mdsoc_capsule_boundary_spec.spl
VALUE_MISMATCH	expected false to equal true	test/03_system/compiler/rtl_mdsoc_capsule_boundary_spec.spl
VALUE_MISMATCH	expected false to equal true	test/03_system/compiler/rtl_mdsoc_capsule_boundary_spec.spl
VALUE_MISMATCH	expected false to equal true	test/03_system/compiler/rtl_mdsoc_capsule_boundary_spec.spl
VALUE_MISMATCH	expected false to equal true	test/03_system/compiler/rtl_mdsoc_capsule_boundary_spec.spl
VALUE_MISMATCH	expected false to equal true	test/03_system/compiler/rtl_mdsoc_capsule_boundary_spec.spl
VALUE_MISMATCH	expected false to equal true	test/03_system/compiler/rtl_mdsoc_capsule_boundary_spec.spl
VALUE_MISMATCH	expected false to equal true	test/03_system/compiler/rtl_mdsoc_capsule_boundary_spec.spl
VALUE_MISMATCH	expected false to equal true	test/03_system/compiler/rtl_mdsoc_capsule_boundary_spec.spl
VALUE_MISMATCH	expected false to equal true	test/03_system/compiler/rtl_mdsoc_capsule_boundary_spec.spl
VALUE_MISMATCH	expected false to equal true	test/03_system/compiler/rtl_mdsoc_capsule_boundary_spec.spl
VALUE_MISMATCH	expected false to equal true	test/03_system/compiler/rtl_mdsoc_capsule_boundary_spec.spl
VALUE_MISMATCH	expected false to equal true	test/03_system/compiler/rtl_mdsoc_capsule_boundary_spec.spl
VALUE_MISMATCH	expected false to equal true	test/03_system/compiler/rtl_mdsoc_capsule_boundary_spec.spl
VALUE_MISMATCH	expected false to equal true	test/03_system/compiler/rtl_mdsoc_capsule_boundary_spec.spl
VALUE_MISMATCH	expected false to equal true	test/03_system/compiler/rtl_mdsoc_capsule_boundary_spec.spl
VALUE_MISMATCH	expected false to equal true	test/03_system/compiler/rtl_mdsoc_plugin_stubs_spec.spl
VALUE_MISMATCH	expected false to equal true	test/03_system/compiler/rtl_mdsoc_plugin_stubs_spec.spl
VALUE_MISMATCH	expected false to equal true	test/03_system/compiler/rtl_mdsoc_plugin_stubs_spec.spl
VALUE_MISMATCH	expected false to equal true	test/03_system/compiler/rtl_mdsoc_plugin_stubs_spec.spl
VALUE_MISMATCH	expected false to equal true	test/03_system/compiler/rtl_mdsoc_plugin_stubs_spec.spl
VALUE_MISMATCH	expected false to equal true	test/03_system/compiler/rtl_mdsoc_plugin_stubs_spec.spl
VALUE_MISMATCH	expected false to equal true	test/03_system/compiler/rtl_mdsoc_plugin_stubs_spec.spl
VALUE_MISMATCH	expected false to equal true	test/03_system/compiler/rtl_mdsoc_plugin_stubs_spec.spl
VALUE_MISMATCH	expected false to equal true	test/03_system/compiler/rtl_mdsoc_plugin_stubs_spec.spl
VALUE_MISMATCH	expected false to equal true	test/03_system/compiler/rtl_mdsoc_plugin_stubs_spec.spl
VALUE_MISMATCH	expected false to equal true	test/03_system/compiler/rtl_mdsoc_plugin_stubs_spec.spl
VALUE_MISMATCH	expected false to equal true	test/03_system/compiler/rtl_mdsoc_plugin_stubs_spec.spl
VALUE_MISMATCH	expected false to equal true	test/03_system/compiler/rtl_mdsoc_plugin_stubs_spec.spl
VALUE_MISMATCH	expected false to equal true	test/03_system/compiler/rtl_mdsoc_plugin_stubs_spec.spl
VALUE_MISMATCH	expected false to equal true	test/03_system/compiler/rtl_mdsoc_plugin_stubs_spec.spl
VALUE_MISMATCH	expected false to equal true	test/03_system/compiler/rtl_mdsoc_plugin_stubs_spec.spl
VALUE_MISMATCH	expected false to equal true	test/03_system/compiler/rtl_mdsoc_plugin_stubs_spec.spl
VALUE_MISMATCH	expected false to equal true	test/03_system/compiler/rtl_mdsoc_plugin_stubs_spec.spl
VALUE_MISMATCH	expected false to equal true	test/03_system/compiler/rtl_mdsoc_plugin_stubs_spec.spl
VALUE_MISMATCH	expected false to equal true	test/03_system/compiler/rtl_mdsoc_plugin_stubs_spec.spl
OTHER	assert_true failed: got false	test/03_system/compiler/scalar_interpolation_engine_parity_sweep_spec.spl
OTHER	assert_true failed: got false	test/03_system/compiler/scalar_interpolation_engine_parity_sweep_spec.spl
OTHER	assert_true failed: got false	test/03_system/compiler/scalar_interpolation_engine_parity_sweep_spec.spl
MISSING_SYMBOL_METH	`name`	test/03_system/compiler/severity_spec.spl
VALUE_MISMATCH	expected 	test/03_system/compiler/sffi_v2_p0_fail_closed_spec.spl
VALUE_MISMATCH	expected  to contain UNIT_OK	test/03_system/compiler/sffi_v2_p0_fail_closed_spec.spl
VALUE_MISMATCH	expected  to contain NONE_OK	test/03_system/compiler/sffi_v2_p0_fail_closed_spec.spl
VALUE_MISMATCH	expected 	test/03_system/compiler/sffi_v2_p0_fail_closed_spec.spl
VALUE_MISMATCH	expected false to equal true	test/03_system/compiler/simple_smf_format_validity_spec.spl
SEMANTIC_OTHER	semantic: array index out of bounds: index is 0 but len	test/03_system/compiler/simple_smf_format_validity_spec.spl
VALUE_MISMATCH	expected false to equal true	test/03_system/compiler/simple_smf_format_validity_spec.spl
VALUE_MISMATCH	expected false to equal true	test/03_system/compiler/simple_smf_format_validity_spec.spl
UNWRAP_ON_ERR	semantic: called unwrap on Err: SMF data too small: 0 b	test/03_system/compiler/simple_smf_format_validity_spec.spl
UNWRAP_ON_ERR	semantic: called unwrap on Err: SMF data too small: 0 b	test/03_system/compiler/simple_smf_format_validity_spec.spl
UNWRAP_ON_ERR	semantic: called unwrap on Err: SMF data too small: 0 b	test/03_system/compiler/simple_smf_format_validity_spec.spl
SEMANTIC_OTHER	semantic: array index out of bounds: index is 0 but len	test/03_system/compiler/simple_smf_format_validity_spec.spl
VALUE_MISMATCH	expected false to equal true	test/03_system/compiler/simple_smf_format_validity_spec.spl
UNWRAP_ON_ERR	semantic: called unwrap on Err: SMF data too small: 0 b	test/03_system/compiler/simple_smf_format_validity_spec.spl
UNWRAP_ON_ERR	semantic: called unwrap on Err: SMF data too small: 0 b	test/03_system/compiler/simple_smf_format_validity_spec.spl
UNWRAP_ON_ERR	semantic: called unwrap on Err: SMF data too small: 0 b	test/03_system/compiler/simple_smf_format_validity_spec.spl
UNWRAP_ON_ERR	semantic: called unwrap on Err: SMF data too small: 0 b	test/03_system/compiler/simple_smf_format_validity_spec.spl
UNWRAP_ON_ERR	semantic: called unwrap on Err: SMF data too small: 0 b	test/03_system/compiler/simple_smf_format_validity_spec.spl
VALUE_MISMATCH	expected 127 to equal 0	test/03_system/compiler/string_codegen_regression_spec.spl
VALUE_MISMATCH	expected false to equal true	test/03_system/compiler/string_codegen_regression_spec.spl
VALUE_MISMATCH	expected 127 to equal 0	test/03_system/compiler/string_codegen_regression_spec.spl
VALUE_MISMATCH	expected false to equal true	test/03_system/compiler/string_codegen_regression_spec.spl
VALUE_MISMATCH	expected false to equal true	test/03_system/compiler/string_codegen_regression_spec.spl
VALUE_MISMATCH	expected false to equal true	test/03_system/compiler/string_codegen_regression_spec.spl
VALUE_MISMATCH	expected false to equal true	test/03_system/compiler/string_codegen_regression_spec.spl
VALUE_MISMATCH	expected false to equal true	test/03_system/compiler/string_codegen_regression_spec.spl
VALUE_MISMATCH	expected false to equal true	test/03_system/compiler/string_codegen_regression_spec.spl
VALUE_MISMATCH	expected false to equal true	test/03_system/compiler/string_codegen_regression_spec.spl
VALUE_MISMATCH	expected  to equal ab	test/03_system/compiler/string_codegen_regression_spec.spl
MISSING_SYMBOL_VAR	`mkdir_code`	test/03_system/compiler/trait_default_cross_module_codegen_regression_spec.spl
MISSING_SYMBOL_VAR	`run_code`	test/03_system/compiler/trait_default_cross_module_codegen_regression_spec.spl
MISSING_SYMBOL_VAR	`compile_out`	test/03_system/compiler/trait_default_cross_module_codegen_regression_spec.spl
MISSING_SYMBOL_METH	`len`	test/03_system/compiler/vhdl_backend_cli_smoke_spec.spl
MISSING_SYMBOL_METH	`len`	test/03_system/compiler/vhdl_backend_cli_smoke_spec.spl
VALUE_MISMATCH	expected library ieee;	test/03_system/compiler/vhdl_source_facade_spec.spl
VALUE_MISMATCH	expected library ieee;	test/03_system/compiler/vhdl_source_facade_spec.spl
VALUE_MISMATCH	expected GHDL rejected payload-free enum	test/03_system/compiler/vhdl_source_facade_spec.spl
VALUE_MISMATCH	expected library ieee;	test/03_system/compiler/vhdl_source_facade_spec.spl
UNIMPLEMENTED_BACKEND	expected compile delegation loop detected: external fal	test/03_system/compiler/vhdl_source_facade_spec.spl
VALUE_MISMATCH	expected {	test/03_system/compiler/vhdl_source_facade_spec.spl
VALUE_MISMATCH	expected  to equal 5	test/03_system/feature/compiler/pure_simple_stage_sanity_spec.spl
VALUE_MISMATCH	expected  to equal 5	test/03_system/feature/compiler/pure_simple_stage_sanity_spec.spl
SEMANTIC_OTHER	semantic: BDD block expected a block or lambda, got int	test/03_system/feature/compiler/sample/python_inspired_sample/functions_spec.spl
SEMANTIC_OTHER	semantic: BDD block expected a block or lambda, got tex	test/03_system/feature/compiler/sample/python_inspired_sample/functions_spec.spl
UNIMPLEMENTED_BACKEND	semantic: type mismatch: unsupported cast target type: 	test/03_system/feature/compiler/storage_layout_custom_native_execution_spec.spl
VALUE_MISMATCH	expected fail: WARNING: this Rust-built 	test/03_system/feature/features/parser/parser_declarations_spec.spl
VALUE_MISMATCH	expected fail: WARNING: this Rust-built 	test/03_system/feature/features/parser/parser_declarations_spec.spl
VALUE_MISMATCH	expected fail: missing expected metadata	test/03_system/feature/features/parser/parser_declarations_spec.spl
VALUE_MISMATCH	expected subject to be truthy, got false	test/03_system/feature/features/parser/parser_deprecation_warnings_spec.spl
VALUE_MISMATCH	expected subject to be truthy, got false	test/03_system/feature/features/parser/parser_deprecation_warnings_spec.spl
VALUE_MISMATCH	expected subject to be truthy, got false	test/03_system/feature/features/parser/parser_deprecation_warnings_spec.spl
VALUE_MISMATCH	expected subject to be truthy, got false	test/03_system/feature/features/parser/parser_deprecation_warnings_spec.spl
VALUE_MISMATCH	expected subject to be truthy, got false	test/03_system/feature/features/parser/parser_deprecation_warnings_spec.spl
VALUE_MISMATCH	expected subject to be truthy, got false	test/03_system/feature/features/parser/parser_deprecation_warnings_spec.spl
VALUE_MISMATCH	expected 0 >= 2 to hold	test/03_system/feature/features/parser/parser_deprecation_warnings_spec.spl
VALUE_MISMATCH	expected 0 >= 5 to hold	test/03_system/feature/features/parser/parser_deprecation_warnings_spec.spl
VALUE_MISMATCH	expected subject to be truthy, got false	test/03_system/feature/features/parser/parser_deprecation_warnings_spec.spl
VALUE_MISMATCH	expected subject to be truthy, got false	test/03_system/feature/features/parser/parser_deprecation_warnings_spec.spl
VALUE_MISMATCH	expected 0 >= 1 to hold	test/03_system/feature/features/parser/parser_deprecation_warnings_spec.spl
VALUE_MISMATCH	expected subject to be truthy, got false	test/03_system/feature/features/parser/parser_deprecation_warnings_spec.spl
VALUE_MISMATCH	expected subject to be truthy, got false	test/03_system/feature/features/parser/parser_deprecation_warnings_spec.spl
VALUE_MISMATCH	expected 0 >= 2 to hold	test/03_system/feature/features/parser/parser_deprecation_warnings_spec.spl
VALUE_MISMATCH	expected subject to be truthy, got false	test/03_system/feature/features/parser/parser_deprecation_warnings_spec.spl
VALUE_MISMATCH	expected subject to be truthy, got false	test/03_system/feature/interpreter/runtime_error_stack_spec.spl
VALUE_MISMATCH	expected nil to equal other	test/03_system/feature/interpreter/sample/python_inspired_sample/control_flow_spec.spl
VALUE_MISMATCH	expected undefined to equal 42	test/03_system/feature/js/interpreter_vars_spec.spl
VALUE_MISMATCH	expected undefined to equal 99	test/03_system/feature/js/interpreter_vars_spec.spl
MISSING_SYMBOL_VAR	`x`	test/03_system/feature/js/interpreter_vars_spec.spl
MISSING_SYMBOL_VAR	`a`	test/03_system/feature/js/interpreter_vars_spec.spl
VALUE_MISMATCH	expected 0 to equal 3	test/03_system/feature/js/interpreter_vars_spec.spl
VALUE_MISMATCH	expected 8333 to equal 5	test/03_system/feature/js/interpreter_vars_spec.spl
VALUE_MISMATCH	expected false to equal true	test/03_system/feature/js/interpreter_vars_spec.spl
VALUE_MISMATCH	expected false to equal true	test/03_system/feature/plugin/runtime_api_plugin_spec.spl
VALUE_MISMATCH	expected false to equal true	test/03_system/feature/plugin/runtime_api_plugin_spec.spl
VALUE_MISMATCH	expected false to equal true	test/03_system/feature/plugin/runtime_api_plugin_spec.spl
VALUE_MISMATCH	expected 0 to equal 9	test/03_system/feature/plugin/runtime_api_plugin_spec.spl
VALUE_MISMATCH	expected 0 to equal 2000000	test/03_system/feature/plugin/runtime_api_plugin_spec.spl
VALUE_MISMATCH	expected 0.0 to equal 2.0	test/03_system/feature/plugin/runtime_api_plugin_spec.spl
VALUE_MISMATCH	expected 0.0 to equal 9.0	test/03_system/feature/plugin/runtime_api_plugin_spec.spl
MISSING_SYMBOL_FN	`read_file`	test/03_system/feature/usage/parser_error_recovery_spec.spl
MISSING_SYMBOL_FN	`read_file`	test/03_system/feature/usage/parser_error_recovery_spec.spl
VALUE_MISMATCH	expected 1 to be less than true	test/03_system/feature/usage/parser_operators_spec.spl
VALUE_MISMATCH	expected 41 to equal 42	test/03_system/feature/usage/parser_type_annotations_spec.spl
VALUE_MISMATCH	expected 42 to equal 777	test/03_system/interpreter/interp_value_semantics_b35_spec.spl
VALUE_MISMATCH	expected 4 to equal 3	test/03_system/interpreter/interp_value_semantics_b35_spec.spl
OTHER	vacuous expect: expect(...) was never consumed by a matcher — chain .to_equal(...)/.to_contain(...) or use assert_true(...)	test/03_system/interpreter/interpreter_bugs_spec.spl
MISSING_SYMBOL_VAR	`value`	test/03_system/interpreter/interpreter_regression_spec.spl
MISSING_SYMBOL_VAR	`buf`	test/03_system/interpreter/nested_fn_captures_block_local_spec.spl
MISSING_SYMBOL_VAR	`base`	test/03_system/interpreter/nested_fn_captures_block_local_spec.spl
MISSING_SYMBOL_VAR	`lo`	test/03_system/interpreter/nested_fn_captures_block_local_spec.spl
VALUE_MISMATCH	expected  to contain "portable_lib_forbi	test/03_system/quality/code_quality/runtime_backend_boundaries_audit_spec.spl
SEMANTIC_OTHER	semantic: nil is forbidden by the non-optional return c	test/03_system/tools/lsp/compiler_00_15_lsp_spec.spl
SEMANTIC_OTHER	semantic: nil is forbidden by the non-optional return c	test/03_system/tools/lsp/compiler_00_15_lsp_spec.spl
SEMANTIC_OTHER	semantic: nil is forbidden by the non-optional return c	test/03_system/tools/lsp/compiler_00_15_lsp_spec.spl
SEMANTIC_OTHER	semantic: nil is forbidden by the non-optional return c	test/03_system/tools/lsp/compiler_20_35_lsp_spec.spl
SEMANTIC_OTHER	semantic: nil is forbidden by the non-optional return c	test/03_system/tools/lsp/compiler_20_35_lsp_spec.spl
SEMANTIC_OTHER	semantic: nil is forbidden by the non-optional return c	test/03_system/tools/lsp/compiler_20_35_lsp_spec.spl
SEMANTIC_OTHER	semantic: nil is forbidden by the non-optional return c	test/03_system/tools/lsp/compiler_40_60_lsp_spec.spl
SEMANTIC_OTHER	semantic: nil is forbidden by the non-optional return c	test/03_system/tools/lsp/compiler_40_60_lsp_spec.spl
SEMANTIC_OTHER	semantic: nil is forbidden by the non-optional return c	test/03_system/tools/lsp/compiler_40_60_lsp_spec.spl
SEMANTIC_OTHER	semantic: nil is forbidden by the non-optional return c	test/03_system/tools/lsp/compiler_70_lsp_spec.spl
SEMANTIC_OTHER	semantic: nil is forbidden by the non-optional return c	test/03_system/tools/lsp/compiler_80_99_lsp_spec.spl
SEMANTIC_OTHER	semantic: nil is forbidden by the non-optional return c	test/03_system/tools/lsp/compiler_80_99_lsp_spec.spl
SEMANTIC_OTHER	semantic: nil is forbidden by the non-optional return c	test/03_system/tools/lsp/compiler_80_99_lsp_spec.spl
DOC_CONTENT_DRIFT	expected # Minimal SFFI Declarations for Simp	test/05_perf/compiler_loader_script_crosslang_perf_spec.spl
VALUE_MISMATCH	expected false to equal true	test/feature/plugin/runtime_api_plugin_spec.spl
VALUE_MISMATCH	expected false to equal true	test/feature/plugin/runtime_api_plugin_spec.spl
VALUE_MISMATCH	expected false to equal true	test/feature/plugin/runtime_api_plugin_spec.spl
VALUE_MISMATCH	expected 0 to equal 9	test/feature/plugin/runtime_api_plugin_spec.spl
VALUE_MISMATCH	expected 0 to equal 2000000	test/feature/plugin/runtime_api_plugin_spec.spl
VALUE_MISMATCH	expected 0.0 to equal 2.0	test/feature/plugin/runtime_api_plugin_spec.spl
VALUE_MISMATCH	expected 0.0 to equal 9.0	test/feature/plugin/runtime_api_plugin_spec.spl
MISSING_SYMBOL_FN	`step`	test/feature/usage/parser_declarations_spec.spl
MISSING_SYMBOL_FN	`step`	test/feature/usage/parser_declarations_spec.spl
MISSING_SYMBOL_FN	`step`	test/feature/usage/parser_declarations_spec.spl
MISSING_SYMBOL_FN	`step`	test/feature/usage/parser_declarations_spec.spl
MISSING_SYMBOL_FN	`step`	test/feature/usage/parser_declarations_spec.spl
MISSING_SYMBOL_FN	`step`	test/feature/usage/parser_declarations_spec.spl
MISSING_SYMBOL_FN	`step`	test/feature/usage/parser_declarations_spec.spl
MISSING_SYMBOL_FN	`step`	test/feature/usage/parser_declarations_spec.spl
MISSING_SYMBOL_FN	`step`	test/feature/usage/parser_declarations_spec.spl
MISSING_SYMBOL_FN	`step`	test/feature/usage/parser_declarations_spec.spl
MISSING_SYMBOL_FN	`step`	test/feature/usage/parser_declarations_spec.spl
MISSING_SYMBOL_FN	`step`	test/feature/usage/parser_declarations_spec.spl
MISSING_SYMBOL_FN	`step`	test/feature/usage/parser_declarations_spec.spl
MISSING_SYMBOL_FN	`step`	test/feature/usage/parser_declarations_spec.spl
MISSING_SYMBOL_FN	`step`	test/feature/usage/parser_declarations_spec.spl
MISSING_SYMBOL_FN	`step`	test/feature/usage/parser_declarations_spec.spl
MISSING_SYMBOL_FN	`step`	test/feature/usage/parser_declarations_spec.spl
MISSING_SYMBOL_FN	`step`	test/feature/usage/parser_declarations_spec.spl
MISSING_SYMBOL_FN	`step`	test/feature/usage/parser_declarations_spec.spl
MISSING_SYMBOL_FN	`step`	test/feature/usage/parser_declarations_spec.spl
MISSING_SYMBOL_FN	`step`	test/feature/usage/parser_declarations_spec.spl
MISSING_SYMBOL_FN	`step`	test/feature/usage/parser_declarations_spec.spl
MISSING_SYMBOL_FN	`step`	test/feature/usage/parser_declarations_spec.spl
MISSING_SYMBOL_FN	`step`	test/feature/usage/parser_declarations_spec.spl
MISSING_SYMBOL_FN	`step`	test/feature/usage/parser_declarations_spec.spl
MISSING_SYMBOL_FN	`step`	test/feature/usage/parser_declarations_spec.spl
MISSING_SYMBOL_FN	`step`	test/feature/usage/parser_declarations_spec.spl
MISSING_SYMBOL_FN	`step`	test/feature/usage/parser_declarations_spec.spl
MISSING_SYMBOL_FN	`step`	test/feature/usage/parser_declarations_spec.spl
MISSING_SYMBOL_FN	`step`	test/feature/usage/parser_declarations_spec.spl
MISSING_SYMBOL_FN	`step`	test/feature/usage/parser_declarations_spec.spl
MISSING_SYMBOL_FN	`step`	test/feature/usage/parser_declarations_spec.spl
MISSING_SYMBOL_FN	`step`	test/feature/usage/parser_declarations_spec.spl
MISSING_SYMBOL_FN	`step`	test/feature/usage/parser_declarations_spec.spl
MISSING_SYMBOL_FN	`step`	test/feature/usage/parser_declarations_spec.spl
MISSING_SYMBOL_FN	`step`	test/feature/usage/parser_declarations_spec.spl
MISSING_SYMBOL_FN	`step`	test/feature/usage/parser_declarations_spec.spl
MISSING_SYMBOL_FN	`step`	test/feature/usage/parser_declarations_spec.spl
MISSING_SYMBOL_FN	`read_file`	test/feature/usage/parser_error_recovery_spec.spl
MISSING_SYMBOL_FN	`read_file`	test/feature/usage/parser_error_recovery_spec.spl
VALUE_MISMATCH	expected 41 to equal 42	test/feature/usage/parser_type_annotations_spec.spl
OTHER	assert_true failed: got false	test/integration/app/loader_exec_memory_spec.spl
VALUE_MISMATCH	expected false to equal true	test/integration/compiler/advanced_types_spec.spl
VALUE_MISMATCH	expected false to equal true	test/integration/compiler/advanced_types_spec.spl
VALUE_MISMATCH	expected false to equal true	test/integration/compiler/advanced_types_spec.spl
VALUE_MISMATCH	expected false to equal true	test/integration/compiler/advanced_types_spec.spl
VALUE_MISMATCH	expected parse error in /tmp/sml_advance	test/integration/compiler/advanced_types_spec.spl
VALUE_MISMATCH	expected parse error in /tmp/sml_advance	test/integration/compiler/advanced_types_spec.spl
VALUE_MISMATCH	expected false to equal true	test/integration/compiler/bootstrap_intensive_spec.spl
VALUE_MISMATCH	expected true to equal true	test/integration/compiler/core_intensive_spec.spl
MISSING_SYMBOL_METH	`has_column`	test/integration/compiler/core_intensive_spec.spl
MISSING_SYMBOL_METH	`has_column`	test/integration/compiler/core_intensive_spec.spl
VALUE_MISMATCH	expected 0 to equal 3	test/integration/compiler/driver/native_build_frontend_cache_second_build_hits_spec.spl
VALUE_MISMATCH	expected false to equal true	test/integration/compiler/driver/native_build_frontend_cache_second_build_hits_spec.spl
VALUE_MISMATCH	expected false to equal true	test/integration/compiler/driver/native_build_frontend_cache_second_build_hits_spec.spl
VALUE_MISMATCH	expected false to equal true	test/integration/compiler/driver/native_build_frontend_cache_second_build_hits_spec.spl
SEMANTIC_OTHER	semantic: array index out of bounds: index is 0 but len	test/integration/compiler/driver/native_build_frontend_cache_second_build_hits_spec.spl
VALUE_MISMATCH	expected 0 to equal 3	test/integration/compiler/driver/native_build_hir_sharding_spec.spl
VALUE_MISMATCH	expected false to equal true	test/integration/compiler/driver/native_build_hir_sharding_spec.spl
VALUE_MISMATCH	expected false to equal true	test/integration/compiler/driver/native_build_hir_streaming_sharding_spec.spl
VALUE_MISMATCH	expected false to equal true	test/integration/compiler/driver/native_build_parse_sharding_spec.spl
VALUE_MISMATCH	expected false to equal true	test/integration/compiler/driver/native_build_parse_sharding_spec.spl
VALUE_MISMATCH	expected false to equal true	test/integration/compiler/driver/native_build_parse_sharding_spec.spl
VALUE_MISMATCH	expected false to equal true	test/integration/compiler/driver/native_build_parse_sharding_spec.spl
VALUE_MISMATCH	expected /usr/bin/llc-20 to start with l	test/integration/compiler/llvm_backend_e2e_spec.spl
VALUE_MISMATCH	expected x86-64-v1 to equal x86-64	test/integration/compiler/llvm_backend_e2e_spec.spl
SEMANTIC_OTHER	semantic: function expects argument for parameter 'opt_	test/integration/compiler/llvm_compiled_proof_spec.spl
VALUE_MISMATCH	expected -1 to be greater than 8	test/integration/compiler/llvm_compiled_proof_spec.spl
VALUE_MISMATCH	expected -1 to be greater than 8	test/integration/compiler/llvm_compiled_proof_spec.spl
VALUE_MISMATCH	expected false to equal true	test/integration/compiler/llvm_native_link_spec.spl
SEMANTIC_OTHER	semantic: function expects argument for parameter 'opt_	test/integration/compiler/llvm_parity_spec.spl
SEMANTIC_OTHER	semantic: function expects argument for parameter 'opt_	test/integration/compiler/llvm_parity_spec.spl
SEMANTIC_OTHER	semantic: function expects argument for parameter 'opt_	test/integration/compiler/llvm_parity_spec.spl
SEMANTIC_OTHER	semantic: function expects argument for parameter 'opt_	test/integration/compiler/llvm_parity_spec.spl
SEMANTIC_OTHER	semantic: function expects argument for parameter 'opt_	test/integration/compiler/llvm_parity_spec.spl
SEMANTIC_OTHER	semantic: function expects argument for parameter 'opt_	test/integration/compiler/llvm_parity_spec.spl
SEMANTIC_OTHER	semantic: function expects argument for parameter 'opt_	test/integration/compiler/llvm_parity_spec.spl
VALUE_MISMATCH	expected false to equal true	test/integration/compiler/vhdl_backend_e2e_spec.spl
VALUE_MISMATCH	expected false to equal true	test/integration/compiler/vhdl_backend_e2e_spec.spl
VALUE_MISMATCH	expected false to equal true	test/integration/compiler/vhdl_backend_e2e_spec.spl
VALUE_MISMATCH	expected false to equal true	test/integration/compiler/vhdl_backend_e2e_spec.spl
VALUE_MISMATCH	expected false to equal true	test/integration/compiler/vhdl_backend_e2e_spec.spl
VALUE_MISMATCH	expected false to equal true	test/integration/compiler/vhdl_backend_e2e_spec.spl
VALUE_MISMATCH	expected false to equal true	test/integration/compiler/vhdl_backend_e2e_spec.spl
VALUE_MISMATCH	expected false to equal true	test/integration/compiler/vhdl_backend_e2e_spec.spl
VALUE_MISMATCH	expected false to equal true	test/integration/compiler/vhdl_backend_e2e_spec.spl
VALUE_MISMATCH	expected false to equal true	test/integration/compiler/vhdl_backend_e2e_spec.spl
VALUE_MISMATCH	expected false to equal true	test/integration/compiler/vhdl_backend_e2e_spec.spl
VALUE_MISMATCH	expected false to equal true	test/integration/compiler/vhdl_backend_e2e_spec.spl
UNWRAP_ON_ERR	semantic: called unwrap on Err: CompileError(message: V	test/integration/compiler/vhdl_backend_e2e_spec.spl
VALUE_MISMATCH	expected GHDL rejected backend-generated	test/integration/compiler/vhdl_backend_e2e_spec.spl
VALUE_MISMATCH	expected GHDL synthesis failed for gener	test/integration/compiler/vhdl_backend_e2e_spec.spl
VALUE_MISMATCH	expected GHDL simulation failed for gene	test/integration/compiler/vhdl_backend_e2e_spec.spl
VALUE_MISMATCH	expected GHDL rejected backend-generated	test/integration/compiler/vhdl_backend_e2e_spec.spl
VALUE_MISMATCH	expected GHDL rejected backend-generated	test/integration/compiler/vhdl_backend_e2e_spec.spl
VALUE_MISMATCH	expected GHDL rejected backend-generated	test/integration/compiler/vhdl_backend_e2e_spec.spl
VALUE_MISMATCH	expected GHDL rejected backend-generated	test/integration/compiler/vhdl_backend_e2e_spec.spl
MISSING_SYMBOL_FN	`CompileOptions`	test/integration/compiler/wasm_e2e_spec.spl
MISSING_SYMBOL_FN	`CompileOptions`	test/integration/compiler/wasm_e2e_spec.spl
MISSING_SYMBOL_FN	`CompileOptions`	test/integration/compiler/wasm_e2e_spec.spl
MISSING_SYMBOL_FN	`CompileOptions`	test/integration/compiler/wasm_e2e_spec.spl
SEMANTIC_OTHER	semantic: unknown extern function: rt_tcp_connect	test/integration/t32_hw/modes/interpreter_spec.spl
SEMANTIC_OTHER	semantic: unknown extern function: rt_tcp_connect	test/integration/t32_hw/modes/interpreter_spec.spl
SEMANTIC_OTHER	semantic: unknown extern function: rt_tcp_connect	test/integration/t32_hw/modes/interpreter_spec.spl
SEMANTIC_OTHER	semantic: unknown extern function: rt_tcp_connect	test/integration/t32_hw/modes/interpreter_spec.spl
SEMANTIC_OTHER	semantic: unknown extern function: rt_tcp_connect	test/integration/t32_hw/modes/interpreter_spec.spl
VALUE_MISMATCH	expected -1 to equal 0	test/system/app/compiler/feature/driver_synthetic_registration_live_spec.spl
VALUE_MISMATCH	expected -1 to equal 0	test/system/app/compiler/feature/driver_synthetic_registration_live_spec.spl
VALUE_MISMATCH	expected false to equal true	test/system/app/compiler/feature/host_cpu_runtime_variants_spec.spl
VALUE_MISMATCH	expected  to contain explicit diagnostic	test/system/app/compiler/feature/vhdl_python_hdl_parity_spec.spl
VALUE_MISMATCH	expected -1 to equal 0	test/system/compiler/backend_system_spec.spl
VALUE_MISMATCH	expected  to equal exact output test	test/system/compiler/backend_system_spec.spl
VALUE_MISMATCH	expected  to equal 42	test/system/compiler/backend_system_spec.spl
VALUE_MISMATCH	expected  to equal hello world	test/system/compiler/backend_system_spec.spl
VALUE_MISMATCH	expected  to contain line three	test/system/compiler/backend_system_spec.spl
VALUE_MISMATCH	expected  to equal 55	test/system/compiler/backend_system_spec.spl
VALUE_MISMATCH	expected false to equal true	test/system/compiler/compiler_full_spec.spl
SEMANTIC_OTHER	semantic: function expects 2 argument(s), but more were	test/system/compiler/compiler_full_spec.spl
VALUE_MISMATCH	expected nil to equal 	test/system/compiler/compiler_full_spec.spl
VALUE_MISMATCH	expected native-build produced empty mir	test/system/compiler/compiler_full_spec.spl
SEMANTIC_OTHER	semantic: class `JitInstantiatorConfig` has no field na	test/system/compiler/compiler_full_spec.spl
VALUE_MISMATCH	expected false to equal true	test/system/compiler/compiler_interpret_pipeline_spec.spl
VALUE_MISMATCH	expected false to equal true	test/system/compiler/compiler_interpret_pipeline_spec.spl
VALUE_MISMATCH	expected false to equal true	test/system/compiler/compiler_interpret_pipeline_spec.spl
VALUE_MISMATCH	expected false to equal true	test/system/compiler/compiler_interpret_pipeline_spec.spl
VALUE_MISMATCH	expected false to equal true	test/system/compiler/compiler_interpret_pipeline_spec.spl
VALUE_MISMATCH	expected false to equal true	test/system/compiler/compiler_interpret_pipeline_spec.spl
SEMANTIC_OTHER	semantic: cannot assign to const 'result'	test/system/compiler/compiler_sample_spec.spl
MISSING_SYMBOL_METH	`len`	test/system/compiler/compiler_services_system_spec.spl
MISSING_SYMBOL_METH	`len`	test/system/compiler/compiler_services_system_spec.spl
MISSING_SYMBOL_METH	`len`	test/system/compiler/compiler_services_system_spec.spl
MISSING_SYMBOL_METH	`len`	test/system/compiler/compiler_services_system_spec.spl
VALUE_MISMATCH	expected false to equal true	test/system/compiler/debug_sidecar_json_order_spec.spl
VALUE_MISMATCH	expected false to equal true	test/system/compiler/debug_sidecar_json_order_spec.spl
VALUE_MISMATCH	expected -1 to be less than -1	test/system/compiler/debug_sidecar_json_order_spec.spl
VALUE_MISMATCH	expected -1 to be less than -1	test/system/compiler/debug_sidecar_json_order_spec.spl
VALUE_MISMATCH	expected file not found (SA-3 not run ye	test/system/compiler/debug_sidecar_json_order_spec.spl
VALUE_MISMATCH	expected -1 to be greater than -1	test/system/compiler/debug_sidecar_json_order_spec.spl
VALUE_MISMATCH	expected -1 to be greater than -1	test/system/compiler/debug_sidecar_json_order_spec.spl
VALUE_MISMATCH	expected -1 to be less than -1	test/system/compiler/debug_sidecar_json_order_spec.spl
VALUE_MISMATCH	expected -1 to be greater than -1	test/system/compiler/debug_sidecar_json_order_spec.spl
VALUE_MISMATCH	expected -1 to be less than -1	test/system/compiler/debug_sidecar_json_order_spec.spl
VALUE_MISMATCH	expected nil to equal 	test/system/compiler/driver_api_external_facade_spec.spl
SEMANTIC_OTHER	semantic: function expects argument for parameter 'rele	test/system/compiler/driver_api_external_facade_spec.spl
VALUE_MISMATCH	expected -1 to equal 0	test/system/compiler/driver_synthetic_registration_live_spec.spl
VALUE_MISMATCH	expected -1 to equal 0	test/system/compiler/driver_synthetic_registration_live_spec.spl
SEMANTIC_OTHER	semantic: array index out of bounds: index is 0 but len	test/system/compiler/dynamic_driver_lsm_packaging_spec.spl
VALUE_MISMATCH	expected false to equal true	test/system/compiler/fpga_linux_split_spec.spl
VALUE_MISMATCH	expected false to equal true	test/system/compiler/fpga_linux_split_spec.spl
VALUE_MISMATCH	expected false to equal true	test/system/compiler/fpga_linux_split_spec.spl
VALUE_MISMATCH	expected file not found: src/hardware/fp	test/system/compiler/fpga_linux_split_spec.spl
VALUE_MISMATCH	expected file not found: src/hardware/fp	test/system/compiler/fpga_linux_split_spec.spl
VALUE_MISMATCH	expected file not found: src/hardware/fp	test/system/compiler/fpga_linux_split_spec.spl
VALUE_MISMATCH	expected false to equal true	test/system/compiler/fpga_linux_split_spec.spl
VALUE_MISMATCH	expected false to equal true	test/system/compiler/fpga_linux_split_spec.spl
VALUE_MISMATCH	expected false to equal true	test/system/compiler/fpga_linux_split_spec.spl
VALUE_MISMATCH	expected false to equal true	test/system/compiler/fpga_linux_split_spec.spl
VALUE_MISMATCH	expected false to equal true	test/system/compiler/fpga_linux_split_spec.spl
VALUE_MISMATCH	expected false to equal true	test/system/compiler/fpga_linux_split_spec.spl
MISSING_SYMBOL_FN	`imported_symbol_local_name`	test/system/compiler_import_alias_resolution_spec.spl
MISSING_SYMBOL_FN	`imported_symbol_local_name`	test/system/compiler_import_alias_resolution_spec.spl
SEMANTIC_OTHER	semantic: invalid assignment: cannot reassign to immuta	test/system/compiler/lean_verification_workflow_spec.spl
VALUE_MISMATCH	expected WARNING: this Rust-built Simple	test/system/compiler/lean_verify_cli_spec.spl
VALUE_MISMATCH	expected WARNING: this Rust-built Simple	test/system/compiler/lean_verify_cli_spec.spl
VALUE_MISMATCH	expected WARNING: this Rust-built Simple	test/system/compiler/lean_verify_cli_spec.spl
VALUE_MISMATCH	expected WARNING: this Rust-built Simple	test/system/compiler/lean_verify_cli_spec.spl
DOC_CONTENT_DRIFT	expected # Driver - Compiler Driver Implement	test/system/compiler_module_scoped_hir_lowering_spec.spl
VALUE_MISMATCH	expected  to equal 5	test/system/compiler/native_backend_e2e_system_spec.spl
VALUE_MISMATCH	expected  to equal 3	test/system/compiler/native_backend_e2e_system_spec.spl
VALUE_MISMATCH	expected  to contain positive	test/system/compiler/native_backend_e2e_system_spec.spl
VALUE_MISMATCH	expected  to equal 42	test/system/compiler/native_backend_e2e_system_spec.spl
VALUE_MISMATCH	expected  to equal two	test/system/compiler/native_backend_e2e_system_spec.spl
VALUE_MISMATCH	expected -1 to be greater than 0	test/system/compiler/native_backend_e2e_system_spec.spl
VALUE_MISMATCH	expected -1 to be greater than 0	test/system/compiler/native_backend_e2e_system_spec.spl
OTHER	vacuous expect: expect(...) was never consumed by a matcher — chain .to_equal(...)/.to_contain(...) or use assert_true(...)	test/system/compiler/parser_improvements_spec.spl
VALUE_MISMATCH	expected pure VHDL output was not create	test/system/compiler/pure_simple_vhdl_source_of_truth_spec.spl
VALUE_MISMATCH	expected pure VHDL output was not create	test/system/compiler/pure_simple_vhdl_source_of_truth_spec.spl
VALUE_MISMATCH	expected pure VHDL output was not create	test/system/compiler/pure_simple_vhdl_source_of_truth_spec.spl
VALUE_MISMATCH	expected pure VHDL output was not create	test/system/compiler/pure_simple_vhdl_source_of_truth_spec.spl
VALUE_MISMATCH	expected pure VHDL output was not create	test/system/compiler/pure_simple_vhdl_source_of_truth_spec.spl
VALUE_MISMATCH	expected pure VHDL output was not create	test/system/compiler/pure_simple_vhdl_source_of_truth_spec.spl
VALUE_MISMATCH	expected pure VHDL output was not create	test/system/compiler/pure_simple_vhdl_source_of_truth_spec.spl
VALUE_MISMATCH	expected GHDL rejected explicit helper V	test/system/compiler/pure_simple_vhdl_source_of_truth_spec.spl
VALUE_MISMATCH	expected pure VHDL output was not create	test/system/compiler/pure_simple_vhdl_source_of_truth_spec.spl
VALUE_MISMATCH	expected pure VHDL output was not create	test/system/compiler/pure_simple_vhdl_source_of_truth_spec.spl
VALUE_MISMATCH	expected pure VHDL output was not create	test/system/compiler/pure_simple_vhdl_source_of_truth_spec.spl
VALUE_MISMATCH	expected pure VHDL output was not create	test/system/compiler/pure_simple_vhdl_source_of_truth_spec.spl
VALUE_MISMATCH	expected pure VHDL output was not create	test/system/compiler/pure_simple_vhdl_source_of_truth_spec.spl
VALUE_MISMATCH	expected pure VHDL output was not create	test/system/compiler/pure_simple_vhdl_source_of_truth_spec.spl
VALUE_MISMATCH	expected GHDL rejected pure concat VHDL 	test/system/compiler/pure_simple_vhdl_source_of_truth_spec.spl
VALUE_MISMATCH	expected pure VHDL output was not create	test/system/compiler/pure_simple_vhdl_source_of_truth_spec.spl
VALUE_MISMATCH	expected GHDL synth rejected pure full_a	test/system/compiler/pure_simple_vhdl_source_of_truth_spec.spl
VALUE_MISMATCH	expected GHDL synth rejected pure caller	test/system/compiler/pure_simple_vhdl_source_of_truth_spec.spl
VALUE_MISMATCH	expected failed pure VHDL compile left s	test/system/compiler/pure_simple_vhdl_source_of_truth_spec.spl
VALUE_MISMATCH	expected pure VHDL output was not create	test/system/compiler/pure_simple_vhdl_source_of_truth_spec.spl
VALUE_MISMATCH	expected true to equal false	test/system/compiler/rtl_mdsoc_byte_equal_spec.spl
VALUE_MISMATCH	expected true to equal false	test/system/compiler/rtl_mdsoc_byte_equal_spec.spl
VALUE_MISMATCH	expected true to equal false	test/system/compiler/rtl_mdsoc_byte_equal_spec.spl
VALUE_MISMATCH	expected true to equal false	test/system/compiler/rtl_mdsoc_byte_equal_spec.spl
VALUE_MISMATCH	expected false to equal true	test/system/compiler/rtl_mdsoc_capsule_boundary_spec.spl
VALUE_MISMATCH	expected false to equal true	test/system/compiler/rtl_mdsoc_capsule_boundary_spec.spl
VALUE_MISMATCH	expected false to equal true	test/system/compiler/rtl_mdsoc_capsule_boundary_spec.spl
VALUE_MISMATCH	expected false to equal true	test/system/compiler/rtl_mdsoc_capsule_boundary_spec.spl
VALUE_MISMATCH	expected false to equal true	test/system/compiler/rtl_mdsoc_capsule_boundary_spec.spl
VALUE_MISMATCH	expected false to equal true	test/system/compiler/rtl_mdsoc_capsule_boundary_spec.spl
VALUE_MISMATCH	expected false to equal true	test/system/compiler/rtl_mdsoc_capsule_boundary_spec.spl
VALUE_MISMATCH	expected false to equal true	test/system/compiler/rtl_mdsoc_capsule_boundary_spec.spl
VALUE_MISMATCH	expected false to equal true	test/system/compiler/rtl_mdsoc_capsule_boundary_spec.spl
VALUE_MISMATCH	expected false to equal true	test/system/compiler/rtl_mdsoc_capsule_boundary_spec.spl
VALUE_MISMATCH	expected false to equal true	test/system/compiler/rtl_mdsoc_capsule_boundary_spec.spl
VALUE_MISMATCH	expected false to equal true	test/system/compiler/rtl_mdsoc_capsule_boundary_spec.spl
VALUE_MISMATCH	expected false to equal true	test/system/compiler/rtl_mdsoc_capsule_boundary_spec.spl
VALUE_MISMATCH	expected false to equal true	test/system/compiler/rtl_mdsoc_capsule_boundary_spec.spl
VALUE_MISMATCH	expected false to equal true	test/system/compiler/rtl_mdsoc_capsule_boundary_spec.spl
VALUE_MISMATCH	expected false to equal true	test/system/compiler/rtl_mdsoc_capsule_boundary_spec.spl
VALUE_MISMATCH	expected false to equal true	test/system/compiler/rtl_mdsoc_capsule_boundary_spec.spl
VALUE_MISMATCH	expected false to equal true	test/system/compiler/rtl_mdsoc_capsule_boundary_spec.spl
VALUE_MISMATCH	expected false to equal true	test/system/compiler/rtl_mdsoc_capsule_boundary_spec.spl
VALUE_MISMATCH	expected false to equal true	test/system/compiler/rtl_mdsoc_capsule_boundary_spec.spl
VALUE_MISMATCH	expected false to equal true	test/system/compiler/rtl_mdsoc_capsule_boundary_spec.spl
VALUE_MISMATCH	expected false to equal true	test/system/compiler/rtl_mdsoc_plugin_stubs_spec.spl
VALUE_MISMATCH	expected false to equal true	test/system/compiler/rtl_mdsoc_plugin_stubs_spec.spl
VALUE_MISMATCH	expected false to equal true	test/system/compiler/rtl_mdsoc_plugin_stubs_spec.spl
VALUE_MISMATCH	expected false to equal true	test/system/compiler/rtl_mdsoc_plugin_stubs_spec.spl
VALUE_MISMATCH	expected false to equal true	test/system/compiler/rtl_mdsoc_plugin_stubs_spec.spl
VALUE_MISMATCH	expected false to equal true	test/system/compiler/rtl_mdsoc_plugin_stubs_spec.spl
VALUE_MISMATCH	expected false to equal true	test/system/compiler/rtl_mdsoc_plugin_stubs_spec.spl
VALUE_MISMATCH	expected false to equal true	test/system/compiler/rtl_mdsoc_plugin_stubs_spec.spl
VALUE_MISMATCH	expected false to equal true	test/system/compiler/rtl_mdsoc_plugin_stubs_spec.spl
VALUE_MISMATCH	expected false to equal true	test/system/compiler/rtl_mdsoc_plugin_stubs_spec.spl
VALUE_MISMATCH	expected false to equal true	test/system/compiler/rtl_mdsoc_plugin_stubs_spec.spl
VALUE_MISMATCH	expected false to equal true	test/system/compiler/rtl_mdsoc_plugin_stubs_spec.spl
VALUE_MISMATCH	expected false to equal true	test/system/compiler/rtl_mdsoc_plugin_stubs_spec.spl
VALUE_MISMATCH	expected false to equal true	test/system/compiler/rtl_mdsoc_plugin_stubs_spec.spl
VALUE_MISMATCH	expected false to equal true	test/system/compiler/rtl_mdsoc_plugin_stubs_spec.spl
VALUE_MISMATCH	expected false to equal true	test/system/compiler/rtl_mdsoc_plugin_stubs_spec.spl
VALUE_MISMATCH	expected false to equal true	test/system/compiler/rtl_mdsoc_plugin_stubs_spec.spl
VALUE_MISMATCH	expected false to equal true	test/system/compiler/rtl_mdsoc_plugin_stubs_spec.spl
VALUE_MISMATCH	expected false to equal true	test/system/compiler/rtl_mdsoc_plugin_stubs_spec.spl
VALUE_MISMATCH	expected false to equal true	test/system/compiler/rtl_mdsoc_plugin_stubs_spec.spl
MISSING_SYMBOL_METH	`name`	test/system/compiler/severity_spec.spl
MISSING_SYMBOL_METH	`len`	test/system/compiler/vhdl_backend_cli_smoke_spec.spl
MISSING_SYMBOL_METH	`len`	test/system/compiler/vhdl_backend_cli_smoke_spec.spl
VALUE_MISMATCH	expected library ieee;	test/system/compiler/vhdl_source_facade_spec.spl
VALUE_MISMATCH	expected library ieee;	test/system/compiler/vhdl_source_facade_spec.spl
VALUE_MISMATCH	expected GHDL rejected payload-free enum	test/system/compiler/vhdl_source_facade_spec.spl
VALUE_MISMATCH	expected library ieee;	test/system/compiler/vhdl_source_facade_spec.spl
UNIMPLEMENTED_BACKEND	expected compile delegation loop detected: external fal	test/system/compiler/vhdl_source_facade_spec.spl
VALUE_MISMATCH	expected {	test/system/compiler/vhdl_source_facade_spec.spl
OTHER	vacuous expect: expect(...) was never consumed by a matcher — chain .to_equal(...)/.to_contain(...) or use assert_true(...)	test/system/interpreter/interpreter_bugs_spec.spl
MISSING_SYMBOL_VAR	`value`	test/system/interpreter_regression_spec.spl
SEMANTIC_OTHER	semantic: nil is forbidden by the non-optional return c	test/system/lsp/compiler_00_15_lsp_spec.spl
SEMANTIC_OTHER	semantic: nil is forbidden by the non-optional return c	test/system/lsp/compiler_00_15_lsp_spec.spl
SEMANTIC_OTHER	semantic: nil is forbidden by the non-optional return c	test/system/lsp/compiler_00_15_lsp_spec.spl
SEMANTIC_OTHER	semantic: nil is forbidden by the non-optional return c	test/system/lsp/compiler_20_35_lsp_spec.spl
SEMANTIC_OTHER	semantic: nil is forbidden by the non-optional return c	test/system/lsp/compiler_20_35_lsp_spec.spl
SEMANTIC_OTHER	semantic: nil is forbidden by the non-optional return c	test/system/lsp/compiler_20_35_lsp_spec.spl
SEMANTIC_OTHER	semantic: nil is forbidden by the non-optional return c	test/system/lsp/compiler_40_60_lsp_spec.spl
SEMANTIC_OTHER	semantic: nil is forbidden by the non-optional return c	test/system/lsp/compiler_40_60_lsp_spec.spl
SEMANTIC_OTHER	semantic: nil is forbidden by the non-optional return c	test/system/lsp/compiler_40_60_lsp_spec.spl
SEMANTIC_OTHER	semantic: nil is forbidden by the non-optional return c	test/system/lsp/compiler_70_lsp_spec.spl
SEMANTIC_OTHER	semantic: nil is forbidden by the non-optional return c	test/system/lsp/compiler_80_99_lsp_spec.spl
SEMANTIC_OTHER	semantic: nil is forbidden by the non-optional return c	test/system/lsp/compiler_80_99_lsp_spec.spl
SEMANTIC_OTHER	semantic: nil is forbidden by the non-optional return c	test/system/lsp/compiler_80_99_lsp_spec.spl
MISSING_SYMBOL_VAR	`NL`	test/unit/app/doc_coverage/compiler_integration_spec.spl
MISSING_SYMBOL_VAR	`NL`	test/unit/app/doc_coverage/compiler_integration_spec.spl
MISSING_SYMBOL_VAR	`NL`	test/unit/app/doc_coverage/compiler_integration_spec.spl
MISSING_SYMBOL_VAR	`NL`	test/unit/app/doc_coverage/compiler_integration_spec.spl
MISSING_SYMBOL_VAR	`NL`	test/unit/app/doc_coverage/compiler_integration_spec.spl
MISSING_SYMBOL_VAR	`NL`	test/unit/app/doc_coverage/compiler_integration_spec.spl
MISSING_SYMBOL_VAR	`NL`	test/unit/app/doc_coverage/compiler_integration_spec.spl
MISSING_SYMBOL_VAR	`vec`	test/unit/app/interpreter/collections/persistent_vec_intensive_spec.spl
MISSING_SYMBOL_VAR	`vec`	test/unit/app/interpreter/collections/persistent_vec_intensive_spec.spl
MISSING_SYMBOL_VAR	`vec`	test/unit/app/interpreter/collections/persistent_vec_intensive_spec.spl
MISSING_SYMBOL_METH	`first`	test/unit/app/interpreter/collections/persistent_vec_intensive_spec.spl
MISSING_SYMBOL_METH	`first`	test/unit/app/interpreter/collections/persistent_vec_intensive_spec.spl
MISSING_SYMBOL_VAR	`vec`	test/unit/app/interpreter/collections/persistent_vec_intensive_spec.spl
MISSING_SYMBOL_VAR	`vec`	test/unit/app/interpreter/collections/persistent_vec_intensive_spec.spl
MISSING_SYMBOL_VAR	`vec`	test/unit/app/interpreter/collections/persistent_vec_intensive_spec.spl
MISSING_SYMBOL_VAR	`vec`	test/unit/app/interpreter/collections/persistent_vec_intensive_spec.spl
MISSING_SYMBOL_VAR	`vec`	test/unit/app/interpreter/collections/persistent_vec_intensive_spec.spl
MISSING_SYMBOL_VAR	`vec`	test/unit/app/interpreter/collections/persistent_vec_intensive_spec.spl
MISSING_SYMBOL_VAR	`vec`	test/unit/app/interpreter/collections/persistent_vec_intensive_spec.spl
MISSING_SYMBOL_VAR	`vec`	test/unit/app/interpreter/collections/persistent_vec_intensive_spec.spl
MISSING_SYMBOL_VAR	`vec`	test/unit/app/interpreter/collections/persistent_vec_intensive_spec.spl
MISSING_SYMBOL_VAR	`vec`	test/unit/app/interpreter/collections/persistent_vec_intensive_spec.spl
MISSING_SYMBOL_VAR	`vec`	test/unit/app/interpreter/collections/persistent_vec_intensive_spec.spl
MISSING_SYMBOL_VAR	`vec`	test/unit/app/interpreter/collections/persistent_vec_intensive_spec.spl
SEMANTIC_OTHER	semantic: invalid operation: cannot index value of type	test/unit/compiler/60.mir_opt/optimizer_manifest_backend_budget_spec.spl
UNIMPLEMENTED_BACKEND	semantic: panic: compile error: C backend does not supp	test/unit/compiler/backend/backend_capability_spec.spl
UNIMPLEMENTED_BACKEND	semantic: panic: compile error: C backend does not supp	test/unit/compiler/backend/backend_capability_spec.spl
UNIMPLEMENTED_BACKEND	semantic: panic: compile error: LLVM backend does not s	test/unit/compiler/backend/backend_capability_spec.spl
UNIMPLEMENTED_BACKEND	semantic: panic: compile error: LLVM backend does not s	test/unit/compiler/backend/backend_capability_spec.spl
UNIMPLEMENTED_BACKEND	semantic: panic: compile error: LLVM backend does not s	test/unit/compiler/backend/backend_capability_spec.spl
UNIMPLEMENTED_BACKEND	semantic: panic: compile error: LLVM backend does not s	test/unit/compiler/backend/backend_capability_spec.spl
UNIMPLEMENTED_BACKEND	semantic: panic: compile error: C backend does not supp	test/unit/compiler/backend/c_backend_async_spec.spl
UNIMPLEMENTED_BACKEND	semantic: panic: compile error: C backend does not supp	test/unit/compiler/backend/c_backend_async_spec.spl
UNIMPLEMENTED_BACKEND	semantic: panic: compile error: C backend does not supp	test/unit/compiler/backend/c_backend_async_spec.spl
VALUE_MISMATCH	expected // Generated by Simple compiler	test/unit/compiler/backend/c_backend_export_spec.spl
DOC_CONTENT_DRIFT	expected # Interpreter Backend - Tree-walking	test/unit/compiler/backend/interpreter_backend_spec.spl
VALUE_MISMATCH	expected 26768 to be greater than 26839	test/unit/compiler/backend/interpreter_backend_spec.spl
VALUE_MISMATCH	expected unimplemented to equal unknown	test/unit/compiler/backend/intrinsic_lowering_aarch64_spec.spl
MISSING_SYMBOL_VAR	`prefix`	test/unit/compiler/backend/llvm_ir_builder_spec.spl
UNIMPLEMENTED_BACKEND	semantic: panic: compile error: LLVM backend does not s	test/unit/compiler/backend/llvm_matrix_lowering_spec.spl
UNIMPLEMENTED_BACKEND	semantic: panic: compile error: LLVM backend does not s	test/unit/compiler/backend/llvm_matrix_lowering_spec.spl
SEMANTIC_OTHER	semantic: function expects argument for parameter 'dbg_	test/unit/compiler/backend/llvm_opt_pipeline_spec.spl
VALUE_MISMATCH	expected ; TBAA metadata	test/unit/compiler/backend/llvm_opt_pipeline_spec.spl
VALUE_MISMATCH	expected  to contain keep-me	test/unit/compiler/backend/logger_native_probe_spec.spl
DOC_CONTENT_DRIFT	expected # LLVM Backend	test/unit/compiler/backend/rt_extern_decl_arity_spec.spl
DOC_CONTENT_DRIFT	expected # LLVM Lib Translate — Module/Functi	test/unit/compiler/backend/rt_extern_decl_arity_spec.spl
OTHER	assert_false failed: got true	test/unit/compiler/backend/rt_extern_decl_arity_spec.spl
MISSING_SYMBOL_FN	`step`	test/unit/compiler/backend/runtime_compiler_spec.spl
MISSING_SYMBOL_FN	`step`	test/unit/compiler/backend/runtime_compiler_spec.spl
MISSING_SYMBOL_FN	`step`	test/unit/compiler/backend/runtime_compiler_spec.spl
SEMANTIC_OTHER	semantic: class `Span` has no field named `end_pos`	test/unit/compiler/backend/vhdl_dim_constraints_spec.spl
VALUE_MISMATCH	expected {	test/unit/compiler/backend/vhdl_testbench_spec.spl
VALUE_MISMATCH	expected  to contain 1.25	test/unit/compiler/codegen/f32_struct_field_roundtrip_spec.spl
VALUE_MISMATCH	expected nvcc --ptx -o build/gpu/fill_u3	test/unit/compiler/codegen/gpu_portable_compute_spec.spl
VALUE_MISMATCH	expected 5 to equal 4	test/unit/compiler/codegen/gpu_portable_compute_spec.spl
VALUE_MISMATCH	expected missing-entry-symbol:simple_2d_	test/unit/compiler/codegen/gpu_portable_compute_spec.spl
VALUE_MISMATCH	expected 5 to equal 4	test/unit/compiler/codegen/gpu_portable_compute_spec.spl
VALUE_MISMATCH	expected  to contain 1.5	test/unit/compiler/codegen/struct_field_width_roundtrip_spec.spl
VALUE_MISMATCH	expected 1 to equal 2	test/unit/compiler_core/ast_spec.spl
VALUE_MISMATCH	expected -1 to equal 1	test/unit/compiler_core/ast_spec.spl
SEMANTIC_OTHER	semantic: function expects argument for parameter 'type	test/unit/compiler_core/ast_spec.spl
VALUE_MISMATCH	expected false to equal true	test/unit/compiler_core/lexer_intensive_spec.spl
VALUE_MISMATCH	expected <lambda> to equal 15	test/unit/compiler_core/parser/pipe_operator_spec.spl
VALUE_MISMATCH	expected 7 to equal 6	test/unit/compiler_core/parser_spec.spl
VALUE_MISMATCH	expected -1 to equal 7	test/unit/compiler_core/parser_spec.spl
VALUE_MISMATCH	expected 300 to equal 14	test/unit/compiler_core/parser_spec.spl
VALUE_MISMATCH	expected 301 to equal 14	test/unit/compiler_core/parser_spec.spl
DOC_CONTENT_DRIFT	expected # @no_alloc	test/unit/compiler_core/types_spec.spl
DOC_CONTENT_DRIFT	expected # @no_alloc	test/unit/compiler_core/types_spec.spl
OTHER	assert_false failed: got true	test/unit/compiler/deep/borrow_check_move_1_spec.spl
OTHER	assert_true failed: got false	test/unit/compiler/deep/borrow_check_move_2_spec.spl
VALUE_MISMATCH	expected Option::Some(a_uses_Option::Som	test/unit/compiler/di/di_runtime_spec.spl
DOC_CONTENT_DRIFT	expected # CLI commands — web/compile/replay/	test/unit/compiler/driver/genuine_import_ownership_spec.spl
VALUE_MISMATCH	expected  to contain Optimization level 	test/unit/compiler/driver/main_opt_level_cli_spec.spl
VALUE_MISMATCH	expected  to contain Invalid optimizatio	test/unit/compiler/driver/main_opt_level_cli_spec.spl
VALUE_MISMATCH	expected nil to equal false	test/unit/compiler/driver/smf_cache_loading_spec.spl
MISSING_SYMBOL_METH	`lower_module`	test/unit/compiler/frontend/flat_ast_address_of_spec.spl
VALUE_MISMATCH	expected true to equal false	test/unit/compiler/frontend/lexer_snapshot_spec.spl
MISSING_SYMBOL_FN	`ast_expr_reset`	test/unit/compiler/frontend/required_comment_parse_spec.spl
MISSING_SYMBOL_FN	`ast_expr_reset`	test/unit/compiler/frontend/required_comment_parse_spec.spl
MISSING_SYMBOL_FN	`ast_expr_reset`	test/unit/compiler/frontend/required_comment_parse_spec.spl
MISSING_SYMBOL_FN	`ast_expr_reset`	test/unit/compiler/frontend/required_comment_parse_spec.spl
SEMANTIC_OTHER	semantic: method 'lower_module' not found on value of t	test/unit/compiler/hir/domain_block_hir_lowering_spec.spl
SEMANTIC_OTHER	semantic: array index out of bounds: index is 1 but len	test/unit/compiler/hir/enum_payload_origin_plain_use_spec.spl
VALUE_MISMATCH	expected 1 to equal 0	test/unit/compiler/hir/enum_shortname_collision_two_owners_spec.spl
VALUE_MISMATCH	expected true, got false	test/unit/compiler/hir/enum_shortname_collision_two_owners_spec.spl
TYPE_MISMATCH	semantic: type mismatch: cannot convert object to int	test/unit/compiler/hir/hir_import_registration_cost_spec.spl
TYPE_MISMATCH	semantic: type mismatch: cannot convert object to int	test/unit/compiler/hir/hir_import_registration_cost_spec.spl
VALUE_MISMATCH	expected true to equal false	test/unit/compiler/hir/hir_lowering_construct_gaps_spec.spl
VALUE_MISMATCH	expected true to equal false	test/unit/compiler/hir/hir_lowering_construct_gaps_spec.spl
VALUE_MISMATCH	expected true to equal false	test/unit/compiler/hir/hir_lowering_construct_gaps_spec.spl
VALUE_MISMATCH	expected true to equal false	test/unit/compiler/hir/hir_lowering_construct_gaps_spec.spl
VALUE_MISMATCH	expected true to equal false	test/unit/compiler/hir/hir_lowering_construct_gaps_spec.spl
VALUE_MISMATCH	expected true to equal false	test/unit/compiler/hir/hir_lowering_construct_gaps_spec.spl
VALUE_MISMATCH	expected false to equal true	test/unit/compiler/hir/hir_stage4_field_inference_spec.spl
VALUE_MISMATCH	expected false to equal true	test/unit/compiler/hir/hir_stage4_field_inference_spec.spl
VALUE_MISMATCH	expected false to equal true	test/unit/compiler/hir/hir_stage4_field_inference_spec.spl
DOC_CONTENT_DRIFT	expected # HIR item lowering - module, import	test/unit/compiler/hir/impl_lowering_self_symbol_id_spec.spl
DOC_CONTENT_DRIFT	expected # HIR item lowering - module, import	test/unit/compiler/hir/impl_lowering_self_symbol_id_spec.spl
DOC_CONTENT_DRIFT	expected # HIR item lowering - module, import	test/unit/compiler/hir/impl_self_symbol_id_scope_spec.spl
DOC_CONTENT_DRIFT	expected # HIR item lowering - module, import	test/unit/compiler/hir/impl_self_symbol_id_scope_spec.spl
DOC_CONTENT_DRIFT	expected # HIR item lowering - module, import	test/unit/compiler/hir/impl_self_symbol_id_scope_spec.spl
VALUE_MISMATCH	expected 5 to equal 0	test/unit/compiler/hir/imported_composite_field_package_sibling_spec.spl
VALUE_MISMATCH	expected 1 to equal 0	test/unit/compiler/hir/imported_tuple_signature_dependency_spec.spl
VALUE_MISMATCH	expected 1 to equal 0	test/unit/compiler/hir/imported_tuple_signature_dependency_spec.spl
DOC_CONTENT_DRIFT	expected # HIR item lowering - function, clas	test/unit/compiler/hir/method_self_context_save_restore_spec.spl
DOC_CONTENT_DRIFT	expected # HIR item lowering - module, import	test/unit/compiler/hir/method_self_context_save_restore_spec.spl
MISSING_SYMBOL_FIELD	semantic: undefined field 'owner_module': cannot access	test/unit/compiler/hir/module_surface_glob_export_origin_spec.spl
MISSING_SYMBOL_FIELD	semantic: undefined field 'owner_module': cannot access	test/unit/compiler/hir/module_surface_glob_export_origin_spec.spl
DOC_CONTENT_DRIFT	expected # Compatibility facade for the exter	test/unit/compiler/hir/module_surface_index_allocation_guard_spec.spl
DOC_CONTENT_DRIFT	expected # HIR item lowering - module, import	test/unit/compiler/hir/module_surface_index_allocation_guard_spec.spl
UNWRAP_ON_ERR	semantic: called unwrap on Err: pre-freeze import item 	test/unit/compiler/hir/reexport_physical_cache_spec.spl
VALUE_MISMATCH	expected false to be truthy	test/unit/compiler/hir/resolve_import_symbols_spec.spl
MISSING_SYMBOL_FIELD	semantic: undefined field 'owner_module': cannot access	test/unit/compiler/hir/resolve_import_symbols_spec.spl
MISSING_SYMBOL_FIELD	semantic: undefined field 'owner_module': cannot access	test/unit/compiler/hir/resolve_import_symbols_spec.spl
MISSING_SYMBOL_FIELD	semantic: undefined field 'owner_module': cannot access	test/unit/compiler/hir/resolve_import_symbols_spec.spl
MISSING_SYMBOL_FIELD	semantic: undefined field 'owner_module': cannot access	test/unit/compiler/hir/resolve_import_symbols_spec.spl
MISSING_SYMBOL_FIELD	semantic: undefined field 'owner_module': cannot access	test/unit/compiler/hir/resolve_import_symbols_spec.spl
VALUE_MISMATCH	expected false to be truthy	test/unit/compiler/hir/same_named_package_facade_reexport_spec.spl
VALUE_MISMATCH	expected false to be truthy	test/unit/compiler/hir/same_named_package_facade_reexport_spec.spl
MISSING_SYMBOL_FIELD	semantic: undefined field 'owner_module': cannot access	test/unit/compiler/hir/same_named_package_facade_reexport_spec.spl
MISSING_SYMBOL_FIELD	semantic: undefined field 'owner_module': cannot access	test/unit/compiler/hir/same_named_package_facade_reexport_spec.spl
VALUE_MISMATCH	expected src/compiler/20.hir/hir_lowerin	test/unit/compiler/hir/self_context_pair_consistency_spec.spl
DOC_CONTENT_DRIFT	expected # HIR expression lowering umbrella.	test/unit/compiler/hir/self_context_pair_consistency_spec.spl
VALUE_MISMATCH	expected 1 to equal 0	test/unit/compiler/hir/stage4_hir_value_name_dispatch_spec.spl
VALUE_MISMATCH	expected false to equal true	test/unit/compiler/hir/stage4_hir_value_name_dispatch_spec.spl
DOC_CONTENT_DRIFT	expected # HIR item lowering - module, import	test/unit/compiler/hir/stage4_hir_value_name_dispatch_spec.spl
SEMANTIC_OTHER	semantic: invalid operation: cannot index value of type	test/unit/compiler/interpreter/cast_numeric_parity_spec.spl
SEMANTIC_OTHER	semantic: invalid operation: cannot index value of type	test/unit/compiler/interpreter/cast_numeric_parity_spec.spl
SEMANTIC_OTHER	semantic: nil is forbidden by the non-optional return c	test/unit/compiler/interpreter/gc_family_boundary_hook_spec.spl
SEMANTIC_OTHER	semantic: nil is forbidden by the non-optional return c	test/unit/compiler/interpreter/gc_family_boundary_hook_spec.spl
SEMANTIC_OTHER	semantic: nil is forbidden by the non-optional return c	test/unit/compiler/interpreter/gc_family_boundary_hook_spec.spl
SEMANTIC_OTHER	semantic: nil is forbidden by the non-optional return c	test/unit/compiler/interpreter/gc_family_boundary_hook_spec.spl
SEMANTIC_OTHER	semantic: nil is forbidden by the non-optional return c	test/unit/compiler/interpreter/gc_family_boundary_hook_spec.spl
SEMANTIC_OTHER	semantic: cannot call mutating method 'push' on immutab	test/unit/compiler/interpreter/interpreter_aop_collect_generalization_spec.spl
SEMANTIC_OTHER	semantic: cannot call mutating method 'push' on immutab	test/unit/compiler/interpreter/interpreter_aop_collect_generalization_spec.spl
SEMANTIC_OTHER	semantic: cannot call mutating method 'push' on immutab	test/unit/compiler/interpreter/interpreter_aop_collect_generalization_spec.spl
SEMANTIC_OTHER	semantic: cannot call mutating method 'push' on immutab	test/unit/compiler/interpreter/interpreter_aop_collect_generalization_spec.spl
VALUE_MISMATCH	expected 5 to equal 99	test/unit/compiler/interpreter/match_binding_scope_generalization_spec.spl
VALUE_MISMATCH	expected 3 to equal 7	test/unit/compiler/interpreter/match_binding_scope_generalization_spec.spl
VALUE_MISMATCH	expected 7 to equal 2	test/unit/compiler/interpreter/match_binding_scope_generalization_spec.spl
VALUE_MISMATCH	expected false to equal true	test/unit/compiler/interpreter/me_call_dict_field_write_cost_spec.spl
VALUE_MISMATCH	expected false to equal true	test/unit/compiler/interpreter/tiered_jit_hotspot_spec.spl
VALUE_MISMATCH	expected false to equal true	test/unit/compiler/interpreter/tiered_jit_hotspot_spec.spl
VALUE_MISMATCH	expected false to equal true	test/unit/compiler/interpreter/tiered_jit_hotspot_spec.spl
VALUE_MISMATCH	expected false to equal true	test/unit/compiler/interpreter/tiered_jit_hotspot_spec.spl
SEMANTIC_OTHER	semantic: invalid assignment: cannot index assign value	test/unit/compiler/linker/fixed_backend_success_spec.spl
UNWRAP_ON_ERR	semantic: called unwrap on Err: Object hash mismatch fo	test/unit/compiler/linker/lib_smf_spec.spl
SEMANTIC_OTHER	semantic: class `InstantiationEntry` has no field named	test/unit/compiler/linker/linker_context_spec.spl
UNWRAP_ON_ERR	semantic: called unwrap_err on Ok	test/unit/compiler/linker/object_provider_spec.spl
MISSING_SYMBOL_FIELD	semantic: unknown static method from_bytes on class Smf	test/unit/compiler/linker/object_provider_spec.spl
MISSING_SYMBOL_FIELD	semantic: unknown static method from_raw on class SmfHe	test/unit/compiler/linker/smf_reader_spec.spl
VALUE_MISMATCH	expected  to contain raw_rt_violation.sp	test/unit/compiler/lint/lint_still_bites_prevention_spec.spl
VALUE_MISMATCH	expected -1 to equal 0	test/unit/compiler/lint/lint_still_bites_prevention_spec.spl
VALUE_MISMATCH	expected  to contain raw_rt_call_violati	test/unit/compiler/lint/lint_still_bites_prevention_spec.spl
VALUE_MISMATCH	expected -1 to equal 0	test/unit/compiler/lint/lint_terminates_with_verdict_spec.spl
VALUE_MISMATCH	expected -1 to equal 0	test/unit/compiler/lint/lint_terminates_with_verdict_spec.spl
SEMANTIC_OTHER	semantic: class `CompilerContext` has no field named `a	test/unit/compiler/loader/compiler_ffi_spec.spl
SEMANTIC_OTHER	semantic: class `TypeInfo` has no field named `type_nam	test/unit/compiler/loader/compiler_ffi_spec.spl
VALUE_MISMATCH	expected (vec.smf, PossibleInstantiation	test/unit/compiler/loader/jit_instantiator_spec.spl
MISSING_SYMBOL_FN	`InstantiationRecord`	test/unit/compiler/loader/metadata_symbols_spec.spl
MISSING_SYMBOL_FN	`InstantiationRecord`	test/unit/compiler/loader/metadata_symbols_spec.spl
SEMANTIC_OTHER	semantic: function expects 1 argument(s), but more were	test/unit/compiler/loader/module_loader_relocation_spec.spl
MISSING_SYMBOL_FN	`InstantiationRecord`	test/unit/compiler/loader/module_loader_spec.spl
MISSING_SYMBOL_FN	`InstantiationRecord`	test/unit/compiler/loader/module_loader_spec.spl
MISSING_SYMBOL_FN	`InstantiationRecord`	test/unit/compiler/loader/module_loader_spec.spl
DOC_CONTENT_DRIFT	expected # Curated runtime loader package.	test/unit/compiler/loader/runtime_surface_spec.spl
VALUE_MISMATCH	expected LayerViolation(location: , from	test/unit/compiler/mdsoc/layer_checker_spec.spl
VALUE_MISMATCH	expected LayerViolation(from_module: api	test/unit/compiler/mdsoc/layer_checker_spec.spl
VALUE_MISMATCH	expected LayerViolation(message: layer '	test/unit/compiler/mdsoc/layer_checker_spec.spl
VALUE_MISMATCH	expected LayerViolation(to_module: repo.	test/unit/compiler/mdsoc/layer_checker_spec.spl
VALUE_MISMATCH	expected LayerViolation(to_module: svc_b	test/unit/compiler/mdsoc/layer_checker_spec.spl
VALUE_MISMATCH	expected LayerViolation(to_module: entit	test/unit/compiler/mdsoc/layer_checker_spec.spl
MISSING_SYMBOL_METH	`empty`	test/unit/compiler/mdsoc/transform_adapters_spec.spl
MISSING_SYMBOL_METH	`empty`	test/unit/compiler/mdsoc/transform_adapters_spec.spl
MISSING_SYMBOL_METH	`empty`	test/unit/compiler/mdsoc/transform_adapters_spec.spl
MISSING_SYMBOL_METH	`empty`	test/unit/compiler/mdsoc/transform_adapters_spec.spl
MISSING_SYMBOL_METH	`empty`	test/unit/compiler/mdsoc/transform_adapters_spec.spl
MISSING_SYMBOL_METH	`from_lexer_output`	test/unit/compiler/mdsoc/transform_adapters_spec.spl
MISSING_SYMBOL_METH	`from_lexer_output`	test/unit/compiler/mdsoc/transform_adapters_spec.spl
MISSING_SYMBOL_METH	`from_lexer_output`	test/unit/compiler/mdsoc/transform_adapters_spec.spl
MISSING_SYMBOL_METH	`from_lexer_output`	test/unit/compiler/mdsoc/transform_adapters_spec.spl
MISSING_SYMBOL_METH	`from_lexer_output`	test/unit/compiler/mdsoc/transform_adapters_spec.spl
MISSING_SYMBOL_METH	`from_lexer_output`	test/unit/compiler/mdsoc/transform_adapters_spec.spl
MISSING_SYMBOL_METH	`from_lexer_output`	test/unit/compiler/mdsoc/transform_adapters_spec.spl
MISSING_SYMBOL_METH	`from_lexer_output`	test/unit/compiler/mdsoc/transform_adapters_spec.spl
MISSING_SYMBOL_METH	`empty`	test/unit/compiler/mdsoc/transform_adapters_spec.spl
MISSING_SYMBOL_METH	`empty`	test/unit/compiler/mdsoc/transform_adapters_spec.spl
MISSING_SYMBOL_METH	`empty`	test/unit/compiler/mdsoc/transform_adapters_spec.spl
MISSING_SYMBOL_METH	`empty`	test/unit/compiler/mdsoc/transform_adapters_spec.spl
MISSING_SYMBOL_METH	`empty`	test/unit/compiler/mdsoc/transform_adapters_spec.spl
MISSING_SYMBOL_METH	`failed`	test/unit/compiler/mdsoc/transform_adapters_spec.spl
MISSING_SYMBOL_METH	`failed`	test/unit/compiler/mdsoc/transform_adapters_spec.spl
MISSING_SYMBOL_METH	`failed`	test/unit/compiler/mdsoc/transform_adapters_spec.spl
MISSING_SYMBOL_METH	`from_codegen`	test/unit/compiler/mdsoc/transform_adapters_spec.spl
MISSING_SYMBOL_METH	`from_codegen`	test/unit/compiler/mdsoc/transform_adapters_spec.spl
MISSING_SYMBOL_METH	`from_codegen`	test/unit/compiler/mdsoc/transform_adapters_spec.spl
MISSING_SYMBOL_METH	`from_codegen`	test/unit/compiler/mdsoc/transform_adapters_spec.spl
MISSING_SYMBOL_METH	`empty`	test/unit/compiler/mdsoc/transform_adapters_spec.spl
MISSING_SYMBOL_METH	`empty`	test/unit/compiler/mdsoc/transform_adapters_spec.spl
MISSING_SYMBOL_METH	`empty`	test/unit/compiler/mdsoc/transform_adapters_spec.spl
MISSING_SYMBOL_METH	`from_source`	test/unit/compiler/mdsoc/transform_adapters_spec.spl
MISSING_SYMBOL_METH	`from_source`	test/unit/compiler/mdsoc/transform_adapters_spec.spl
MISSING_SYMBOL_METH	`from_source`	test/unit/compiler/mdsoc/transform_adapters_spec.spl
MISSING_SYMBOL_METH	`from_source`	test/unit/compiler/mdsoc/transform_adapters_spec.spl
VALUE_MISMATCH	expected 8 to equal 16	test/unit/compiler/mir/mir_construct_matrix_spec.spl
VALUE_MISMATCH	expected 8 to equal 32	test/unit/compiler/mir/mir_construct_matrix_spec.spl
VALUE_MISMATCH	expected 8 to equal 32	test/unit/compiler/mir/mir_construct_matrix_spec.spl
VALUE_MISMATCH	expected false to equal true	test/unit/compiler/mir_opt/cipher/cipher_intrinsics_spec.spl
VALUE_MISMATCH	expected false to equal true	test/unit/compiler/mir_opt/cipher/cipher_intrinsics_spec.spl
VALUE_MISMATCH	expected false to equal true	test/unit/compiler/mir_opt/cipher/cipher_intrinsics_spec.spl
MISSING_SYMBOL_FN	`collection_opt_optimize_function`	test/unit/compiler/mir_opt/collection_opt_spec.spl
MISSING_SYMBOL_FN	`collection_opt_optimize_function`	test/unit/compiler/mir_opt/collection_opt_spec.spl
MISSING_SYMBOL_FN	`collection_opt_optimize_function`	test/unit/compiler/mir_opt/collection_opt_spec.spl
MISSING_SYMBOL_FN	`collection_opt_optimize_function`	test/unit/compiler/mir_opt/collection_opt_spec.spl
MISSING_SYMBOL_FN	`collection_opt_optimize_function`	test/unit/compiler/mir_opt/collection_opt_spec.spl
MISSING_SYMBOL_FN	`collection_opt_optimize_function`	test/unit/compiler/mir_opt/collection_opt_spec.spl
MISSING_SYMBOL_FN	`collection_opt_optimize_function`	test/unit/compiler/mir_opt/collection_opt_spec.spl
MISSING_SYMBOL_FN	`collection_opt_optimize_function`	test/unit/compiler/mir_opt/collection_opt_spec.spl
MISSING_SYMBOL_FN	`collection_opt_optimize_function`	test/unit/compiler/mir_opt/collection_opt_spec.spl
MISSING_SYMBOL_FN	`collection_opt_optimize_function`	test/unit/compiler/mir_opt/collection_opt_spec.spl
MISSING_SYMBOL_FN	`collection_opt_optimize_function`	test/unit/compiler/mir_opt/collection_opt_spec.spl
MISSING_SYMBOL_FN	`collection_opt_optimize_function`	test/unit/compiler/mir_opt/collection_opt_spec.spl
MISSING_SYMBOL_FN	`collection_opt_optimize_function`	test/unit/compiler/mir_opt/collection_opt_spec.spl
MISSING_SYMBOL_FN	`collection_opt_optimize_function`	test/unit/compiler/mir_opt/collection_opt_spec.spl
MISSING_SYMBOL_FN	`collection_opt_optimize_function`	test/unit/compiler/mir_opt/collection_opt_spec.spl
MISSING_SYMBOL_FN	`collection_opt_optimize_function`	test/unit/compiler/mir_opt/collection_opt_spec.spl
MISSING_SYMBOL_FN	`collection_opt_optimize_function`	test/unit/compiler/mir_opt/collection_opt_spec.spl
MISSING_SYMBOL_FN	`collection_opt_optimize_function`	test/unit/compiler/mir_opt/collection_opt_spec.spl
MISSING_SYMBOL_FN	`collection_opt_optimize_function`	test/unit/compiler/mir_opt/collection_opt_spec.spl
MISSING_SYMBOL_FN	`collection_opt_optimize_function`	test/unit/compiler/mir_opt/collection_opt_spec.spl
MISSING_SYMBOL_FN	`collection_opt_optimize_function`	test/unit/compiler/mir_opt/collection_opt_spec.spl
MISSING_SYMBOL_FN	`collection_opt_optimize_function`	test/unit/compiler/mir_opt/collection_opt_spec.spl
MISSING_SYMBOL_FN	`collection_opt_optimize_function`	test/unit/compiler/mir_opt/collection_opt_spec.spl
MISSING_SYMBOL_FN	`collection_opt_optimize_function`	test/unit/compiler/mir_opt/collection_opt_spec.spl
SEMANTIC_OTHER	semantic: invalid operation: cannot index value of type	test/unit/compiler/mir_opt/optimizer_manifest_backend_policy_spec.spl
VALUE_MISMATCH	expected false to equal true	test/unit/compiler/mir_opt/var_reassign_analysis_spec.spl
VALUE_MISMATCH	expected false to equal true	test/unit/compiler/mir_opt/var_reassign_analysis_spec.spl
VALUE_MISMATCH	expected false to equal true	test/unit/compiler/mir_opt/var_reassign_analysis_spec.spl
VALUE_MISMATCH	expected false to equal true	test/unit/compiler/mir_opt/var_reassign_analysis_spec.spl
VALUE_MISMATCH	expected false to equal true	test/unit/compiler/mir_opt/var_reassign_analysis_spec.spl
VALUE_MISMATCH	expected @driver manifest can synthesize	test/unit/compiler/mir/synthetic_driver_registration_spec.spl
VALUE_MISMATCH	expected @driver supplies manifest field	test/unit/compiler/mir/synthetic_driver_registration_spec.spl
MISSING_SYMBOL_METH	`kind`	test/unit/compiler/module_resolver/group_import_self_named_module_spec.spl
MISSING_SYMBOL_METH	`kind`	test/unit/compiler/module_resolver/group_import_shadowing_generalization_spec.spl
MISSING_SYMBOL_FIELD	semantic: unknown static method new on class ModuleReso	test/unit/compiler/module_resolver/type_domain_resolver_spec.spl
MISSING_SYMBOL_FIELD	semantic: unknown static method new on class ModuleReso	test/unit/compiler/module_resolver/type_domain_resolver_spec.spl
MISSING_SYMBOL_FIELD	semantic: unknown static method new on class ModuleReso	test/unit/compiler/module_resolver/type_domain_resolver_spec.spl
MISSING_SYMBOL_FIELD	semantic: unknown static method new on class ModuleReso	test/unit/compiler/module_resolver/type_domain_resolver_spec.spl
VALUE_MISMATCH	expected 0 to equal 1	test/unit/compiler/mono/verify/post_mono_verify_spec.spl
VALUE_MISMATCH	expected line 2:10: expected indented as	test/unit/compiler/native/inline_asm_core_parser_spec.spl
VALUE_MISMATCH	expected false to equal true	test/unit/compiler/parser/bitfield_pure_simple_spec.spl
MISSING_SYMBOL_FIELD	semantic: unknown static method new on class TreeSitter	test/unit/compiler/parser/treesitter_error_recovery_spec.spl
MISSING_SYMBOL_FIELD	semantic: unknown static method new on class TreeSitter	test/unit/compiler/parser/treesitter_error_recovery_spec.spl
MISSING_SYMBOL_FIELD	semantic: unknown static method new on class TreeSitter	test/unit/compiler/parser/treesitter_error_recovery_spec.spl
MISSING_SYMBOL_FIELD	semantic: unknown static method new on class TreeSitter	test/unit/compiler/parser/treesitter_error_recovery_spec.spl
MISSING_SYMBOL_FIELD	semantic: unknown static method new on class TreeSitter	test/unit/compiler/parser/treesitter_highlights_spec.spl
MISSING_SYMBOL_FIELD	semantic: unknown static method new on class TreeSitter	test/unit/compiler/parser/treesitter_highlights_spec.spl
MISSING_SYMBOL_FIELD	semantic: unknown static method new on class TreeSitter	test/unit/compiler/parser/treesitter_highlights_spec.spl
MISSING_SYMBOL_FIELD	semantic: unknown static method new on class TreeSitter	test/unit/compiler/parser/treesitter_highlights_spec.spl
MISSING_SYMBOL_FIELD	semantic: unknown static method new on class TreeSitter	test/unit/compiler/parser/treesitter_highlights_spec.spl
MISSING_SYMBOL_FIELD	semantic: unknown static method new on class TreeSitter	test/unit/compiler/parser/treesitter_incremental_spec.spl
MISSING_SYMBOL_FIELD	semantic: unknown static method new on class TreeSitter	test/unit/compiler/parser/treesitter_incremental_spec.spl
MISSING_SYMBOL_FIELD	semantic: unknown static method new on class TreeSitter	test/unit/compiler/parser/treesitter_incremental_spec.spl
MISSING_SYMBOL_FIELD	semantic: unknown static method new on class TreeSitter	test/unit/compiler/parser/treesitter_incremental_spec.spl
MISSING_SYMBOL_FIELD	semantic: unknown static method new on class TreeSitter	test/unit/compiler/parser/treesitter_spec.spl
MISSING_SYMBOL_FIELD	semantic: unknown static method new on class TreeSitter	test/unit/compiler/parser/treesitter_spec.spl
MISSING_SYMBOL_FIELD	semantic: unknown static method new on class TreeSitter	test/unit/compiler/parser/treesitter_spec.spl
MISSING_SYMBOL_FIELD	semantic: unknown static method new on class TreeSitter	test/unit/compiler/parser/treesitter_spec.spl
MISSING_SYMBOL_FIELD	semantic: unknown static method new on class TreeSitter	test/unit/compiler/parser/treesitter_spec.spl
MISSING_SYMBOL_VAR	`cli`	test/unit/compiler/parser/treesitter_spec.spl
MISSING_SYMBOL_VAR	`bkpt`	test/unit/compiler/parser/treesitter_spec.spl
MISSING_SYMBOL_FIELD	semantic: unknown static method new on class TreeSitter	test/unit/compiler/parser/treesitter_spec.spl
MISSING_SYMBOL_FIELD	semantic: unknown static method new on class TreeSitter	test/unit/compiler/parser/treesitter_spec.spl
MISSING_SYMBOL_FIELD	semantic: unknown static method new on class TreeSitter	test/unit/compiler/parser/treesitter_spec.spl
MISSING_SYMBOL_FIELD	semantic: unknown static method new on class TreeSitter	test/unit/compiler/parser/treesitter_spec.spl
MISSING_SYMBOL_FIELD	semantic: unknown static method new on class TreeSitter	test/unit/compiler/parser/treesitter_visibility_spec.spl
MISSING_SYMBOL_FIELD	semantic: unknown static method new on class TreeSitter	test/unit/compiler/parser/treesitter_visibility_spec.spl
VALUE_MISMATCH	expected false to equal true	test/unit/compiler/portable_numeric_capabilities_spec.spl
VALUE_MISMATCH	expected x86-64 to equal x86-64-v1	test/unit/compiler/portable_numeric_capabilities_spec.spl
VALUE_MISMATCH	expected x86-64 to equal x86-64-v1	test/unit/compiler/portable_numeric_capabilities_spec.spl
VALUE_MISMATCH	expected x86-64 to equal x86-64-v1	test/unit/compiler/portable_numeric_capabilities_spec.spl
SEMANTIC_OTHER	semantic: class `CompileOptions` has no field named `ta	test/unit/compiler/portable_numeric_plan_threading_spec.spl
SEMANTIC_OTHER	semantic: class `CompileOptions` has no field named `ta	test/unit/compiler/portable_numeric_plan_threading_spec.spl
VALUE_MISMATCH	expected 1 to equal 2	test/unit/compiler/r2_matchers_red_probe_spec.spl
VALUE_MISMATCH	expected 42 to be nil	test/unit/compiler/r2_matchers_red_probe_spec.spl
SEMANTIC_OTHER	semantic: class `CompileOptions` has no field named `ta	test/unit/compiler/scalable_vec_mir_scaffolding_spec.spl
SEMANTIC_OTHER	semantic: class `CompileOptions` has no field named `ta	test/unit/compiler/scalable_vec_mir_scaffolding_spec.spl
VALUE_MISMATCH	expected 102 to equal 100	test/unit/compiler/schema/generated_visitor_coverage_spec.spl
VALUE_MISMATCH	expected 104 to equal 103	test/unit/compiler/schema/generated_visitor_coverage_spec.spl
MISSING_SYMBOL_VAR	`stats`	test/unit/compiler/stats_bug_schema_spec.spl
VALUE_MISMATCH	expected true to equal false	test/unit/compiler/verification/lean_basic_spec.spl
SEMANTIC_OTHER	semantic: class `LeanBlock` has no field named `namespa	test/unit/compiler/verification/lean_block_integration_spec.spl
VALUE_MISMATCH	expected -- GENERATED by `simple gen-lea	test/unit/compiler/verification/lean_codegen_spec.spl
MISSING_SYMBOL_METH	`is_model_complete`	test/unit/compiler/verification/lean_workflow_spec.spl
MISSING_SYMBOL_METH	`is_model_complete`	test/unit/compiler/verification/lean_workflow_spec.spl
MISSING_SYMBOL_FIELD	semantic: undefined field: unknown property or method '	test/unit/compiler/verification/lean_workflow_spec.spl
VALUE_MISMATCH	expected  to equal theorem demo : True :	test/unit/compiler/verification/lean_workflow_spec.spl
MISSING_SYMBOL_FIELD	semantic: undefined field: unknown property or method '	test/unit/compiler/verification/lean_workflow_spec.spl
VALUE_MISMATCH	expected no such file or directory (erro	test/unit/compiler/verification/lean_workflow_spec.spl
VALUE_MISMATCH	expected true to equal false	test/unit/compiler/verification/lean_workflow_spec.spl
VALUE_MISMATCH	expected Option::Some(Proof for theorem 	test/unit/compiler/verification/proof_reference_spec.spl
VALUE_MISMATCH	expected Option::Some(Ambiguous proof fo	test/unit/compiler/verification/proof_reference_spec.spl
VALUE_MISMATCH	expected Lean Verification: 1 verified, 	test/unit/compiler/verification/report_rendering_spec.spl
VALUE_MISMATCH	expected true to equal false	test/unit/compiler/verification/report_rendering_spec.spl
VALUE_MISMATCH	expected theorem increment_contract (n :	test/unit/compiler/verification/unified_attrs_spec.spl
VALUE_MISMATCH	expected nil to equal Option::Some(Verif	test/unit/compiler/verification/unsupported_construct_spec.spl
MISSING_SYMBOL_METH	`report_ffi_error`	test/unit/compiler/verification/unsupported_construct_spec.spl
MISSING_SYMBOL_METH	`ffi_in_verified_error`	test/unit/compiler/verification/verification_diagnostics_spec.spl
VALUE_MISMATCH	expected codegen feature-validation prob	test/unit/lib/common/feature_validation/codegen_spec.spl
TYPE_MISMATCH	semantic: type mismatch: cannot convert array to int	test/unit/lib/driver/fat32_file_io_spec.spl
TYPE_MISMATCH	semantic: type mismatch: cannot convert array to int	test/unit/lib/driver/fat32_file_io_spec.spl
VALUE_MISMATCH	expected false to equal true	test/unit/lib/std/type_checker/type_inference_spec.spl
VALUE_MISMATCH	expected false to equal true	test/unit/lib/std/type_checker/type_inference_spec.spl
VALUE_MISMATCH	expected false to equal true	test/unit/lib/std/type_checker/type_inference_spec.spl
VALUE_MISMATCH	expected 20 to equal 18	test/unit/os/kernel/loader/app_discovery_spec.spl
MISSING_SYMBOL_FN	`read_u16_le`	test/unit/os/kernel/loader/byte_utils_spec.spl
MISSING_SYMBOL_FN	`read_u32_le`	test/unit/os/kernel/loader/byte_utils_spec.spl
MISSING_SYMBOL_FN	`read_u64_le`	test/unit/os/kernel/loader/byte_utils_spec.spl
MISSING_SYMBOL_FN	`read_u64_le`	test/unit/os/kernel/loader/byte_utils_spec.spl
UNWRAP_ON_ERR	semantic: called unwrap on Err: ENOENT: -2	test/unit/os/kernel/loader/executable_source_spec.spl
UNWRAP_ON_ERR	semantic: called unwrap on Err: ENOENT: -2	test/unit/os/kernel/loader/executable_source_spec.spl
MISSING_SYMBOL_METH	`to_u8`	test/unit/os/kernel/loader/executable_source_spec.spl
UNWRAP_ON_ERR	semantic: called unwrap on Err: ELF64 PT_LOAD bytes are	test/unit/os/kernel/loader/process_image_spec.spl
VALUE_MISMATCH	expected ELF64 PT_LOAD bytes are truncat	test/unit/os/kernel/loader/process_image_spec.spl
UNWRAP_ON_ERR	semantic: called unwrap on Err: ELF64 initial stack con	test/unit/os/kernel/loader/process_image_spec.spl
UNWRAP_ON_ERR	semantic: called unwrap on Err: ELF64 initial stack con	test/unit/os/kernel/loader/process_image_spec.spl
UNWRAP_ON_ERR	semantic: called unwrap on Err: ELF64 PT_LOAD bytes are	test/unit/os/kernel/loader/process_image_spec.spl
VALUE_MISMATCH	expected 125000000 to equal 134217728	test/unit/os/kernel/loader/stack_builder_spec.spl
OTHER	checked builder rejected an exactly sized frame	test/unit/os/kernel/loader/stack_builder_spec.spl
VALUE_MISMATCH	expected StackBuildError::ArithmeticOver	test/unit/os/kernel/loader/stack_builder_spec.spl
OTHER	checked builder rejected complete AT_RANDOM entropy	test/unit/os/kernel/loader/stack_builder_spec.spl
OTHER	checked builder rejected an explicitly minimal auxv	test/unit/os/kernel/loader/stack_builder_spec.spl
OTHER	checked builder rejected a valid complete frame	test/unit/os/kernel/loader/stack_builder_spec.spl
OTHER	checked builder rejected a bounded 64/128 launch frame	test/unit/os/kernel/loader/stack_builder_spec.spl
MISSING_SYMBOL_METH	`not_to_contain`	test/unit/os/kernel/loader/stack_builder_spec.spl
VALUE_MISMATCH	expected zstd frame header to contain co	test/unit/os/kernel/loader/zstd_decompress_spec.spl
VALUE_MISMATCH	expected true to equal false	test/unit/os/kernel/types/capability_types_spec.spl
SEMANTIC_OTHER	semantic: nil is forbidden by the non-optional return c	test/unit/runtime/generic_runtime_spec.spl
DOC_CONTENT_DRIFT	expected # Process Execution - Pure Simple I/	test/unit/runtime/process_is_running_spec.spl
VALUE_MISMATCH	expected codegen feature-validation prob	test/unit/std/feature_validation/codegen_spec.spl
