test/01_unit/app/dap/interpreter_hooks_spec.spl	expected # Interpreter Hook API for Debugging
test/01_unit/app/dap/interpreter_hooks_spec.spl	expected # Interpreter Hook API for Debugging
test/01_unit/app/doc_coverage/compiler_integration_spec.spl	semantic: variable `NL` not found
test/01_unit/app/doc_coverage/compiler_integration_spec.spl	semantic: variable `NL` not found
test/01_unit/app/doc_coverage/compiler_integration_spec.spl	semantic: variable `NL` not found
test/01_unit/app/doc_coverage/compiler_integration_spec.spl	semantic: variable `NL` not found
test/01_unit/app/doc_coverage/compiler_integration_spec.spl	semantic: variable `NL` not found
test/01_unit/app/doc_coverage/compiler_integration_spec.spl	semantic: variable `NL` not found
test/01_unit/app/doc_coverage/compiler_integration_spec.spl	semantic: variable `NL` not found
test/01_unit/app/interpreter/collections/persistent_vec_intensive_spec.spl	semantic: variable `vec` not found
test/01_unit/app/interpreter/collections/persistent_vec_intensive_spec.spl	semantic: variable `vec` not found
test/01_unit/app/interpreter/collections/persistent_vec_intensive_spec.spl	semantic: variable `vec` not found
test/01_unit/app/interpreter/collections/persistent_vec_intensive_spec.spl	semantic: method `first` not found on type `MiniVec`
test/01_unit/app/interpreter/collections/persistent_vec_intensive_spec.spl	semantic: method `first` not found on type `MiniVec`
test/01_unit/app/interpreter/collections/persistent_vec_intensive_spec.spl	semantic: variable `vec` not found
test/01_unit/app/interpreter/collections/persistent_vec_intensive_spec.spl	semantic: variable `vec` not found
test/01_unit/app/interpreter/collections/persistent_vec_intensive_spec.spl	semantic: variable `vec` not found
test/01_unit/app/interpreter/collections/persistent_vec_intensive_spec.spl	semantic: variable `vec` not found
test/01_unit/app/interpreter/collections/persistent_vec_intensive_spec.spl	semantic: variable `vec` not found
test/01_unit/app/interpreter/collections/persistent_vec_intensive_spec.spl	semantic: variable `vec` not found
test/01_unit/app/interpreter/collections/persistent_vec_intensive_spec.spl	semantic: variable `vec` not found
test/01_unit/app/interpreter/collections/persistent_vec_intensive_spec.spl	semantic: variable `vec` not found
test/01_unit/app/interpreter/collections/persistent_vec_intensive_spec.spl	semantic: variable `vec` not found
test/01_unit/app/interpreter/collections/persistent_vec_intensive_spec.spl	semantic: variable `vec` not found
test/01_unit/app/interpreter/collections/persistent_vec_intensive_spec.spl	semantic: variable `vec` not found
test/01_unit/app/interpreter/collections/persistent_vec_intensive_spec.spl	semantic: variable `vec` not found
test/01_unit/app/interpreter/symbol_spec.spl	expected # Symbol Table - Cross-module symbol tracking
test/01_unit/compiler/50.mir/hwir_mir_function_extract_spec.spl	semantic: type mismatch: comparing string with integer
test/01_unit/compiler/50.mir/hwir_mir_function_extract_spec.spl	semantic: type mismatch: comparing string with integer
test/01_unit/compiler/50.mir/hwir_mir_function_extract_spec.spl	semantic: type mismatch: comparing string with integer
test/01_unit/compiler/50.mir/hwir_mir_function_extract_spec.spl	semantic: type mismatch: comparing string with integer
test/01_unit/compiler/50.mir/hwir_mir_function_extract_spec.spl	semantic: type mismatch: comparing string with integer
test/01_unit/compiler/50.mir/hwir_retirement_composition_spec.spl	semantic: method `len` not found on type `nil` (receiver value: nil)
test/01_unit/compiler/50.mir/hwir_riscv_scalar_control_projection_spec.spl	expected 0 to equal 4094
test/01_unit/compiler/50.mir/hwir_riscv_scalar_control_projection_spec.spl	semantic: unknown static method rv32_zca on class CoreConfig
test/01_unit/compiler/50.mir/hwir_riscv_scalar_control_projection_spec.spl	semantic: unknown static method rv32_zca on class CoreConfig
test/01_unit/compiler/50.mir/hwir_riscv_scalar_retirement_owner_spec.spl	semantic: method `to_text` not found on type `nil` (receiver value: nil)
test/01_unit/compiler/50.mir/hwir_riscv_scalar_trap_projection_spec.spl	semantic: called unwrap on Err: HWIR-E-HOST-EVAL-OP: unsupported strict combinational operation xor
test/01_unit/compiler/50.mir/hwir_riscv_scalar_trap_projection_spec.spl	semantic: called unwrap on Err: HWIR-E-HOST-EVAL-OP: unsupported strict combinational operation xor
test/01_unit/compiler/60.mir_opt/.spipe_wrapped_entry_general_patterns_spec.spl	expected 7 to equal 4
test/01_unit/compiler/60.mir_opt/.spipe_wrapped_entry_general_patterns_spec.spl	expected 7 to equal 4
test/01_unit/compiler/60.mir_opt/.spipe_wrapped_entry_general_patterns_spec.spl	expected 7 to equal 4
test/01_unit/compiler/60.mir_opt/.spipe_wrapped_entry_general_patterns_spec.spl	expected 7 to equal 4
test/01_unit/compiler/60.mir_opt/.spipe_wrapped_entry_general_patterns_spec.spl	expected 7 to equal 4
test/01_unit/compiler/60.mir_opt/optimizer_manifest_backend_budget_spec.spl	semantic: invalid operation: cannot index value of type enum
test/01_unit/compiler/backend/backend_capability_spec.spl	semantic: panic: compile error: C backend does not support async CreatePromise lowering
test/01_unit/compiler/backend/backend_capability_spec.spl	semantic: panic: compile error: C backend does not support actor Receive lowering
test/01_unit/compiler/backend/backend_capability_spec.spl	semantic: panic: compile error: LLVM backend does not support MatMul lowering
test/01_unit/compiler/backend/backend_capability_spec.spl	semantic: panic: compile error: LLVM backend does not support Transpose lowering
test/01_unit/compiler/backend/backend_capability_spec.spl	semantic: panic: compile error: LLVM backend does not support SIMD operation vec_sum
test/01_unit/compiler/backend/backend_capability_spec.spl	semantic: panic: compile error: LLVM backend does not support SIMD operation vec_sum
test/01_unit/compiler/backend/bootstrap_llvm_entry_symbol_source_spec.spl	expected # Part 1 of src/compiler/70.backend/backend/mir_to_llvm.spl
test/01_unit/compiler/backend/bootstrap_llvm_entry_symbol_source_spec.spl	expected # Part 1 of src/compiler/70.backend/backend/mir_to_llvm.spl
test/01_unit/compiler/backend/bootstrap_llvm_entry_symbol_source_spec.spl	expected # Part 1 of src/compiler/70.backend/backend/mir_to_llvm.spl
test/01_unit/compiler/backend/bootstrap_llvm_entry_symbol_source_spec.spl	expected # Part 1 of src/compiler/70.backend/backend/mir_to_llvm.spl
test/01_unit/compiler/backend/c_backend_async_spec.spl	semantic: panic: compile error: C backend does not support async CreatePromise lowering
test/01_unit/compiler/backend/c_backend_async_spec.spl	semantic: panic: compile error: C backend does not support async Await lowering
test/01_unit/compiler/backend/c_backend_async_spec.spl	semantic: panic: compile error: C backend does not support async Spawn lowering
test/01_unit/compiler/backend/cranelift_aggregate_runtime_abi_spec.spl	expected #!/bin/sh
test/01_unit/compiler/backend/cranelift_aggregate_runtime_abi_spec.spl	expected <fn:check> to contain zero-arg-receiver.expected
test/01_unit/compiler/backend/cranelift_aggregate_runtime_abi_spec.spl	expected # Part of src/compiler/50.mir/mir_lowering_expr.spl: method calls, writeback, gpu intrinsics, array/tuple/set/const literals
test/01_unit/compiler/backend/cranelift_aggregate_runtime_abi_spec.spl	expected # Cranelift Codegen Adapter
test/01_unit/compiler/backend/cranelift_aggregate_runtime_abi_spec.spl	expected # Cranelift Codegen Adapter
test/01_unit/compiler/backend/cranelift_aggregate_runtime_abi_spec.spl	expected true to equal false
test/01_unit/compiler/backend/cranelift_aggregate_runtime_abi_spec.spl	expected true to equal false
test/01_unit/compiler/backend/cuda_source_global_pointer_abi_spec.spl	semantic: variable `MirLowering` not found
test/01_unit/compiler/backend/cuda_source_global_pointer_abi_spec.spl	semantic: variable `MirLowering` not found
test/01_unit/compiler/backend/cuda_source_global_pointer_abi_spec.spl	semantic: variable `MirLowering` not found
test/01_unit/compiler/backend/interpreter_backend_spec.spl	expected # Interpreter Backend - Tree-walking interpreter (optimized mode only)
test/01_unit/compiler/backend/interpreter_backend_spec.spl	expected 26768 to be greater than 26839
test/01_unit/compiler/backend/intrinsic_lowering_aarch64_spec.spl	expected unimplemented to equal unknown
test/01_unit/compiler/backend/lean_backend_spec.spl	expected  to equal Float
test/01_unit/compiler/backend/lean_backend_spec.spl	expected  to equal >>>
test/01_unit/compiler/backend/llvm_bitcast_pointer_bool_spec.spl	semantic: method `translate_terminator` not found on type `MirToLlvm`
test/01_unit/compiler/backend/llvm_bitcast_pointer_bool_spec.spl	semantic: method `translate_terminator` not found on type `MirToLlvm`
test/01_unit/compiler/backend/llvm_bitcast_pointer_bool_spec.spl	semantic: method `translate_terminator` not found on type `MirToLlvm`
test/01_unit/compiler/backend/llvm_bitcast_pointer_bool_spec.spl	semantic: method `translate_terminator` not found on type `MirToLlvm`
test/01_unit/compiler/backend/llvm_copy_move_alloc_spec.spl	expected true to equal false
test/01_unit/compiler/backend/llvm_inline_asm_template_spec.spl	semantic: undefined field: unknown property or method 'name' on String
test/01_unit/compiler/backend/llvm_inline_asm_template_spec.spl	semantic: undefined field: unknown property or method 'kind' on String
test/01_unit/compiler/backend/llvm_inline_asm_template_spec.spl	semantic: undefined field: unknown property or method 'name' on String
test/01_unit/compiler/backend/llvm_ir_builder_target_header_lifetime_spec.spl	semantic: variable `header_target` not found
test/01_unit/compiler/backend/llvm_lib_backend_spec.spl	expected # LLVM Lib Translate Expr — Instruction Translation
test/01_unit/compiler/backend/llvm_lib_backend_spec.spl	expected # LLVM Lib Translate Expr — Instruction Translation
test/01_unit/compiler/backend/llvm_matrix_lowering_spec.spl	semantic: panic: compile error: LLVM backend does not support MatMul lowering
test/01_unit/compiler/backend/llvm_matrix_lowering_spec.spl	semantic: panic: compile error: LLVM backend does not support Transpose lowering
test/01_unit/compiler/backend/llvm_mutable_global_static_spec.spl	semantic: type mismatch: cannot convert object to int
test/01_unit/compiler/backend/llvm_mutable_global_static_spec.spl	semantic: type mismatch: cannot convert object to int
test/01_unit/compiler/backend/llvm_mutable_global_static_spec.spl	semantic: type mismatch: cannot convert object to int
test/01_unit/compiler/backend/llvm_mutable_global_static_spec.spl	expected ; ModuleID = 'test.llvm.literal_globals'
test/01_unit/compiler/backend/llvm_mutable_global_static_spec.spl	semantic: function `runtime_value` not found
test/01_unit/compiler/backend/llvm_opt_pipeline_spec.spl	semantic: function expects argument for parameter 'dbg_id', but none was provided
test/01_unit/compiler/backend/llvm_opt_pipeline_spec.spl	expected ; TBAA metadata
test/01_unit/compiler/backend/llvm_pointer_return_null_spec.spl	semantic: method `translate_terminator` not found on type `MirToLlvm`
test/01_unit/compiler/backend/llvm_pointer_return_null_spec.spl	expected # LLVM Lib Translate Expr — Instruction Translation
test/01_unit/compiler/backend/llvm_pointer_return_null_spec.spl	semantic: function expects argument for parameter 'raw_dest', but none was provided
test/01_unit/compiler/backend/llvm_pointer_return_null_spec.spl	semantic: function expects argument for parameter 'raw_dest', but none was provided
test/01_unit/compiler/backend/llvm_simd_array_abi_spec.spl	expected # LLVM IR Builder
test/01_unit/compiler/backend/llvm_simd_array_abi_spec.spl	expected /*
test/01_unit/compiler/backend/logger_native_probe_spec.spl	expected  to contain keep-me
test/01_unit/compiler/backend/native/isel_riscv32_spec.spl	expected -1 to equal 0
test/01_unit/compiler/backend/native/isel_riscv64_spec.spl	expected -1 to equal 0
test/01_unit/compiler/backend/native/isel_x86_64_spec.spl	semantic: panic: x86_64 SIMD selection rejected: simd-cfg-liveness-unavailable
test/01_unit/compiler/backend/native/isel_x86_64_spec.spl	semantic: panic: x86_64 SIMD selection rejected: simd-cfg-liveness-unavailable
test/01_unit/compiler/backend/native/x86_avx2_mir_route_spec.spl	semantic: undefined field 'symbol': cannot access field on value of type 'nil'
test/01_unit/compiler/backend/native/x86_avx2_mir_route_spec.spl	assert_equal failed: expected 4, got 7
test/01_unit/compiler/backend/native/x86_avx2_mir_route_spec.spl	assert_true failed: got false
test/01_unit/compiler/backend/numeric_interpolation_abi_spec.spl	semantic: variable `value` not found
test/01_unit/compiler/backend/numeric_interpolation_abi_spec.spl	expected # Native runtime probe for stage3_numeric_interpolation_slot_corruption.
test/01_unit/compiler/backend/rt_extern_decl_arity_spec.spl	expected # LLVM Backend
test/01_unit/compiler/backend/rt_extern_decl_arity_spec.spl	expected # LLVM Lib Translate — Module/Function Structure
test/01_unit/compiler/backend/rt_extern_decl_arity_spec.spl	assert_false failed: got true
test/01_unit/compiler/backend/runtime_compiler_spec.spl	semantic: variable `plan` not found
test/01_unit/compiler/backend/runtime_compiler_spec.spl	expected PROBE_RC=127
test/01_unit/compiler/backend/runtime_dynload_owner_source_spec.spl	expected /* Hosted dynamic loading for pure-Simple native binaries. */
test/01_unit/compiler/backend/runtime_timestamp_owner_source_spec.spl	expected /*
test/01_unit/compiler/backend/runtime_timestamp_owner_source_spec.spl	expected # Compatibility facade: app.io.time_ops -> std.nogc_sync_mut.io.time_ops
test/01_unit/compiler/backend/simpleos_forbidden_allocator_guard_spec.spl	semantic: function `simpleos_forbidden_allocator_symbols_from_names` not found
test/01_unit/compiler/backend/simpleos_forbidden_allocator_guard_spec.spl	semantic: function `simpleos_forbidden_allocator_symbols_from_names` not found
test/01_unit/compiler/backend/simpleos_forbidden_allocator_guard_spec.spl	semantic: function `simpleos_forbidden_allocator_symbols_from_names` not found
test/01_unit/compiler/backend/simpleos_forbidden_allocator_guard_spec.spl	semantic: function `simpleos_forbidden_allocator_symbols_from_names` not found
test/01_unit/compiler/backend/simpleos_forbidden_allocator_guard_spec.spl	semantic: function `simpleos_check_no_forbidden_allocator_names` not found
test/01_unit/compiler/backend/simpleos_forbidden_allocator_guard_spec.spl	semantic: function `simpleos_check_no_forbidden_allocator_names` not found
test/01_unit/compiler/backend/simpleos_forbidden_allocator_guard_spec.spl	semantic: function `simpleos_check_no_forbidden_allocator_names` not found
test/01_unit/compiler/backend/simpleos_native_target_flow_spec.spl	expected -1 to be greater than -1
test/01_unit/compiler/backend/stage4_final_symbol_closure_spec.spl	semantic: called unwrap on Err: Stage4 runtime-native required definition 'rt_string_new_literal' must exist exactly once
test/01_unit/compiler/backend/stage4_final_symbol_closure_spec.spl	expected # Driver — AOT Output Methods
test/01_unit/compiler/backend/stage4_final_symbol_closure_spec.spl	semantic: variable `macho` not found
test/01_unit/compiler/backend/stage4_final_symbol_closure_spec.spl	expected if stage4_requested:
test/01_unit/compiler/backend/stage4_final_symbol_closure_spec.spl	expected match llvm_stage4_final_requested_symbols(final_simple_objects):
test/01_unit/compiler/backend/stage4_native_link_source_contract_spec.spl	expected var candidate_labels = ["compiler_backfill", "runtime_native", "runtime_contracts", "runtime_legacy_compat", "runtime_process", "runtime_dynload", "runtime_font", "runtime_memtrack", "runtime_timestamp"]
test/01_unit/compiler/backend/stage4_native_link_source_contract_spec.spl	expected 7 to equal 6
test/01_unit/compiler/backend/stage4_native_link_source_contract_spec.spl	expected 3 to equal 0
test/01_unit/compiler/backend/stage4_native_link_source_contract_spec.spl	expected true to equal false
test/01_unit/compiler/backend/stage4_process_provider_spec.spl	expected -1 to be nil
test/01_unit/compiler/backend/stage4_process_provider_spec.spl	expected if stage4_requested:
test/01_unit/compiler/backend/stage4_runtime_legacy_compat_provider_spec.spl	expected -1 to be greater than 13647
test/01_unit/compiler/backend/std_error_no_duplicate_definition_guard_spec.spl	expected # LLVM Type Mapper - LLVM-Specific Type Mapping Implementation
test/01_unit/compiler/backend/vhdl_backend_spec.spl	expected false to equal true
test/01_unit/compiler/backend/vhdl_backend_spec.spl	expected library ieee;
test/01_unit/compiler/backend/vhdl_backend_spec.spl	semantic: called unwrap on Err: CompileError(message: VHDL combinational local `scratch` must be a fixed scalar or record, phase: backend (vhdl), has_location: false, location: nil)
test/01_unit/compiler/backend/vhdl_backend_spec.spl	expected false to equal true
test/01_unit/compiler/backend/vhdl_backend_spec.spl	expected false to equal true
test/01_unit/compiler/backend/vhdl_backend_spec.spl	expected false to equal true
test/01_unit/compiler/backend/vhdl_backend_spec.spl	expected false to equal true
test/01_unit/compiler/backend/vhdl_backend_spec.spl	expected false to equal true
test/01_unit/compiler/backend/vhdl_backend_spec.spl	expected false to equal true
test/01_unit/compiler/backend/vhdl_backend_spec.spl	expected false to equal true
test/01_unit/compiler/backend/vhdl_backend_spec.spl	expected false to equal true
test/01_unit/compiler/backend/vhdl_backend_spec.spl	semantic: called unwrap on Err: CompileError(location: 71:1-241, message: VHDL backend does not support Unit local signal; Unit has no VHDL signal, port, or constant representation, has_location: true, phase: backend (vhdl))
test/01_unit/compiler/backend/vhdl_backend_spec.spl	expected false to equal true
test/01_unit/compiler/backend/vhdl_backend_spec.spl	semantic: called unwrap_err on Ok
test/01_unit/compiler/backend/vhdl_backend_spec.spl	semantic: called unwrap_err on Ok
test/01_unit/compiler/backend/vhdl_clocked_global_state_contract_spec.spl	semantic: called unwrap on Err: CompileError(phase: backend (vhdl), has_location: true, location: 6:1-244, message: VHDL backend does not support Unit local signal; Unit has no VHDL signal, port, or constant representation)
test/01_unit/compiler/backend/vhdl_clocked_global_state_contract_spec.spl	expected  to contain "hardware_entity_count": 
test/01_unit/compiler/backend/vhdl_clocked_global_state_contract_spec.spl	expected  to contain "hardware_entity_count": 
test/01_unit/compiler/backend/vhdl_design_catalog_spec.spl	semantic: undefined field 'has_vhdl_metadata': cannot access field on value of type 'nil'
test/01_unit/compiler/backend/vhdl_design_catalog_spec.spl	semantic: called unwrap on Err: VHDL design catalog found no @hardware entry in selected root module(s)
test/01_unit/compiler/backend/vhdl_design_catalog_spec.spl	semantic: undefined field 'has_vhdl_metadata': cannot access field on value of type 'nil'
test/01_unit/compiler/backend/vhdl_design_catalog_spec.spl	semantic: called unwrap on Err: VHDL design catalog found no @hardware entry in selected root module(s)
test/01_unit/compiler/backend/vhdl_design_catalog_spec.spl	expected VHDL design catalog found no @hardware entry in selected root module(s) to contain unmapped global/static symbol
test/01_unit/compiler/backend/vhdl_design_catalog_spec.spl	semantic: called unwrap on Err: VHDL design catalog found no @hardware entry in selected root module(s)
test/01_unit/compiler/backend/vhdl_design_catalog_spec.spl	expected VHDL design catalog found no @hardware entry in selected root module(s) to contain Unresolved VHDL port-map entity
test/01_unit/compiler/backend/vhdl_design_catalog_spec.spl	expected VHDL design catalog found no @hardware entry in selected root module(s) to contain Ambiguous VHDL port-map entity
test/01_unit/compiler/backend/vhdl_design_catalog_spec.spl	expected VHDL design catalog found no @hardware entry in selected root module(s) to contain Ambiguous VHDL design call target
test/01_unit/compiler/backend/vhdl_design_catalog_spec.spl	semantic: called unwrap on Err: VHDL design catalog found no @hardware entry in selected root module(s)
test/01_unit/compiler/backend/vhdl_design_catalog_spec.spl	expected VHDL design catalog found no @hardware entry in selected root module(s) to contain unmapped type symbol
test/01_unit/compiler/backend/vhdl_design_catalog_spec.spl	semantic: called unwrap on Err: VHDL design catalog found no @hardware entry in selected root module(s)
test/01_unit/compiler/backend/vhdl_design_catalog_spec.spl	expected VHDL design catalog found no @hardware entry in selected root module(s) to contain Conflicting VHDL function/entity name
test/01_unit/compiler/backend/vhdl_design_catalog_spec.spl	expected VHDL design catalog references missing type symbol 2 to contain cyclic record/enum type dependency
test/01_unit/compiler/backend/vhdl_dim_constraints_spec.spl	semantic: class `Span` has no field named `end_pos`
test/01_unit/compiler/backend/vhdl_hardware_call_lowering_contract_spec.spl	semantic: called unwrap_err on Ok
test/01_unit/compiler/backend/vhdl_hardware_call_lowering_contract_spec.spl	semantic: called unwrap_err on Ok
test/01_unit/compiler/backend/vhdl_hardware_call_lowering_contract_spec.spl	expected false to equal true
test/01_unit/compiler/backend/vulkan_backend_intensive_spec.spl	semantic: called unwrap on Err: CompileError(location: nil, phase: backend (vulkan), has_location: false, message: Vulkan U32 storage GEP index must be U32)
test/01_unit/compiler/backend/vulkan_backend_intensive_spec.spl	expected Vulkan SPIR-V load currently requires a lowered U32 storage pointer and U32 destination to contain shared U32 element pointer and U32 destination
test/01_unit/compiler/backend/vulkan_entry_abi_source_spec.spl	expected # Vulkan Backend - Vulkan/SPIR-V Code Generation
test/01_unit/compiler/backend/vulkan_entry_abi_source_spec.spl	expected # Vulkan Backend - Vulkan/SPIR-V Code Generation
test/01_unit/compiler/backend/vulkan_gep_index_diagnostic_class_spec.spl	expected false to equal true
test/01_unit/compiler/backend/vulkan_gep_index_diagnostic_class_spec.spl	expected Vulkan SPIR-V operand _l2 has no value to contain not proven within the allocation
test/01_unit/compiler/backend/vulkan_shared_gep_index_type_spec.spl	semantic: called unwrap on Err: CompileError(location: nil, phase: backend (vulkan), message: Vulkan U32 storage GEP index must be U32, has_location: false)
test/01_unit/compiler/backend/vulkan_source_storage_buffer_abi_spec.spl	semantic: variable `MirLowering` not found
test/01_unit/compiler/backend/vulkan_source_storage_buffer_abi_spec.spl	semantic: variable `MirLowering` not found
test/01_unit/compiler/backend/vulkan_source_storage_buffer_abi_spec.spl	semantic: variable `MirLowering` not found
test/01_unit/compiler/backend/wasm_mir_to_wat_spec.spl	semantic: panic: compile error: E-BACKEND-WASM-INST-ConditionProbe: Wasm backend does not lower ConditionProbe
test/01_unit/compiler/bdd_eq_chained_matcher_provisional_spec.spl	expected 1 to equal 2
test/01_unit/compiler/bdd_keyword_executor_coverage_spec.spl	expected false to equal true
test/01_unit/compiler/bdd_keyword_executor_coverage_spec.spl	expected false to equal true
test/01_unit/compiler/bdd_keyword_executor_coverage_spec.spl	expected false to equal true
test/01_unit/compiler/bdd_keyword_executor_coverage_spec.spl	expected false to equal true
test/01_unit/compiler/bdd_keyword_executor_coverage_spec.spl	expected false to equal true
test/01_unit/compiler/blocks/unified_registry_bootstrap_source_spec.spl	expected -1 to be nil
test/01_unit/compiler/bootstrap/ast_native_arena_spec.spl	expected # Decl arena: DECL_* tags, decl_* node constructors, accessors, and key/list helpers.
test/01_unit/compiler/bootstrap/ast_native_arena_spec.spl	semantic: array index out of bounds: index is 0 but length is 0
test/01_unit/compiler/bootstrap/ast_native_arena_spec.spl	expected Any to equal SiblingBox
test/01_unit/compiler/bootstrap/ast_native_arena_spec.spl	expected 7 to equal 88
test/01_unit/compiler/bootstrap/callable_dependency_route_precedence_contract_spec.spl	expected # HIR item lowering - module, import, and bootstrap-flat lowering.
test/01_unit/compiler/bootstrap/driver_phase_entry_shared_binding_contract_spec.spl	expected # Driver - Compiler Driver Implementation
test/01_unit/compiler/bootstrap/entry_closure_bucket_count_contract_spec.spl	expected # Driver — Source Loading and Error Formatting
test/01_unit/compiler/bootstrap/entry_closure_module_map_update_spec.spl	expected # Driver - Compiler Driver Implementation
test/01_unit/compiler/bootstrap/entry_closure_physical_source_dedup_spec.spl	expected true to equal false
test/01_unit/compiler/bootstrap/entry_closure_physical_source_dedup_spec.spl	expected -1 to be greater than 43670
test/01_unit/compiler/bootstrap/entry_closure_physical_source_dedup_spec.spl	expected # CLI compile — target backends (simpleos/c/cuda/opencl/vhdl/native)
test/01_unit/compiler/bootstrap/entry_closure_physical_source_dedup_spec.spl	expected # Driver — Source Loading and Error Formatting
test/01_unit/compiler/bootstrap/entry_closure_physical_source_dedup_spec.spl	expected [app.cli._CliMain.args_and_os_commands, std.cli.log_modes, app.io.env_ops, std.common.mem_infra.config, app.io.cli_ops, app.io.cli_compile, app.io.cli_commands, app.io.cli_commands, app.io.cli_lint_commands, app.io._CliCommands.handler_commands, app.cli.cli_helpers, app.build.cli_entry, app.cli.check, app.cli.check_capsule, app.counterpart.main, app.cli.check_options, app.cli.arch_check, app.cli.check_dbs, app.cli.fix_dbs, app.cli.debug_ui, app.cli.browser, app.cli.theme_sync, app.ui.cli_entry, app.office.mod, app.ide.main, app.play.main, app.t32_cli.mod, app.stats.doc_coverage_dynamic, app.cli.sbom_command, app.stats.dynamic, app.jj.main, app.devhub.main, os.cli, compiler.tools.leak_check.main, compiler.tools.duplicate_check.main, app.test_runner_new.test_runner_main, app.test_runner_new.json_wrapper] to not contain compiler.tools.leak_check.main
test/01_unit/compiler/bootstrap/entry_closure_physical_source_dedup_spec.spl	expected # Expression Type Inference
test/01_unit/compiler/bootstrap/entry_closure_physical_source_dedup_spec.spl	expected # CompilerDriver phase-1 source loading.
test/01_unit/compiler/bootstrap/entry_closure_physical_source_dedup_spec.spl	expected -1 to be greater than -1
test/01_unit/compiler/bootstrap/flattened_linker_symbol_types_contract_spec.spl	expected  to contain _loader_symbol_type_from_smf(smf_sym.ty)
test/01_unit/compiler/bootstrap/hir_expression_shared_binding_contract_spec.spl	expected # HIR expression lowering umbrella.
test/01_unit/compiler/bootstrap/hir_import_resolution_shared_binding_contract_spec.spl	expected # HIR item lowering - module, import, and bootstrap-flat lowering.
test/01_unit/compiler/bootstrap/hir_module_lowering_shared_binding_contract_spec.spl	expected # HIR item lowering - module, import, and bootstrap-flat lowering.
test/01_unit/compiler/bootstrap/hir_symbol_table_shared_binding_contract_spec.spl	expected # HIR Types - Core Types and Symbol Table
test/01_unit/compiler/bootstrap/interpreter_function_lookup_shared_binding_contract_spec.spl	expected # Interpreter Backend - Tree-walking interpreter (optimized mode only)
test/01_unit/compiler/bootstrap/loader_metadata_helpers_contract_spec.spl	expected  to contain me moduleloader_invalidate_semantic_change(self: ModuleLoader
test/01_unit/compiler/bootstrap/mir_expr_dispatch_shared_binding_contract_spec.spl	expected true to equal false
test/01_unit/compiler/bootstrap/mir_method_calls_shared_binding_contract_spec.spl	expected true to equal false
test/01_unit/compiler/bootstrap/module_surface_callable_projection_contract_spec.spl	expected true to equal false
test/01_unit/compiler/bootstrap/module_surface_callable_projection_contract_spec.spl	expected # HIR item lowering - module, import, and bootstrap-flat lowering.
test/01_unit/compiler/bootstrap/module_surface_callable_projection_contract_spec.spl	expected true to equal false
test/01_unit/compiler/bootstrap/module_surface_callable_projection_contract_spec.spl	expected true to equal false
test/01_unit/compiler/bootstrap/module_surface_callable_projection_contract_spec.spl	expected # HIR item lowering - module, import, and bootstrap-flat lowering.
test/01_unit/compiler/bootstrap/module_surface_callable_projection_contract_spec.spl	expected true to equal false
test/01_unit/compiler/bootstrap/module_surface_callable_projection_contract_spec.spl	expected true to equal false
test/01_unit/compiler/bootstrap/module_surface_callable_projection_contract_spec.spl	expected @allow(unnamed_duplicate_typed_args) # reason: positional API -- arg order is conventional
test/01_unit/compiler/bootstrap/module_surface_callable_projection_contract_spec.spl	expected true to equal false
test/01_unit/compiler/bootstrap/module_surface_canonical_once_spec.spl	expected  to contain builder.add_parsed_canonical(
test/01_unit/compiler/bootstrap/module_surface_canonical_once_spec.spl	expected # Compatibility facade for the external module-surface API.
test/01_unit/compiler/bootstrap/module_surface_impl_retention_spec.spl	expected  to contain methods: Dict<text, ModuleSurfaceCallable>
test/01_unit/compiler/bootstrap/module_surface_impl_retention_spec.spl	expected  to contain methods: methods
test/01_unit/compiler/bootstrap/native_entry_closure_mode_contract_spec.spl	expected # Driver - Compiler Driver Implementation
test/01_unit/compiler/bootstrap/parser_self_parse_spec.spl	expected 0 to be greater than 0
test/01_unit/compiler/bootstrap/seed_jit_temp_project_hint_source_spec.spl	expected //! Common execution core shared between Runner and Interpreter
test/01_unit/compiler/bootstrap/stage2_bare_variant_owner_spec.spl	expected # Effect Inference and Checking
test/01_unit/compiler/bootstrap/stage2_bare_variant_owner_spec.spl	expected # Part of src/compiler/50.mir/mir_lowering_expr.spl: switch/if-chain dispatch, binary/unary operators, call lowering
test/01_unit/compiler/bootstrap/stage2_source_shape_regression_spec.spl	expected use compiler.hir.hir_types.*
test/01_unit/compiler/bootstrap/stage2_source_shape_regression_spec.spl	expected # HIR item lowering - trait, impl, assoc-type, const, and AOP/DI/arch/mock lowering.
test/01_unit/compiler/bootstrap/stage3_explicit_owner_types_spec.spl	semantic: variable `LLVM_EXTERNAL_LINKAGE` not found
test/01_unit/compiler/bootstrap/stage4_manual_stage3_admission_contract_spec.spl	expected # Lane: Stage 4 / `$sp_dev`
test/01_unit/compiler/bootstrap/stage4_smoke_gate_spec.spl	expected 6 to equal 3
test/01_unit/compiler/bootstrap/stage4_smoke_gate_spec.spl	expected #!/bin/sh
test/01_unit/compiler/bootstrap/stage4_smoke_gate_spec.spl	expected  to contain if-no-files-found: error
test/01_unit/compiler/bootstrap/stage4_smoke_gate_spec.spl	expected if [ "${os}" = "windows" ]; then
test/01_unit/compiler/bootstrap/stage4_smoke_gate_spec.spl	expected #!/bin/sh
test/01_unit/compiler/bootstrap/stage4_smoke_gate_spec.spl	expected # Stage 3: stage2 recompiles bootstrap_main.spl (self-host verification)
test/01_unit/compiler/bootstrap/stage4_smoke_gate_spec.spl	expected # CLI compile — target backends (simpleos/c/cuda/opencl/vhdl/native)
test/01_unit/compiler/bootstrap/stage4_smoke_gate_spec.spl	expected # Part of src/compiler/50.mir/mir_lowering.spl: module/struct/class type lowering, asm target-spec accessors
test/01_unit/compiler/bootstrap/stage4_smoke_gate_spec.spl	expected # Engine2D advanced Draw IR executor.
test/01_unit/compiler/bootstrap/stage4_streaming_surfaces_contract_spec.spl	expected # Compatibility facade for the external module-surface API.
test/01_unit/compiler/bootstrap/stage4_streaming_surfaces_contract_spec.spl	expected # CompilerDriver phase-2 source parsing.
test/01_unit/compiler/bootstrap/stage4_streaming_surfaces_contract_spec.spl	expected # HIR item lowering - module, import, and bootstrap-flat lowering.
test/01_unit/compiler/bootstrap/stage4_streaming_surfaces_contract_spec.spl	expected use compiler.driver.driver_compiler_type.{CompilerDriver}
test/01_unit/compiler/bootstrap/stage4_streaming_surfaces_contract_spec.spl	expected use compiler.driver.driver_compiler_type.{CompilerDriver}
test/01_unit/compiler/bootstrap/stage4_streaming_surfaces_contract_spec.spl	expected -1 to be greater than 3453
test/01_unit/compiler/bootstrap/stage4_unlimited_streaming_ownership_spec.spl	expected use compiler.driver.driver_compiler_type.{CompilerDriver}
test/01_unit/compiler/bootstrap/stage4_unlimited_streaming_ownership_spec.spl	expected use compiler.driver.driver_compiler_type.{CompilerDriver}
test/01_unit/compiler/bootstrap/tier_resolution_order_source_spec.spl	expected false to equal true
test/01_unit/compiler/bootstrap/transient_parse_array_scope_spec.spl	expected -1 to be greater than -1
test/01_unit/compiler/borrow/iso_move_sites_spec.spl	assert_true failed: got false
test/01_unit/compiler/borrow/iso_use_after_move_e2e_spec.spl	assert_true failed: got false
test/01_unit/compiler/borrow/iso_use_after_move_e2e_spec.spl	expected 1 to equal 0
test/01_unit/compiler/borrow/iso_use_after_move_e2e_spec.spl	expected 1 to equal 0
test/01_unit/compiler/borrow/iso_use_after_move_e2e_spec.spl	assert_true failed: got false
test/01_unit/compiler/cache/compile_options_hash_spec.spl	assert_true failed: got false
test/01_unit/compiler/cache/compile_options_hash_spec.spl	assert_true failed: got false
test/01_unit/compiler/cache/compile_options_hash_spec.spl	assert_true failed: got false
test/01_unit/compiler/cache_v2/gc_spec.spl	expected # Cache leases — process-scoped protection against concurrent GC
test/01_unit/compiler/codegen/any_typed_value_consumption_class_spec.spl	expected  to contain PASS list_elem_add
test/01_unit/compiler/codegen/any_typed_value_consumption_class_spec.spl	expected  to contain PASS text_to_i64_after_replace
test/01_unit/compiler/codegen/any_typed_value_consumption_class_spec.spl	expected  to contain PASS untyped_fn_result_id
test/01_unit/compiler/codegen/any_typed_value_consumption_class_spec.spl	expected  to contain ANY_TYPED_CONSUMPTION PROBE: ALL PASS
test/01_unit/compiler/codegen/any_typed_value_consumption_class_spec.spl	expected  to contain ANY_TYPED_CONSUMPTION PROBE: ALL PASS
test/01_unit/compiler/codegen/array_copy_element_type_matrix_spec.spl	expected  to contain bool=true
test/01_unit/compiler/codegen/builtin_name_collision_arg_transport_spec.spl	expected  to contain BUILTIN_NAME_COLLISION PROBE: ALL PASS
test/01_unit/compiler/codegen/builtin_name_collision_arg_transport_spec.spl	expected  to contain BUILTIN_NAME_COLLISION KNOWN-OPEN COUNT: 1
test/01_unit/compiler/codegen/builtin_name_collision_arg_transport_spec.spl	expected  to contain BUILTIN_NAME_COLLISION PROBE: ALL PASS
test/01_unit/compiler/codegen/chained_builtin_result_type_class_spec.spl	expected  to contain CHAINED_BUILTIN_RESULT_TYPE PROBE: ALL PASS
test/01_unit/compiler/codegen/chained_builtin_result_type_class_spec.spl	expected  to contain PASS via_typed_val_to_int
test/01_unit/compiler/codegen/chained_builtin_result_type_class_spec.spl	expected  to contain CHAINED_BUILTIN_RESULT_TYPE PROBE: ALL PASS
test/01_unit/compiler/codegen/chained_call_receiver_class_spec.spl	semantic: function `expect_not` not found
test/01_unit/compiler/codegen/chained_call_receiver_class_spec.spl	expected  to contain PASS substring_substring_chained
test/01_unit/compiler/codegen/chained_call_receiver_class_spec.spl	expected  to contain PASS array_slice_index_chained
test/01_unit/compiler/codegen/chained_call_receiver_class_spec.spl	semantic: function `expect_not` not found
test/01_unit/compiler/codegen/chained_call_receiver_to_int_spec.spl	expected  to contain PASS substring_to_int_stepped
test/01_unit/compiler/codegen/chained_call_receiver_to_int_spec.spl	semantic: function `expect_not` not found
test/01_unit/compiler/codegen/chained_call_receiver_to_int_spec.spl	semantic: function `expect_not` not found
test/01_unit/compiler/codegen/chained_text_builtin_to_int_spec.spl	expected  to contain PASS text_to_i64_after_trim
test/01_unit/compiler/codegen/chained_text_builtin_to_int_spec.spl	expected  to contain PASS text_to_i64_after_replace
test/01_unit/compiler/codegen/chained_text_builtin_to_int_spec.spl	expected  to contain PASS text_to_i64_after_replace
test/01_unit/compiler/codegen/coalesce_sentinel_collision_class_spec.spl	expected  to contain PASS index_of_coalesce
test/01_unit/compiler/codegen/coalesce_sentinel_collision_class_spec.spl	expected  to contain COALESCE_SENTINEL PROBE: ALL PASS
test/01_unit/compiler/codegen/condition_tag_decode_spec.spl	expected  to contain CONDITION_TAG_DECODE PROBE: ALL PASS
test/01_unit/compiler/codegen/condition_tag_decode_spec.spl	expected  to contain CONDITION_TAG_DECODE PROBE: ALL PASS
test/01_unit/compiler/codegen/cross_engine_divergence_prevention_spec.spl	expected  to contain mutB_dict_explicit_writeback
test/01_unit/compiler/codegen/cross_engine_divergence_prevention_spec.spl	expected  to contain PASS condA_while_nil
test/01_unit/compiler/codegen/cross_engine_divergence_prevention_spec.spl	expected  to contain PASS condA_call_returning_nil
test/01_unit/compiler/codegen/cross_engine_divergence_prevention_spec.spl	expected  to contain PASS mutB_dict_explicit_writeback
test/01_unit/compiler/codegen/cross_engine_divergence_prevention_spec.spl	expected  to contain PASS mutB_dict_explicit_writeback
test/01_unit/compiler/codegen/cross_engine_silent_divergence_spec.spl	expected  to contain PASS mutate_through_nested_array
test/01_unit/compiler/codegen/cross_engine_silent_divergence_spec.spl	expected  to contain PASS cond_nil_through_bool_param
test/01_unit/compiler/codegen/cross_engine_silent_divergence_spec.spl	expected  to contain PASS cond_nil_through_bool_param
test/01_unit/compiler/codegen/cross_engine_silent_divergence_spec.spl	expected  to contain PASS match_option_enum_variant
test/01_unit/compiler/codegen/cross_engine_silent_divergence_spec.spl	expected  to contain PASS match_option_enum_variant
test/01_unit/compiler/codegen/cross_engine_silent_divergence_spec.spl	expected  to contain PASS mutate_through_tuple_field
test/01_unit/compiler/codegen/cross_engine_silent_divergence_spec.spl	expected  to contain PASS mutate_through_tuple_field
test/01_unit/compiler/codegen/cuda_backend_intensive_contract_spec.spl	semantic: `case F16:` is not a variant of enum `MirTypeKind`, so it is an irrefutable BINDING that matches every remaining value and makes every later arm (including `case _:`) unreachable. Use a qualified variant (`case MirTypeKind.F16:`), or a lowercase name if a binding was really intended.
test/01_unit/compiler/codegen/cuda_backend_intensive_contract_spec.spl	semantic: `case F16:` is not a variant of enum `MirTypeKind`, so it is an irrefutable BINDING that matches every remaining value and makes every later arm (including `case _:`) unreachable. Use a qualified variant (`case MirTypeKind.F16:`), or a lowercase name if a binding was really intended.
test/01_unit/compiler/codegen/cuda_backend_intensive_contract_spec.spl	semantic: `case F16:` is not a variant of enum `MirTypeKind`, so it is an irrefutable BINDING that matches every remaining value and makes every later arm (including `case _:`) unreachable. Use a qualified variant (`case MirTypeKind.F16:`), or a lowercase name if a binding was really intended.
test/01_unit/compiler/codegen/cuda_ptx_device_function_param_type_spec.spl	semantic: function `ptx_mir_kind_to_primitive` not found
test/01_unit/compiler/codegen/cuda_ptx_device_function_param_type_spec.spl	semantic: function `ptx_mir_kind_to_primitive` not found
test/01_unit/compiler/codegen/cuda_ptx_mir_kind_primitive_class_spec.spl	semantic: function `ptx_mir_kind_to_primitive` not found
test/01_unit/compiler/codegen/cuda_ptx_mir_kind_primitive_class_spec.spl	semantic: function `ptx_mir_kind_to_primitive` not found
test/01_unit/compiler/codegen/cuda_ptx_mir_kind_primitive_class_spec.spl	semantic: function `ptx_mir_kind_to_primitive` not found
test/01_unit/compiler/codegen/cuda_ptx_mir_kind_primitive_class_spec.spl	semantic: function `ptx_mir_kind_to_primitive` not found
test/01_unit/compiler/codegen/declared_default_object_identity_class_spec.spl	expected  to contain DECLARED_DEFAULT_OBJECT_IDENTITY PROBE: ALL PASS
test/01_unit/compiler/codegen/declared_default_object_identity_class_spec.spl	expected  to contain PASS class_default_i64
test/01_unit/compiler/codegen/declared_default_object_identity_class_spec.spl	expected  to contain PASS control_explicit_empty_then_push
test/01_unit/compiler/codegen/declared_default_object_identity_class_spec.spl	expected  to contain PASS default_nested_struct_write
test/01_unit/compiler/codegen/declared_default_object_identity_class_spec.spl	expected  to contain DECLARED_DEFAULT_OBJECT_IDENTITY PROBE: ALL PASS
test/01_unit/compiler/codegen/dict_clear_native_dispatch_spec.spl	expected BUILD-FAILED
test/01_unit/compiler/codegen/engine_differential_class_spec.spl	expected PASS — 3 fixture(s) checked, selftest only (no scan requested) to contain PASS — 6 selftest fixture(s) checked, 0 failed
test/01_unit/compiler/codegen/engine_differential_class_spec.spl	expected PASS — 3 fixture(s) checked, selftest only (no scan requested)
test/01_unit/compiler/codegen/enum_f64_payload_precision_spec.spl	expected ; ModuleID = 'test.enum.f64'
test/01_unit/compiler/codegen/enum_f64_payload_precision_spec.spl	expected # Part of src/compiler/50.mir/mir_lowering_expr.spl: switch/if-chain dispatch, binary/unary operators, call lowering
test/01_unit/compiler/codegen/erased_receiver_index_of_bind_spec.spl	semantic: nil is forbidden by the non-optional return contract of 'compiler_bin'
test/01_unit/compiler/codegen/erased_receiver_index_of_bind_spec.spl	semantic: nil is forbidden by the non-optional return contract of 'compiler_bin'
test/01_unit/compiler/codegen/f32_struct_field_roundtrip_spec.spl	expected  to contain 1.25
test/01_unit/compiler/codegen/field_default_container_mutation_spec.spl	expected  to contain PASS class_default_array_method_push
test/01_unit/compiler/codegen/field_default_container_mutation_spec.spl	expected  to contain FIELD_DEFAULT_CONTAINER PROBE: ALL PASS
test/01_unit/compiler/codegen/gpu_portable_compute_spec.spl	expected #include <metal_stdlib>
test/01_unit/compiler/codegen/gpu_portable_compute_spec.spl	expected #version 450
test/01_unit/compiler/codegen/hip_backend_contract_spec.spl	expected HipBackendCompileContract[source=hip-cpp binary=hsaco entry=simple_2d_fill_u32 ready=false status=missing-entry-symbol:simple_2d_bitmap_glyph_raster_u32] to contain ready=true
test/01_unit/compiler/codegen/hip_backend_contract_spec.spl	expected false to equal true
test/01_unit/compiler/codegen/host_gpu_lane_codegen_marker_spec.spl	semantic: unknown static method new on class Codegen
test/01_unit/compiler/codegen/host_gpu_lane_codegen_marker_spec.spl	semantic: unknown static method new on class Codegen
test/01_unit/compiler/codegen/host_gpu_lane_codegen_marker_spec.spl	expected 
test/01_unit/compiler/codegen/i8_int_boxing_repro_spec.spl	expected  to contain I8_INT_BOXING PROBE: DONE
test/01_unit/compiler/codegen/i8_int_boxing_repro_spec.spl	expected  to contain PASS bool_false_unaffected
test/01_unit/compiler/codegen/int_width_boxing_matrix_class_spec.spl	expected  to contain INT_WIDTH_BOXING_MATRIX PROBE: DONE
test/01_unit/compiler/codegen/int_width_boxing_matrix_class_spec.spl	expected  to contain PASS bool_elem_false
test/01_unit/compiler/codegen/jit_unresolved_symbol_diagnosis_class_spec.spl	expected rc=0|OK
test/01_unit/compiler/codegen/match_bare_val_constant_spec.spl	expected 4 to equal 1
test/01_unit/compiler/codegen/match_bare_val_constant_spec.spl	expected 11 to equal -1
test/01_unit/compiler/codegen/match_bare_val_constant_spec.spl	expected 7 to equal 3
test/01_unit/compiler/codegen/native_aggregate_return_transport_class_spec.spl	expected BUILD-FAILED
test/01_unit/compiler/codegen/native_bool_argument_marshalling_class_spec.spl	expected BUILD-FAILED
test/01_unit/compiler/codegen/native_dict_get_miss_sentinel_class_spec.spl	expected BUILD-FAILED
test/01_unit/compiler/codegen/native_optional_payload_extraction_class_spec.spl	expected  to contain PASS boxed_ifval_sugar
test/01_unit/compiler/codegen/native_optional_payload_extraction_class_spec.spl	expected  to contain PASS nil_scalar_none_arm
test/01_unit/compiler/codegen/native_optional_payload_extraction_class_spec.spl	expected  to contain PASS match_scalar_i64
test/01_unit/compiler/codegen/native_optional_payload_extraction_class_spec.spl	expected  to contain PASS boxed_coalesce
test/01_unit/compiler/codegen/native_optional_payload_extraction_class_spec.spl	expected  to contain OPTIONAL_PAYLOAD PROBE: ALL PASS
test/01_unit/compiler/codegen/native_struct_return_by_value_field_read_spec.spl	expected BUILD-FAILED
test/01_unit/compiler/codegen/nontext_receiver_method_dispatch_class_spec.spl	expected BUILD-FAILED
test/01_unit/compiler/codegen/nontext_receiver_method_dispatch_class_spec.spl	expected BUILD-FAILED
test/01_unit/compiler/codegen/nontext_receiver_method_dispatch_class_spec.spl	expected BUILD-FAILED
test/01_unit/compiler/codegen/nontext_receiver_method_dispatch_class_spec.spl	expected BUILD-FAILED
test/01_unit/compiler/codegen/nontext_receiver_method_dispatch_class_spec.spl	expected BUILD-FAILED
test/01_unit/compiler/codegen/nontext_receiver_method_dispatch_class_spec.spl	expected BUILD-FAILED
test/01_unit/compiler/codegen/nontext_receiver_method_dispatch_class_spec.spl	expected BUILD-FAILED
test/01_unit/compiler/codegen/nontext_receiver_method_dispatch_class_spec.spl	expected BUILD-FAILED
test/01_unit/compiler/codegen/omitted_field_default_class_spec.spl	expected  to contain OMITTED_FIELD_DEFAULT PROBE: ALL PASS
test/01_unit/compiler/codegen/omitted_field_default_class_spec.spl	expected  to contain OMITTED_FIELD_DEFAULT PROBE: ALL PASS
test/01_unit/compiler/codegen/opencl_backend_contract_spec.spl	expected OpenClBackendCompileContract[source=opencl-c binary=spirv entry=simple_2d_fill_u32 ready=false status=missing-entry-symbol:simple_2d_bitmap_glyph_raster_u32] to contain ready=true
test/01_unit/compiler/codegen/opencl_backend_contract_spec.spl	expected __kernel void opencl_branch_kernel(bool flag) {
test/01_unit/compiler/codegen/opencl_backend_contract_spec.spl	semantic: called unwrap on Err: CompileError(phase: backend (opencl), message: OpenCL MIR lowering produced unsupported source; add explicit lowering before emitting this kernel, has_location: false, location: nil)
test/01_unit/compiler/codegen/option_presence_falsy_payload_class_spec.spl	expected  to contain PASS coalesce_empty_text = 
test/01_unit/compiler/codegen/option_presence_falsy_payload_class_spec.spl	expected  to contain PASS coalesce_zero_f64 = 0.0
test/01_unit/compiler/codegen/option_presence_falsy_payload_class_spec.spl	expected  to contain PASS parse_ok_zero = 0
test/01_unit/compiler/codegen/option_presence_falsy_payload_class_spec.spl	expected  to contain OPTION_PRESENCE_FALSY_PAYLOAD PROBE: ALL PASS
test/01_unit/compiler/codegen/option_presence_zero_payload_spec.spl	expected  to contain OPTION_PRESENCE_FALSY_PAYLOAD PROBE: ALL PASS
test/01_unit/compiler/codegen/option_presence_zero_payload_spec.spl	expected  to contain OPTION_PRESENCE_FALSY_PAYLOAD PROBE: ALL PASS
test/01_unit/compiler/codegen/option_presence_zero_payload_spec.spl	expected  to contain PASS coalesce_absent_i64 = 99
test/01_unit/compiler/codegen/option_returning_method_not_scalar_aliased_spec.spl	assert_equal failed: expected 0, got 1
test/01_unit/compiler/codegen/option_returning_method_not_scalar_aliased_spec.spl	assert_equal failed: expected 0, got 1
test/01_unit/compiler/codegen/optional_scalar_payload_roundtrip_spec.spl	expected  to contain coalesce=42
test/01_unit/compiler/codegen/packed_array_copy_roundtrip_spec.spl	expected  to contain 1234567890123456789
test/01_unit/compiler/codegen/packed_bitfield_field_read_jit_spec.spl	expected  to contain PACKED BITFIELD PROBE: ALL PASS
test/01_unit/compiler/codegen/packed_bitfield_field_read_jit_spec.spl	expected  to contain PASS status_zero_typed_ready
test/01_unit/compiler/codegen/packed_bitfield_field_read_tagging_spec.spl	expected  to contain PASS bitfield_byte1_is_9
test/01_unit/compiler/codegen/packed_bitfield_field_read_tagging_spec.spl	expected  to contain PACKED_BITFIELD_READ PROBE: ALL PASS
test/01_unit/compiler/codegen/parse_family_option_preserved_spec.spl	expected  to contain PARSE_FAMILY_OPTION PROBE: ALL PASS
test/01_unit/compiler/codegen/parse_family_option_preserved_spec.spl	expected  to contain PASS parse_int_zero_unwrap
test/01_unit/compiler/codegen/parse_family_option_preserved_spec.spl	expected  to contain PASS nil_unwrap_or_default
test/01_unit/compiler/codegen/parse_family_option_preserved_spec.spl	expected  to contain PASS parse_i64_none_is_some
test/01_unit/compiler/codegen/parse_family_option_preserved_spec.spl	expected  to contain PASS int_cast_ok
test/01_unit/compiler/codegen/parse_family_option_preserved_spec.spl	expected  to contain PARSE_FAMILY_OPTION PROBE:
test/01_unit/compiler/codegen/receiver_mutation_writeback_class_spec.spl	expected  to contain RECEIVER_WRITEBACK CLASS PROBE: ALL PASS
test/01_unit/compiler/codegen/receiver_mutation_writeback_class_spec.spl	expected  to contain RECEIVER_WRITEBACK CLASS PROBE: ALL PASS
test/01_unit/compiler/codegen/rt_nil_sentinel_collision_class_spec.spl	expected  to contain PASS present_3_get_coalesce
test/01_unit/compiler/codegen/rt_nil_sentinel_collision_class_spec.spl	expected  to contain PASS raw_coalesce_bool
test/01_unit/compiler/codegen/rt_nil_sentinel_collision_class_spec.spl	expected  to contain PASS empty_last_coalesce
test/01_unit/compiler/codegen/rt_nil_sentinel_collision_class_spec.spl	expected  to contain PASS sweep_present_24
test/01_unit/compiler/codegen/rt_nil_sentinel_collision_class_spec.spl	expected  to contain RT_NIL_SENTINEL PROBE: ALL PASS
test/01_unit/compiler/codegen/scalar_slot_roundtrip_class_spec.spl	expected  to contain PASS array_i64_elem
test/01_unit/compiler/codegen/scalar_slot_roundtrip_class_spec.spl	expected  to contain SCALAR_SLOT_ROUNDTRIP PROBE: ALL PASS
test/01_unit/compiler/codegen/sha1_rfc3174_jit_spec.spl	expected  to contain SHA1 RFC 3174 PROBE: ALL PASS
test/01_unit/compiler/codegen/sha1_rfc3174_jit_spec.spl	expected  to contain PASS list_len
test/01_unit/compiler/codegen/sha1_rfc3174_jit_spec.spl	expected  to contain SHA1 RFC 3174 PROBE: ALL PASS
test/01_unit/compiler/codegen/struct_field_width_roundtrip_spec.spl	expected  to contain 1.5
test/01_unit/compiler/codegen/struct_receiver_mutation_persist_spec.spl	expected  to contain RECEIVER_MUTATION PROBE: ALL PASS
test/01_unit/compiler/codegen/struct_receiver_mutation_persist_spec.spl	expected  to contain RECEIVER_MUTATION PROBE: ALL PASS
test/01_unit/compiler/codegen/subgroup_intrinsics_contract_spec.spl	semantic: nil is forbidden by the non-optional return contract of 'recognize_gpu_intrinsic'
test/01_unit/compiler/codegen/tag_escape_surfaces_detection_spec.spl	expected  to contain PASS residue7_is_15
test/01_unit/compiler/codegen/tag_escape_surfaces_detection_spec.spl	expected  to contain PASS array_elem2_is_300
test/01_unit/compiler/codegen/tag_escape_surfaces_detection_spec.spl	expected  to contain PASS compare_b_is_5
test/01_unit/compiler/codegen/tag_escape_surfaces_detection_spec.spl	expected  to contain PASS u64_bitfield_hi_is_17
test/01_unit/compiler/codegen/tag_escape_surfaces_detection_spec.spl	expected  to contain TAG_ESCAPE_SURFACES PROBE: ALL PASS
test/01_unit/compiler/codegen/tagged_value_into_raw_return_slot_class_spec.spl	expected nice: ‘bin/simple’: No such file or directory
test/01_unit/compiler/codegen/trait_typed_receiver_dispatch_class_spec.spl	expected  to contain PASS shape_e_array_element
test/01_unit/compiler/codegen/trait_typed_receiver_dispatch_class_spec.spl	expected  to contain PASS shape_c2_return_via_local
test/01_unit/compiler/codegen/trait_typed_receiver_dispatch_class_spec.spl	expected  to contain PASS shape_d_optional_field
test/01_unit/compiler/codegen/trait_typed_receiver_dispatch_class_spec.spl	expected  to contain TRAIT_RECEIVER PROBE:
test/01_unit/compiler/codegen/untyped_list_element_raw_return_slot_spec.spl	expected nice: ‘bin/simple’: No such file or directory
test/01_unit/compiler/codegen/user_method_named_append_arg_boxing_spec.spl	expected  to contain USER_METHOD_BUILTIN_NAME PROBE: ALL PASS
test/01_unit/compiler/codegen/user_method_named_append_arg_boxing_spec.spl	expected  to contain USER_METHOD_BUILTIN_NAME PROBE: ALL PASS
test/01_unit/compiler/codegen/vhdl_kernel_entity_contract_spec.spl	expected false to equal true
test/01_unit/compiler/codegen/wide_int_boundary_class_spec.spl	expected  to contain WIDE_INT_BOUNDARY PROBE: ALL PASS
test/01_unit/compiler/codegen/wide_int_boundary_class_spec.spl	expected  to contain PASS inline_neg_p59
test/01_unit/compiler/codegen/wide_int_boundary_class_spec.spl	expected  to contain WIDE_INT_BOUNDARY PROBE: ALL PASS
test/01_unit/compiler/codegen/wide_int_box_roundtrip_class_spec.spl	expected  to contain INTERP_FBITS=4613937818241073152
test/01_unit/compiler/codegen/wide_int_box_roundtrip_class_spec.spl	expected  to contain PASS list_param_max
test/01_unit/compiler/codegen/wide_int_box_roundtrip_class_spec.spl	expected  to contain WIDE_INT_BOX_PROBE: END
test/01_unit/compiler/common/impl_to_free_fn_zero_definition_census_spec.spl	expected false to equal true
test/01_unit/compiler/compound_assign_place_spec.spl	semantic: invalid assignment: deeply nested augmented field access requires intermediate variables
test/01_unit/compiler/compound_assign_place_spec.spl	semantic: invalid assignment: deeply nested augmented field access requires intermediate variables
test/01_unit/compiler/concurrent/concurrent_backend_store_parity_class_spec.spl	expected SWEEP-FAILED
test/01_unit/compiler/concurrent/lock_value_fidelity_pure_std_spec.spl	expected FIXTURE-FAILED
test/01_unit/compiler/concurrent/spawn_join_backend_store_spec.spl	expected FIXTURE-FAILED
test/01_unit/compiler_core/ast_spec.spl	expected 1 to equal 2
test/01_unit/compiler_core/ast_spec.spl	expected -1 to equal 1
test/01_unit/compiler_core/ast_spec.spl	semantic: function expects argument for parameter 'type_params', but none was provided
test/01_unit/compiler_core/exhaustiveness_spec.spl	expected false to equal true
test/01_unit/compiler_core/lang_basics_spec.spl	expected false to equal true
test/01_unit/compiler_core/lang_basics_spec.spl	expected false to equal true
test/01_unit/compiler_core/lang_basics_spec.spl	expected false to equal true
test/01_unit/compiler_core/lexer_intensive_spec.spl	expected false to equal true
test/01_unit/compiler_core/parser/pipe_operator_spec.spl	expected <lambda> to equal 15
test/01_unit/compiler_core/parser_spec.spl	expected 7 to equal 6
test/01_unit/compiler_core/parser_spec.spl	expected -1 to equal 7
test/01_unit/compiler_core/parser_spec.spl	expected 300 to equal 14
test/01_unit/compiler_core/parser_spec.spl	expected 301 to equal 14
test/01_unit/compiler_core/receive_spec.spl	expected false to equal true
test/01_unit/compiler_core/receive_spec.spl	expected false to equal true
test/01_unit/compiler_core/types_spec.spl	expected # @no_alloc
test/01_unit/compiler_core/types_spec.spl	expected # @no_alloc
test/01_unit/compiler/coverage_compound_conditions_spec.spl	expected # Core Interpreter — Tree-Walking Evaluator
test/01_unit/compiler/coverage_compound_conditions_spec.spl	expected # Core Interpreter — Tree-Walking Evaluator
test/01_unit/compiler/coverage_compound_conditions_spec.spl	expected # Core Interpreter — Statement/Declaration/Module Evaluation
test/01_unit/compiler/deep/borrow_check_move_1_spec.spl	assert_false failed: got true
test/01_unit/compiler/deep/borrow_check_move_2_spec.spl	assert_true failed: got false
test/01_unit/compiler/di/di_runtime_spec.spl	expected Option::Some(a_uses_Option::Some(b_uses_Option::Some(leaf_value))) to equal a_uses_b_uses_leaf_value
test/01_unit/compiler/dict_get_miss_returns_nil_spec.spl	expected dict get-miss / len probe
test/01_unit/compiler/driver/backend_result_payload_identity_spec.spl	expected {SdnSpan: <constructor:SdnSpan>, SdnSpan__at: <fn:SdnSpan__at>, SdnSpan__empty: <fn:SdnSpan__empty>, SdnValue: <enum:SdnValue>, SdnValue__Array: <constructor:SdnValue__Array>, SdnValue__Bool: <constructor:SdnValue__Bool>, SdnValue__Dict: <constructor:SdnValue__Dict>, SdnValue__Float: <constructor:SdnValue__Float>, SdnValue__Int: <constructor:SdnValue__Int>, SdnValue__Null: SdnValue::Null, SdnValue__String: <constructor:SdnValue__String>, SdnValue__Table: <constructor:SdnValue__Table>, SdnValue__array: <fn:SdnValue__array>, SdnValue__bool: <fn:SdnValue__bool>, SdnValue__empty_array: <fn:SdnValue__empty_array>, SdnValue__empty_dict: <fn:SdnValue__empty_dict>, SdnValue__float: <fn:SdnValue__float>, SdnValue__int: <fn:SdnValue__int>, SdnValue__null: <fn:SdnValue__null>, SdnValue__static: SdnValue::static, SdnValue__string: <fn:SdnValue__string>, _sdn_dict_put: <fn:_sdn_dict_put>, _sdn_index: <fn:_sdn_index>, _sdn_needs_quotes: <fn:_sdn_needs_quotes>, sdn_value_is_null: <fn:sdn_value_is_null>, sdn_value_to_text: <fn:sdn_value_to_text>} to equal 9
test/01_unit/compiler/driver/bootstrap_context_mir_source_spec.spl	expected # Driver — AOT Output Methods
test/01_unit/compiler/driver/bootstrap_context_mir_source_spec.spl	expected use compiler.driver.driver_compiler_type.{CompilerDriver}
test/01_unit/compiler/driver/bootstrap_context_mir_source_spec.spl	expected # Driver — AOT Output Methods
test/01_unit/compiler/driver/bootstrap_context_mir_source_spec.spl	expected # HIR item lowering - module, import, and bootstrap-flat lowering.
test/01_unit/compiler/driver/bootstrap_context_mir_source_spec.spl	expected  to contain bootstrap_hir_modules_add(module.name, flat_symbols, flat_functions, flat_constants
test/01_unit/compiler/driver/bootstrap_context_mir_source_spec.spl	expected # Part of src/compiler/50.mir/mir_lowering.spl: bootstrap HIR-globals-to-MIR-module lowering helpers
test/01_unit/compiler/driver/bootstrap_context_mir_source_spec.spl	expected true to equal false
test/01_unit/compiler/driver/bootstrap_context_mir_source_spec.spl	expected # Part 1 of src/compiler/70.backend/backend/mir_to_llvm.spl
test/01_unit/compiler/driver/bootstrap_context_mir_source_spec.spl	expected # Part 1 of src/compiler/70.backend/backend/mir_to_llvm.spl
test/01_unit/compiler/driver/bootstrap_context_mir_source_spec.spl	expected # Part 1 of src/compiler/70.backend/backend/mir_to_llvm.spl
test/01_unit/compiler/driver/bootstrap_context_mir_source_spec.spl	expected # Part 2 of src/compiler/70.backend/backend/mir_to_llvm.spl
test/01_unit/compiler/driver/bootstrap_context_mir_source_spec.spl	expected use compiler.mir.mir_instructions.{MirBlock, MirInst, MirInstKind, MirOperand, MirOperandKind, MirTerminator}
test/01_unit/compiler/driver/bootstrap_flat_nonentry_globals_source_spec.spl	expected # HIR item lowering - trait, impl, assoc-type, const, and AOP/DI/arch/mock lowering.
test/01_unit/compiler/driver/bootstrap_flat_nonentry_globals_source_spec.spl	expected # Part of src/compiler/50.mir/mir_lowering.spl: bootstrap HIR-globals-to-MIR-module lowering helpers
test/01_unit/compiler/driver/bootstrap_indexed_global_dispatch_spec.spl	expected # Part 1 of src/compiler/70.backend/backend/mir_to_llvm.spl
test/01_unit/compiler/driver/bootstrap_mir_to_llvm_owner_mutation_source_spec.spl	expected # Part 1 of src/compiler/70.backend/backend/mir_to_llvm.spl
test/01_unit/compiler/driver/bootstrap_mir_to_llvm_owner_mutation_source_spec.spl	expected # Driver — Bootstrap Compilation Functions
test/01_unit/compiler/driver/bootstrap_mir_to_llvm_owner_mutation_source_spec.spl	expected # Part of src/compiler/50.mir/mir_lowering.spl: bootstrap HIR-globals-to-MIR-module lowering helpers
test/01_unit/compiler/driver/bootstrap_mir_to_llvm_owner_mutation_source_spec.spl	expected # Part 1 of src/compiler/70.backend/backend/mir_to_llvm.spl
test/01_unit/compiler/driver/bootstrap_mir_to_llvm_owner_mutation_source_spec.spl	expected # Part 1 of src/compiler/70.backend/backend/mir_to_llvm.spl
test/01_unit/compiler/driver/bootstrap_mir_to_llvm_owner_mutation_source_spec.spl	expected # Part 1 of src/compiler/70.backend/backend/mir_to_llvm.spl
test/01_unit/compiler/driver/bootstrap_mir_to_llvm_owner_mutation_source_spec.spl	expected # Part 1 of src/compiler/70.backend/backend/mir_to_llvm.spl
test/01_unit/compiler/driver/bootstrap_post_entry_lowering_source_spec.spl	expected # HIR item lowering - function, class, struct, enum, and field lowering.
test/01_unit/compiler/driver/bootstrap_post_entry_lowering_source_spec.spl	expected # HIR item lowering - module, import, and bootstrap-flat lowering.
test/01_unit/compiler/driver/build_supervisor_poisoned_fixture_spec.spl	expected 3 to equal 1
test/01_unit/compiler/driver/build_supervisor_poisoned_fixture_spec.spl	semantic: array index out of bounds: index is 0 but length is 0
test/01_unit/compiler/driver/build_supervisor_poisoned_fixture_spec.spl	expected 5 to equal 3
test/01_unit/compiler/driver/build_supervisor_poisoned_fixture_spec.spl	assert_true failed: got false
test/01_unit/compiler/driver/check_mode_short_circuit_spec.spl	expected -1 to be greater than -1
test/01_unit/compiler/driver/cli_args_mutability_spec.spl	expected # Compatibility facade for lightweight public driver types.
test/01_unit/compiler/driver/driver_memory_lifecycle_family_spec.spl	expected true to equal false
test/01_unit/compiler/driver/flat_optional_fixed_tag_guard_spec.spl	expected # Flat AST Bridge: flat expr/stmt/type/decl conversion helpers.
test/01_unit/compiler/driver/focused_aot_lazy_interpreter_contract_spec.spl	expected # Driver Types - heavyweight driver-only types and context wiring.
test/01_unit/compiler/driver/genuine_import_ownership_spec.spl	expected # CLI commands — web/compile/replay/check handler dispatch
test/01_unit/compiler/driver/hir_diagnostic_owner_reset_source_spec.spl	expected use compiler.hir.hir_types.*
test/01_unit/compiler/driver/hir_progress_cadence_contract_spec.spl	expected use compiler.driver.driver_compiler_type.{CompilerDriver}
test/01_unit/compiler/driver/low_memory_source_fingerprint_spec.spl	expected 0 to equal 1
test/01_unit/compiler/driver/low_memory_source_fingerprint_spec.spl	expected 0 to equal 2
test/01_unit/compiler/driver/low_memory_source_fingerprint_spec.spl	expected false to equal true
test/01_unit/compiler/driver/main_opt_level_cli_spec.spl	semantic: nil is forbidden by the non-optional return contract of 'compiler_bin'
test/01_unit/compiler/driver/main_opt_level_cli_spec.spl	semantic: nil is forbidden by the non-optional return contract of 'compiler_bin'
test/01_unit/compiler/driver/main_opt_level_cli_spec.spl	semantic: nil is forbidden by the non-optional return contract of 'compiler_bin'
test/01_unit/compiler/driver/main_opt_level_cli_spec.spl	semantic: nil is forbidden by the non-optional return contract of 'compiler_bin'
test/01_unit/compiler/driver/mir_local_isolation_scalar_source_spec.spl	expected # MIR Lowering - Type Definitions
test/01_unit/compiler/driver/mir_method_enum_receiver_nil_guard_spec.spl	expected # Part of src/compiler/50.mir/mir_lowering_expr.spl: method calls, writeback, gpu intrinsics, array/tuple/set/const literals
test/01_unit/compiler/driver/native_build_cache_plumbing_spec.spl	expected # Driver - Compiler Driver Implementation
test/01_unit/compiler/driver/native_build_cache_plumbing_spec.spl	semantic: function `Module` not found
test/01_unit/compiler/driver/native_build_cache_plumbing_spec.spl	expected # Driver — AOT Output Methods
test/01_unit/compiler/driver/native_build_cache_plumbing_spec.spl	expected  to contain val hash_value: SdnValue
test/01_unit/compiler/driver/native_build_cache_plumbing_spec.spl	expected false to equal true
test/01_unit/compiler/driver/native_build_cache_plumbing_spec.spl	expected # CLI compile — target backends (simpleos/c/cuda/opencl/vhdl/native)
test/01_unit/compiler/driver/native_build_cache_plumbing_spec.spl	expected # CLI compile — target backends (simpleos/c/cuda/opencl/vhdl/native)
test/01_unit/compiler/driver/native_build_cache_plumbing_spec.spl	expected  to contain if all_done and not self.ready_queue.contains(dep_id):
test/01_unit/compiler/driver/native_build_cache_plumbing_spec.spl	expected # MIR Lowering - Statement and Control Flow Lowering
test/01_unit/compiler/driver/native_build_jit_ambiguity_source_spec.spl	expected true to equal false
test/01_unit/compiler/driver/native_build_jit_ambiguity_source_spec.spl	expected # CompilerDriver phase-2 source parsing.
test/01_unit/compiler/driver/native_build_success_implies_functions_spec.spl	expected true to equal false
test/01_unit/compiler/driver/native_cache_mir_fingerprint_prerequisite_spec.spl	expected # Driver — AOT Output Methods
test/01_unit/compiler/driver/native_capsule_result_receipt_spec.spl	semantic: function expects 4 argument(s), but more were provided
test/01_unit/compiler/driver/native_entry_closure_gate_source_spec.spl	expected -1 to be greater than -1
test/01_unit/compiler/driver/parse_collect_all_errors_spec.spl	expected 0 to equal 3
test/01_unit/compiler/driver/parse_shard_execution_mode_spec.spl	expected true, got false
test/01_unit/compiler/driver/phase2_verdict_from_scalar_field_spec.spl	expected false to equal true
test/01_unit/compiler/driver/riscv_gen2_strict_source_route_spec.spl	expected VHDL design catalog error: VHDL design catalog found no @hardware entry in selected root module(s) to contain HWIR-E-CRITICAL-CONFIG
test/01_unit/compiler/driver/riscv_gen2_strict_source_route_spec.spl	expected VHDL design catalog error: VHDL design catalog found no @hardware entry in selected root module(s) to contain HWIR-E-CORE-CONFIG
test/01_unit/compiler/driver/riscv_gen2_strict_source_route_spec.spl	expected VHDL design catalog error: VHDL design catalog found no @hardware entry in selected root module(s) to contain HWIR-E-MIR-INSTRUCTION
test/01_unit/compiler/driver/smf_cache_loading_spec.spl	expected nil to equal false
test/01_unit/compiler/driver/stage3_bootstrap_flat_warning_spec.spl	expected use compiler.driver.driver_compiler_type.{CompilerDriver}
test/01_unit/compiler/driver/stage3_hir_lowerer_reuse_contract_spec.spl	expected true to equal false
test/01_unit/compiler/driver/stage3_hir_lowerer_reuse_contract_spec.spl	expected use compiler.hir.hir_types.*
test/01_unit/compiler/driver/streaming_module_surface_lifecycle_spec.spl	semantic: called unwrap() on None/nil value
test/01_unit/compiler/driver/streaming_module_surface_lifecycle_spec.spl	semantic: undefined field 'functions': cannot access field on value of type 'nil'
test/01_unit/compiler/driver/streaming_module_surface_lifecycle_spec.spl	expected Streaming module surfaces missing after phase 2 to contain fingerprint mismatch
test/01_unit/compiler/extern/rt_file_read_bytes_single_extern_signature_spec.spl	expected 3 to equal 1
test/01_unit/compiler/frontend/bootstrap_decl_count_slot_spec.spl	expected # Module/lexer arena state slots, module decl registry, ast_reset, and node getters/yield helpers.
test/01_unit/compiler/frontend/bootstrap_decl_count_slot_spec.spl	expected -1 to equal 1
test/01_unit/compiler/frontend/bootstrap_expr_stmt_arena_spec.spl	expected false to equal true
test/01_unit/compiler/frontend/bootstrap_expr_stmt_arena_spec.spl	expected  to equal maybe
test/01_unit/compiler/frontend/bootstrap_expr_stmt_arena_spec.spl	expected Some to equal value
test/01_unit/compiler/frontend/bootstrap_expr_stmt_arena_spec.spl	expected 33 to equal 35
test/01_unit/compiler/frontend/desugar_dict_keys_source_spec.spl	semantic: variable `rt_dict_keys` not found
test/01_unit/compiler/frontend/flat_ast_address_of_spec.spl	semantic: method `lower_module` not found on type `HirLowering`
test/01_unit/compiler/frontend/flat_ast_inline_asm_bridge_spec.spl	semantic: variable `dst` not found
test/01_unit/compiler/frontend/flat_ast_inline_asm_bridge_spec.spl	semantic: variable `rax` not found
test/01_unit/compiler/frontend/frontend_collection_desugar_start_spec.spl	expected # Compiler Frontend Runner
test/01_unit/compiler/frontend/host_gpu_lane_structural_bridge_spec.spl	expected 0 to equal 112
test/01_unit/compiler/frontend/interp_fragment_sticky_error_spec.spl	semantic: called unwrap() on None/nil value
test/01_unit/compiler/frontend/interp_fragment_sticky_error_spec.spl	expected false to equal true
test/01_unit/compiler/frontend/module_loader_runtime_capsule_spec.spl	expected # Core Interpreter — Module Path Resolution
test/01_unit/compiler/frontend/name_resolved_argument_order_independence_class_spec.spl	expected 0 to equal 3
test/01_unit/compiler/frontend/name_resolved_argument_order_independence_class_spec.spl	expected 0 to equal 2
test/01_unit/compiler/frontend/name_resolved_argument_order_independence_class_spec.spl	expected nil to equal five
test/01_unit/compiler/frontend/name_resolved_argument_order_independence_class_spec.spl	semantic: undefined field 'v': cannot access field on value of type 'nil'
test/01_unit/compiler/frontend/name_resolved_argument_order_independence_class_spec.spl	expected 0 to equal 3
test/01_unit/compiler/frontend/struct_shorthand_after_named_arg_spec.spl	expected 0 to equal 20
test/01_unit/compiler/frontend/struct_shorthand_after_named_arg_spec.spl	expected 0 to equal 30
test/01_unit/compiler/hir/alias_static_call_resolution_spec.spl	assert_true failed: got false
test/01_unit/compiler/hir/alias_static_call_resolution_spec.spl	assert_true failed: got false
test/01_unit/compiler/hir/bootstrap_block_value_has_source_spec.spl	expected # HIR expression lowering umbrella.
test/01_unit/compiler/hir/bootstrap_expr_args_source_spec.spl	expected # HIR expression lowering umbrella.
test/01_unit/compiler/hir/class_method_bodies_reachable_spec.spl	expected 1 to equal 0
test/01_unit/compiler/hir/class_method_bodies_reachable_spec.spl	expected 1 to equal 0
test/01_unit/compiler/hir/enum_payload_range_or_frontend_exec_spec.spl	expected 1 to equal 0
test/01_unit/compiler/hir/enum_payload_range_or_frontend_exec_spec.spl	expected 1 to equal 0
test/01_unit/compiler/hir/enum_shortname_collision_two_owners_spec.spl	expected 1 to equal 0
test/01_unit/compiler/hir/enum_shortname_collision_two_owners_spec.spl	expected true, got false
test/01_unit/compiler/hir/field_index_erased_receiver_spec.spl	expected BUILD-FAILED to contain FWD111317
test/01_unit/compiler/hir/field_index_guess_class_spec.spl	expected BUILD-FAILED to contain OUTER737983
test/01_unit/compiler/hir/fixed_width_array_type_spec.spl	expected 1 to equal 0
test/01_unit/compiler/hir/float_primitive_cast_spec.spl	expected 1 to equal 0
test/01_unit/compiler/hir/float_primitive_cast_spec.spl	expected 1 to equal 0
test/01_unit/compiler/hir/generic_impl_head_params_gate_spec.spl	expected false to equal true
test/01_unit/compiler/hir/generic_impl_head_params_gate_spec.spl	expected false to equal true
test/01_unit/compiler/hir/generic_template_marking_spec.spl	expected 0 to be greater than 0
test/01_unit/compiler/hir/generic_template_marking_spec.spl	expected 0 to be greater than 0
test/01_unit/compiler/hir/hir_block_tail_invariants_source_spec.spl	expected # HIR expression lowering umbrella.
test/01_unit/compiler/hir/hir_block_tail_invariants_source_spec.spl	expected # HIR item lowering - module, import, and bootstrap-flat lowering.
test/01_unit/compiler/hir/hir_block_tail_invariants_source_spec.spl	expected # HIR item lowering - module, import, and bootstrap-flat lowering.
test/01_unit/compiler/hir/hir_block_tail_invariants_source_spec.spl	expected # Part of src/compiler/50.mir/mir_lowering_expr.spl: expression dispatch, match-case, gpu lane, bitfield helpers
test/01_unit/compiler/hir/hir_bootstrap_source_regression_spec.spl	expected use compiler.hir.hir_types.*
test/01_unit/compiler/hir/hir_bootstrap_source_regression_spec.spl	semantic: variable `name` not found
test/01_unit/compiler/hir/hir_bootstrap_source_regression_spec.spl	expected -1 to be greater than -1
test/01_unit/compiler/hir/hir_bootstrap_source_regression_spec.spl	expected true to equal false
test/01_unit/compiler/hir/hir_bootstrap_source_regression_spec.spl	expected # HIR expression lowering umbrella.
test/01_unit/compiler/hir/hir_bootstrap_source_regression_spec.spl	expected # HIR Lowering - Statement Lowering
test/01_unit/compiler/hir/hir_import_registration_scalar_profile_source_spec.spl	semantic: variable `module_name` not found
test/01_unit/compiler/hir/hir_lazy_import_registration_flag_regression_spec.spl	expected -1 to be greater than -1
test/01_unit/compiler/hir/hir_lowering_construct_gaps_spec.spl	expected true to equal false
test/01_unit/compiler/hir/hir_lowering_construct_gaps_spec.spl	expected true to equal false
test/01_unit/compiler/hir/hir_lowering_construct_gaps_spec.spl	expected true to equal false
test/01_unit/compiler/hir/hir_lowering_construct_gaps_spec.spl	expected true to equal false
test/01_unit/compiler/hir/hir_lowering_construct_gaps_spec.spl	expected true to equal false
test/01_unit/compiler/hir/hir_lowering_construct_gaps_spec.spl	expected true to equal false
test/01_unit/compiler/hir/hir_stmt_dispatch_source_spec.spl	expected true to equal false
test/01_unit/compiler/hir/hir_stmt_dispatch_source_spec.spl	expected # HIR item lowering - function, class, struct, enum, and field lowering.
test/01_unit/compiler/hir/hir_stmt_dispatch_source_spec.spl	expected true to equal false
test/01_unit/compiler/hir/hir_stmt_dispatch_source_spec.spl	expected # HIR item lowering - module, import, and bootstrap-flat lowering.
test/01_unit/compiler/hir/host_gpu_lane_hir_lowering_spec.spl	expected 0 to equal 112
test/01_unit/compiler/hir/if_val_expression_binding_spec.spl	semantic: variable `v` not found
test/01_unit/compiler/hir/if_val_expression_binding_spec.spl	semantic: variable `v` not found
test/01_unit/compiler/hir/if_val_expression_binding_spec.spl	semantic: variable `interp_list` not found
test/01_unit/compiler/hir/impl_lowering_self_symbol_id_spec.spl	expected # HIR item lowering - module, import, and bootstrap-flat lowering.
test/01_unit/compiler/hir/impl_lowering_self_symbol_id_spec.spl	expected # HIR item lowering - module, import, and bootstrap-flat lowering.
test/01_unit/compiler/hir/impl_self_symbol_id_scope_spec.spl	expected # HIR item lowering - module, import, and bootstrap-flat lowering.
test/01_unit/compiler/hir/impl_self_symbol_id_scope_spec.spl	expected # HIR item lowering - module, import, and bootstrap-flat lowering.
test/01_unit/compiler/hir/impl_self_symbol_id_scope_spec.spl	expected # HIR item lowering - module, import, and bootstrap-flat lowering.
test/01_unit/compiler/hir/implicit_self_field_hir_probe_spec.spl	expected 2 to equal 1
test/01_unit/compiler/hir/implicit_self_field_hir_probe_spec.spl	expected 1 to equal 0
test/01_unit/compiler/hir/implicit_self_field_hir_probe_spec.spl	expected 3 to equal 2
test/01_unit/compiler/hir/imported_callable_materialization_cardinality_spec.spl	semantic: method `lower_module` not found on type `HirLowering`
test/01_unit/compiler/hir/imported_composite_field_package_sibling_spec.spl	expected 5 to equal 0
test/01_unit/compiler/hir/imported_surface_callable_projection_spec.spl	expected # HIR item lowering - module, import, and bootstrap-flat lowering.
test/01_unit/compiler/hir/imported_surface_callable_projection_spec.spl	expected # HIR item lowering - module, import, and bootstrap-flat lowering.
test/01_unit/compiler/hir/imported_tuple_signature_dependency_spec.spl	expected 1 to equal 0
test/01_unit/compiler/hir/imported_tuple_signature_dependency_spec.spl	expected 1 to equal 0
test/01_unit/compiler/hir/legacy_builtin_alias_source_spec.spl	expected # HIR expression lowering umbrella.
test/01_unit/compiler/hir/match_arm_underscore_subpattern_spec.spl	expected 1 to equal 0
test/01_unit/compiler/hir/match_arm_underscore_subpattern_spec.spl	expected 1 to equal 0
test/01_unit/compiler/hir/match_arm_underscore_subpattern_spec.spl	expected 1 to equal 0
test/01_unit/compiler/hir/match_arm_underscore_subpattern_spec.spl	expected 1 to equal 0
test/01_unit/compiler/hir/match_arm_underscore_subpattern_spec.spl	expected 1 to equal 0
test/01_unit/compiler/hir/me_field_resolution_spec.spl	expected 1 to equal 0
test/01_unit/compiler/hir/me_field_resolution_spec.spl	expected 1 to equal 0
test/01_unit/compiler/hir/me_field_resolution_spec.spl	expected 1 to equal 0
test/01_unit/compiler/hir/member_visibility_enforcement_spec.spl	expected false to equal true
test/01_unit/compiler/hir/member_visibility_enforcement_spec.spl	expected false to equal true
test/01_unit/compiler/hir/member_visibility_enforcement_spec.spl	expected false to equal true
test/01_unit/compiler/hir/member_visibility_enforcement_spec.spl	expected false to equal true
test/01_unit/compiler/hir/member_visibility_enforcement_spec.spl	expected false to equal true
test/01_unit/compiler/hir/member_visibility_enforcement_spec.spl	expected false to equal true
test/01_unit/compiler/hir/member_visibility_enforcement_spec.spl	expected false to equal true
test/01_unit/compiler/hir/member_visibility_enforcement_spec.spl	expected false to equal true
test/01_unit/compiler/hir/member_visibility_enforcement_spec.spl	expected false to equal true
test/01_unit/compiler/hir/member_visibility_enforcement_spec.spl	expected false to equal true
test/01_unit/compiler/hir/method_self_context_save_restore_spec.spl	expected # HIR item lowering - function, class, struct, enum, and field lowering.
test/01_unit/compiler/hir/method_self_context_save_restore_spec.spl	expected # HIR item lowering - module, import, and bootstrap-flat lowering.
test/01_unit/compiler/hir/module_lowering_dict_keys_source_spec.spl	expected true to equal false
test/01_unit/compiler/hir/module_namespace_retained_surface_spec.spl	expected false to equal true
test/01_unit/compiler/hir/module_namespace_retained_surface_spec.spl	expected false to equal true
test/01_unit/compiler/hir/module_namespace_retained_surface_spec.spl	expected false to equal true
test/01_unit/compiler/hir/module_namespace_retained_surface_spec.spl	expected 1 to equal 0
test/01_unit/compiler/hir/module_namespace_retained_surface_spec.spl	expected false to equal true
test/01_unit/compiler/hir/module_surface_declaration_authority_spec.spl	semantic: unknown static method new on class TreeSitter
test/01_unit/compiler/hir/module_surface_declaration_authority_spec.spl	expected Visibility::Private to equal Visibility::Package
test/01_unit/compiler/hir/module_surface_declaration_authority_spec.spl	expected Visibility::Private to equal Visibility::Up
test/01_unit/compiler/hir/module_surface_declaration_authority_spec.spl	expected Visibility::Public to equal Visibility::Up
test/01_unit/compiler/hir/module_surface_glob_export_origin_spec.spl	semantic: undefined field 'owner_module': cannot access field on value of type 'nil'
test/01_unit/compiler/hir/module_surface_glob_export_origin_spec.spl	semantic: undefined field 'owner_module': cannot access field on value of type 'nil'
test/01_unit/compiler/hir/module_surface_glob_export_origin_spec.spl	semantic: variable `missing_value` not found
test/01_unit/compiler/hir/module_surface_index_allocation_guard_spec.spl	expected # Compatibility facade for the external module-surface API.
test/01_unit/compiler/hir/module_surface_index_allocation_guard_spec.spl	expected # HIR item lowering - module, import, and bootstrap-flat lowering.
test/01_unit/compiler/hir/nil_dict_receiver_phantom_option_spec.spl	semantic: method `get` not found on type `nil` (receiver value: nil)
test/01_unit/compiler/hir/nil_dict_receiver_phantom_option_spec.spl	semantic: method `len` not found on type `nil` (receiver value: nil)
test/01_unit/compiler/hir/payload_binding_contest_names_agree_source_spec.spl	expected # HIR item lowering - module, import, and bootstrap-flat lowering.
test/01_unit/compiler/hir/payload_binding_contest_names_agree_source_spec.spl	expected # HIR item lowering - module, import, and bootstrap-flat lowering.
test/01_unit/compiler/hir/payload_binding_contest_names_agree_source_spec.spl	expected # HIR item lowering - module, import, and bootstrap-flat lowering.
test/01_unit/compiler/hir/payload_binding_contest_names_agree_source_spec.spl	expected # HIR item lowering - module, import, and bootstrap-flat lowering.
test/01_unit/compiler/hir/qualified_import_call_spec.spl	assert_true failed: got false
test/01_unit/compiler/hir/qualified_import_call_spec.spl	assert_true failed: got false
test/01_unit/compiler/hir/qualified_import_call_spec.spl	expected 1 to equal 0
test/01_unit/compiler/hir/reexport_physical_cache_spec.spl	semantic: called unwrap on Err: pre-freeze import item projections are misaligned: 0
test/01_unit/compiler/hir/resolve_import_module_value_spec.spl	expected  to equal provider
test/01_unit/compiler/hir/resolve_import_symbols_spec.spl	expected false to be truthy
test/01_unit/compiler/hir/resolve_import_symbols_spec.spl	semantic: undefined field 'owner_module': cannot access field on value of type 'nil'
test/01_unit/compiler/hir/resolve_import_symbols_spec.spl	semantic: undefined field 'owner_module': cannot access field on value of type 'nil'
test/01_unit/compiler/hir/resolve_import_symbols_spec.spl	semantic: undefined field 'owner_module': cannot access field on value of type 'nil'
test/01_unit/compiler/hir/resolve_import_symbols_spec.spl	semantic: undefined field 'owner_module': cannot access field on value of type 'nil'
test/01_unit/compiler/hir/resolve_import_symbols_spec.spl	semantic: undefined field 'owner_module': cannot access field on value of type 'nil'
test/01_unit/compiler/hir/rv32_decode_helper_hir_lowering_spec.spl	expected false to equal true
test/01_unit/compiler/hir/same_named_package_facade_reexport_spec.spl	expected false to be truthy
test/01_unit/compiler/hir/same_named_package_facade_reexport_spec.spl	expected false to be truthy
test/01_unit/compiler/hir/same_named_package_facade_reexport_spec.spl	semantic: undefined field 'owner_module': cannot access field on value of type 'nil'
test/01_unit/compiler/hir/same_named_package_facade_reexport_spec.spl	semantic: undefined field 'owner_module': cannot access field on value of type 'nil'
test/01_unit/compiler/hir/same_named_package_facade_reexport_spec.spl	semantic: called unwrap on Err: parsed module has no source surface: graph.cycle.consumer
test/01_unit/compiler/hir/seed_parity_container_and_self_types_spec.spl	expected 1 to equal 0
test/01_unit/compiler/hir/seed_parity_container_and_self_types_spec.spl	expected 1 to equal 0
test/01_unit/compiler/hir/seed_parity_container_and_self_types_spec.spl	expected 1 to equal 0
test/01_unit/compiler/hir/seed_parity_container_and_self_types_spec.spl	expected 1 to equal 0
test/01_unit/compiler/hir/seed_parity_container_and_self_types_spec.spl	expected 1 to equal 0
test/01_unit/compiler/hir/seed_parity_container_and_self_types_spec.spl	expected 1 to equal 0
test/01_unit/compiler/hir/seed_parity_scalar_type_names_spec.spl	expected 1 to equal 0
test/01_unit/compiler/hir/seed_parity_scalar_type_names_spec.spl	expected 1 to equal 0
test/01_unit/compiler/hir/seed_parity_scalar_type_names_spec.spl	expected 1 to equal 0
test/01_unit/compiler/hir/seed_parity_scalar_type_names_spec.spl	expected 1 to equal 0
test/01_unit/compiler/hir/seed_parity_scalar_type_names_spec.spl	expected 1 to equal 0
test/01_unit/compiler/hir/seed_parity_scalar_type_names_spec.spl	expected 1 to equal 0
test/01_unit/compiler/hir/seed_parity_scalar_type_names_spec.spl	expected 1 to equal 0
test/01_unit/compiler/hir/seed_parity_scalar_type_names_spec.spl	expected 1 to equal 0
test/01_unit/compiler/hir/seed_parity_scalar_type_names_spec.spl	expected 1 to equal 0
test/01_unit/compiler/hir/seed_parity_scalar_type_names_spec.spl	expected 1 to equal 0
test/01_unit/compiler/hir/seed_parity_scalar_type_names_spec.spl	expected 1 to equal 0
test/01_unit/compiler/hir/self_context_pair_consistency_spec.spl	expected src/compiler/20.hir/hir_lowering/_Items/declaration_lowering.spl publishes a self type but never a self owner symbol id to equal 
test/01_unit/compiler/hir/self_context_pair_consistency_spec.spl	expected # HIR expression lowering umbrella.
test/01_unit/compiler/hir/stage4_hir_value_name_dispatch_spec.spl	expected 1 to equal 0
test/01_unit/compiler/hir/stage4_hir_value_name_dispatch_spec.spl	expected false to equal true
test/01_unit/compiler/hir/stage4_hir_value_name_dispatch_spec.spl	expected # HIR item lowering - module, import, and bootstrap-flat lowering.
test/01_unit/compiler/hir/symbol_table_dict_get_source_spec.spl	expected # HIR Types - Core Types and Symbol Table
test/01_unit/compiler/hir/symbol_table_dict_get_source_spec.spl	expected # HIR Types - Core Types and Symbol Table
test/01_unit/compiler/hir/symbol_table_dict_get_source_spec.spl	expected # HIR expression lowering umbrella.
test/01_unit/compiler/hir/unannotated_module_const_type_spec.spl	semantic: method `lower_module` not found on type `HirLowering`
test/01_unit/compiler/hir/vulkan_gpu_attr_hir_spec.spl	expected 1 to equal 0
test/01_unit/compiler/hir/vulkan_gpu_attr_hir_spec.spl	expected 1 to equal 0
test/01_unit/compiler/hir/vulkan_gpu_attr_hir_spec.spl	expected 1 to equal 0
test/01_unit/compiler/interp/mir_interpreter_hot_path_spec.spl	expected true to equal false
test/01_unit/compiler/interpreter/aliased_param_writeback_spec.spl	expected  to contain ALIASED_PARAM_WRITEBACK PROBE: ALL PASS
test/01_unit/compiler/interpreter/aliased_param_writeback_spec.spl	expected  to contain PASS aliased_array_neither_mut
test/01_unit/compiler/interpreter/aliased_param_writeback_spec.spl	expected  to contain ALIASED_PARAM_WRITEBACK PROBE: ALL PASS
test/01_unit/compiler/interpreter/aliased_param_writeback_spec.spl	expected  to contain OBSERVE aliased_array_both_mut=3
test/01_unit/compiler/interpreter/cast_numeric_parity_spec.spl	semantic: invalid operation: cannot index value of type enum
test/01_unit/compiler/interpreter/cast_numeric_parity_spec.spl	semantic: invalid operation: cannot index value of type enum
test/01_unit/compiler/interpreter/dict_class_value_identity_spec.spl	expected  to contain PASS dict_text_key
test/01_unit/compiler/interpreter/dict_class_value_identity_spec.spl	expected  to contain PASS callee_field_dict_last
test/01_unit/compiler/interpreter/dict_class_value_identity_spec.spl	expected  to contain PASS two_handles_alias
test/01_unit/compiler/interpreter/dict_class_value_identity_spec.spl	expected  to contain DICT_CLASS_IDENTITY PROBE: ALL PASS
test/01_unit/compiler/interpreter/enum_single_field_payload_spec.spl	expected  to contain PASS one_big
test/01_unit/compiler/interpreter/enum_single_field_payload_spec.spl	expected  to contain PASS three_c
test/01_unit/compiler/interpreter/enum_single_field_payload_spec.spl	expected  to contain PASS flag_payload
test/01_unit/compiler/interpreter/enum_single_field_payload_spec.spl	expected  to contain ENUM_PAYLOAD PROBE: ALL PASS
test/01_unit/compiler/interpreter/evalops_export_and_text_at_spec.spl	expected struct_field_zero_fill  to equal 
test/01_unit/compiler/interpreter/gc_family_boundary_hook_spec.spl	semantic: nil is forbidden by the non-optional return contract of '_source'
test/01_unit/compiler/interpreter/gc_family_boundary_hook_spec.spl	semantic: nil is forbidden by the non-optional return contract of '_source'
test/01_unit/compiler/interpreter/gc_family_boundary_hook_spec.spl	semantic: nil is forbidden by the non-optional return contract of '_source'
test/01_unit/compiler/interpreter/gc_family_boundary_hook_spec.spl	semantic: nil is forbidden by the non-optional return contract of '_source'
test/01_unit/compiler/interpreter/gc_family_boundary_hook_spec.spl	semantic: nil is forbidden by the non-optional return contract of '_source'
test/01_unit/compiler/interpreter/implicit_self_field_assign_spec.spl	assert_contains failed: '/bin/sh: 1: src/compiler_rust/target/bootstrap/simple: not found
test/01_unit/compiler/interpreter/implicit_self_field_assign_spec.spl	assert_equal failed: expected 0, got 127
test/01_unit/compiler/interpreter/implicit_self_field_assign_spec.spl	assert_equal failed: expected 0, got 127
test/01_unit/compiler/interpreter/interpreter_aop_collect_generalization_spec.spl	semantic: cannot call mutating method 'push' on immutable array 'out'
test/01_unit/compiler/interpreter/interpreter_aop_collect_generalization_spec.spl	semantic: cannot call mutating method 'push' on immutable array 'out'
test/01_unit/compiler/interpreter/interpreter_aop_collect_generalization_spec.spl	semantic: cannot call mutating method 'push' on immutable array 'out'
test/01_unit/compiler/interpreter/interpreter_aop_collect_generalization_spec.spl	semantic: cannot call mutating method 'push' on immutable array 'out'
test/01_unit/compiler/interpreter/interpreter_aop_weave_spec.spl	semantic: cannot call mutating method 'push' on immutable array 'out'
test/01_unit/compiler/interpreter/match_binding_scope_generalization_spec.spl	expected 5 to equal 99
test/01_unit/compiler/interpreter/match_binding_scope_generalization_spec.spl	expected 3 to equal 7
test/01_unit/compiler/interpreter/match_binding_scope_generalization_spec.spl	expected 7 to equal 2
test/01_unit/compiler/interpreter/match_expr_binding_scope_spec.spl	expected 5 to equal 99
test/01_unit/compiler/interpreter/module_loader_lazy_spec.spl	expected escape_json slice missing body to equal 
test/01_unit/compiler/interpreter/named_ctor_static_new_hijack_spec.spl	expected  to contain PASS reversed_order_size
test/01_unit/compiler/interpreter/named_ctor_static_new_hijack_spec.spl	expected  to contain PASS explicit_new_still_reaches_static
test/01_unit/compiler/interpreter/named_ctor_static_new_hijack_spec.spl	expected  to contain PASS param_names_do_not_hijack
test/01_unit/compiler/interpreter/named_ctor_static_new_hijack_spec.spl	expected  to contain NAMED_CTOR_HIJACK PROBE: ALL PASS
test/01_unit/compiler/interpreter/nested_fn_enclosing_var_mutation_spec.spl	semantic: variable `total` not found
test/01_unit/compiler/interpreter/nested_fn_enclosing_var_mutation_spec.spl	semantic: variable `total` not found
test/01_unit/compiler/interpreter/nested_fn_enclosing_var_mutation_spec.spl	expected 0 to equal 42
test/01_unit/compiler/interpreter/nested_fn_enclosing_var_mutation_spec.spl	semantic: variable `log` not found
test/01_unit/compiler/interpreter/nested_fn_enclosing_var_mutation_spec.spl	expected false to equal true
test/01_unit/compiler/interpreter/nested_fn_enclosing_var_mutation_spec.spl	semantic: variable `total` not found
test/01_unit/compiler/interpreter/option_on_non_option_scrutinee_class_spec.spl	expected uo=6
test/01_unit/compiler/interpreter/option_on_non_option_scrutinee_class_spec.spl	expected some=6
test/01_unit/compiler/interpreter/option_on_non_option_scrutinee_class_spec.spl	expected bound=6
test/01_unit/compiler/interpreter/process_extern_registration_class_spec.spl	expected RESOLVED rt_process_run exit=0
test/01_unit/compiler/interpreter/receiver_hop_depth_linear_spec.spl	expected true, got false
test/01_unit/compiler/interpreter/receiver_hop_depth_linear_spec.spl	expected true, got false
test/01_unit/compiler/interpreter/string_interpolation_spec.spl	semantic: variable `literal` not found
test/01_unit/compiler/interpreter/string_interpolation_spec.spl	semantic: variable `value` not found
test/01_unit/compiler/interpreter/struct_container_field_mutation_spec.spl	expected  to contain r=1
test/01_unit/compiler/interpreter/text_index_of_start_spec.spl	expected -1 to be greater than -1
test/01_unit/compiler/interpreter/tiered_jit_hotspot_spec.spl	expected false to equal true
test/01_unit/compiler/interpreter/tiered_jit_hotspot_spec.spl	expected false to equal true
test/01_unit/compiler/interpreter/tiered_jit_hotspot_spec.spl	expected false to equal true
test/01_unit/compiler/interpreter/tiered_jit_hotspot_spec.spl	expected false to equal true
test/01_unit/compiler/lexer/lexer_import_debug_spec.spl	expected # Core Simple — Lexer Types (struct-based)
test/01_unit/compiler/lexer/lexer_triple_quote_docstring_spec.spl	expected fn char_slice(start: i64, end: i64) -> text:
test/01_unit/compiler/linker/assurance_object_note_spec.spl	semantic: type mismatch: cannot convert array to int
test/01_unit/compiler/linker/extern_unimplemented_weak_stub_fabrication_spec.spl	expected false to equal true
test/01_unit/compiler/linker/extern_unimplemented_weak_stub_fabrication_spec.spl	expected false to equal true
test/01_unit/compiler/linker/extern_unimplemented_weak_stub_fabrication_spec.spl	expected false to equal true
test/01_unit/compiler/linker/extern_unimplemented_weak_stub_fabrication_spec.spl	expected false to equal true
test/01_unit/compiler/linker/fixed_backend_success_spec.spl	semantic: invalid assignment: cannot index assign value of type array
test/01_unit/compiler/linker/gpu_smf/smf_link_profile_spec.spl	expected 2 to equal 0
test/01_unit/compiler/linker/gpu_smf/smf_link_profile_spec.spl	expected 2 to equal 1
test/01_unit/compiler/linker/gpu_smf/smf_link_receipts_spec.spl	expected false to equal true
test/01_unit/compiler/linker/gpu_smf/smf_reader_adapter_spec.spl	semantic: type mismatch: cannot convert array to int
test/01_unit/compiler/linker/gpu_smf/smf_reader_adapter_spec.spl	expected 0 to equal 1
test/01_unit/compiler/linker/lib_smf_spec.spl	semantic: called unwrap on Err: Object hash mismatch for module math/mul
test/01_unit/compiler/linker/lib_smf_spec.spl	expected [210, 255, 2, 134, 50, 188, 98, 17] to equal [210, 255, 2, 134, 76, 126, 100, 175]
test/01_unit/compiler/linker/linker_context_spec.spl	semantic: class `InstantiationEntry` has no field named `id`
test/01_unit/compiler/linker/object_provider_spec.spl	semantic: called unwrap_err on Ok
test/01_unit/compiler/linker/object_provider_spec.spl	semantic: unknown static method from_bytes on class SmfHeader
test/01_unit/compiler/linker/smf_reader_spec.spl	semantic: unknown static method from_raw on class SmfHeader
test/01_unit/compiler/linker/smf_writer_write_spec.spl	semantic: type mismatch: cannot convert array to int
test/01_unit/compiler/linker/smf_writer_write_spec.spl	semantic: type mismatch: cannot convert array to int
test/01_unit/compiler/linker/smf_writer_write_spec.spl	semantic: type mismatch: cannot convert array to int
test/01_unit/compiler/linker/smf_writer_write_spec.spl	semantic: type mismatch: cannot convert array to int
test/01_unit/compiler/linker/smf_writer_write_spec.spl	semantic: type mismatch: cannot convert array to int
test/01_unit/compiler/linker/smf_writer_write_spec.spl	semantic: type mismatch: cannot convert array to int
test/01_unit/compiler/lint/lint_still_bites_prevention_spec.spl	expected  to contain raw_rt_violation.spl:
test/01_unit/compiler/lint/lint_still_bites_prevention_spec.spl	expected -1 to equal 0
test/01_unit/compiler/lint/lint_terminates_with_verdict_spec.spl	expected -1 to equal 0
test/01_unit/compiler/lint/lint_terminates_with_verdict_spec.spl	expected -1 to equal 0
test/01_unit/compiler/lint/riscv_rtl_debuggability_spec.spl	expected true to equal false
test/01_unit/compiler/lint/riscv_rtl_debuggability_spec.spl	expected true to equal false
test/01_unit/compiler/lint/riscv_rtl_debuggability_spec.spl	expected true to equal false
test/01_unit/compiler/loader/aspect_pack_smf_section_wiring_spec.spl	semantic: unknown variant or method 'AspectPackDirectory' on enum SectionType
test/01_unit/compiler/loader/aspect_pack_smf_section_wiring_spec.spl	semantic: function `smf_build_aspect_pack_image` not found
test/01_unit/compiler/loader/aspect_pack_smf_section_wiring_spec.spl	semantic: function `smf_build_aspect_pack_image` not found
test/01_unit/compiler/loader/aspect_pack_smf_section_wiring_spec.spl	semantic: function `smf_build_aspect_pack_image` not found
test/01_unit/compiler/loader/aspect_pack_smf_section_wiring_spec.spl	semantic: class `ModuleLoader` has no field named `last_load_aspect_pack_modules`
test/01_unit/compiler/loader/aspect_pack_smf_section_wiring_spec.spl	semantic: function `smf_build_aspect_pack_image` not found
test/01_unit/compiler/loader/aspect_pack_smf_section_wiring_spec.spl	semantic: function `smf_build_aspect_pack_image` not found
test/01_unit/compiler/loader/compiler_ffi_spec.spl	semantic: class `CompilerContext` has no field named `alive`
test/01_unit/compiler/loader/compiler_ffi_spec.spl	semantic: class `TypeInfo` has no field named `type_name`
test/01_unit/compiler/loader/jit_instantiator_spec.spl	expected (vec.smf, PossibleInstantiation(type_args: i64, template_name: Vec, mangled_name: Vec$i64)) to equal true
test/01_unit/compiler/loader/metadata_symbols_spec.spl	semantic: function `InstantiationRecord` not found
test/01_unit/compiler/loader/metadata_symbols_spec.spl	semantic: function `InstantiationRecord` not found
test/01_unit/compiler/loader/module_loader_relocation_spec.spl	semantic: function expects 1 argument(s), but more were provided
test/01_unit/compiler/loader/module_loader_spec.spl	semantic: function `InstantiationRecord` not found
test/01_unit/compiler/loader/module_loader_spec.spl	semantic: function `InstantiationRecord` not found
test/01_unit/compiler/loader/module_loader_spec.spl	semantic: function `InstantiationRecord` not found
test/01_unit/compiler/loader/native_mmap_byte_read_spec.spl	semantic: method `reserve` not found on type `array` (receiver value: [])
test/01_unit/compiler/loader/native_mmap_byte_read_spec.spl	semantic: type mismatch: unsupported cast target type: Pointer { kind: Shared, inner: Simple("u8") }
test/01_unit/compiler/loader/object_mapper_no_fabrication_spec.spl	expected false to equal true
test/01_unit/compiler/loader/runtime_surface_spec.spl	expected # Curated runtime loader package.
test/01_unit/compiler/mdsoc/layer_checker_spec.spl	expected LayerViolation(from_layer: infra, to_module: handler.spl, to_layer: api, message: layer 'infra' (level 3) cannot depend on 'api' (level 0), direction=upper_to_lower, from_module: repo.spl, location: ) to equal true
test/01_unit/compiler/mdsoc/layer_checker_spec.spl	expected LayerViolation(to_layer: infra, location: , message: layer 'api' (level 0) cannot depend on 'infra' (level 3), direction=lower_to_upper, to_module: infra_mod.spl, from_layer: api, from_module: api_mod.spl) to equal true
test/01_unit/compiler/mdsoc/layer_checker_spec.spl	expected LayerViolation(to_module: framework.spl, from_layer: entities, to_layer: frameworks, message: layer 'entities' (level 0) cannot depend on 'frameworks' (level 3), direction=lower_to_upper, from_module: entity.spl, location: ) to equal true
test/01_unit/compiler/mdsoc/layer_checker_spec.spl	expected LayerViolation(location: , from_module: handler.spl, to_module: repo.spl, to_layer: domain, from_layer: api, message: layer 'api' (level 0) cannot depend on 'domain' (level 2), direction=upper_to_lower) to equal true
test/01_unit/compiler/mdsoc/layer_checker_spec.spl	expected LayerViolation(to_layer: app, from_module: svc_a.spl, from_layer: app, message: same-layer dependency 'app' -> 'app' not allowed (allow_same_layer=false), location: , to_module: svc_b.spl) to equal true
test/01_unit/compiler/mdsoc/layer_checker_spec.spl	expected LayerViolation(from_layer: frameworks, to_layer: entities, location: , from_module: framework.spl, to_module: entity.spl, message: layer 'frameworks' (level 3) cannot depend on 'entities' (level 0), direction=lower_to_upper) to equal true
test/01_unit/compiler/mdsoc/transform_adapters_spec.spl	semantic: method `empty` not found on type `dict` (receiver value: {MirProgram: <constructor:MirProgram>, MirProgram__empty: <fn:MirProgram__empty>, MirProgram__has_extern_fns: <fn:MirProgram__has_extern_fns>, MirProgram__has_functions: <fn:MirProgram__has_functions>)
test/01_unit/compiler/mdsoc/transform_adapters_spec.spl	semantic: method `empty` not found on type `dict` (receiver value: {MirProgram: <constructor:MirProgram>, MirProgram__empty: <fn:MirProgram__empty>, MirProgram__has_extern_fns: <fn:MirProgram__has_extern_fns>, MirProgram__has_functions: <fn:MirProgram__has_functions>)
test/01_unit/compiler/mdsoc/transform_adapters_spec.spl	semantic: method `empty` not found on type `dict` (receiver value: {MirProgram: <constructor:MirProgram>, MirProgram__empty: <fn:MirProgram__empty>, MirProgram__has_extern_fns: <fn:MirProgram__has_extern_fns>, MirProgram__has_functions: <fn:MirProgram__has_functions>)
test/01_unit/compiler/mdsoc/transform_adapters_spec.spl	semantic: method `empty` not found on type `dict` (receiver value: {MirProgram: <constructor:MirProgram>, MirProgram__empty: <fn:MirProgram__empty>, MirProgram__has_extern_fns: <fn:MirProgram__has_extern_fns>, MirProgram__has_functions: <fn:MirProgram__has_functions>)
test/01_unit/compiler/mdsoc/transform_adapters_spec.spl	semantic: method `empty` not found on type `dict` (receiver value: {MirProgram: <constructor:MirProgram>, MirProgram__empty: <fn:MirProgram__empty>, MirProgram__has_extern_fns: <fn:MirProgram__has_extern_fns>, MirProgram__has_functions: <fn:MirProgram__has_functions>)
test/01_unit/compiler/mdsoc/transform_adapters_spec.spl	semantic: method `from_lexer_output` not found on type `dict` (receiver value: {TokenStreamView: <constructor:TokenStreamView>, TokenStreamView__from_lexer_output: <fn:TokenStreamView__from_lexer_output>, TokenStreamView__get_token_text: <fn:TokenStreamView__get_token_text>, Tok)
test/01_unit/compiler/mdsoc/transform_adapters_spec.spl	semantic: method `from_lexer_output` not found on type `dict` (receiver value: {TokenStreamView: <constructor:TokenStreamView>, TokenStreamView__from_lexer_output: <fn:TokenStreamView__from_lexer_output>, TokenStreamView__get_token_text: <fn:TokenStreamView__get_token_text>, Tok)
test/01_unit/compiler/mdsoc/transform_adapters_spec.spl	semantic: method `from_lexer_output` not found on type `dict` (receiver value: {TokenStreamView: <constructor:TokenStreamView>, TokenStreamView__from_lexer_output: <fn:TokenStreamView__from_lexer_output>, TokenStreamView__get_token_text: <fn:TokenStreamView__get_token_text>, Tok)
test/01_unit/compiler/mdsoc/transform_adapters_spec.spl	semantic: method `from_lexer_output` not found on type `dict` (receiver value: {TokenStreamView: <constructor:TokenStreamView>, TokenStreamView__from_lexer_output: <fn:TokenStreamView__from_lexer_output>, TokenStreamView__get_token_text: <fn:TokenStreamView__get_token_text>, Tok)
test/01_unit/compiler/mdsoc/transform_adapters_spec.spl	semantic: method `from_lexer_output` not found on type `dict` (receiver value: {TokenStreamView: <constructor:TokenStreamView>, TokenStreamView__from_lexer_output: <fn:TokenStreamView__from_lexer_output>, TokenStreamView__get_token_text: <fn:TokenStreamView__get_token_text>, Tok)
test/01_unit/compiler/mdsoc/transform_adapters_spec.spl	semantic: method `from_lexer_output` not found on type `dict` (receiver value: {TokenStreamView: <constructor:TokenStreamView>, TokenStreamView__from_lexer_output: <fn:TokenStreamView__from_lexer_output>, TokenStreamView__get_token_text: <fn:TokenStreamView__get_token_text>, Tok)
test/01_unit/compiler/mdsoc/transform_adapters_spec.spl	semantic: method `from_lexer_output` not found on type `dict` (receiver value: {TokenStreamView: <constructor:TokenStreamView>, TokenStreamView__from_lexer_output: <fn:TokenStreamView__from_lexer_output>, TokenStreamView__get_token_text: <fn:TokenStreamView__get_token_text>, Tok)
test/01_unit/compiler/mdsoc/transform_adapters_spec.spl	semantic: method `from_lexer_output` not found on type `dict` (receiver value: {TokenStreamView: <constructor:TokenStreamView>, TokenStreamView__from_lexer_output: <fn:TokenStreamView__from_lexer_output>, TokenStreamView__get_token_text: <fn:TokenStreamView__get_token_text>, Tok)
test/01_unit/compiler/mdsoc/transform_adapters_spec.spl	semantic: method `empty` not found on type `dict` (receiver value: {MirOptView: <constructor:MirOptView>, MirOptView__average_insts_per_fn: <fn:MirOptView__average_insts_per_fn>, MirOptView__empty: <fn:MirOptView__empty>, MirOptView__has_functions: <fn:MirOptView__ha)
test/01_unit/compiler/mdsoc/transform_adapters_spec.spl	semantic: method `empty` not found on type `dict` (receiver value: {MirOptView: <constructor:MirOptView>, MirOptView__average_insts_per_fn: <fn:MirOptView__average_insts_per_fn>, MirOptView__empty: <fn:MirOptView__empty>, MirOptView__has_functions: <fn:MirOptView__ha)
test/01_unit/compiler/mdsoc/transform_adapters_spec.spl	semantic: method `empty` not found on type `dict` (receiver value: {MirOptView: <constructor:MirOptView>, MirOptView__average_insts_per_fn: <fn:MirOptView__average_insts_per_fn>, MirOptView__empty: <fn:MirOptView__empty>, MirOptView__has_functions: <fn:MirOptView__ha)
test/01_unit/compiler/mdsoc/transform_adapters_spec.spl	semantic: method `empty` not found on type `dict` (receiver value: {MirOptView: <constructor:MirOptView>, MirOptView__average_insts_per_fn: <fn:MirOptView__average_insts_per_fn>, MirOptView__empty: <fn:MirOptView__empty>, MirOptView__has_functions: <fn:MirOptView__ha)
test/01_unit/compiler/mdsoc/transform_adapters_spec.spl	semantic: method `empty` not found on type `dict` (receiver value: {MirOptView: <constructor:MirOptView>, MirOptView__average_insts_per_fn: <fn:MirOptView__average_insts_per_fn>, MirOptView__empty: <fn:MirOptView__empty>, MirOptView__has_functions: <fn:MirOptView__ha)
test/01_unit/compiler/mdsoc/transform_adapters_spec.spl	semantic: method `failed` not found on type `dict` (receiver value: {ObjectFileView: <constructor:ObjectFileView>, ObjectFileView__failed: <fn:ObjectFileView__failed>, ObjectFileView__from_codegen: <fn:ObjectFileView__from_codegen>, ObjectFileView__has_symbols: <fn:Ob)
test/01_unit/compiler/mdsoc/transform_adapters_spec.spl	semantic: method `failed` not found on type `dict` (receiver value: {ObjectFileView: <constructor:ObjectFileView>, ObjectFileView__failed: <fn:ObjectFileView__failed>, ObjectFileView__from_codegen: <fn:ObjectFileView__from_codegen>, ObjectFileView__has_symbols: <fn:Ob)
test/01_unit/compiler/mdsoc/transform_adapters_spec.spl	semantic: method `failed` not found on type `dict` (receiver value: {ObjectFileView: <constructor:ObjectFileView>, ObjectFileView__failed: <fn:ObjectFileView__failed>, ObjectFileView__from_codegen: <fn:ObjectFileView__from_codegen>, ObjectFileView__has_symbols: <fn:Ob)
test/01_unit/compiler/mdsoc/transform_adapters_spec.spl	semantic: method `from_codegen` not found on type `dict` (receiver value: {ObjectFileView: <constructor:ObjectFileView>, ObjectFileView__failed: <fn:ObjectFileView__failed>, ObjectFileView__from_codegen: <fn:ObjectFileView__from_codegen>, ObjectFileView__has_symbols: <fn:Ob)
test/01_unit/compiler/mdsoc/transform_adapters_spec.spl	semantic: method `from_codegen` not found on type `dict` (receiver value: {ObjectFileView: <constructor:ObjectFileView>, ObjectFileView__failed: <fn:ObjectFileView__failed>, ObjectFileView__from_codegen: <fn:ObjectFileView__from_codegen>, ObjectFileView__has_symbols: <fn:Ob)
test/01_unit/compiler/mdsoc/transform_adapters_spec.spl	semantic: method `from_codegen` not found on type `dict` (receiver value: {ObjectFileView: <constructor:ObjectFileView>, ObjectFileView__failed: <fn:ObjectFileView__failed>, ObjectFileView__from_codegen: <fn:ObjectFileView__from_codegen>, ObjectFileView__has_symbols: <fn:Ob)
test/01_unit/compiler/mdsoc/transform_adapters_spec.spl	semantic: method `from_codegen` not found on type `dict` (receiver value: {ObjectFileView: <constructor:ObjectFileView>, ObjectFileView__failed: <fn:ObjectFileView__failed>, ObjectFileView__from_codegen: <fn:ObjectFileView__from_codegen>, ObjectFileView__has_symbols: <fn:Ob)
test/01_unit/compiler/mdsoc/transform_adapters_spec.spl	semantic: method `empty` not found on type `dict` (receiver value: {LoadedModuleView: <constructor:LoadedModuleView>, LoadedModuleView__empty: <fn:LoadedModuleView__empty>, LoadedModuleView__from_source: <fn:LoadedModuleView__from_source>, LoadedModuleView__has_sourc)
test/01_unit/compiler/mdsoc/transform_adapters_spec.spl	semantic: method `empty` not found on type `dict` (receiver value: {LoadedModuleView: <constructor:LoadedModuleView>, LoadedModuleView__empty: <fn:LoadedModuleView__empty>, LoadedModuleView__from_source: <fn:LoadedModuleView__from_source>, LoadedModuleView__has_sourc)
test/01_unit/compiler/mdsoc/transform_adapters_spec.spl	semantic: method `empty` not found on type `dict` (receiver value: {LoadedModuleView: <constructor:LoadedModuleView>, LoadedModuleView__empty: <fn:LoadedModuleView__empty>, LoadedModuleView__from_source: <fn:LoadedModuleView__from_source>, LoadedModuleView__has_sourc)
test/01_unit/compiler/mdsoc/transform_adapters_spec.spl	semantic: method `from_source` not found on type `dict` (receiver value: {LoadedModuleView: <constructor:LoadedModuleView>, LoadedModuleView__empty: <fn:LoadedModuleView__empty>, LoadedModuleView__from_source: <fn:LoadedModuleView__from_source>, LoadedModuleView__has_sourc)
test/01_unit/compiler/mdsoc/transform_adapters_spec.spl	semantic: method `from_source` not found on type `dict` (receiver value: {LoadedModuleView: <constructor:LoadedModuleView>, LoadedModuleView__empty: <fn:LoadedModuleView__empty>, LoadedModuleView__from_source: <fn:LoadedModuleView__from_source>, LoadedModuleView__has_sourc)
test/01_unit/compiler/mdsoc/transform_adapters_spec.spl	semantic: method `from_source` not found on type `dict` (receiver value: {LoadedModuleView: <constructor:LoadedModuleView>, LoadedModuleView__empty: <fn:LoadedModuleView__empty>, LoadedModuleView__from_source: <fn:LoadedModuleView__from_source>, LoadedModuleView__has_sourc)
test/01_unit/compiler/mdsoc/transform_adapters_spec.spl	semantic: method `from_source` not found on type `dict` (receiver value: {LoadedModuleView: <constructor:LoadedModuleView>, LoadedModuleView__empty: <fn:LoadedModuleView__empty>, LoadedModuleView__from_source: <fn:LoadedModuleView__from_source>, LoadedModuleView__has_sourc)
test/01_unit/compiler/mir/bootstrap_binary_lowering_source_spec.spl	expected # Part of src/compiler/50.mir/mir_lowering_expr.spl: expression dispatch, match-case, gpu lane, bitfield helpers
test/01_unit/compiler/mir/bootstrap_binary_lowering_source_spec.spl	expected # Part of src/compiler/50.mir/mir_lowering_expr.spl: expression dispatch, match-case, gpu lane, bitfield helpers
test/01_unit/compiler/mir/bootstrap_binary_lowering_source_spec.spl	expected 0 to equal 2
test/01_unit/compiler/mir/bootstrap_binary_lowering_source_spec.spl	expected # Part 1 of src/compiler/70.backend/backend/mir_to_llvm.spl
test/01_unit/compiler/mir/bootstrap_binary_lowering_source_spec.spl	semantic: variable `dest_name` not found
test/01_unit/compiler/mir/bootstrap_binary_lowering_source_spec.spl	expected # Part 1 of src/compiler/70.backend/backend/mir_to_llvm.spl
test/01_unit/compiler/mir/bootstrap_len_fallback_source_spec.spl	expected # Part of src/compiler/50.mir/mir_lowering_expr.spl: method calls, writeback, gpu intrinsics, array/tuple/set/const literals
test/01_unit/compiler/mir/bootstrap_real_body_guard_source_spec.spl	expected # Part of src/compiler/50.mir/mir_lowering.spl: bootstrap HIR-globals-to-MIR-module lowering helpers
test/01_unit/compiler/mir/builtin_is_empty_source_spec.spl	expected # Part of src/compiler/50.mir/mir_lowering_expr.spl: method calls, writeback, gpu intrinsics, array/tuple/set/const literals
test/01_unit/compiler/mir/cross_module_field_layout_source_spec.spl	expected # Part of src/compiler/50.mir/mir_lowering_expr.spl: method calls, writeback, gpu intrinsics, array/tuple/set/const literals
test/01_unit/compiler/mir/default_trait_is_empty_source_spec.spl	expected # EasyFix Rules - Code Quality Lint Rules
test/01_unit/compiler/mir/dict_typed_method_lowering_source_spec.spl	expected # HIR expression lowering umbrella.
test/01_unit/compiler/mir/enum_bare_name_collision_dual_key_spec.spl	expected //! Method call expression lowering (static and dynamic dispatch).
test/01_unit/compiler/mir/erased_dict_views_source_spec.spl	expected # Part of src/compiler/50.mir/mir_lowering_expr.spl: method calls, writeback, gpu intrinsics, array/tuple/set/const literals
test/01_unit/compiler/mir/folded_const_type_classification_spec.spl	semantic: function `Dict` not found
test/01_unit/compiler/mir/gpu_target_metadata_spec.spl	expected 1 to equal 0
test/01_unit/compiler/mir/host_gpu_lane_mir_marker_spec.spl	semantic: variable `MirLowering` not found
test/01_unit/compiler/mir/host_gpu_lane_queue_evidence_spec.spl	semantic: variable `MirLowering` not found
test/01_unit/compiler/mir/host_gpu_lane_queue_evidence_spec.spl	semantic: variable `MirLowering` not found
test/01_unit/compiler/mir/inline_asm_bare_template_placeholder_spec.spl	expected false to equal true
test/01_unit/compiler/mir/inline_asm_bare_template_placeholder_spec.spl	expected false to equal true
test/01_unit/compiler/mir/inline_asm_bare_template_placeholder_spec.spl	expected false to equal true
test/01_unit/compiler/mir/logical_short_circuit_lowering_spec.spl	semantic: variable `MirLowering` not found
test/01_unit/compiler/mir/logical_short_circuit_lowering_spec.spl	semantic: variable `MirLowering` not found
test/01_unit/compiler/mir/logical_short_circuit_lowering_spec.spl	semantic: variable `MirLowering` not found
test/01_unit/compiler/mir/logical_short_circuit_lowering_spec.spl	semantic: variable `MirLowering` not found
test/01_unit/compiler/mir/logical_short_circuit_lowering_spec.spl	semantic: variable `MirLowering` not found
test/01_unit/compiler/mir/logical_short_circuit_lowering_spec.spl	semantic: variable `MirLowering` not found
test/01_unit/compiler/mir/mir_construct_matrix_spec.spl	expected 8 to equal 16
test/01_unit/compiler/mir/mir_construct_matrix_spec.spl	expected 8 to equal 32
test/01_unit/compiler/mir/mir_construct_matrix_spec.spl	expected 8 to equal 32
test/01_unit/compiler/mir/mir_instruction_split_contract_spec.spl	expected 13463 to be less than 9000
test/01_unit/compiler/mir/mir_lowering_new_spec.spl	expected 
test/01_unit/compiler/mir/mir_lowering_new_spec.spl	expected # Part of src/compiler/50.mir/mir_lowering_expr.spl: method calls, writeback, gpu intrinsics, array/tuple/set/const literals
test/01_unit/compiler/mir/mir_lowering_new_spec.spl	semantic: array index out of bounds: index is 1 but length is 1
test/01_unit/compiler/mir/mir_lowering_new_spec.spl	expected # HIR expression lowering umbrella.
test/01_unit/compiler/mir/mir_lowering_new_spec.spl	expected # Part of src/compiler/50.mir/mir_lowering_expr.spl: switch/if-chain dispatch, binary/unary operators, call lowering
test/01_unit/compiler/mir/mir_lowering_new_spec.spl	expected # HIR item lowering - function, class, struct, enum, and field lowering.
test/01_unit/compiler/mir/mir_lowering_new_spec.spl	expected 
test/01_unit/compiler/mir/mir_lowering_new_spec.spl	expected # Part of src/compiler/50.mir/mir_lowering_expr.spl: switch/if-chain dispatch, binary/unary operators, call lowering
test/01_unit/compiler/mir/mir_lowering_new_spec.spl	expected # Part of src/compiler/50.mir/mir_lowering_expr.spl: switch/if-chain dispatch, binary/unary operators, call lowering
test/01_unit/compiler/mir/mir_lowering_new_spec.spl	expected # Part of src/compiler/50.mir/mir_lowering_expr.spl: expression dispatch, match-case, gpu lane, bitfield helpers
test/01_unit/compiler/mir/mir_lowering_new_spec.spl	expected # HIR expression lowering umbrella.
test/01_unit/compiler/mir/mir_lowering_new_spec.spl	expected # HIR expression lowering umbrella.
test/01_unit/compiler/mir/mir_lowering_new_spec.spl	expected true to equal false
test/01_unit/compiler/mir/mir_lowering_new_spec.spl	expected true to equal false
test/01_unit/compiler/mir/mir_lowering_new_spec.spl	semantic: variable `name_direct` not found
test/01_unit/compiler/mir/mir_lowering_new_spec.spl	expected # MIR Lowering - Statement and Control Flow Lowering
test/01_unit/compiler/mir/mir_lowering_new_spec.spl	expected # Part 2 of src/compiler/70.backend/backend/mir_to_llvm.spl
test/01_unit/compiler/mir/mir_lowering_new_spec.spl	expected # Driver - Compiler Driver Implementation
test/01_unit/compiler/mir/mir_lowering_new_spec.spl	expected # Compatibility shim for older imports. The MirToLlvm implementation now lives
test/01_unit/compiler/mir/mir_lowering_new_spec.spl	expected # HIR item lowering - module, import, and bootstrap-flat lowering.
test/01_unit/compiler/mir/mir_lowering_new_spec.spl	expected # Part 1 of src/compiler/70.backend/backend/mir_to_llvm.spl
test/01_unit/compiler/mir/mir_lowering_new_spec.spl	semantic: variable `defining_module` not found
test/01_unit/compiler/mir/native_capturing_lambda_closure_conversion_spec.spl	expected /usr/bin/sh: 1: /tmp/native_capturing_lambda_closure_conversion/prog.bin: not foundRC=0
test/01_unit/compiler/mir_opt/cipher/cipher_intrinsics_spec.spl	expected false to equal true
test/01_unit/compiler/mir_opt/cipher/cipher_intrinsics_spec.spl	expected false to equal true
test/01_unit/compiler/mir_opt/cipher/cipher_intrinsics_spec.spl	expected false to equal true
test/01_unit/compiler/mir_opt/optimizer_manifest_backend_policy_spec.spl	semantic: invalid operation: cannot index value of type enum
test/01_unit/compiler/mir/result_unwrap_struct_provenance_spec.spl	semantic: variable `MirLowering` not found
test/01_unit/compiler/mir/result_unwrap_struct_provenance_spec.spl	semantic: variable `MirLowering` not found
test/01_unit/compiler/mir/result_unwrap_struct_provenance_spec.spl	semantic: variable `MirLowering` not found
test/01_unit/compiler/mir/struct_field_order_module_qualified_spec.spl	expected true to equal false
test/01_unit/compiler/mir/struct_text_field_interpolation_source_spec.spl	expected # Part of src/compiler/50.mir/mir_lowering_expr.spl: expression dispatch, match-case, gpu lane, bitfield helpers
test/01_unit/compiler/mir/synthetic_driver_registration_spec.spl	expected @driver manifest can synthesize register_static_driver(manifest, ops) because a DriverOps value is identified to contain already calls register_static_driver
test/01_unit/compiler/mir/synthetic_driver_registration_spec.spl	expected @driver supplies manifest fields but not the DriverOps value required by register_static_driver to contain DriverOps argument is not identifiable
test/01_unit/compiler/mir/text_bool_result_type_source_spec.spl	expected # Part of src/compiler/50.mir/mir_lowering_expr.spl: method calls, writeback, gpu intrinsics, array/tuple/set/const literals
test/01_unit/compiler/mir/text_builtin_rfind_lowering_spec.spl	semantic: variable `MirLowering` not found
test/01_unit/compiler/mir/text_builtin_rfind_lowering_spec.spl	semantic: variable `MirLowering` not found
test/01_unit/compiler/mir/text_builtin_rfind_lowering_spec.spl	expected missing importing module surface for reserved_alias.spl to contain is reserved for compiler-generated text calls
test/01_unit/compiler/mir/text_builtin_rfind_lowering_spec.spl	expected 2 to equal 1
test/01_unit/compiler/mir/text_builtin_rfind_lowering_spec.spl	semantic: variable `MirLowering` not found
test/01_unit/compiler/mir/text_builtin_rfind_lowering_spec.spl	semantic: variable `MirLowering` not found
test/01_unit/compiler/mir/text_for_iteration_lowering_source_spec.spl	expected /* RV64 boot runtime facade: bounded implementation capsules preserve the
test/01_unit/compiler/mir/unresolved_method_fatal_guard_source_spec.spl	semantic: variable `method` not found
test/01_unit/compiler/mir/verification_call_identity_spec.spl	expected 1 to equal 0
test/01_unit/compiler/mir/verification_obligation_module_spec.spl	expected  to equal 7102::fv2::trust-closure
test/01_unit/compiler/mir/verification_obligation_module_spec.spl	expected true to equal false
test/01_unit/compiler/mir/verification_obligation_module_spec.spl	expected true to equal false
test/01_unit/compiler/mir/verification_obligation_module_spec.spl	expected FV2-E-CONTRACT-MODULE-CALLEE-EFFECT: initial contract composition admits only pure leaf callees to contain CALL-EFFECT
test/01_unit/compiler/mir/verification_region_effects_spec.spl	expected FV2-E-REGION-PROOF-EVIDENCE: theorem artifact, trust, and independent replay identities are required to contain REPLAY
test/01_unit/compiler/module_resolver/group_import_self_named_module_spec.spl	semantic: method `kind` not found on type `dict` (receiver value: {Widget: <constructor:Widget>, Widget__kind: <fn:Widget__kind>, make_widget: <fn:make_widget>})
test/01_unit/compiler/module_resolver/group_import_shadowing_generalization_spec.spl	semantic: method `kind` not found on type `dict` (receiver value: {Gadget: <constructor:Gadget>, Gadget__kind: <fn:Gadget__kind>, gadget_default: <fn:gadget_default>})
test/01_unit/compiler/module_resolver/type_domain_resolver_spec.spl	semantic: variable `Parser` not found
test/01_unit/compiler/mono/verify/post_mono_verify_spec.spl	expected 0 to equal 1
test/01_unit/compiler/native/inline_asm_core_parser_spec.spl	expected line 2:10: expected indented asm block after 'asm:' to equal 
test/01_unit/compiler/parser/asm_volatile_indented_block_spec.spl	expected false to equal true
test/01_unit/compiler/parser/asm_volatile_indented_block_spec.spl	expected false to equal true
test/01_unit/compiler/parser/common_mistake_function_identifier_spec.spl	semantic: nil is forbidden by the non-optional return contract of 'detect_common_mistake'
test/01_unit/compiler/parser/common_mistake_function_identifier_spec.spl	semantic: nil is forbidden by the non-optional return contract of 'detect_common_mistake'
test/01_unit/compiler/parser/dedent_continuation_spec.spl	expected false to equal true
test/01_unit/compiler/parser/expression_primary_parity_spec.spl	image custom block did not retain raw payload
test/01_unit/compiler/parser/parser_category_c_spec.spl	expected false to equal true
test/01_unit/compiler/parser/parser_category_c_spec.spl	expected false to equal true
test/01_unit/compiler/parser/parser_category_c_spec.spl	expected false to equal true
test/01_unit/compiler/parser/print_log_policy_spec.spl	expected false to equal true
test/01_unit/compiler/parser/treesitter_error_recovery_spec.spl	semantic: unknown static method new on class TreeSitter
test/01_unit/compiler/parser/treesitter_error_recovery_spec.spl	semantic: unknown static method new on class TreeSitter
test/01_unit/compiler/parser/treesitter_error_recovery_spec.spl	semantic: unknown static method new on class TreeSitter
test/01_unit/compiler/parser/treesitter_error_recovery_spec.spl	semantic: unknown static method new on class TreeSitter
test/01_unit/compiler/parser/treesitter_highlights_spec.spl	semantic: unknown static method new on class TreeSitter
test/01_unit/compiler/parser/treesitter_highlights_spec.spl	semantic: unknown static method new on class TreeSitter
test/01_unit/compiler/parser/treesitter_highlights_spec.spl	semantic: unknown static method new on class TreeSitter
test/01_unit/compiler/parser/treesitter_highlights_spec.spl	semantic: unknown static method new on class TreeSitter
test/01_unit/compiler/parser/treesitter_highlights_spec.spl	semantic: unknown static method new on class TreeSitter
test/01_unit/compiler/parser/treesitter_incremental_spec.spl	semantic: unknown static method new on class TreeSitter
test/01_unit/compiler/parser/treesitter_incremental_spec.spl	semantic: unknown static method new on class TreeSitter
test/01_unit/compiler/parser/treesitter_incremental_spec.spl	semantic: unknown static method new on class TreeSitter
test/01_unit/compiler/parser/treesitter_incremental_spec.spl	semantic: unknown static method new on class TreeSitter
test/01_unit/compiler/parser/treesitter_spec.spl	semantic: unknown static method new on class TreeSitter
test/01_unit/compiler/parser/treesitter_spec.spl	semantic: unknown static method new on class TreeSitter
test/01_unit/compiler/parser/treesitter_spec.spl	semantic: unknown static method new on class TreeSitter
test/01_unit/compiler/parser/treesitter_spec.spl	semantic: unknown static method new on class TreeSitter
test/01_unit/compiler/parser/treesitter_spec.spl	semantic: unknown static method new on class TreeSitter
test/01_unit/compiler/parser/treesitter_spec.spl	semantic: variable `cli` not found
test/01_unit/compiler/parser/treesitter_spec.spl	semantic: variable `bkpt` not found
test/01_unit/compiler/parser/treesitter_spec.spl	semantic: unknown static method new on class TreeSitter
test/01_unit/compiler/parser/treesitter_spec.spl	semantic: unknown static method new on class TreeSitter
test/01_unit/compiler/parser/treesitter_spec.spl	semantic: unknown static method new on class TreeSitter
test/01_unit/compiler/parser/treesitter_spec.spl	semantic: unknown static method new on class TreeSitter
test/01_unit/compiler/parser/treesitter_visibility_spec.spl	semantic: unknown static method new on class TreeSitter
test/01_unit/compiler/parser/treesitter_visibility_spec.spl	semantic: unknown static method new on class TreeSitter
test/01_unit/compiler/parser/where_clause_spec.spl	expected 3 to equal 0
test/01_unit/compiler/pipeline/cross_module_collision_detection_spec.spl	expected warning: public function `shared_arity` has 2 co-compiled definitions with 2 differing signatures (()->text vs (int)->text); JIT call sites resolve by exact arg-type match (mangled `$dupN` variants), falling back to the last definition when types are ambiguous — a fallback hit may still dispatch to the wrong one. Rename the conflicting helper(s) to a unique name. [compiler_cross_module_private_symbol_collision]
test/01_unit/compiler/pipeline/cross_module_symbol_collision_spec.spl	expected  to contain XMOD_COLLISION PROBE: ALL PASS
test/01_unit/compiler/pipeline/cross_module_symbol_collision_spec.spl	expected  to contain XMOD_COLLISION PROBE: ALL PASS
test/01_unit/compiler/portable_numeric_capabilities_spec.spl	expected false to equal true
test/01_unit/compiler/portable_numeric_capabilities_spec.spl	expected x86-64 to equal x86-64-v1
test/01_unit/compiler/portable_numeric_capabilities_spec.spl	expected x86-64 to equal x86-64-v1
test/01_unit/compiler/portable_numeric_capabilities_spec.spl	expected x86-64 to equal x86-64-v1
test/01_unit/compiler/portable_numeric_plan_threading_spec.spl	semantic: class `CompileOptions` has no field named `target`
test/01_unit/compiler/portable_numeric_plan_threading_spec.spl	semantic: class `CompileOptions` has no field named `target`
test/01_unit/compiler/r2_matchers_red_probe_spec.spl	expected 1 to equal 2
test/01_unit/compiler/r2_matchers_red_probe_spec.spl	expected 42 to be nil
test/01_unit/compiler/regression/struct_init_omitted_field_nil_fill_spec.spl	expected 0 to be nil
test/01_unit/compiler/regression/struct_init_omitted_field_nil_fill_spec.spl	expected 0 to be nil
test/01_unit/compiler/regression/struct_init_omitted_field_nil_fill_spec.spl	expected nil to equal 0
test/01_unit/compiler/resource/resource_with_scoped_mir_drop_spec.spl	expected 0 to equal 1
test/01_unit/compiler/resource/resource_with_scoped_mir_drop_spec.spl	expected 0 to equal 1
test/01_unit/compiler/resource/resource_with_scoped_mir_drop_spec.spl	expected 0 to equal 2
test/01_unit/compiler/resource/resource_with_scoped_mir_drop_spec.spl	expected 0 to equal 1
test/01_unit/compiler/runtime/hosted_extern_mode_agreement_class_spec.spl	semantic: method `split_whitespace` not found on type `str` (receiver value: )
test/01_unit/compiler/scalable_vec_mir_scaffolding_spec.spl	semantic: class `CompileOptions` has no field named `target`
test/01_unit/compiler/scalable_vec_mir_scaffolding_spec.spl	semantic: class `CompileOptions` has no field named `target`
test/01_unit/compiler/scalar_metadata_copy_spec.spl	expected # MIR Lowering - Type Definitions
test/01_unit/compiler/schema/generated_visitor_coverage_spec.spl	expected 102 to equal 100
test/01_unit/compiler/schema/generated_visitor_coverage_spec.spl	expected 104 to equal 103
test/01_unit/compiler/semantics/alloc_checker_spec.spl	assert_false failed: got true
test/01_unit/compiler/semantics/flat_imported_method_resolution_spec.spl	semantic: function `resolve_flat_methods` not found
test/01_unit/compiler/semantics/nested_method_resolution_transport_spec.spl	expected [] to contain nested_transport.Factory.finish
test/01_unit/compiler/semantics/preprocessor_when_cfg_spec.spl	expected false to equal true
test/01_unit/compiler/semantics/resolve_nil_guard_spec.spl	expected [] to contain method_owner.TieredJitManager.code
test/01_unit/compiler/semantics/resolve_nil_guard_spec.spl	expected false to equal true
test/01_unit/compiler/semantics/resolve_nil_guard_spec.spl	semantic: variable `Shared` not found
test/01_unit/compiler/semantics/resolve_nil_guard_spec.spl	semantic: variable `Shared` not found
test/01_unit/compiler/semantics/resolve_nil_guard_spec.spl	expected # HIR item lowering - module, import, and bootstrap-flat lowering.
test/01_unit/compiler/stats_bug_schema_spec.spl	semantic: variable `stats` not found
test/01_unit/compiler/struct_init_field_order_fill_spec.spl	expected nil to equal 0
test/01_unit/compiler/tools/lint_checks_spec.spl	assert_equal failed: expected 0, got 1
test/01_unit/compiler/tools/verify/allocator_symbol_scan_spec.spl	expected [] to contain mmap
test/01_unit/compiler/traits/conformance/trait_conformance_enforced_class_spec.spl	expected hi bob
test/01_unit/compiler/traits/conformance/trait_conformance_enforced_class_spec.spl	expected hi bob
test/01_unit/compiler/traits/conformance/trait_impl_arity_conformance_spec.spl	expected hi bob
test/01_unit/compiler/type_infer_link_contract_spec.spl	semantic: function `TraitDef` not found
test/01_unit/compiler/type_infer_link_contract_spec.spl	semantic: variable `trait_name` not found
test/01_unit/compiler/type_infer/method_call_inference_spec.spl	semantic: method `generate_obligation_for_method_call` not found on type `HmInferContext`
test/01_unit/compiler/type_infer/method_call_inference_spec.spl	semantic: method `generate_obligation_for_method_call` not found on type `HmInferContext`
test/01_unit/compiler/type_inference/hm_source_diagnostics_spec.spl	expected 1 to equal 0
test/01_unit/compiler/type_inference/hm_source_diagnostics_spec.spl	expected 1 to equal 0
test/01_unit/compiler/type_inference/hm_source_diagnostics_spec.spl	expected 1 to equal 0
test/01_unit/compiler/type_inference/hm_source_diagnostics_spec.spl	expected 1 to equal 0
test/01_unit/compiler/types/declared_return_type_enforced_spec.spl	assert_false failed: got true
test/01_unit/compiler/types/declared_return_type_enforced_spec.spl	assert_false failed: got true
test/01_unit/compiler/u64_to_f64_comparison_spec.spl	expected false to equal true
test/01_unit/compiler/u64_to_f64_comparison_spec.spl	expected false to equal true
test/01_unit/compiler/verification/exact_core_gate_collector_spec.spl	expected 0 to equal 6
test/01_unit/compiler/verification/exact_core_gate_collector_spec.spl	expected 0 to equal 6
test/01_unit/compiler/verification/exact_core_gate_collector_spec.spl	expected 0 to equal 4
test/01_unit/compiler/verification/lean_basic_spec.spl	expected true to equal false
test/01_unit/compiler/verification/lean_block_integration_spec.spl	semantic: class `LeanBlock` has no field named `namespace`
test/01_unit/compiler/verification/lean_codegen_spec.spl	expected -- GENERATED by `simple gen-lean` -- DO NOT EDIT.
test/01_unit/compiler/verification/lean_workflow_spec.spl	semantic: method `is_model_complete` not found on type `LeanCheckResult`
test/01_unit/compiler/verification/lean_workflow_spec.spl	semantic: method `is_model_complete` not found on type `VerificationSummary`
test/01_unit/compiler/verification/lean_workflow_spec.spl	semantic: undefined field: unknown property or method 'ProofObligation' on Array
test/01_unit/compiler/verification/lean_workflow_spec.spl	expected  to equal theorem demo : True := by rfl
test/01_unit/compiler/verification/lean_workflow_spec.spl	semantic: undefined field: unknown property or method 'ProofStatus' on Array
test/01_unit/compiler/verification/lean_workflow_spec.spl	expected no such file or directory (error code: 4294967294)
test/01_unit/compiler/verification/lean_workflow_spec.spl	expected true to equal false
test/01_unit/compiler/verification/proof_reference_spec.spl	expected Option::Some(Proof for theorem 'fn_b_safe' not found in search paths: [proofs/, lib/proofs/]) to contain fn_b_safe
test/01_unit/compiler/verification/proof_reference_spec.spl	expected Option::Some(Ambiguous proof for theorem 'fn_c_thm': found in multiple files: [a/proof.lean, b/proof.lean]) to contain fn_c_thm
test/01_unit/compiler/verification/report_rendering_spec.spl	expected Lean Verification: 1 verified, 1 failed, 1 admitted
test/01_unit/compiler/verification/report_rendering_spec.spl	expected true to equal false
test/01_unit/compiler/verification/rv32i_delivery_gate_spec.spl	expected FV2-E-GATE-FINALIZER-AUTHORITY: public caller-owned receipt finalization cannot publish passed delivery-gate evidence to contain RV32I-EXECUTION-AUTHORITY
test/01_unit/compiler/verification/rv64_delivery_gate_spec.spl	expected 0 to equal 21
test/01_unit/compiler/verification/unified_attrs_spec.spl	expected theorem increment_contract (n : Nat) :
test/01_unit/compiler/verification/unsupported_construct_spec.spl	expected nil to equal Option::Some(VerificationErrorCode::FfiInVerified)
test/01_unit/compiler/verification/unsupported_construct_spec.spl	semantic: method `report_ffi_error` not found on type `VerificationChecker`
test/01_unit/compiler/verification/verification_diagnostics_spec.spl	semantic: method `ffi_in_verified_error` not found on type `dict` (receiver value: {Severity: <enum:Severity>, Severity__Error: Severity::Error, Severity__Help: Severity::Help, Severity__Note: Severity::Note, Severity__Warning: Severity::Warning, Span: <constructor:Span>, Span__empt)
test/01_unit/lib/common/feature_validation/codegen_spec.spl	expected codegen feature-validation probe (#100 / #95 / #96)
test/01_unit/lib/driver/fat32_file_io_spec.spl	semantic: type mismatch: cannot convert array to int
test/01_unit/lib/driver/fat32_file_io_spec.spl	semantic: type mismatch: cannot convert array to int
test/01_unit/lib/std/type_checker/type_inference_spec.spl	expected false to equal true
test/01_unit/lib/std/type_checker/type_inference_spec.spl	expected false to equal true
test/01_unit/lib/std/type_checker/type_inference_spec.spl	expected false to equal true
test/01_unit/os/kernel/loader/app_discovery_spec.spl	expected 20 to equal 18
test/01_unit/os/kernel/loader/byte_utils_spec.spl	semantic: function `read_u16_le` not found
test/01_unit/os/kernel/loader/byte_utils_spec.spl	semantic: function `read_u32_le` not found
test/01_unit/os/kernel/loader/byte_utils_spec.spl	semantic: function `read_u64_le` not found
test/01_unit/os/kernel/loader/byte_utils_spec.spl	semantic: function `read_u64_le` not found
test/01_unit/os/kernel/loader/executable_admission_pipeline_spec.spl	fixture unmount failed
test/01_unit/os/kernel/loader/executable_admission_pipeline_spec.spl	fixture unmount failed
test/01_unit/os/kernel/loader/executable_admission_pipeline_spec.spl	fixture unmount failed
test/01_unit/os/kernel/loader/executable_crypto_authority_spec.spl	expected false to equal true
test/01_unit/os/kernel/loader/executable_manifest_signature_verifier_spec.spl	semantic: function `encode_simple_artifact_manifest_v1_signing_bytes` not found
test/01_unit/os/kernel/loader/executable_manifest_signature_verifier_spec.spl	semantic: function `encode_simple_artifact_manifest_v1_signing_bytes` not found
test/01_unit/os/kernel/loader/executable_source_spec.spl	semantic: called unwrap on Err: ENOENT: -2
test/01_unit/os/kernel/loader/executable_source_spec.spl	semantic: called unwrap on Err: ENOENT: -2
test/01_unit/os/kernel/loader/executable_source_spec.spl	semantic: method `to_u8` not found on type `str` (receiver value: /)
test/01_unit/os/kernel/loader/process_image_spec.spl	semantic: called unwrap on Err: ELF64 initial stack construction failed
test/01_unit/os/kernel/loader/process_image_spec.spl	semantic: called unwrap on Err: ELF64 initial stack construction failed
test/01_unit/os/kernel/loader/process_image_spec.spl	semantic: called unwrap on Err: ELF64 initial stack construction failed
test/01_unit/os/kernel/loader/process_image_spec.spl	semantic: called unwrap on Err: ELF64 initial stack construction failed
test/01_unit/os/kernel/loader/process_image_spec.spl	semantic: called unwrap on Err: ELF64 initial stack construction failed
test/01_unit/os/kernel/loader/riscv64_fs_exec_spawn_spec.spl	expected # Shared filesystem-exec scheduler bridge.
test/01_unit/os/kernel/loader/rv64_authenticated_media_policy_spec.spl	semantic: called unwrap on Err: FsError::InvalidArg
test/01_unit/os/kernel/loader/spawn_enforcement_wiring_spec.spl	expected # Process Syscall Handlers — split from syscall.spl.
test/01_unit/os/kernel/loader/stack_builder_spec.spl	expected 125000000 to equal 134217728
test/01_unit/os/kernel/loader/stack_builder_spec.spl	checked builder rejected an exactly sized frame
test/01_unit/os/kernel/loader/stack_builder_spec.spl	expected StackBuildError::ArithmeticOverflow to equal StackBuildError::FrameTooLarge
test/01_unit/os/kernel/loader/stack_builder_spec.spl	checked builder rejected complete AT_RANDOM entropy
test/01_unit/os/kernel/loader/stack_builder_spec.spl	checked builder rejected an explicitly minimal auxv
test/01_unit/os/kernel/loader/stack_builder_spec.spl	checked builder rejected a valid complete frame
test/01_unit/os/kernel/loader/stack_builder_spec.spl	checked builder rejected a bounded 64/128 launch frame
test/01_unit/os/kernel/loader/stack_builder_spec.spl	semantic: method `not_to_contain` not found on type `str` (receiver value: # Kernel User-Stack Builder — SysV Initial Stack Frame
test/01_unit/os/kernel/loader/zstd_decompress_spec.spl	expected zstd frame header to contain codec auto-detect failed
test/01_unit/os/kernel/types/capability_types_spec.spl	expected true to equal false
test/01_unit/runtime/argv_provider_source_contract_spec.spl	expected /*
test/01_unit/runtime/dir_walk_runtime_parity_source_spec.spl	expected #include "runtime.h"
test/01_unit/runtime/generic_runtime_spec.spl	semantic: nil is forbidden by the non-optional return contract of 'passthrough'
test/01_unit/runtime/http_runtime_abi_source_spec.spl	expected # JavaScript tree-walking interpreter for the Simple Browser Platform.
test/01_unit/runtime/http_runtime_abi_source_spec.spl	expected  to contain _rt_http_get(url).1
test/01_unit/runtime/process_run_timeout_provider_source_spec.spl	expected /*
test/01_unit/runtime/process_run_timeout_provider_source_spec.spl	semantic: variable `NULL` not found
test/01_unit/runtime/simple_core_process_contract_spec.spl	expected true to equal false
test/01_unit/runtime/terminal_runtime_abi_source_spec.spl	expected #!/bin/sh
test/01_unit/runtime/vulkan_compute_entry_provider_contract_spec.spl	expected """Vulkan FFI Dispatch — Static/Dynamic Dual-Path
test/01_unit/runtime/winit_buffer_honesty_spec.spl	semantic: unknown extern function: rt_winit_buffer_create
test/01_unit/runtime/winit_buffer_honesty_spec.spl	semantic: unknown extern function: rt_winit_buffer_create
test/01_unit/runtime/winit_buffer_honesty_spec.spl	semantic: unknown extern function: rt_winit_buffer_present
test/01_unit/runtime/winit_buffer_honesty_spec.spl	semantic: unknown extern function: rt_winit_buffer_present
test/01_unit/runtime/winit_buffer_honesty_spec.spl	semantic: unknown extern function: rt_winit_buffer_fill_rect
test/01_unit/runtime/winit_buffer_honesty_spec.spl	semantic: unknown extern function: rt_winit_buffer_read_pixel
test/01_unit/runtime/winit_buffer_honesty_spec.spl	semantic: unknown extern function: rt_winit_buffer_get_pixels
test/01_unit/runtime/winit_buffer_honesty_spec.spl	semantic: unknown extern function: rt_winit_buffer_free
test/01_unit/runtime/winit_buffer_honesty_spec.spl	semantic: unknown extern function: rt_winit_buffer_create
test/01_unit/std/feature_validation/codegen_spec.spl	expected codegen feature-validation probe (#100 / #95 / #96)
test/02_integration/app/loader_exec_memory_spec.spl	assert_true failed: got false
test/02_integration/compiler/advanced_types_spec.spl	expected  to contain Right
test/02_integration/compiler/advanced_types_spec.spl	stack overflow: recursion depth 1000 exceeded limit 1000 in function 'qualified_symbol_key'
test/02_integration/compiler/advanced_types_spec.spl	expected false to equal true
test/02_integration/compiler/advanced_types_spec.spl	expected false to equal true
test/02_integration/compiler/advanced_types_spec.spl	expected false to equal true
test/02_integration/compiler/advanced_types_spec.spl	expected false to equal true
test/02_integration/compiler/advanced_types_spec.spl	expected parse error in /tmp/sml_advanced_types_intersection_bad.spl (see [parser_error] output above) to contain Ampersand
test/02_integration/compiler/advanced_types_spec.spl	expected parse error in /tmp/sml_advanced_types_refinement_bad.spl (see [parser_error] output above) to contain Where
test/02_integration/compiler/backend/array_value_copy_native_spec.spl	expected /usr/bin/sh:1:build/tmp/array_value_copy_4176525/probe:notfound to equal 
test/02_integration/compiler/bootstrap_intensive_spec.spl	expected false to equal true
test/02_integration/compiler/bootstrap_llvm_call_dest_definition_spec.spl	semantic: method `first_unemitted_call_destination` not found on type `MirToLlvm`
test/02_integration/compiler/core_intensive_spec.spl	expected true to equal true
test/02_integration/compiler/core_intensive_spec.spl	semantic: method `has_column` not found on type `SdnRow`
test/02_integration/compiler/core_intensive_spec.spl	semantic: method `has_column` not found on type `SdnRow`
test/02_integration/compiler/driver/native_build_cache_second_build_hits_spec.spl	semantic: unknown extern function: rt_heap_ref_wellformed
test/02_integration/compiler/driver/native_build_frontend_cache_second_build_hits_spec.spl	expected 0 to equal 3
test/02_integration/compiler/driver/native_build_frontend_cache_second_build_hits_spec.spl	expected false to equal true
test/02_integration/compiler/driver/native_build_frontend_cache_second_build_hits_spec.spl	expected false to equal true
test/02_integration/compiler/driver/native_build_frontend_cache_second_build_hits_spec.spl	expected false to equal true
test/02_integration/compiler/driver/native_build_frontend_cache_second_build_hits_spec.spl	semantic: array index out of bounds: index is 0 but length is 0
test/02_integration/compiler/driver/native_build_hir_sharding_spec.spl	expected 0 to equal 3
test/02_integration/compiler/driver/native_build_hir_sharding_spec.spl	expected false to equal true
test/02_integration/compiler/driver/native_build_hir_streaming_sharding_spec.spl	expected false to equal true
test/02_integration/compiler/driver/native_build_parse_sharding_spec.spl	expected false to equal true
test/02_integration/compiler/driver/native_build_parse_sharding_spec.spl	expected false to equal true
test/02_integration/compiler/driver/native_build_parse_sharding_spec.spl	expected false to equal true
test/02_integration/compiler/driver/native_build_parse_sharding_spec.spl	expected false to equal true
test/02_integration/compiler/hir_method_call_receiver_payload_spec.spl	expected 1 to equal 0
test/02_integration/compiler/hir_method_call_receiver_payload_spec.spl	expected 1 to equal 0
test/02_integration/compiler/llvm_backend_e2e_spec.spl	expected /usr/bin/llc-20 to start with llc
test/02_integration/compiler/llvm_backend_e2e_spec.spl	expected x86-64-v1 to equal x86-64
test/02_integration/compiler/llvm_compiled_proof_spec.spl	semantic: function expects argument for parameter 'opt_level_i64', but none was provided
test/02_integration/compiler/llvm_compiled_proof_spec.spl	expected -1 to be greater than 8
test/02_integration/compiler/llvm_compiled_proof_spec.spl	expected -1 to be greater than 8
test/02_integration/compiler/llvm_native_link_spec.spl	expected false to equal true
test/02_integration/compiler/llvm_parity_spec.spl	semantic: function expects argument for parameter 'opt_level_i64', but none was provided
test/02_integration/compiler/llvm_parity_spec.spl	semantic: function expects argument for parameter 'opt_level_i64', but none was provided
test/02_integration/compiler/llvm_parity_spec.spl	semantic: function expects argument for parameter 'opt_level_i64', but none was provided
test/02_integration/compiler/llvm_parity_spec.spl	semantic: function expects argument for parameter 'opt_level_i64', but none was provided
test/02_integration/compiler/llvm_parity_spec.spl	semantic: function expects argument for parameter 'opt_level_i64', but none was provided
test/02_integration/compiler/llvm_parity_spec.spl	semantic: function expects argument for parameter 'opt_level_i64', but none was provided
test/02_integration/compiler/llvm_parity_spec.spl	semantic: function expects argument for parameter 'opt_level_i64', but none was provided
test/02_integration/compiler/mir/array_concat_assign_merge_native_spec.spl	expected /usr/bin/sh:1:build/tmp/array_concat_merge_2726/probe:notfound to equal 
test/02_integration/compiler/native_crossmodule_static_error_factory_spec.spl	expected STATUS: FAIL native-crossmodule-static-factory reason=compiler-missing path=bin/simple
test/02_integration/compiler/native_method_resolution_payload_enum_spec.spl	expected STATUS: FAIL native-method-resolution reason=compiler-missing path=bin/simple
test/02_integration/compiler/native_scalar_metadata_copy_spec.spl	expected STATUS: FAIL scalar-metadata-copy reason=compiler-missing-or-symlink
test/02_integration/compiler/phase2_low_memory_source_reclaim_probe_spec.spl	expected false to equal true
test/02_integration/compiler/static_method_desugar_spec.spl	expected # HIR Types - Core Types and Symbol Table
test/02_integration/compiler/unresolved_import_is_hard_error_spec.spl	expected phantom module import: `use arm64_auth_trust_config.` in src/os/kernel/loader/arm64_authenticated_media_fixture.spl (module exists nowhere reachable)
test/02_integration/compiler/unresolved_import_is_hard_error_spec.spl	expected phantom module import: `use arm64_auth_trust_config.` in src/os/kernel/loader/arm64_authenticated_media_fixture.spl (module exists nowhere reachable)
test/02_integration/compiler/vhdl_backend_e2e_spec.spl	expected false to equal true
test/02_integration/compiler/vhdl_backend_e2e_spec.spl	expected false to equal true
test/02_integration/compiler/vhdl_backend_e2e_spec.spl	expected false to equal true
test/02_integration/compiler/vhdl_backend_e2e_spec.spl	expected false to equal true
test/02_integration/compiler/vhdl_backend_e2e_spec.spl	expected false to equal true
test/02_integration/compiler/vhdl_backend_e2e_spec.spl	expected false to equal true
test/02_integration/compiler/vhdl_backend_e2e_spec.spl	expected false to equal true
test/02_integration/compiler/vhdl_backend_e2e_spec.spl	expected false to equal true
test/02_integration/compiler/vhdl_backend_e2e_spec.spl	expected false to equal true
test/02_integration/compiler/vhdl_backend_e2e_spec.spl	expected false to equal true
test/02_integration/compiler/vhdl_backend_e2e_spec.spl	expected false to equal true
test/02_integration/compiler/vhdl_backend_e2e_spec.spl	expected false to equal true
test/02_integration/compiler/vhdl_backend_e2e_spec.spl	semantic: called unwrap on Err: CompileError(phase: backend (vhdl), message: VHDL combinational local `arr_sig` must be a fixed scalar or record, location: nil, has_location: false)
test/02_integration/compiler/vhdl_backend_e2e_spec.spl	expected GHDL rejected backend-generated add VHDL to equal 
test/02_integration/compiler/vhdl_backend_e2e_spec.spl	expected GHDL synthesis failed for generated add entity to equal 
test/02_integration/compiler/vhdl_backend_e2e_spec.spl	expected GHDL simulation failed for generated add testbench to equal 
test/02_integration/compiler/vhdl_backend_e2e_spec.spl	expected GHDL rejected backend-generated package VHDL to equal 
test/02_integration/compiler/vhdl_backend_e2e_spec.spl	expected GHDL rejected backend-generated passthrough VHDL to equal 
test/02_integration/compiler/vhdl_backend_e2e_spec.spl	expected GHDL rejected backend-generated computed if process VHDL to equal 
test/02_integration/compiler/vhdl_backend_e2e_spec.spl	expected GHDL rejected backend-generated switch process VHDL to equal 
test/02_integration/compiler/wasm_e2e_spec.spl	semantic: function `CompileOptions` not found
test/02_integration/compiler/wasm_e2e_spec.spl	semantic: function `CompileOptions` not found
test/02_integration/compiler/wasm_e2e_spec.spl	semantic: function `CompileOptions` not found
test/02_integration/compiler/wasm_e2e_spec.spl	semantic: function `CompileOptions` not found
test/02_integration/runtime/cli_scalar_args_spec.spl	expected 1 to be greater than 1
test/02_integration/t32_hw/modes/interpreter_spec.spl	semantic: unknown extern function: rt_tcp_connect
test/02_integration/t32_hw/modes/interpreter_spec.spl	semantic: unknown extern function: rt_tcp_connect
test/02_integration/t32_hw/modes/interpreter_spec.spl	semantic: unknown extern function: rt_tcp_connect
test/02_integration/t32_hw/modes/interpreter_spec.spl	semantic: unknown extern function: rt_tcp_connect
test/02_integration/t32_hw/modes/interpreter_spec.spl	semantic: unknown extern function: rt_tcp_connect
test/03_system/app/compiler/feature/driver_synthetic_registration_live_spec.spl	expected -1 to equal 0
test/03_system/app/compiler/feature/driver_synthetic_registration_live_spec.spl	expected -1 to equal 0
test/03_system/app/compiler/feature/host_cpu_runtime_variants_spec.spl	expected false to equal true
test/03_system/app/compiler/feature/kairos_like_simple_mcp_llm_dashboard_spec.spl	semantic: invalid operation: cannot index value of type enum
test/03_system/app/compiler/feature/kairos_like_simple_mcp_llm_dashboard_spec.spl	semantic: invalid operation: cannot index value of type enum
test/03_system/app/compiler/feature/kairos_like_simple_mcp_llm_dashboard_spec.spl	semantic: invalid operation: cannot index value of type enum
test/03_system/app/compiler/feature/kairos_like_simple_mcp_llm_dashboard_spec.spl	semantic: invalid operation: cannot index value of type enum
test/03_system/app/compiler/feature/kairos_like_simple_mcp_llm_dashboard_spec.spl	semantic: invalid operation: cannot index value of type enum
test/03_system/app/compiler/feature/kairos_like_simple_mcp_llm_dashboard_spec.spl	semantic: invalid operation: cannot index value of type enum
test/03_system/app/compiler/feature/kairos_like_simple_mcp_llm_dashboard_spec.spl	semantic: invalid operation: cannot index value of type enum
test/03_system/app/compiler/feature/kairos_like_simple_mcp_llm_dashboard_spec.spl	semantic: invalid operation: cannot index value of type enum
test/03_system/app/compiler/feature/kairos_like_simple_mcp_llm_dashboard_spec.spl	semantic: invalid operation: cannot index value of type enum
test/03_system/app/compiler/feature/kairos_like_simple_mcp_llm_dashboard_spec.spl	semantic: invalid operation: cannot index value of type enum
test/03_system/app/compiler/feature/kairos_like_simple_mcp_llm_dashboard_spec.spl	semantic: invalid operation: cannot index value of type enum
test/03_system/app/compiler/feature/kairos_like_simple_mcp_llm_dashboard_spec.spl	semantic: invalid operation: cannot index value of type enum
test/03_system/app/compiler/feature/kairos_like_simple_mcp_llm_dashboard_spec.spl	semantic: invalid operation: cannot index value of type enum
test/03_system/app/compiler/feature/vhdl_python_hdl_parity_spec.spl	expected  to contain explicit diagnostics; compatibility parsing must not be documented as pure-Simple ownership
test/03_system/compiler/backend_system_spec.spl	expected -1 to equal 0
test/03_system/compiler/backend_system_spec.spl	expected  to equal exact output test
test/03_system/compiler/backend_system_spec.spl	expected  to equal 42
test/03_system/compiler/backend_system_spec.spl	expected  to equal hello world
test/03_system/compiler/backend_system_spec.spl	expected  to contain line three
test/03_system/compiler/backend_system_spec.spl	expected  to equal 55
test/03_system/compiler/bootstrap_stage3_real_body_spec.spl	semantic: variable `mkdir_code` not found
test/03_system/compiler/c_parser_spec.spl	expected false to equal true
test/03_system/compiler/c_parser_spec.spl	expected false to equal true
test/03_system/compiler/c_parser_spec.spl	expected false to equal true
test/03_system/compiler/c_parser_spec.spl	expected false to equal true
test/03_system/compiler/c_parser_spec.spl	expected false to equal true
test/03_system/compiler/c_parser_spec.spl	expected false to equal true
test/03_system/compiler/c_parser_spec.spl	expected false to equal true
test/03_system/compiler/c_parser_spec.spl	expected false to equal true
test/03_system/compiler/c_parser_spec.spl	expected false to equal true
test/03_system/compiler/c_parser_spec.spl	expected false to equal true
test/03_system/compiler/c_parser_spec.spl	expected false to equal true
test/03_system/compiler/c_parser_spec.spl	expected false to equal true
test/03_system/compiler/c_parser_spec.spl	expected false to equal true
test/03_system/compiler/c_parser_spec.spl	expected false to equal true
test/03_system/compiler/c_parser_spec.spl	expected false to equal true
test/03_system/compiler/c_parser_spec.spl	expected false to equal true
test/03_system/compiler/c_parser_spec.spl	expected false to equal true
test/03_system/compiler/c_parser_spec.spl	expected false to equal true
test/03_system/compiler/c_parser_spec.spl	expected false to equal true
test/03_system/compiler/c_parser_spec.spl	expected false to equal true
test/03_system/compiler/c_parser_spec.spl	expected false to equal true
test/03_system/compiler/c_parser_spec.spl	expected false to equal true
test/03_system/compiler/c_parser_spec.spl	expected false to equal true
test/03_system/compiler/c_parser_spec.spl	expected false to equal true
test/03_system/compiler/c_parser_spec.spl	expected false to equal true
test/03_system/compiler/c_parser_spec.spl	expected false to equal true
test/03_system/compiler/c_parser_spec.spl	expected false to equal true
test/03_system/compiler/c_parser_spec.spl	expected false to equal true
test/03_system/compiler/c_parser_spec.spl	expected false to equal true
test/03_system/compiler/c_parser_spec.spl	expected false to equal true
test/03_system/compiler/c_parser_spec.spl	expected false to equal true
test/03_system/compiler/c_parser_spec.spl	expected false to equal true
test/03_system/compiler/c_parser_spec.spl	expected false to equal true
test/03_system/compiler/c_parser_spec.spl	expected false to equal true
test/03_system/compiler/c_parser_spec.spl	expected false to equal true
test/03_system/compiler/compiler_full_spec.spl	expected false to equal true
test/03_system/compiler/compiler_full_spec.spl	semantic: function expects 2 argument(s), but more were provided
test/03_system/compiler/compiler_full_spec.spl	expected nil to equal 
test/03_system/compiler/compiler_full_spec.spl	expected native-build produced empty mir_modules (input: a.spl) — no modules loaded. Try adding an import (use std.text) or using the standard entry point. to contain only supports a single input path
test/03_system/compiler/compiler_full_spec.spl	semantic: class `JitInstantiatorConfig` has no field named `cache_dir`
test/03_system/compiler/compiler_import_alias_resolution_spec.spl	semantic: function `imported_symbol_local_name` not found
test/03_system/compiler/compiler_import_alias_resolution_spec.spl	semantic: function `imported_symbol_local_name` not found
test/03_system/compiler/compiler_interpret_pipeline_spec.spl	expected false to equal true
test/03_system/compiler/compiler_interpret_pipeline_spec.spl	expected false to equal true
test/03_system/compiler/compiler_interpret_pipeline_spec.spl	expected false to equal true
test/03_system/compiler/compiler_interpret_pipeline_spec.spl	expected false to equal true
test/03_system/compiler/compiler_interpret_pipeline_spec.spl	expected false to equal true
test/03_system/compiler/compiler_interpret_pipeline_spec.spl	expected false to equal true
test/03_system/compiler/compiler_interpret_pipeline_spec.spl	expected false to equal true
test/03_system/compiler/compiler_module_scoped_hir_lowering_spec.spl	expected # Driver - Compiler Driver Implementation
test/03_system/compiler/compiler_sample_spec.spl	semantic: cannot assign to const 'result'
test/03_system/compiler/compiler_services_system_spec.spl	semantic: method `len` not found on type `nil` (receiver value: nil)
test/03_system/compiler/compiler_services_system_spec.spl	semantic: method `len` not found on type `nil` (receiver value: nil)
test/03_system/compiler/compiler_services_system_spec.spl	semantic: method `len` not found on type `nil` (receiver value: nil)
test/03_system/compiler/compiler_services_system_spec.spl	semantic: method `len` not found on type `nil` (receiver value: nil)
test/03_system/compiler/controlflow_bool_codegen_regression_spec.spl	semantic: variable `write_out` not found
test/03_system/compiler/controlflow_bool_codegen_regression_spec.spl	semantic: variable `compile_code` not found
test/03_system/compiler/debug_sidecar_json_order_spec.spl	expected false to equal true
test/03_system/compiler/debug_sidecar_json_order_spec.spl	expected false to equal true
test/03_system/compiler/debug_sidecar_json_order_spec.spl	expected -1 to be less than -1
test/03_system/compiler/debug_sidecar_json_order_spec.spl	expected -1 to be less than -1
test/03_system/compiler/debug_sidecar_json_order_spec.spl	expected file not found (SA-3 not run yet): src/hardware/fpga_linux/fpga_linux_orchestrator.spl to equal 
test/03_system/compiler/debug_sidecar_json_order_spec.spl	expected -1 to be greater than -1
test/03_system/compiler/debug_sidecar_json_order_spec.spl	expected -1 to be greater than -1
test/03_system/compiler/debug_sidecar_json_order_spec.spl	expected -1 to be less than -1
test/03_system/compiler/debug_sidecar_json_order_spec.spl	expected -1 to be greater than -1
test/03_system/compiler/debug_sidecar_json_order_spec.spl	expected -1 to be less than -1
test/03_system/compiler/driver_api_external_facade_spec.spl	expected false to equal true
test/03_system/compiler/driver_api_external_facade_spec.spl	expected false to equal true
test/03_system/compiler/driver_api_external_facade_spec.spl	semantic: function expects 2 argument(s), but more were provided
test/03_system/compiler/driver_api_heavy_path_spec.spl	expected false to equal true
test/03_system/compiler/driver_api_heavy_path_spec.spl	expected false to equal true
test/03_system/compiler/driver_api_tier_policy_spec.spl	expected false to equal true
test/03_system/compiler/driver_api_tier_policy_spec.spl	expected 0 to equal 8
test/03_system/compiler/driver_api_tier_policy_spec.spl	expected false to equal true
test/03_system/compiler/driver_api_tier_policy_spec.spl	expected false to equal true
test/03_system/compiler/driver_api_tier_policy_spec.spl	expected false to equal true
test/03_system/compiler/driver_synthetic_registration_live_spec.spl	expected -1 to equal 0
test/03_system/compiler/driver_synthetic_registration_live_spec.spl	expected -1 to equal 0
test/03_system/compiler/dynamic_driver_lsm_packaging_spec.spl	semantic: array index out of bounds: index is 0 but length is 0
test/03_system/compiler/fpga_linux_split_spec.spl	expected false to equal true
test/03_system/compiler/fpga_linux_split_spec.spl	expected false to equal true
test/03_system/compiler/fpga_linux_split_spec.spl	expected false to equal true
test/03_system/compiler/fpga_linux_split_spec.spl	expected file not found: src/hardware/fpga_linux/fpga_linux_orchestrator.spl to equal 
test/03_system/compiler/fpga_linux_split_spec.spl	expected file not found: src/hardware/fpga_linux/fpga_linux_data.spl to equal 
test/03_system/compiler/fpga_linux_split_spec.spl	expected file not found: src/hardware/fpga_linux/fpga_linux_manifest.spl to equal 
test/03_system/compiler/fpga_linux_split_spec.spl	expected false to equal true
test/03_system/compiler/fpga_linux_split_spec.spl	expected false to equal true
test/03_system/compiler/fpga_linux_split_spec.spl	expected false to equal true
test/03_system/compiler/fpga_linux_split_spec.spl	expected false to equal true
test/03_system/compiler/fpga_linux_split_spec.spl	expected false to equal true
test/03_system/compiler/fpga_linux_split_spec.spl	expected false to equal true
test/03_system/compiler/fv2_riscv_dual_track_readiness_spec.spl	expected STATUS: PASS riscv-fpga-sidecar-contract self-test — 8 fixture(s) checked
test/03_system/compiler/fv2_riscv_dual_track_readiness_spec.spl	expected true to equal false
test/03_system/compiler/hip_backend_cli_smoke_spec.spl	expected nil to contain return;
test/03_system/compiler/hip_backend_cli_smoke_spec.spl	expected nil to contain return;
test/03_system/compiler/i64_interpolation_engine_parity_spec.spl	assert_true failed: got false
test/03_system/compiler/i64_interpolation_engine_parity_spec.spl	assert_equal failed: expected 9223372036854775807, got 
test/03_system/compiler/i64_interpolation_engine_parity_spec.spl	assert_equal failed: expected -9223372036854775808, got 
test/03_system/compiler/i64_interpolation_engine_parity_spec.spl	assert_equal failed: expected 4611686018427387904, got 
test/03_system/compiler/i64_interpolation_engine_parity_spec.spl	assert_equal failed: expected 1152921504606846976, got 
test/03_system/compiler/import_c_defines_spec.spl	expected false to equal true
test/03_system/compiler/import_c_defines_spec.spl	expected false to equal true
test/03_system/compiler/import_c_defines_spec.spl	expected false to equal true
test/03_system/compiler/import_c_defines_spec.spl	expected false to equal true
test/03_system/compiler/import_c_defines_spec.spl	expected false to equal true
test/03_system/compiler/import_c_defines_spec.spl	expected false to equal true
test/03_system/compiler/import_c_defines_spec.spl	expected false to equal true
test/03_system/compiler/import_c_defines_spec.spl	expected false to equal true
test/03_system/compiler/import_c_defines_spec.spl	expected false to equal true
test/03_system/compiler/import_c_defines_spec.spl	expected false to equal true
test/03_system/compiler/import_c_defines_spec.spl	expected false to equal true
test/03_system/compiler/import_c_defines_spec.spl	expected false to equal true
test/03_system/compiler/import_c_defines_spec.spl	expected false to equal true
test/03_system/compiler/import_c_defines_spec.spl	expected false to equal true
test/03_system/compiler/import_c_defines_spec.spl	expected false to equal true
test/03_system/compiler/import_c_defines_spec.spl	expected false to equal true
test/03_system/compiler/import_c_defines_spec.spl	expected false to equal true
test/03_system/compiler/import_c_match_spec.spl	expected false to equal true
test/03_system/compiler/import_c_match_spec.spl	expected false to equal true
test/03_system/compiler/import_c_match_spec.spl	expected false to equal true
test/03_system/compiler/import_c_match_spec.spl	expected false to equal true
test/03_system/compiler/lean_verification_workflow_spec.spl	semantic: invalid assignment: cannot reassign to immutable variable 'opts'
test/03_system/compiler/lean_verify_cli_spec.spl	expected WARNING: this Rust-built Simple binary is a bootstrap seed only; do not use it as the normal tool.
test/03_system/compiler/lean_verify_cli_spec.spl	expected WARNING: this Rust-built Simple binary is a bootstrap seed only; do not use it as the normal tool.
test/03_system/compiler/lean_verify_cli_spec.spl	expected WARNING: this Rust-built Simple binary is a bootstrap seed only; do not use it as the normal tool.
test/03_system/compiler/lean_verify_cli_spec.spl	expected WARNING: this Rust-built Simple binary is a bootstrap seed only; do not use it as the normal tool.
test/03_system/compiler/module_import/module_loader_e2e_spec.spl	expected  to equal hello from module
test/03_system/compiler/module_import/module_loader_e2e_spec.spl	expected  to equal 42
test/03_system/compiler/module_import/module_loader_e2e_spec.spl	expected  to contain 12
test/03_system/compiler/module_import/module_loader_e2e_spec.spl	expected  to equal Hello, World!
test/03_system/compiler/module_import/module_loader_e2e_spec.spl	expected  to equal 20
test/03_system/compiler/module_import/module_loader_e2e_spec.spl	expected  to contain 200
test/03_system/compiler/module_import/module_loader_e2e_spec.spl	expected  to equal 120
test/03_system/compiler/module_import/module_system_spec.spl	expected  to equal pong
test/03_system/compiler/module_import/module_system_spec.spl	expected  to contain bar
test/03_system/compiler/module_import/module_system_spec.spl	expected  to equal 49
test/03_system/compiler/module_import/module_system_spec.spl	expected  to equal 7
test/03_system/compiler/module_import/module_system_spec.spl	expected  to equal 25
test/03_system/compiler/module_import/module_system_spec.spl	expected  to contain line2
test/03_system/compiler/native_backend_e2e_system_spec.spl	expected  to equal 5
test/03_system/compiler/native_backend_e2e_system_spec.spl	expected  to equal 3
test/03_system/compiler/native_backend_e2e_system_spec.spl	expected  to contain positive
test/03_system/compiler/native_backend_e2e_system_spec.spl	expected  to equal 42
test/03_system/compiler/native_backend_e2e_system_spec.spl	expected  to equal two
test/03_system/compiler/native_backend_e2e_system_spec.spl	expected -1 to be greater than 0
test/03_system/compiler/native_backend_e2e_system_spec.spl	expected -1 to be greater than 0
test/03_system/compiler/native_cli_mode_transport_regression_spec.spl	expected # CLI compile — target backends (simpleos/c/cuda/opencl/vhdl/native)
test/03_system/compiler/native_cross_module_class_field_layout_regression_spec.spl	expected  to equal 84
test/03_system/compiler/native_cross_module_class_field_layout_regression_spec.spl	expected  to equal 84
test/03_system/compiler/native_crossmodule_static_error_factory_spec.spl	expected STATUS: FAIL native-crossmodule-static-factory reason=compiler-missing path=bin/simple
test/03_system/compiler/native_crossmodule_static_error_factory_spec.spl	expected STATUS: FAIL native-crossmodule-static-factory reason=compiler-missing path=bin/simple
test/03_system/compiler/native_crossmodule_static_error_factory_spec.spl	expected true to equal false
test/03_system/compiler/native_method_resolution_payload_enum_spec.spl	expected STATUS: FAIL native-method-resolution reason=compiler-missing path=bin/simple
test/03_system/compiler/native_method_resolution_payload_enum_spec.spl	expected STATUS: FAIL native-method-resolution reason=compiler-missing path=bin/simple
test/03_system/compiler/native_method_resolution_payload_enum_spec.spl	expected STATUS: FAIL native-method-resolution reason=compiler-missing path=bin/simple
test/03_system/compiler/native_method_resolution_payload_enum_spec.spl	expected STATUS: FAIL native-method-resolution reason=compiler-missing path=bin/simple
test/03_system/compiler/native_method_resolution_payload_enum_spec.spl	expected true to equal false
test/03_system/compiler/native_module_namespace_call_regression_spec.spl	expected  to equal 42
test/03_system/compiler/native_platform_path_owner_regression_spec.spl	expected  to equal 42
test/03_system/compiler/native_same_name_has_dispatch_regression_spec.spl	expected compile-failed:env: ‘bin/simple’: No such file or directory
test/03_system/compiler/native_scalar_metadata_copy_spec.spl	expected STATUS: FAIL scalar-metadata-copy reason=compiler-missing-or-symlink
test/03_system/compiler/native_scalar_metadata_copy_spec.spl	expected STATUS: FAIL scalar-metadata-copy reason=compiler-missing-or-symlink
test/03_system/compiler/native_scalar_metadata_copy_spec.spl	expected true to equal false
test/03_system/compiler/native_struct_field_access_regression_spec.spl	expected  to equal A
test/03_system/compiler/opencl_backend_cli_smoke_spec.spl	expected nil to contain return;
test/03_system/compiler/opencl_backend_cli_smoke_spec.spl	expected nil to contain return;
test/03_system/compiler/parser_improvements_spec.spl	vacuous expect: expect(...) was never consumed by a matcher — chain .to_equal(...)/.to_contain(...) or use assert_true(...)
test/03_system/compiler/parser_spec.spl	semantic: enum `Expected` not found in this scope
test/03_system/compiler/phase2_low_memory_bridge_admission_contract_spec.spl	expected use compiler.driver.driver.{compiler_driver_create, compiler_driver_run_compile}
test/03_system/compiler/phase2_low_memory_bridge_admission_contract_spec.spl	expected -1 to be greater than -1
test/03_system/compiler/pure_simple_vhdl_source_of_truth_spec.spl	expected pure VHDL output was not created to equal 
test/03_system/compiler/pure_simple_vhdl_source_of_truth_spec.spl	expected pure VHDL output was not created to equal 
test/03_system/compiler/pure_simple_vhdl_source_of_truth_spec.spl	expected pure VHDL output was not created to equal 
test/03_system/compiler/pure_simple_vhdl_source_of_truth_spec.spl	expected pure VHDL output was not created to equal 
test/03_system/compiler/pure_simple_vhdl_source_of_truth_spec.spl	expected pure VHDL output was not created to equal 
test/03_system/compiler/pure_simple_vhdl_source_of_truth_spec.spl	expected pure VHDL output was not created to equal 
test/03_system/compiler/pure_simple_vhdl_source_of_truth_spec.spl	expected pure VHDL output was not created to equal 
test/03_system/compiler/pure_simple_vhdl_source_of_truth_spec.spl	expected GHDL rejected explicit helper VHDL to equal 
test/03_system/compiler/pure_simple_vhdl_source_of_truth_spec.spl	expected pure VHDL output was not created to equal 
test/03_system/compiler/pure_simple_vhdl_source_of_truth_spec.spl	expected pure VHDL output was not created to equal 
test/03_system/compiler/pure_simple_vhdl_source_of_truth_spec.spl	expected pure VHDL output was not created to equal 
test/03_system/compiler/pure_simple_vhdl_source_of_truth_spec.spl	expected pure VHDL output was not created to equal 
test/03_system/compiler/pure_simple_vhdl_source_of_truth_spec.spl	expected pure VHDL output was not created to equal 
test/03_system/compiler/pure_simple_vhdl_source_of_truth_spec.spl	expected pure VHDL output was not created to equal 
test/03_system/compiler/pure_simple_vhdl_source_of_truth_spec.spl	expected GHDL rejected pure concat VHDL to equal 
test/03_system/compiler/pure_simple_vhdl_source_of_truth_spec.spl	expected pure VHDL output was not created to equal 
test/03_system/compiler/pure_simple_vhdl_source_of_truth_spec.spl	expected GHDL synth rejected pure full_add VHDL to equal 
test/03_system/compiler/pure_simple_vhdl_source_of_truth_spec.spl	expected GHDL synth rejected pure caller/callee VHDL to equal 
test/03_system/compiler/pure_simple_vhdl_source_of_truth_spec.spl	expected failed pure VHDL compile left stale output artifact to equal 
test/03_system/compiler/pure_simple_vhdl_source_of_truth_spec.spl	expected pure VHDL output was not created to equal 
test/03_system/compiler/rtl_mdsoc_byte_equal_spec.spl	expected true to equal false
test/03_system/compiler/rtl_mdsoc_byte_equal_spec.spl	expected true to equal false
test/03_system/compiler/rtl_mdsoc_byte_equal_spec.spl	expected true to equal false
test/03_system/compiler/rtl_mdsoc_byte_equal_spec.spl	expected true to equal false
test/03_system/compiler/rtl_mdsoc_capsule_boundary_spec.spl	expected false to equal true
test/03_system/compiler/rtl_mdsoc_capsule_boundary_spec.spl	expected false to equal true
test/03_system/compiler/rtl_mdsoc_capsule_boundary_spec.spl	expected false to equal true
test/03_system/compiler/rtl_mdsoc_capsule_boundary_spec.spl	expected false to equal true
test/03_system/compiler/rtl_mdsoc_capsule_boundary_spec.spl	expected false to equal true
test/03_system/compiler/rtl_mdsoc_capsule_boundary_spec.spl	expected false to equal true
test/03_system/compiler/rtl_mdsoc_capsule_boundary_spec.spl	expected false to equal true
test/03_system/compiler/rtl_mdsoc_capsule_boundary_spec.spl	expected false to equal true
test/03_system/compiler/rtl_mdsoc_capsule_boundary_spec.spl	expected false to equal true
test/03_system/compiler/rtl_mdsoc_capsule_boundary_spec.spl	expected false to equal true
test/03_system/compiler/rtl_mdsoc_capsule_boundary_spec.spl	expected false to equal true
test/03_system/compiler/rtl_mdsoc_capsule_boundary_spec.spl	expected false to equal true
test/03_system/compiler/rtl_mdsoc_capsule_boundary_spec.spl	expected false to equal true
test/03_system/compiler/rtl_mdsoc_capsule_boundary_spec.spl	expected false to equal true
test/03_system/compiler/rtl_mdsoc_capsule_boundary_spec.spl	expected false to equal true
test/03_system/compiler/rtl_mdsoc_capsule_boundary_spec.spl	expected false to equal true
test/03_system/compiler/rtl_mdsoc_capsule_boundary_spec.spl	expected false to equal true
test/03_system/compiler/rtl_mdsoc_capsule_boundary_spec.spl	expected false to equal true
test/03_system/compiler/rtl_mdsoc_capsule_boundary_spec.spl	expected false to equal true
test/03_system/compiler/rtl_mdsoc_capsule_boundary_spec.spl	expected false to equal true
test/03_system/compiler/rtl_mdsoc_capsule_boundary_spec.spl	expected false to equal true
test/03_system/compiler/rtl_mdsoc_plugin_stubs_spec.spl	expected false to equal true
test/03_system/compiler/rtl_mdsoc_plugin_stubs_spec.spl	expected false to equal true
test/03_system/compiler/rtl_mdsoc_plugin_stubs_spec.spl	expected false to equal true
test/03_system/compiler/rtl_mdsoc_plugin_stubs_spec.spl	expected false to equal true
test/03_system/compiler/rtl_mdsoc_plugin_stubs_spec.spl	expected false to equal true
test/03_system/compiler/rtl_mdsoc_plugin_stubs_spec.spl	expected false to equal true
test/03_system/compiler/rtl_mdsoc_plugin_stubs_spec.spl	expected false to equal true
test/03_system/compiler/rtl_mdsoc_plugin_stubs_spec.spl	expected false to equal true
test/03_system/compiler/rtl_mdsoc_plugin_stubs_spec.spl	expected false to equal true
test/03_system/compiler/rtl_mdsoc_plugin_stubs_spec.spl	expected false to equal true
test/03_system/compiler/rtl_mdsoc_plugin_stubs_spec.spl	expected false to equal true
test/03_system/compiler/rtl_mdsoc_plugin_stubs_spec.spl	expected false to equal true
test/03_system/compiler/rtl_mdsoc_plugin_stubs_spec.spl	expected false to equal true
test/03_system/compiler/rtl_mdsoc_plugin_stubs_spec.spl	expected false to equal true
test/03_system/compiler/rtl_mdsoc_plugin_stubs_spec.spl	expected false to equal true
test/03_system/compiler/rtl_mdsoc_plugin_stubs_spec.spl	expected false to equal true
test/03_system/compiler/rtl_mdsoc_plugin_stubs_spec.spl	expected false to equal true
test/03_system/compiler/rtl_mdsoc_plugin_stubs_spec.spl	expected false to equal true
test/03_system/compiler/rtl_mdsoc_plugin_stubs_spec.spl	expected false to equal true
test/03_system/compiler/rtl_mdsoc_plugin_stubs_spec.spl	expected false to equal true
test/03_system/compiler/scalar_interpolation_engine_parity_sweep_spec.spl	assert_true failed: got false
test/03_system/compiler/scalar_interpolation_engine_parity_sweep_spec.spl	assert_true failed: got false
test/03_system/compiler/scalar_interpolation_engine_parity_sweep_spec.spl	assert_true failed: got false
test/03_system/compiler/severity_spec.spl	semantic: method `name` not found on type `dict` (receiver value: {Severity: <enum:Severity>, Severity__Error: Severity::Error, Severity__Help: Severity::Help, Severity__Info: Severity::Info, Severity__Note: Severity::Note, Severity__Warning: Severity::Warning, Seve)
test/03_system/compiler/sffi_v2_p0_fail_closed_spec.spl	expected 
test/03_system/compiler/sffi_v2_p0_fail_closed_spec.spl	expected  to contain UNIT_OK
test/03_system/compiler/sffi_v2_p0_fail_closed_spec.spl	expected  to contain NONE_OK
test/03_system/compiler/sffi_v2_p0_fail_closed_spec.spl	expected 
test/03_system/compiler/simple_smf_format_validity_spec.spl	expected false to equal true
test/03_system/compiler/simple_smf_format_validity_spec.spl	semantic: array index out of bounds: index is 0 but length is 0
test/03_system/compiler/simple_smf_format_validity_spec.spl	expected false to equal true
test/03_system/compiler/simple_smf_format_validity_spec.spl	expected false to equal true
test/03_system/compiler/simple_smf_format_validity_spec.spl	semantic: called unwrap on Err: SMF data too small: 0 bytes
test/03_system/compiler/simple_smf_format_validity_spec.spl	semantic: called unwrap on Err: SMF data too small: 0 bytes
test/03_system/compiler/simple_smf_format_validity_spec.spl	semantic: called unwrap on Err: SMF data too small: 0 bytes
test/03_system/compiler/simple_smf_format_validity_spec.spl	semantic: array index out of bounds: index is 0 but length is 0
test/03_system/compiler/simple_smf_format_validity_spec.spl	expected false to equal true
test/03_system/compiler/simple_smf_format_validity_spec.spl	semantic: called unwrap on Err: SMF data too small: 0 bytes
test/03_system/compiler/simple_smf_format_validity_spec.spl	semantic: called unwrap on Err: SMF data too small: 0 bytes
test/03_system/compiler/simple_smf_format_validity_spec.spl	semantic: called unwrap on Err: SMF data too small: 0 bytes
test/03_system/compiler/simple_smf_format_validity_spec.spl	semantic: called unwrap on Err: SMF data too small: 0 bytes
test/03_system/compiler/simple_smf_format_validity_spec.spl	semantic: called unwrap on Err: SMF data too small: 0 bytes
test/03_system/compiler/string_codegen_regression_spec.spl	expected 127 to equal 0
test/03_system/compiler/string_codegen_regression_spec.spl	expected false to equal true
test/03_system/compiler/string_codegen_regression_spec.spl	expected 127 to equal 0
test/03_system/compiler/string_codegen_regression_spec.spl	expected false to equal true
test/03_system/compiler/string_codegen_regression_spec.spl	expected false to equal true
test/03_system/compiler/string_codegen_regression_spec.spl	expected false to equal true
test/03_system/compiler/string_codegen_regression_spec.spl	expected false to equal true
test/03_system/compiler/string_codegen_regression_spec.spl	expected false to equal true
test/03_system/compiler/string_codegen_regression_spec.spl	expected false to equal true
test/03_system/compiler/string_codegen_regression_spec.spl	expected false to equal true
test/03_system/compiler/string_codegen_regression_spec.spl	expected  to equal ab
test/03_system/compiler/trait_default_cross_module_codegen_regression_spec.spl	semantic: variable `mkdir_code` not found
test/03_system/compiler/trait_default_cross_module_codegen_regression_spec.spl	semantic: variable `run_code` not found
test/03_system/compiler/trait_default_cross_module_codegen_regression_spec.spl	semantic: variable `compile_out` not found
test/03_system/compiler/vhdl_backend_cli_smoke_spec.spl	semantic: method `len` not found on type `nil` (receiver value: nil)
test/03_system/compiler/vhdl_backend_cli_smoke_spec.spl	semantic: method `len` not found on type `nil` (receiver value: nil)
test/03_system/compiler/vhdl_source_facade_spec.spl	expected library ieee;
test/03_system/compiler/vhdl_source_facade_spec.spl	expected library ieee;
test/03_system/compiler/vhdl_source_facade_spec.spl	expected GHDL rejected payload-free enum VHDL to equal 
test/03_system/compiler/vhdl_source_facade_spec.spl	expected library ieee;
test/03_system/compiler/vhdl_source_facade_spec.spl	expected compile delegation loop detected: external fallback resolves to this same CLI; backend=vhdl not supported in-process to contain VHDL backend unsupported type id
test/03_system/compiler/vhdl_source_facade_spec.spl	expected {
test/03_system/feature/compiler/pure_simple_stage_sanity_spec.spl	expected  to equal 5
test/03_system/feature/compiler/pure_simple_stage_sanity_spec.spl	expected  to equal 5
test/03_system/feature/compiler/sample/python_inspired_sample/functions_spec.spl	semantic: BDD block expected a block or lambda, got int; the body was not executed. This is usually a named argument (e.g. `tag:`) occupying the block position.
test/03_system/feature/compiler/sample/python_inspired_sample/functions_spec.spl	semantic: BDD block expected a block or lambda, got text; the body was not executed. This is usually a named argument (e.g. `tag:`) occupying the block position.
test/03_system/feature/compiler/storage_layout_custom_native_execution_spec.spl	semantic: type mismatch: unsupported cast target type: Function { params: [Simple("i64"), Simple("i64"), Simple("i64")], ret: Some(Simple("i64")) }
test/03_system/feature/features/parser/parser_declarations_spec.spl	expected fail: WARNING: this Rust-built Simple binary is a bootstrap seed only; do not use it as the normal tool.
test/03_system/feature/features/parser/parser_declarations_spec.spl	expected fail: WARNING: this Rust-built Simple binary is a bootstrap seed only; do not use it as the normal tool.
test/03_system/feature/features/parser/parser_declarations_spec.spl	expected fail: missing expected metadata rejection to equal skip: spipe-metadata-not-compiler-attribute
test/03_system/feature/features/parser/parser_deprecation_warnings_spec.spl	expected subject to be truthy, got false
test/03_system/feature/features/parser/parser_deprecation_warnings_spec.spl	expected subject to be truthy, got false
test/03_system/feature/features/parser/parser_deprecation_warnings_spec.spl	expected subject to be truthy, got false
test/03_system/feature/features/parser/parser_deprecation_warnings_spec.spl	expected subject to be truthy, got false
test/03_system/feature/features/parser/parser_deprecation_warnings_spec.spl	expected subject to be truthy, got false
test/03_system/feature/features/parser/parser_deprecation_warnings_spec.spl	expected subject to be truthy, got false
test/03_system/feature/features/parser/parser_deprecation_warnings_spec.spl	expected 0 >= 2 to hold
test/03_system/feature/features/parser/parser_deprecation_warnings_spec.spl	expected 0 >= 5 to hold
test/03_system/feature/features/parser/parser_deprecation_warnings_spec.spl	expected subject to be truthy, got false
test/03_system/feature/features/parser/parser_deprecation_warnings_spec.spl	expected subject to be truthy, got false
test/03_system/feature/features/parser/parser_deprecation_warnings_spec.spl	expected 0 >= 1 to hold
test/03_system/feature/features/parser/parser_deprecation_warnings_spec.spl	expected subject to be truthy, got false
test/03_system/feature/features/parser/parser_deprecation_warnings_spec.spl	expected subject to be truthy, got false
test/03_system/feature/features/parser/parser_deprecation_warnings_spec.spl	expected 0 >= 2 to hold
test/03_system/feature/features/parser/parser_deprecation_warnings_spec.spl	expected subject to be truthy, got false
test/03_system/feature/interpreter/runtime_error_stack_spec.spl	expected subject to be truthy, got false
test/03_system/feature/interpreter/sample/python_inspired_sample/control_flow_spec.spl	expected nil to equal other
test/03_system/feature/js/interpreter_vars_spec.spl	expected undefined to equal 42
test/03_system/feature/js/interpreter_vars_spec.spl	expected undefined to equal 99
test/03_system/feature/js/interpreter_vars_spec.spl	semantic: variable `x` not found
test/03_system/feature/js/interpreter_vars_spec.spl	semantic: variable `a` not found
test/03_system/feature/js/interpreter_vars_spec.spl	expected 0 to equal 3
test/03_system/feature/js/interpreter_vars_spec.spl	expected 8333 to equal 5
test/03_system/feature/js/interpreter_vars_spec.spl	expected false to equal true
test/03_system/feature/plugin/runtime_api_plugin_spec.spl	expected false to equal true
test/03_system/feature/plugin/runtime_api_plugin_spec.spl	expected false to equal true
test/03_system/feature/plugin/runtime_api_plugin_spec.spl	expected false to equal true
test/03_system/feature/plugin/runtime_api_plugin_spec.spl	expected 0 to equal 9
test/03_system/feature/plugin/runtime_api_plugin_spec.spl	expected 0 to equal 2000000
test/03_system/feature/plugin/runtime_api_plugin_spec.spl	expected 0.0 to equal 2.0
test/03_system/feature/plugin/runtime_api_plugin_spec.spl	expected 0.0 to equal 9.0
test/03_system/feature/usage/parser_error_recovery_spec.spl	semantic: function `read_file` not found
test/03_system/feature/usage/parser_error_recovery_spec.spl	semantic: function `read_file` not found
test/03_system/feature/usage/parser_operators_spec.spl	expected 1 to be less than true
test/03_system/feature/usage/parser_type_annotations_spec.spl	expected 41 to equal 42
test/03_system/interpreter/interp_value_semantics_b35_spec.spl	expected 42 to equal 777
test/03_system/interpreter/interp_value_semantics_b35_spec.spl	expected 4 to equal 3
test/03_system/interpreter/interpreter_bugs_spec.spl	vacuous expect: expect(...) was never consumed by a matcher — chain .to_equal(...)/.to_contain(...) or use assert_true(...)
test/03_system/interpreter/interpreter_regression_spec.spl	semantic: variable `value` not found
test/03_system/interpreter/nested_fn_captures_block_local_spec.spl	semantic: variable `buf` not found
test/03_system/interpreter/nested_fn_captures_block_local_spec.spl	semantic: variable `base` not found
test/03_system/interpreter/nested_fn_captures_block_local_spec.spl	semantic: variable `lo` not found
test/03_system/quality/code_quality/runtime_backend_boundaries_audit_spec.spl	expected  to contain "portable_lib_forbidden_posix_linux_import_count": 1
test/03_system/tools/lsp/compiler_00_15_lsp_spec.spl	semantic: nil is forbidden by the non-optional return contract of 'file_mmap_read_text'
test/03_system/tools/lsp/compiler_00_15_lsp_spec.spl	semantic: nil is forbidden by the non-optional return contract of 'file_mmap_read_text'
test/03_system/tools/lsp/compiler_00_15_lsp_spec.spl	semantic: nil is forbidden by the non-optional return contract of 'file_mmap_read_text'
test/03_system/tools/lsp/compiler_20_35_lsp_spec.spl	semantic: nil is forbidden by the non-optional return contract of 'file_mmap_read_text'
test/03_system/tools/lsp/compiler_20_35_lsp_spec.spl	semantic: nil is forbidden by the non-optional return contract of 'file_mmap_read_text'
test/03_system/tools/lsp/compiler_20_35_lsp_spec.spl	semantic: nil is forbidden by the non-optional return contract of 'file_mmap_read_text'
test/03_system/tools/lsp/compiler_40_60_lsp_spec.spl	semantic: nil is forbidden by the non-optional return contract of 'file_mmap_read_text'
test/03_system/tools/lsp/compiler_40_60_lsp_spec.spl	semantic: nil is forbidden by the non-optional return contract of 'file_mmap_read_text'
test/03_system/tools/lsp/compiler_40_60_lsp_spec.spl	semantic: nil is forbidden by the non-optional return contract of 'file_mmap_read_text'
test/03_system/tools/lsp/compiler_70_lsp_spec.spl	semantic: nil is forbidden by the non-optional return contract of 'file_mmap_read_text'
test/03_system/tools/lsp/compiler_80_99_lsp_spec.spl	semantic: nil is forbidden by the non-optional return contract of 'file_mmap_read_text'
test/03_system/tools/lsp/compiler_80_99_lsp_spec.spl	semantic: nil is forbidden by the non-optional return contract of 'file_mmap_read_text'
test/03_system/tools/lsp/compiler_80_99_lsp_spec.spl	semantic: nil is forbidden by the non-optional return contract of 'file_mmap_read_text'
test/05_perf/compiler_loader_script_crosslang_perf_spec.spl	expected # Minimal SFFI Declarations for Simple Runtime
test/feature/plugin/runtime_api_plugin_spec.spl	expected false to equal true
test/feature/plugin/runtime_api_plugin_spec.spl	expected false to equal true
test/feature/plugin/runtime_api_plugin_spec.spl	expected false to equal true
test/feature/plugin/runtime_api_plugin_spec.spl	expected 0 to equal 9
test/feature/plugin/runtime_api_plugin_spec.spl	expected 0 to equal 2000000
test/feature/plugin/runtime_api_plugin_spec.spl	expected 0.0 to equal 2.0
test/feature/plugin/runtime_api_plugin_spec.spl	expected 0.0 to equal 9.0
test/feature/usage/parser_declarations_spec.spl	semantic: function `step` not found
test/feature/usage/parser_declarations_spec.spl	semantic: function `step` not found
test/feature/usage/parser_declarations_spec.spl	semantic: function `step` not found
test/feature/usage/parser_declarations_spec.spl	semantic: function `step` not found
test/feature/usage/parser_declarations_spec.spl	semantic: function `step` not found
test/feature/usage/parser_declarations_spec.spl	semantic: function `step` not found
test/feature/usage/parser_declarations_spec.spl	semantic: function `step` not found
test/feature/usage/parser_declarations_spec.spl	semantic: function `step` not found
test/feature/usage/parser_declarations_spec.spl	semantic: function `step` not found
test/feature/usage/parser_declarations_spec.spl	semantic: function `step` not found
test/feature/usage/parser_declarations_spec.spl	semantic: function `step` not found
test/feature/usage/parser_declarations_spec.spl	semantic: function `step` not found
test/feature/usage/parser_declarations_spec.spl	semantic: function `step` not found
test/feature/usage/parser_declarations_spec.spl	semantic: function `step` not found
test/feature/usage/parser_declarations_spec.spl	semantic: function `step` not found
test/feature/usage/parser_declarations_spec.spl	semantic: function `step` not found
test/feature/usage/parser_declarations_spec.spl	semantic: function `step` not found
test/feature/usage/parser_declarations_spec.spl	semantic: function `step` not found
test/feature/usage/parser_declarations_spec.spl	semantic: function `step` not found
test/feature/usage/parser_declarations_spec.spl	semantic: function `step` not found
test/feature/usage/parser_declarations_spec.spl	semantic: function `step` not found
test/feature/usage/parser_declarations_spec.spl	semantic: function `step` not found
test/feature/usage/parser_declarations_spec.spl	semantic: function `step` not found
test/feature/usage/parser_declarations_spec.spl	semantic: function `step` not found
test/feature/usage/parser_declarations_spec.spl	semantic: function `step` not found
test/feature/usage/parser_declarations_spec.spl	semantic: function `step` not found
test/feature/usage/parser_declarations_spec.spl	semantic: function `step` not found
test/feature/usage/parser_declarations_spec.spl	semantic: function `step` not found
test/feature/usage/parser_declarations_spec.spl	semantic: function `step` not found
test/feature/usage/parser_declarations_spec.spl	semantic: function `step` not found
test/feature/usage/parser_declarations_spec.spl	semantic: function `step` not found
test/feature/usage/parser_declarations_spec.spl	semantic: function `step` not found
test/feature/usage/parser_declarations_spec.spl	semantic: function `step` not found
test/feature/usage/parser_declarations_spec.spl	semantic: function `step` not found
test/feature/usage/parser_declarations_spec.spl	semantic: function `step` not found
test/feature/usage/parser_declarations_spec.spl	semantic: function `step` not found
test/feature/usage/parser_declarations_spec.spl	semantic: function `step` not found
test/feature/usage/parser_declarations_spec.spl	semantic: function `step` not found
test/feature/usage/parser_error_recovery_spec.spl	semantic: function `read_file` not found
test/feature/usage/parser_error_recovery_spec.spl	semantic: function `read_file` not found
test/feature/usage/parser_type_annotations_spec.spl	expected 41 to equal 42
test/integration/app/loader_exec_memory_spec.spl	assert_true failed: got false
test/integration/compiler/advanced_types_spec.spl	expected false to equal true
test/integration/compiler/advanced_types_spec.spl	expected false to equal true
test/integration/compiler/advanced_types_spec.spl	expected false to equal true
test/integration/compiler/advanced_types_spec.spl	expected false to equal true
test/integration/compiler/advanced_types_spec.spl	expected parse error in /tmp/sml_advanced_types_intersection_bad.spl (see [parser_error] output above) to contain Ampersand
test/integration/compiler/advanced_types_spec.spl	expected parse error in /tmp/sml_advanced_types_refinement_bad.spl (see [parser_error] output above) to contain Where
test/integration/compiler/bootstrap_intensive_spec.spl	expected false to equal true
test/integration/compiler/core_intensive_spec.spl	expected true to equal true
test/integration/compiler/core_intensive_spec.spl	semantic: method `has_column` not found on type `SdnRow`
test/integration/compiler/core_intensive_spec.spl	semantic: method `has_column` not found on type `SdnRow`
test/integration/compiler/driver/native_build_frontend_cache_second_build_hits_spec.spl	expected 0 to equal 3
test/integration/compiler/driver/native_build_frontend_cache_second_build_hits_spec.spl	expected false to equal true
test/integration/compiler/driver/native_build_frontend_cache_second_build_hits_spec.spl	expected false to equal true
test/integration/compiler/driver/native_build_frontend_cache_second_build_hits_spec.spl	expected false to equal true
test/integration/compiler/driver/native_build_frontend_cache_second_build_hits_spec.spl	semantic: array index out of bounds: index is 0 but length is 0
test/integration/compiler/driver/native_build_hir_sharding_spec.spl	expected 0 to equal 3
test/integration/compiler/driver/native_build_hir_sharding_spec.spl	expected false to equal true
test/integration/compiler/driver/native_build_hir_streaming_sharding_spec.spl	expected false to equal true
test/integration/compiler/driver/native_build_parse_sharding_spec.spl	expected false to equal true
test/integration/compiler/driver/native_build_parse_sharding_spec.spl	expected false to equal true
test/integration/compiler/driver/native_build_parse_sharding_spec.spl	expected false to equal true
test/integration/compiler/driver/native_build_parse_sharding_spec.spl	expected false to equal true
test/integration/compiler/llvm_backend_e2e_spec.spl	expected /usr/bin/llc-20 to start with llc
test/integration/compiler/llvm_backend_e2e_spec.spl	expected x86-64-v1 to equal x86-64
test/integration/compiler/llvm_compiled_proof_spec.spl	semantic: function expects argument for parameter 'opt_level_i64', but none was provided
test/integration/compiler/llvm_compiled_proof_spec.spl	expected -1 to be greater than 8
test/integration/compiler/llvm_compiled_proof_spec.spl	expected -1 to be greater than 8
test/integration/compiler/llvm_native_link_spec.spl	expected false to equal true
test/integration/compiler/llvm_parity_spec.spl	semantic: function expects argument for parameter 'opt_level_i64', but none was provided
test/integration/compiler/llvm_parity_spec.spl	semantic: function expects argument for parameter 'opt_level_i64', but none was provided
test/integration/compiler/llvm_parity_spec.spl	semantic: function expects argument for parameter 'opt_level_i64', but none was provided
test/integration/compiler/llvm_parity_spec.spl	semantic: function expects argument for parameter 'opt_level_i64', but none was provided
test/integration/compiler/llvm_parity_spec.spl	semantic: function expects argument for parameter 'opt_level_i64', but none was provided
test/integration/compiler/llvm_parity_spec.spl	semantic: function expects argument for parameter 'opt_level_i64', but none was provided
test/integration/compiler/llvm_parity_spec.spl	semantic: function expects argument for parameter 'opt_level_i64', but none was provided
test/integration/compiler/vhdl_backend_e2e_spec.spl	expected false to equal true
test/integration/compiler/vhdl_backend_e2e_spec.spl	expected false to equal true
test/integration/compiler/vhdl_backend_e2e_spec.spl	expected false to equal true
test/integration/compiler/vhdl_backend_e2e_spec.spl	expected false to equal true
test/integration/compiler/vhdl_backend_e2e_spec.spl	expected false to equal true
test/integration/compiler/vhdl_backend_e2e_spec.spl	expected false to equal true
test/integration/compiler/vhdl_backend_e2e_spec.spl	expected false to equal true
test/integration/compiler/vhdl_backend_e2e_spec.spl	expected false to equal true
test/integration/compiler/vhdl_backend_e2e_spec.spl	expected false to equal true
test/integration/compiler/vhdl_backend_e2e_spec.spl	expected false to equal true
test/integration/compiler/vhdl_backend_e2e_spec.spl	expected false to equal true
test/integration/compiler/vhdl_backend_e2e_spec.spl	expected false to equal true
test/integration/compiler/vhdl_backend_e2e_spec.spl	semantic: called unwrap on Err: CompileError(message: VHDL combinational local `arr_sig` must be a fixed scalar or record, location: nil, phase: backend (vhdl), has_location: false)
test/integration/compiler/vhdl_backend_e2e_spec.spl	expected GHDL rejected backend-generated add VHDL to equal 
test/integration/compiler/vhdl_backend_e2e_spec.spl	expected GHDL synthesis failed for generated add entity to equal 
test/integration/compiler/vhdl_backend_e2e_spec.spl	expected GHDL simulation failed for generated add testbench to equal 
test/integration/compiler/vhdl_backend_e2e_spec.spl	expected GHDL rejected backend-generated package VHDL to equal 
test/integration/compiler/vhdl_backend_e2e_spec.spl	expected GHDL rejected backend-generated passthrough VHDL to equal 
test/integration/compiler/vhdl_backend_e2e_spec.spl	expected GHDL rejected backend-generated computed if process VHDL to equal 
test/integration/compiler/vhdl_backend_e2e_spec.spl	expected GHDL rejected backend-generated switch process VHDL to equal 
test/integration/compiler/wasm_e2e_spec.spl	semantic: function `CompileOptions` not found
test/integration/compiler/wasm_e2e_spec.spl	semantic: function `CompileOptions` not found
test/integration/compiler/wasm_e2e_spec.spl	semantic: function `CompileOptions` not found
test/integration/compiler/wasm_e2e_spec.spl	semantic: function `CompileOptions` not found
test/integration/t32_hw/modes/interpreter_spec.spl	semantic: unknown extern function: rt_tcp_connect
test/integration/t32_hw/modes/interpreter_spec.spl	semantic: unknown extern function: rt_tcp_connect
test/integration/t32_hw/modes/interpreter_spec.spl	semantic: unknown extern function: rt_tcp_connect
test/integration/t32_hw/modes/interpreter_spec.spl	semantic: unknown extern function: rt_tcp_connect
test/integration/t32_hw/modes/interpreter_spec.spl	semantic: unknown extern function: rt_tcp_connect
test/system/app/compiler/feature/driver_synthetic_registration_live_spec.spl	expected -1 to equal 0
test/system/app/compiler/feature/driver_synthetic_registration_live_spec.spl	expected -1 to equal 0
test/system/app/compiler/feature/host_cpu_runtime_variants_spec.spl	expected false to equal true
test/system/app/compiler/feature/vhdl_python_hdl_parity_spec.spl	expected  to contain explicit diagnostics; compatibility parsing must not be documented as pure-Simple ownership
test/system/compiler/backend_system_spec.spl	expected -1 to equal 0
test/system/compiler/backend_system_spec.spl	expected  to equal exact output test
test/system/compiler/backend_system_spec.spl	expected  to equal 42
test/system/compiler/backend_system_spec.spl	expected  to equal hello world
test/system/compiler/backend_system_spec.spl	expected  to contain line three
test/system/compiler/backend_system_spec.spl	expected  to equal 55
test/system/compiler/compiler_full_spec.spl	expected false to equal true
test/system/compiler/compiler_full_spec.spl	semantic: function expects 2 argument(s), but more were provided
test/system/compiler/compiler_full_spec.spl	expected nil to equal 
test/system/compiler/compiler_full_spec.spl	expected native-build produced empty mir_modules (input: a.spl) — no modules loaded. Try adding an import (use std.text) or using the standard entry point. to contain only supports a single input path
test/system/compiler/compiler_full_spec.spl	semantic: class `JitInstantiatorConfig` has no field named `cache_dir`
test/system/compiler/compiler_interpret_pipeline_spec.spl	expected false to equal true
test/system/compiler/compiler_interpret_pipeline_spec.spl	expected false to equal true
test/system/compiler/compiler_interpret_pipeline_spec.spl	expected false to equal true
test/system/compiler/compiler_interpret_pipeline_spec.spl	expected false to equal true
test/system/compiler/compiler_interpret_pipeline_spec.spl	expected false to equal true
test/system/compiler/compiler_interpret_pipeline_spec.spl	expected false to equal true
test/system/compiler/compiler_sample_spec.spl	semantic: cannot assign to const 'result'
test/system/compiler/compiler_services_system_spec.spl	semantic: method `len` not found on type `nil` (receiver value: nil)
test/system/compiler/compiler_services_system_spec.spl	semantic: method `len` not found on type `nil` (receiver value: nil)
test/system/compiler/compiler_services_system_spec.spl	semantic: method `len` not found on type `nil` (receiver value: nil)
test/system/compiler/compiler_services_system_spec.spl	semantic: method `len` not found on type `nil` (receiver value: nil)
test/system/compiler/debug_sidecar_json_order_spec.spl	expected false to equal true
test/system/compiler/debug_sidecar_json_order_spec.spl	expected false to equal true
test/system/compiler/debug_sidecar_json_order_spec.spl	expected -1 to be less than -1
test/system/compiler/debug_sidecar_json_order_spec.spl	expected -1 to be less than -1
test/system/compiler/debug_sidecar_json_order_spec.spl	expected file not found (SA-3 not run yet): src/hardware/fpga_linux/fpga_linux_orchestrator.spl to equal 
test/system/compiler/debug_sidecar_json_order_spec.spl	expected -1 to be greater than -1
test/system/compiler/debug_sidecar_json_order_spec.spl	expected -1 to be greater than -1
test/system/compiler/debug_sidecar_json_order_spec.spl	expected -1 to be less than -1
test/system/compiler/debug_sidecar_json_order_spec.spl	expected -1 to be greater than -1
test/system/compiler/debug_sidecar_json_order_spec.spl	expected -1 to be less than -1
test/system/compiler/driver_api_external_facade_spec.spl	expected nil to equal 
test/system/compiler/driver_api_external_facade_spec.spl	semantic: function expects argument for parameter 'release', but none was provided
test/system/compiler/driver_synthetic_registration_live_spec.spl	expected -1 to equal 0
test/system/compiler/driver_synthetic_registration_live_spec.spl	expected -1 to equal 0
test/system/compiler/dynamic_driver_lsm_packaging_spec.spl	semantic: array index out of bounds: index is 0 but length is 0
test/system/compiler/fpga_linux_split_spec.spl	expected false to equal true
test/system/compiler/fpga_linux_split_spec.spl	expected false to equal true
test/system/compiler/fpga_linux_split_spec.spl	expected false to equal true
test/system/compiler/fpga_linux_split_spec.spl	expected file not found: src/hardware/fpga_linux/fpga_linux_orchestrator.spl to equal 
test/system/compiler/fpga_linux_split_spec.spl	expected file not found: src/hardware/fpga_linux/fpga_linux_data.spl to equal 
test/system/compiler/fpga_linux_split_spec.spl	expected file not found: src/hardware/fpga_linux/fpga_linux_manifest.spl to equal 
test/system/compiler/fpga_linux_split_spec.spl	expected false to equal true
test/system/compiler/fpga_linux_split_spec.spl	expected false to equal true
test/system/compiler/fpga_linux_split_spec.spl	expected false to equal true
test/system/compiler/fpga_linux_split_spec.spl	expected false to equal true
test/system/compiler/fpga_linux_split_spec.spl	expected false to equal true
test/system/compiler/fpga_linux_split_spec.spl	expected false to equal true
test/system/compiler_import_alias_resolution_spec.spl	semantic: function `imported_symbol_local_name` not found
test/system/compiler_import_alias_resolution_spec.spl	semantic: function `imported_symbol_local_name` not found
test/system/compiler/lean_verification_workflow_spec.spl	semantic: invalid assignment: cannot reassign to immutable variable 'opts'
test/system/compiler/lean_verify_cli_spec.spl	expected WARNING: this Rust-built Simple binary is a bootstrap seed only; do not use it as the normal tool.
test/system/compiler/lean_verify_cli_spec.spl	expected WARNING: this Rust-built Simple binary is a bootstrap seed only; do not use it as the normal tool.
test/system/compiler/lean_verify_cli_spec.spl	expected WARNING: this Rust-built Simple binary is a bootstrap seed only; do not use it as the normal tool.
test/system/compiler/lean_verify_cli_spec.spl	expected WARNING: this Rust-built Simple binary is a bootstrap seed only; do not use it as the normal tool.
test/system/compiler_module_scoped_hir_lowering_spec.spl	expected # Driver - Compiler Driver Implementation
test/system/compiler/native_backend_e2e_system_spec.spl	expected  to equal 5
test/system/compiler/native_backend_e2e_system_spec.spl	expected  to equal 3
test/system/compiler/native_backend_e2e_system_spec.spl	expected  to contain positive
test/system/compiler/native_backend_e2e_system_spec.spl	expected  to equal 42
test/system/compiler/native_backend_e2e_system_spec.spl	expected  to equal two
test/system/compiler/native_backend_e2e_system_spec.spl	expected -1 to be greater than 0
test/system/compiler/native_backend_e2e_system_spec.spl	expected -1 to be greater than 0
test/system/compiler/parser_improvements_spec.spl	vacuous expect: expect(...) was never consumed by a matcher — chain .to_equal(...)/.to_contain(...) or use assert_true(...)
test/system/compiler/pure_simple_vhdl_source_of_truth_spec.spl	expected pure VHDL output was not created to equal 
test/system/compiler/pure_simple_vhdl_source_of_truth_spec.spl	expected pure VHDL output was not created to equal 
test/system/compiler/pure_simple_vhdl_source_of_truth_spec.spl	expected pure VHDL output was not created to equal 
test/system/compiler/pure_simple_vhdl_source_of_truth_spec.spl	expected pure VHDL output was not created to equal 
test/system/compiler/pure_simple_vhdl_source_of_truth_spec.spl	expected pure VHDL output was not created to equal 
test/system/compiler/pure_simple_vhdl_source_of_truth_spec.spl	expected pure VHDL output was not created to equal 
test/system/compiler/pure_simple_vhdl_source_of_truth_spec.spl	expected pure VHDL output was not created to equal 
test/system/compiler/pure_simple_vhdl_source_of_truth_spec.spl	expected GHDL rejected explicit helper VHDL to equal 
test/system/compiler/pure_simple_vhdl_source_of_truth_spec.spl	expected pure VHDL output was not created to equal 
test/system/compiler/pure_simple_vhdl_source_of_truth_spec.spl	expected pure VHDL output was not created to equal 
test/system/compiler/pure_simple_vhdl_source_of_truth_spec.spl	expected pure VHDL output was not created to equal 
test/system/compiler/pure_simple_vhdl_source_of_truth_spec.spl	expected pure VHDL output was not created to equal 
test/system/compiler/pure_simple_vhdl_source_of_truth_spec.spl	expected pure VHDL output was not created to equal 
test/system/compiler/pure_simple_vhdl_source_of_truth_spec.spl	expected pure VHDL output was not created to equal 
test/system/compiler/pure_simple_vhdl_source_of_truth_spec.spl	expected GHDL rejected pure concat VHDL to equal 
test/system/compiler/pure_simple_vhdl_source_of_truth_spec.spl	expected pure VHDL output was not created to equal 
test/system/compiler/pure_simple_vhdl_source_of_truth_spec.spl	expected GHDL synth rejected pure full_add VHDL to equal 
test/system/compiler/pure_simple_vhdl_source_of_truth_spec.spl	expected GHDL synth rejected pure caller/callee VHDL to equal 
test/system/compiler/pure_simple_vhdl_source_of_truth_spec.spl	expected failed pure VHDL compile left stale output artifact to equal 
test/system/compiler/pure_simple_vhdl_source_of_truth_spec.spl	expected pure VHDL output was not created to equal 
test/system/compiler/rtl_mdsoc_byte_equal_spec.spl	expected true to equal false
test/system/compiler/rtl_mdsoc_byte_equal_spec.spl	expected true to equal false
test/system/compiler/rtl_mdsoc_byte_equal_spec.spl	expected true to equal false
test/system/compiler/rtl_mdsoc_byte_equal_spec.spl	expected true to equal false
test/system/compiler/rtl_mdsoc_capsule_boundary_spec.spl	expected false to equal true
test/system/compiler/rtl_mdsoc_capsule_boundary_spec.spl	expected false to equal true
test/system/compiler/rtl_mdsoc_capsule_boundary_spec.spl	expected false to equal true
test/system/compiler/rtl_mdsoc_capsule_boundary_spec.spl	expected false to equal true
test/system/compiler/rtl_mdsoc_capsule_boundary_spec.spl	expected false to equal true
test/system/compiler/rtl_mdsoc_capsule_boundary_spec.spl	expected false to equal true
test/system/compiler/rtl_mdsoc_capsule_boundary_spec.spl	expected false to equal true
test/system/compiler/rtl_mdsoc_capsule_boundary_spec.spl	expected false to equal true
test/system/compiler/rtl_mdsoc_capsule_boundary_spec.spl	expected false to equal true
test/system/compiler/rtl_mdsoc_capsule_boundary_spec.spl	expected false to equal true
test/system/compiler/rtl_mdsoc_capsule_boundary_spec.spl	expected false to equal true
test/system/compiler/rtl_mdsoc_capsule_boundary_spec.spl	expected false to equal true
test/system/compiler/rtl_mdsoc_capsule_boundary_spec.spl	expected false to equal true
test/system/compiler/rtl_mdsoc_capsule_boundary_spec.spl	expected false to equal true
test/system/compiler/rtl_mdsoc_capsule_boundary_spec.spl	expected false to equal true
test/system/compiler/rtl_mdsoc_capsule_boundary_spec.spl	expected false to equal true
test/system/compiler/rtl_mdsoc_capsule_boundary_spec.spl	expected false to equal true
test/system/compiler/rtl_mdsoc_capsule_boundary_spec.spl	expected false to equal true
test/system/compiler/rtl_mdsoc_capsule_boundary_spec.spl	expected false to equal true
test/system/compiler/rtl_mdsoc_capsule_boundary_spec.spl	expected false to equal true
test/system/compiler/rtl_mdsoc_capsule_boundary_spec.spl	expected false to equal true
test/system/compiler/rtl_mdsoc_plugin_stubs_spec.spl	expected false to equal true
test/system/compiler/rtl_mdsoc_plugin_stubs_spec.spl	expected false to equal true
test/system/compiler/rtl_mdsoc_plugin_stubs_spec.spl	expected false to equal true
test/system/compiler/rtl_mdsoc_plugin_stubs_spec.spl	expected false to equal true
test/system/compiler/rtl_mdsoc_plugin_stubs_spec.spl	expected false to equal true
test/system/compiler/rtl_mdsoc_plugin_stubs_spec.spl	expected false to equal true
test/system/compiler/rtl_mdsoc_plugin_stubs_spec.spl	expected false to equal true
test/system/compiler/rtl_mdsoc_plugin_stubs_spec.spl	expected false to equal true
test/system/compiler/rtl_mdsoc_plugin_stubs_spec.spl	expected false to equal true
test/system/compiler/rtl_mdsoc_plugin_stubs_spec.spl	expected false to equal true
test/system/compiler/rtl_mdsoc_plugin_stubs_spec.spl	expected false to equal true
test/system/compiler/rtl_mdsoc_plugin_stubs_spec.spl	expected false to equal true
test/system/compiler/rtl_mdsoc_plugin_stubs_spec.spl	expected false to equal true
test/system/compiler/rtl_mdsoc_plugin_stubs_spec.spl	expected false to equal true
test/system/compiler/rtl_mdsoc_plugin_stubs_spec.spl	expected false to equal true
test/system/compiler/rtl_mdsoc_plugin_stubs_spec.spl	expected false to equal true
test/system/compiler/rtl_mdsoc_plugin_stubs_spec.spl	expected false to equal true
test/system/compiler/rtl_mdsoc_plugin_stubs_spec.spl	expected false to equal true
test/system/compiler/rtl_mdsoc_plugin_stubs_spec.spl	expected false to equal true
test/system/compiler/rtl_mdsoc_plugin_stubs_spec.spl	expected false to equal true
test/system/compiler/severity_spec.spl	semantic: method `name` not found on type `dict` (receiver value: {Severity: <enum:Severity>, Severity__Error: Severity::Error, Severity__Help: Severity::Help, Severity__Info: Severity::Info, Severity__Note: Severity::Note, Severity__Warning: Severity::Warning, Seve)
test/system/compiler/vhdl_backend_cli_smoke_spec.spl	semantic: method `len` not found on type `nil` (receiver value: nil)
test/system/compiler/vhdl_backend_cli_smoke_spec.spl	semantic: method `len` not found on type `nil` (receiver value: nil)
test/system/compiler/vhdl_source_facade_spec.spl	expected library ieee;
test/system/compiler/vhdl_source_facade_spec.spl	expected library ieee;
test/system/compiler/vhdl_source_facade_spec.spl	expected GHDL rejected payload-free enum VHDL to equal 
test/system/compiler/vhdl_source_facade_spec.spl	expected library ieee;
test/system/compiler/vhdl_source_facade_spec.spl	expected compile delegation loop detected: external fallback resolves to this same CLI; backend=vhdl not supported in-process to contain VHDL backend unsupported type id
test/system/compiler/vhdl_source_facade_spec.spl	expected {
test/system/interpreter/interpreter_bugs_spec.spl	vacuous expect: expect(...) was never consumed by a matcher — chain .to_equal(...)/.to_contain(...) or use assert_true(...)
test/system/interpreter_regression_spec.spl	semantic: variable `value` not found
test/system/lsp/compiler_00_15_lsp_spec.spl	semantic: nil is forbidden by the non-optional return contract of 'file_mmap_read_text'
test/system/lsp/compiler_00_15_lsp_spec.spl	semantic: nil is forbidden by the non-optional return contract of 'file_mmap_read_text'
test/system/lsp/compiler_00_15_lsp_spec.spl	semantic: nil is forbidden by the non-optional return contract of 'file_mmap_read_text'
test/system/lsp/compiler_20_35_lsp_spec.spl	semantic: nil is forbidden by the non-optional return contract of 'file_mmap_read_text'
test/system/lsp/compiler_20_35_lsp_spec.spl	semantic: nil is forbidden by the non-optional return contract of 'file_mmap_read_text'
test/system/lsp/compiler_20_35_lsp_spec.spl	semantic: nil is forbidden by the non-optional return contract of 'file_mmap_read_text'
test/system/lsp/compiler_40_60_lsp_spec.spl	semantic: nil is forbidden by the non-optional return contract of 'file_mmap_read_text'
test/system/lsp/compiler_40_60_lsp_spec.spl	semantic: nil is forbidden by the non-optional return contract of 'file_mmap_read_text'
test/system/lsp/compiler_40_60_lsp_spec.spl	semantic: nil is forbidden by the non-optional return contract of 'file_mmap_read_text'
test/system/lsp/compiler_70_lsp_spec.spl	semantic: nil is forbidden by the non-optional return contract of 'file_mmap_read_text'
test/system/lsp/compiler_80_99_lsp_spec.spl	semantic: nil is forbidden by the non-optional return contract of 'file_mmap_read_text'
test/system/lsp/compiler_80_99_lsp_spec.spl	semantic: nil is forbidden by the non-optional return contract of 'file_mmap_read_text'
test/system/lsp/compiler_80_99_lsp_spec.spl	semantic: nil is forbidden by the non-optional return contract of 'file_mmap_read_text'
test/unit/app/doc_coverage/compiler_integration_spec.spl	semantic: variable `NL` not found
test/unit/app/doc_coverage/compiler_integration_spec.spl	semantic: variable `NL` not found
test/unit/app/doc_coverage/compiler_integration_spec.spl	semantic: variable `NL` not found
test/unit/app/doc_coverage/compiler_integration_spec.spl	semantic: variable `NL` not found
test/unit/app/doc_coverage/compiler_integration_spec.spl	semantic: variable `NL` not found
test/unit/app/doc_coverage/compiler_integration_spec.spl	semantic: variable `NL` not found
test/unit/app/doc_coverage/compiler_integration_spec.spl	semantic: variable `NL` not found
test/unit/app/interpreter/collections/persistent_vec_intensive_spec.spl	semantic: variable `vec` not found
test/unit/app/interpreter/collections/persistent_vec_intensive_spec.spl	semantic: variable `vec` not found
test/unit/app/interpreter/collections/persistent_vec_intensive_spec.spl	semantic: variable `vec` not found
test/unit/app/interpreter/collections/persistent_vec_intensive_spec.spl	semantic: method `first` not found on type `MiniVec`
test/unit/app/interpreter/collections/persistent_vec_intensive_spec.spl	semantic: method `first` not found on type `MiniVec`
test/unit/app/interpreter/collections/persistent_vec_intensive_spec.spl	semantic: variable `vec` not found
test/unit/app/interpreter/collections/persistent_vec_intensive_spec.spl	semantic: variable `vec` not found
test/unit/app/interpreter/collections/persistent_vec_intensive_spec.spl	semantic: variable `vec` not found
test/unit/app/interpreter/collections/persistent_vec_intensive_spec.spl	semantic: variable `vec` not found
test/unit/app/interpreter/collections/persistent_vec_intensive_spec.spl	semantic: variable `vec` not found
test/unit/app/interpreter/collections/persistent_vec_intensive_spec.spl	semantic: variable `vec` not found
test/unit/app/interpreter/collections/persistent_vec_intensive_spec.spl	semantic: variable `vec` not found
test/unit/app/interpreter/collections/persistent_vec_intensive_spec.spl	semantic: variable `vec` not found
test/unit/app/interpreter/collections/persistent_vec_intensive_spec.spl	semantic: variable `vec` not found
test/unit/app/interpreter/collections/persistent_vec_intensive_spec.spl	semantic: variable `vec` not found
test/unit/app/interpreter/collections/persistent_vec_intensive_spec.spl	semantic: variable `vec` not found
test/unit/app/interpreter/collections/persistent_vec_intensive_spec.spl	semantic: variable `vec` not found
test/unit/compiler/60.mir_opt/optimizer_manifest_backend_budget_spec.spl	semantic: invalid operation: cannot index value of type enum
test/unit/compiler/backend/backend_capability_spec.spl	semantic: panic: compile error: C backend does not support async CreatePromise lowering
test/unit/compiler/backend/backend_capability_spec.spl	semantic: panic: compile error: C backend does not support actor Receive lowering
test/unit/compiler/backend/backend_capability_spec.spl	semantic: panic: compile error: LLVM backend does not support MatMul lowering
test/unit/compiler/backend/backend_capability_spec.spl	semantic: panic: compile error: LLVM backend does not support Transpose lowering
test/unit/compiler/backend/backend_capability_spec.spl	semantic: panic: compile error: LLVM backend does not support SIMD operation vec_sum
test/unit/compiler/backend/backend_capability_spec.spl	semantic: panic: compile error: LLVM backend does not support SIMD operation vec_sum
test/unit/compiler/backend/c_backend_async_spec.spl	semantic: panic: compile error: C backend does not support async CreatePromise lowering
test/unit/compiler/backend/c_backend_async_spec.spl	semantic: panic: compile error: C backend does not support async Await lowering
test/unit/compiler/backend/c_backend_async_spec.spl	semantic: panic: compile error: C backend does not support async Spawn lowering
test/unit/compiler/backend/c_backend_export_spec.spl	expected // Generated by Simple compiler (C backend)
test/unit/compiler/backend/interpreter_backend_spec.spl	expected # Interpreter Backend - Tree-walking interpreter (optimized mode only)
test/unit/compiler/backend/interpreter_backend_spec.spl	expected 26768 to be greater than 26839
test/unit/compiler/backend/intrinsic_lowering_aarch64_spec.spl	expected unimplemented to equal unknown
test/unit/compiler/backend/llvm_ir_builder_spec.spl	semantic: variable `prefix` not found
test/unit/compiler/backend/llvm_matrix_lowering_spec.spl	semantic: panic: compile error: LLVM backend does not support MatMul lowering
test/unit/compiler/backend/llvm_matrix_lowering_spec.spl	semantic: panic: compile error: LLVM backend does not support Transpose lowering
test/unit/compiler/backend/llvm_opt_pipeline_spec.spl	semantic: function expects argument for parameter 'dbg_id', but none was provided
test/unit/compiler/backend/llvm_opt_pipeline_spec.spl	expected ; TBAA metadata
test/unit/compiler/backend/logger_native_probe_spec.spl	expected  to contain keep-me
test/unit/compiler/backend/rt_extern_decl_arity_spec.spl	expected # LLVM Backend
test/unit/compiler/backend/rt_extern_decl_arity_spec.spl	expected # LLVM Lib Translate — Module/Function Structure
test/unit/compiler/backend/rt_extern_decl_arity_spec.spl	assert_false failed: got true
test/unit/compiler/backend/runtime_compiler_spec.spl	semantic: function `step` not found
test/unit/compiler/backend/runtime_compiler_spec.spl	semantic: function `step` not found
test/unit/compiler/backend/runtime_compiler_spec.spl	semantic: function `step` not found
test/unit/compiler/backend/vhdl_dim_constraints_spec.spl	semantic: class `Span` has no field named `end_pos`
test/unit/compiler/backend/vhdl_testbench_spec.spl	expected {
test/unit/compiler/codegen/f32_struct_field_roundtrip_spec.spl	expected  to contain 1.25
test/unit/compiler/codegen/gpu_portable_compute_spec.spl	expected nvcc --ptx -o build/gpu/fill_u32.ptx build/gpu/fill_u32.cu to contain --entry fill_u32
test/unit/compiler/codegen/gpu_portable_compute_spec.spl	expected 5 to equal 4
test/unit/compiler/codegen/gpu_portable_compute_spec.spl	expected missing-entry-symbol:simple_2d_bitmap_glyph_raster_u32 to equal pass
test/unit/compiler/codegen/gpu_portable_compute_spec.spl	expected 5 to equal 4
test/unit/compiler/codegen/struct_field_width_roundtrip_spec.spl	expected  to contain 1.5
test/unit/compiler_core/ast_spec.spl	expected 1 to equal 2
test/unit/compiler_core/ast_spec.spl	expected -1 to equal 1
test/unit/compiler_core/ast_spec.spl	semantic: function expects argument for parameter 'type_params', but none was provided
test/unit/compiler_core/lexer_intensive_spec.spl	expected false to equal true
test/unit/compiler_core/parser/pipe_operator_spec.spl	expected <lambda> to equal 15
test/unit/compiler_core/parser_spec.spl	expected 7 to equal 6
test/unit/compiler_core/parser_spec.spl	expected -1 to equal 7
test/unit/compiler_core/parser_spec.spl	expected 300 to equal 14
test/unit/compiler_core/parser_spec.spl	expected 301 to equal 14
test/unit/compiler_core/types_spec.spl	expected # @no_alloc
test/unit/compiler_core/types_spec.spl	expected # @no_alloc
test/unit/compiler/deep/borrow_check_move_1_spec.spl	assert_false failed: got true
test/unit/compiler/deep/borrow_check_move_2_spec.spl	assert_true failed: got false
test/unit/compiler/di/di_runtime_spec.spl	expected Option::Some(a_uses_Option::Some(b_uses_Option::Some(leaf_value))) to equal a_uses_b_uses_leaf_value
test/unit/compiler/driver/genuine_import_ownership_spec.spl	expected # CLI commands — web/compile/replay/check handler dispatch
test/unit/compiler/driver/main_opt_level_cli_spec.spl	expected  to contain Optimization level must be 0-3
test/unit/compiler/driver/main_opt_level_cli_spec.spl	expected  to contain Invalid optimization level: basic
test/unit/compiler/driver/smf_cache_loading_spec.spl	expected nil to equal false
test/unit/compiler/frontend/flat_ast_address_of_spec.spl	semantic: method `lower_module` not found on type `HirLowering`
test/unit/compiler/frontend/lexer_snapshot_spec.spl	expected true to equal false
test/unit/compiler/frontend/required_comment_parse_spec.spl	semantic: function `ast_expr_reset` not found
test/unit/compiler/frontend/required_comment_parse_spec.spl	semantic: function `ast_expr_reset` not found
test/unit/compiler/frontend/required_comment_parse_spec.spl	semantic: function `ast_expr_reset` not found
test/unit/compiler/frontend/required_comment_parse_spec.spl	semantic: function `ast_expr_reset` not found
test/unit/compiler/hir/domain_block_hir_lowering_spec.spl	semantic: method 'lower_module' not found on value of type object in nested call context
test/unit/compiler/hir/enum_payload_origin_plain_use_spec.spl	semantic: array index out of bounds: index is 1 but length is 1
test/unit/compiler/hir/enum_shortname_collision_two_owners_spec.spl	expected 1 to equal 0
test/unit/compiler/hir/enum_shortname_collision_two_owners_spec.spl	expected true, got false
test/unit/compiler/hir/hir_import_registration_cost_spec.spl	semantic: type mismatch: cannot convert object to int
test/unit/compiler/hir/hir_import_registration_cost_spec.spl	semantic: type mismatch: cannot convert object to int
test/unit/compiler/hir/hir_lowering_construct_gaps_spec.spl	expected true to equal false
test/unit/compiler/hir/hir_lowering_construct_gaps_spec.spl	expected true to equal false
test/unit/compiler/hir/hir_lowering_construct_gaps_spec.spl	expected true to equal false
test/unit/compiler/hir/hir_lowering_construct_gaps_spec.spl	expected true to equal false
test/unit/compiler/hir/hir_lowering_construct_gaps_spec.spl	expected true to equal false
test/unit/compiler/hir/hir_lowering_construct_gaps_spec.spl	expected true to equal false
test/unit/compiler/hir/hir_stage4_field_inference_spec.spl	expected false to equal true
test/unit/compiler/hir/hir_stage4_field_inference_spec.spl	expected false to equal true
test/unit/compiler/hir/hir_stage4_field_inference_spec.spl	expected false to equal true
test/unit/compiler/hir/impl_lowering_self_symbol_id_spec.spl	expected # HIR item lowering - module, import, and bootstrap-flat lowering.
test/unit/compiler/hir/impl_lowering_self_symbol_id_spec.spl	expected # HIR item lowering - module, import, and bootstrap-flat lowering.
test/unit/compiler/hir/impl_self_symbol_id_scope_spec.spl	expected # HIR item lowering - module, import, and bootstrap-flat lowering.
test/unit/compiler/hir/impl_self_symbol_id_scope_spec.spl	expected # HIR item lowering - module, import, and bootstrap-flat lowering.
test/unit/compiler/hir/impl_self_symbol_id_scope_spec.spl	expected # HIR item lowering - module, import, and bootstrap-flat lowering.
test/unit/compiler/hir/imported_composite_field_package_sibling_spec.spl	expected 5 to equal 0
test/unit/compiler/hir/imported_tuple_signature_dependency_spec.spl	expected 1 to equal 0
test/unit/compiler/hir/imported_tuple_signature_dependency_spec.spl	expected 1 to equal 0
test/unit/compiler/hir/method_self_context_save_restore_spec.spl	expected # HIR item lowering - function, class, struct, enum, and field lowering.
test/unit/compiler/hir/method_self_context_save_restore_spec.spl	expected # HIR item lowering - module, import, and bootstrap-flat lowering.
test/unit/compiler/hir/module_surface_glob_export_origin_spec.spl	semantic: undefined field 'owner_module': cannot access field on value of type 'nil'
test/unit/compiler/hir/module_surface_glob_export_origin_spec.spl	semantic: undefined field 'owner_module': cannot access field on value of type 'nil'
test/unit/compiler/hir/module_surface_index_allocation_guard_spec.spl	expected # Compatibility facade for the external module-surface API.
test/unit/compiler/hir/module_surface_index_allocation_guard_spec.spl	expected # HIR item lowering - module, import, and bootstrap-flat lowering.
test/unit/compiler/hir/reexport_physical_cache_spec.spl	semantic: called unwrap on Err: pre-freeze import item projections are misaligned: 0
test/unit/compiler/hir/resolve_import_symbols_spec.spl	expected false to be truthy
test/unit/compiler/hir/resolve_import_symbols_spec.spl	semantic: undefined field 'owner_module': cannot access field on value of type 'nil'
test/unit/compiler/hir/resolve_import_symbols_spec.spl	semantic: undefined field 'owner_module': cannot access field on value of type 'nil'
test/unit/compiler/hir/resolve_import_symbols_spec.spl	semantic: undefined field 'owner_module': cannot access field on value of type 'nil'
test/unit/compiler/hir/resolve_import_symbols_spec.spl	semantic: undefined field 'owner_module': cannot access field on value of type 'nil'
test/unit/compiler/hir/resolve_import_symbols_spec.spl	semantic: undefined field 'owner_module': cannot access field on value of type 'nil'
test/unit/compiler/hir/same_named_package_facade_reexport_spec.spl	expected false to be truthy
test/unit/compiler/hir/same_named_package_facade_reexport_spec.spl	expected false to be truthy
test/unit/compiler/hir/same_named_package_facade_reexport_spec.spl	semantic: undefined field 'owner_module': cannot access field on value of type 'nil'
test/unit/compiler/hir/same_named_package_facade_reexport_spec.spl	semantic: undefined field 'owner_module': cannot access field on value of type 'nil'
test/unit/compiler/hir/self_context_pair_consistency_spec.spl	expected src/compiler/20.hir/hir_lowering/_Items/declaration_lowering.spl publishes a self type but never a self owner symbol id to equal 
test/unit/compiler/hir/self_context_pair_consistency_spec.spl	expected # HIR expression lowering umbrella.
test/unit/compiler/hir/stage4_hir_value_name_dispatch_spec.spl	expected 1 to equal 0
test/unit/compiler/hir/stage4_hir_value_name_dispatch_spec.spl	expected false to equal true
test/unit/compiler/hir/stage4_hir_value_name_dispatch_spec.spl	expected # HIR item lowering - module, import, and bootstrap-flat lowering.
test/unit/compiler/interpreter/cast_numeric_parity_spec.spl	semantic: invalid operation: cannot index value of type enum
test/unit/compiler/interpreter/cast_numeric_parity_spec.spl	semantic: invalid operation: cannot index value of type enum
test/unit/compiler/interpreter/gc_family_boundary_hook_spec.spl	semantic: nil is forbidden by the non-optional return contract of '_source'
test/unit/compiler/interpreter/gc_family_boundary_hook_spec.spl	semantic: nil is forbidden by the non-optional return contract of '_source'
test/unit/compiler/interpreter/gc_family_boundary_hook_spec.spl	semantic: nil is forbidden by the non-optional return contract of '_source'
test/unit/compiler/interpreter/gc_family_boundary_hook_spec.spl	semantic: nil is forbidden by the non-optional return contract of '_source'
test/unit/compiler/interpreter/gc_family_boundary_hook_spec.spl	semantic: nil is forbidden by the non-optional return contract of '_source'
test/unit/compiler/interpreter/interpreter_aop_collect_generalization_spec.spl	semantic: cannot call mutating method 'push' on immutable array 'out'
test/unit/compiler/interpreter/interpreter_aop_collect_generalization_spec.spl	semantic: cannot call mutating method 'push' on immutable array 'out'
test/unit/compiler/interpreter/interpreter_aop_collect_generalization_spec.spl	semantic: cannot call mutating method 'push' on immutable array 'out'
test/unit/compiler/interpreter/interpreter_aop_collect_generalization_spec.spl	semantic: cannot call mutating method 'push' on immutable array 'out'
test/unit/compiler/interpreter/match_binding_scope_generalization_spec.spl	expected 5 to equal 99
test/unit/compiler/interpreter/match_binding_scope_generalization_spec.spl	expected 3 to equal 7
test/unit/compiler/interpreter/match_binding_scope_generalization_spec.spl	expected 7 to equal 2
test/unit/compiler/interpreter/me_call_dict_field_write_cost_spec.spl	expected false to equal true
test/unit/compiler/interpreter/tiered_jit_hotspot_spec.spl	expected false to equal true
test/unit/compiler/interpreter/tiered_jit_hotspot_spec.spl	expected false to equal true
test/unit/compiler/interpreter/tiered_jit_hotspot_spec.spl	expected false to equal true
test/unit/compiler/interpreter/tiered_jit_hotspot_spec.spl	expected false to equal true
test/unit/compiler/linker/fixed_backend_success_spec.spl	semantic: invalid assignment: cannot index assign value of type array
test/unit/compiler/linker/lib_smf_spec.spl	semantic: called unwrap on Err: Object hash mismatch for module math/mul
test/unit/compiler/linker/linker_context_spec.spl	semantic: class `InstantiationEntry` has no field named `id`
test/unit/compiler/linker/object_provider_spec.spl	semantic: called unwrap_err on Ok
test/unit/compiler/linker/object_provider_spec.spl	semantic: unknown static method from_bytes on class SmfHeader
test/unit/compiler/linker/smf_reader_spec.spl	semantic: unknown static method from_raw on class SmfHeader
test/unit/compiler/lint/lint_still_bites_prevention_spec.spl	expected  to contain raw_rt_violation.spl:
test/unit/compiler/lint/lint_still_bites_prevention_spec.spl	expected -1 to equal 0
test/unit/compiler/lint/lint_still_bites_prevention_spec.spl	expected  to contain raw_rt_call_violation.spl:
test/unit/compiler/lint/lint_terminates_with_verdict_spec.spl	expected -1 to equal 0
test/unit/compiler/lint/lint_terminates_with_verdict_spec.spl	expected -1 to equal 0
test/unit/compiler/loader/compiler_ffi_spec.spl	semantic: class `CompilerContext` has no field named `alive`
test/unit/compiler/loader/compiler_ffi_spec.spl	semantic: class `TypeInfo` has no field named `type_name`
test/unit/compiler/loader/jit_instantiator_spec.spl	expected (vec.smf, PossibleInstantiation(type_args: i64, mangled_name: Vec$i64, template_name: Vec)) to equal true
test/unit/compiler/loader/metadata_symbols_spec.spl	semantic: function `InstantiationRecord` not found
test/unit/compiler/loader/metadata_symbols_spec.spl	semantic: function `InstantiationRecord` not found
test/unit/compiler/loader/module_loader_relocation_spec.spl	semantic: function expects 1 argument(s), but more were provided
test/unit/compiler/loader/module_loader_spec.spl	semantic: function `InstantiationRecord` not found
test/unit/compiler/loader/module_loader_spec.spl	semantic: function `InstantiationRecord` not found
test/unit/compiler/loader/module_loader_spec.spl	semantic: function `InstantiationRecord` not found
test/unit/compiler/loader/runtime_surface_spec.spl	expected # Curated runtime loader package.
test/unit/compiler/mdsoc/layer_checker_spec.spl	expected LayerViolation(location: , from_module: repo.spl, to_module: handler.spl, from_layer: infra, message: layer 'infra' (level 3) cannot depend on 'api' (level 0), direction=upper_to_lower, to_layer: api) to equal true
test/unit/compiler/mdsoc/layer_checker_spec.spl	expected LayerViolation(from_module: api_mod.spl, message: layer 'api' (level 0) cannot depend on 'infra' (level 3), direction=lower_to_upper, to_module: infra_mod.spl, from_layer: api, to_layer: infra, location: ) to equal true
test/unit/compiler/mdsoc/layer_checker_spec.spl	expected LayerViolation(message: layer 'entities' (level 0) cannot depend on 'frameworks' (level 3), direction=lower_to_upper, to_module: framework.spl, from_layer: entities, to_layer: frameworks, from_module: entity.spl, location: ) to equal true
test/unit/compiler/mdsoc/layer_checker_spec.spl	expected LayerViolation(to_module: repo.spl, to_layer: domain, from_layer: api, message: layer 'api' (level 0) cannot depend on 'domain' (level 2), direction=upper_to_lower, location: , from_module: handler.spl) to equal true
test/unit/compiler/mdsoc/layer_checker_spec.spl	expected LayerViolation(to_module: svc_b.spl, from_layer: app, to_layer: app, from_module: svc_a.spl, message: same-layer dependency 'app' -> 'app' not allowed (allow_same_layer=false), location: ) to equal true
test/unit/compiler/mdsoc/layer_checker_spec.spl	expected LayerViolation(to_module: entity.spl, to_layer: entities, from_layer: frameworks, from_module: framework.spl, message: layer 'frameworks' (level 3) cannot depend on 'entities' (level 0), direction=lower_to_upper, location: ) to equal true
test/unit/compiler/mdsoc/transform_adapters_spec.spl	semantic: method `empty` not found on type `dict` (receiver value: {MirProgram: <constructor:MirProgram>, MirProgram__empty: <fn:MirProgram__empty>, MirProgram__has_extern_fns: <fn:MirProgram__has_extern_fns>, MirProgram__has_functions: <fn:MirProgram__has_functions>)
test/unit/compiler/mdsoc/transform_adapters_spec.spl	semantic: method `empty` not found on type `dict` (receiver value: {MirProgram: <constructor:MirProgram>, MirProgram__empty: <fn:MirProgram__empty>, MirProgram__has_extern_fns: <fn:MirProgram__has_extern_fns>, MirProgram__has_functions: <fn:MirProgram__has_functions>)
test/unit/compiler/mdsoc/transform_adapters_spec.spl	semantic: method `empty` not found on type `dict` (receiver value: {MirProgram: <constructor:MirProgram>, MirProgram__empty: <fn:MirProgram__empty>, MirProgram__has_extern_fns: <fn:MirProgram__has_extern_fns>, MirProgram__has_functions: <fn:MirProgram__has_functions>)
test/unit/compiler/mdsoc/transform_adapters_spec.spl	semantic: method `empty` not found on type `dict` (receiver value: {MirProgram: <constructor:MirProgram>, MirProgram__empty: <fn:MirProgram__empty>, MirProgram__has_extern_fns: <fn:MirProgram__has_extern_fns>, MirProgram__has_functions: <fn:MirProgram__has_functions>)
test/unit/compiler/mdsoc/transform_adapters_spec.spl	semantic: method `empty` not found on type `dict` (receiver value: {MirProgram: <constructor:MirProgram>, MirProgram__empty: <fn:MirProgram__empty>, MirProgram__has_extern_fns: <fn:MirProgram__has_extern_fns>, MirProgram__has_functions: <fn:MirProgram__has_functions>)
test/unit/compiler/mdsoc/transform_adapters_spec.spl	semantic: method `from_lexer_output` not found on type `dict` (receiver value: {TokenStreamView: <constructor:TokenStreamView>, TokenStreamView__from_lexer_output: <fn:TokenStreamView__from_lexer_output>, TokenStreamView__get_token_text: <fn:TokenStreamView__get_token_text>, Tok)
test/unit/compiler/mdsoc/transform_adapters_spec.spl	semantic: method `from_lexer_output` not found on type `dict` (receiver value: {TokenStreamView: <constructor:TokenStreamView>, TokenStreamView__from_lexer_output: <fn:TokenStreamView__from_lexer_output>, TokenStreamView__get_token_text: <fn:TokenStreamView__get_token_text>, Tok)
test/unit/compiler/mdsoc/transform_adapters_spec.spl	semantic: method `from_lexer_output` not found on type `dict` (receiver value: {TokenStreamView: <constructor:TokenStreamView>, TokenStreamView__from_lexer_output: <fn:TokenStreamView__from_lexer_output>, TokenStreamView__get_token_text: <fn:TokenStreamView__get_token_text>, Tok)
test/unit/compiler/mdsoc/transform_adapters_spec.spl	semantic: method `from_lexer_output` not found on type `dict` (receiver value: {TokenStreamView: <constructor:TokenStreamView>, TokenStreamView__from_lexer_output: <fn:TokenStreamView__from_lexer_output>, TokenStreamView__get_token_text: <fn:TokenStreamView__get_token_text>, Tok)
test/unit/compiler/mdsoc/transform_adapters_spec.spl	semantic: method `from_lexer_output` not found on type `dict` (receiver value: {TokenStreamView: <constructor:TokenStreamView>, TokenStreamView__from_lexer_output: <fn:TokenStreamView__from_lexer_output>, TokenStreamView__get_token_text: <fn:TokenStreamView__get_token_text>, Tok)
test/unit/compiler/mdsoc/transform_adapters_spec.spl	semantic: method `from_lexer_output` not found on type `dict` (receiver value: {TokenStreamView: <constructor:TokenStreamView>, TokenStreamView__from_lexer_output: <fn:TokenStreamView__from_lexer_output>, TokenStreamView__get_token_text: <fn:TokenStreamView__get_token_text>, Tok)
test/unit/compiler/mdsoc/transform_adapters_spec.spl	semantic: method `from_lexer_output` not found on type `dict` (receiver value: {TokenStreamView: <constructor:TokenStreamView>, TokenStreamView__from_lexer_output: <fn:TokenStreamView__from_lexer_output>, TokenStreamView__get_token_text: <fn:TokenStreamView__get_token_text>, Tok)
test/unit/compiler/mdsoc/transform_adapters_spec.spl	semantic: method `from_lexer_output` not found on type `dict` (receiver value: {TokenStreamView: <constructor:TokenStreamView>, TokenStreamView__from_lexer_output: <fn:TokenStreamView__from_lexer_output>, TokenStreamView__get_token_text: <fn:TokenStreamView__get_token_text>, Tok)
test/unit/compiler/mdsoc/transform_adapters_spec.spl	semantic: method `empty` not found on type `dict` (receiver value: {MirOptView: <constructor:MirOptView>, MirOptView__average_insts_per_fn: <fn:MirOptView__average_insts_per_fn>, MirOptView__empty: <fn:MirOptView__empty>, MirOptView__has_functions: <fn:MirOptView__ha)
test/unit/compiler/mdsoc/transform_adapters_spec.spl	semantic: method `empty` not found on type `dict` (receiver value: {MirOptView: <constructor:MirOptView>, MirOptView__average_insts_per_fn: <fn:MirOptView__average_insts_per_fn>, MirOptView__empty: <fn:MirOptView__empty>, MirOptView__has_functions: <fn:MirOptView__ha)
test/unit/compiler/mdsoc/transform_adapters_spec.spl	semantic: method `empty` not found on type `dict` (receiver value: {MirOptView: <constructor:MirOptView>, MirOptView__average_insts_per_fn: <fn:MirOptView__average_insts_per_fn>, MirOptView__empty: <fn:MirOptView__empty>, MirOptView__has_functions: <fn:MirOptView__ha)
test/unit/compiler/mdsoc/transform_adapters_spec.spl	semantic: method `empty` not found on type `dict` (receiver value: {MirOptView: <constructor:MirOptView>, MirOptView__average_insts_per_fn: <fn:MirOptView__average_insts_per_fn>, MirOptView__empty: <fn:MirOptView__empty>, MirOptView__has_functions: <fn:MirOptView__ha)
test/unit/compiler/mdsoc/transform_adapters_spec.spl	semantic: method `empty` not found on type `dict` (receiver value: {MirOptView: <constructor:MirOptView>, MirOptView__average_insts_per_fn: <fn:MirOptView__average_insts_per_fn>, MirOptView__empty: <fn:MirOptView__empty>, MirOptView__has_functions: <fn:MirOptView__ha)
test/unit/compiler/mdsoc/transform_adapters_spec.spl	semantic: method `failed` not found on type `dict` (receiver value: {ObjectFileView: <constructor:ObjectFileView>, ObjectFileView__failed: <fn:ObjectFileView__failed>, ObjectFileView__from_codegen: <fn:ObjectFileView__from_codegen>, ObjectFileView__has_symbols: <fn:Ob)
test/unit/compiler/mdsoc/transform_adapters_spec.spl	semantic: method `failed` not found on type `dict` (receiver value: {ObjectFileView: <constructor:ObjectFileView>, ObjectFileView__failed: <fn:ObjectFileView__failed>, ObjectFileView__from_codegen: <fn:ObjectFileView__from_codegen>, ObjectFileView__has_symbols: <fn:Ob)
test/unit/compiler/mdsoc/transform_adapters_spec.spl	semantic: method `failed` not found on type `dict` (receiver value: {ObjectFileView: <constructor:ObjectFileView>, ObjectFileView__failed: <fn:ObjectFileView__failed>, ObjectFileView__from_codegen: <fn:ObjectFileView__from_codegen>, ObjectFileView__has_symbols: <fn:Ob)
test/unit/compiler/mdsoc/transform_adapters_spec.spl	semantic: method `from_codegen` not found on type `dict` (receiver value: {ObjectFileView: <constructor:ObjectFileView>, ObjectFileView__failed: <fn:ObjectFileView__failed>, ObjectFileView__from_codegen: <fn:ObjectFileView__from_codegen>, ObjectFileView__has_symbols: <fn:Ob)
test/unit/compiler/mdsoc/transform_adapters_spec.spl	semantic: method `from_codegen` not found on type `dict` (receiver value: {ObjectFileView: <constructor:ObjectFileView>, ObjectFileView__failed: <fn:ObjectFileView__failed>, ObjectFileView__from_codegen: <fn:ObjectFileView__from_codegen>, ObjectFileView__has_symbols: <fn:Ob)
test/unit/compiler/mdsoc/transform_adapters_spec.spl	semantic: method `from_codegen` not found on type `dict` (receiver value: {ObjectFileView: <constructor:ObjectFileView>, ObjectFileView__failed: <fn:ObjectFileView__failed>, ObjectFileView__from_codegen: <fn:ObjectFileView__from_codegen>, ObjectFileView__has_symbols: <fn:Ob)
test/unit/compiler/mdsoc/transform_adapters_spec.spl	semantic: method `from_codegen` not found on type `dict` (receiver value: {ObjectFileView: <constructor:ObjectFileView>, ObjectFileView__failed: <fn:ObjectFileView__failed>, ObjectFileView__from_codegen: <fn:ObjectFileView__from_codegen>, ObjectFileView__has_symbols: <fn:Ob)
test/unit/compiler/mdsoc/transform_adapters_spec.spl	semantic: method `empty` not found on type `dict` (receiver value: {LoadedModuleView: <constructor:LoadedModuleView>, LoadedModuleView__empty: <fn:LoadedModuleView__empty>, LoadedModuleView__from_source: <fn:LoadedModuleView__from_source>, LoadedModuleView__has_sourc)
test/unit/compiler/mdsoc/transform_adapters_spec.spl	semantic: method `empty` not found on type `dict` (receiver value: {LoadedModuleView: <constructor:LoadedModuleView>, LoadedModuleView__empty: <fn:LoadedModuleView__empty>, LoadedModuleView__from_source: <fn:LoadedModuleView__from_source>, LoadedModuleView__has_sourc)
test/unit/compiler/mdsoc/transform_adapters_spec.spl	semantic: method `empty` not found on type `dict` (receiver value: {LoadedModuleView: <constructor:LoadedModuleView>, LoadedModuleView__empty: <fn:LoadedModuleView__empty>, LoadedModuleView__from_source: <fn:LoadedModuleView__from_source>, LoadedModuleView__has_sourc)
test/unit/compiler/mdsoc/transform_adapters_spec.spl	semantic: method `from_source` not found on type `dict` (receiver value: {LoadedModuleView: <constructor:LoadedModuleView>, LoadedModuleView__empty: <fn:LoadedModuleView__empty>, LoadedModuleView__from_source: <fn:LoadedModuleView__from_source>, LoadedModuleView__has_sourc)
test/unit/compiler/mdsoc/transform_adapters_spec.spl	semantic: method `from_source` not found on type `dict` (receiver value: {LoadedModuleView: <constructor:LoadedModuleView>, LoadedModuleView__empty: <fn:LoadedModuleView__empty>, LoadedModuleView__from_source: <fn:LoadedModuleView__from_source>, LoadedModuleView__has_sourc)
test/unit/compiler/mdsoc/transform_adapters_spec.spl	semantic: method `from_source` not found on type `dict` (receiver value: {LoadedModuleView: <constructor:LoadedModuleView>, LoadedModuleView__empty: <fn:LoadedModuleView__empty>, LoadedModuleView__from_source: <fn:LoadedModuleView__from_source>, LoadedModuleView__has_sourc)
test/unit/compiler/mdsoc/transform_adapters_spec.spl	semantic: method `from_source` not found on type `dict` (receiver value: {LoadedModuleView: <constructor:LoadedModuleView>, LoadedModuleView__empty: <fn:LoadedModuleView__empty>, LoadedModuleView__from_source: <fn:LoadedModuleView__from_source>, LoadedModuleView__has_sourc)
test/unit/compiler/mir/mir_construct_matrix_spec.spl	expected 8 to equal 16
test/unit/compiler/mir/mir_construct_matrix_spec.spl	expected 8 to equal 32
test/unit/compiler/mir/mir_construct_matrix_spec.spl	expected 8 to equal 32
test/unit/compiler/mir_opt/cipher/cipher_intrinsics_spec.spl	expected false to equal true
test/unit/compiler/mir_opt/cipher/cipher_intrinsics_spec.spl	expected false to equal true
test/unit/compiler/mir_opt/cipher/cipher_intrinsics_spec.spl	expected false to equal true
test/unit/compiler/mir_opt/collection_opt_spec.spl	semantic: function `collection_opt_optimize_function` not found
test/unit/compiler/mir_opt/collection_opt_spec.spl	semantic: function `collection_opt_optimize_function` not found
test/unit/compiler/mir_opt/collection_opt_spec.spl	semantic: function `collection_opt_optimize_function` not found
test/unit/compiler/mir_opt/collection_opt_spec.spl	semantic: function `collection_opt_optimize_function` not found
test/unit/compiler/mir_opt/collection_opt_spec.spl	semantic: function `collection_opt_optimize_function` not found
test/unit/compiler/mir_opt/collection_opt_spec.spl	semantic: function `collection_opt_optimize_function` not found
test/unit/compiler/mir_opt/collection_opt_spec.spl	semantic: function `collection_opt_optimize_function` not found
test/unit/compiler/mir_opt/collection_opt_spec.spl	semantic: function `collection_opt_optimize_function` not found
test/unit/compiler/mir_opt/collection_opt_spec.spl	semantic: function `collection_opt_optimize_function` not found
test/unit/compiler/mir_opt/collection_opt_spec.spl	semantic: function `collection_opt_optimize_function` not found
test/unit/compiler/mir_opt/collection_opt_spec.spl	semantic: function `collection_opt_optimize_function` not found
test/unit/compiler/mir_opt/collection_opt_spec.spl	semantic: function `collection_opt_optimize_function` not found
test/unit/compiler/mir_opt/collection_opt_spec.spl	semantic: function `collection_opt_optimize_function` not found
test/unit/compiler/mir_opt/collection_opt_spec.spl	semantic: function `collection_opt_optimize_function` not found
test/unit/compiler/mir_opt/collection_opt_spec.spl	semantic: function `collection_opt_optimize_function` not found
test/unit/compiler/mir_opt/collection_opt_spec.spl	semantic: function `collection_opt_optimize_function` not found
test/unit/compiler/mir_opt/collection_opt_spec.spl	semantic: function `collection_opt_optimize_function` not found
test/unit/compiler/mir_opt/collection_opt_spec.spl	semantic: function `collection_opt_optimize_function` not found
test/unit/compiler/mir_opt/collection_opt_spec.spl	semantic: function `collection_opt_optimize_function` not found
test/unit/compiler/mir_opt/collection_opt_spec.spl	semantic: function `collection_opt_optimize_function` not found
test/unit/compiler/mir_opt/collection_opt_spec.spl	semantic: function `collection_opt_optimize_function` not found
test/unit/compiler/mir_opt/collection_opt_spec.spl	semantic: function `collection_opt_optimize_function` not found
test/unit/compiler/mir_opt/collection_opt_spec.spl	semantic: function `collection_opt_optimize_function` not found
test/unit/compiler/mir_opt/collection_opt_spec.spl	semantic: function `collection_opt_optimize_function` not found
test/unit/compiler/mir_opt/optimizer_manifest_backend_policy_spec.spl	semantic: invalid operation: cannot index value of type enum
test/unit/compiler/mir_opt/var_reassign_analysis_spec.spl	expected false to equal true
test/unit/compiler/mir_opt/var_reassign_analysis_spec.spl	expected false to equal true
test/unit/compiler/mir_opt/var_reassign_analysis_spec.spl	expected false to equal true
test/unit/compiler/mir_opt/var_reassign_analysis_spec.spl	expected false to equal true
test/unit/compiler/mir_opt/var_reassign_analysis_spec.spl	expected false to equal true
test/unit/compiler/mir/synthetic_driver_registration_spec.spl	expected @driver manifest can synthesize register_static_driver(manifest, ops) because a DriverOps value is identified to contain already calls register_static_driver
test/unit/compiler/mir/synthetic_driver_registration_spec.spl	expected @driver supplies manifest fields but not the DriverOps value required by register_static_driver to contain DriverOps argument is not identifiable
test/unit/compiler/module_resolver/group_import_self_named_module_spec.spl	semantic: method `kind` not found on type `dict` (receiver value: {Widget: <constructor:Widget>, Widget__kind: <fn:Widget__kind>, make_widget: <fn:make_widget>})
test/unit/compiler/module_resolver/group_import_shadowing_generalization_spec.spl	semantic: method `kind` not found on type `dict` (receiver value: {Gadget: <constructor:Gadget>, Gadget__kind: <fn:Gadget__kind>, gadget_default: <fn:gadget_default>})
test/unit/compiler/module_resolver/type_domain_resolver_spec.spl	semantic: unknown static method new on class ModuleResolver
test/unit/compiler/module_resolver/type_domain_resolver_spec.spl	semantic: unknown static method new on class ModuleResolver
test/unit/compiler/module_resolver/type_domain_resolver_spec.spl	semantic: unknown static method new on class ModuleResolver
test/unit/compiler/module_resolver/type_domain_resolver_spec.spl	semantic: unknown static method new on class ModuleResolver
test/unit/compiler/mono/verify/post_mono_verify_spec.spl	expected 0 to equal 1
test/unit/compiler/native/inline_asm_core_parser_spec.spl	expected line 2:10: expected indented asm block after 'asm:' to equal 
test/unit/compiler/parser/bitfield_pure_simple_spec.spl	expected false to equal true
test/unit/compiler/parser/treesitter_error_recovery_spec.spl	semantic: unknown static method new on class TreeSitter
test/unit/compiler/parser/treesitter_error_recovery_spec.spl	semantic: unknown static method new on class TreeSitter
test/unit/compiler/parser/treesitter_error_recovery_spec.spl	semantic: unknown static method new on class TreeSitter
test/unit/compiler/parser/treesitter_error_recovery_spec.spl	semantic: unknown static method new on class TreeSitter
test/unit/compiler/parser/treesitter_highlights_spec.spl	semantic: unknown static method new on class TreeSitter
test/unit/compiler/parser/treesitter_highlights_spec.spl	semantic: unknown static method new on class TreeSitter
test/unit/compiler/parser/treesitter_highlights_spec.spl	semantic: unknown static method new on class TreeSitter
test/unit/compiler/parser/treesitter_highlights_spec.spl	semantic: unknown static method new on class TreeSitter
test/unit/compiler/parser/treesitter_highlights_spec.spl	semantic: unknown static method new on class TreeSitter
test/unit/compiler/parser/treesitter_incremental_spec.spl	semantic: unknown static method new on class TreeSitter
test/unit/compiler/parser/treesitter_incremental_spec.spl	semantic: unknown static method new on class TreeSitter
test/unit/compiler/parser/treesitter_incremental_spec.spl	semantic: unknown static method new on class TreeSitter
test/unit/compiler/parser/treesitter_incremental_spec.spl	semantic: unknown static method new on class TreeSitter
test/unit/compiler/parser/treesitter_spec.spl	semantic: unknown static method new on class TreeSitter
test/unit/compiler/parser/treesitter_spec.spl	semantic: unknown static method new on class TreeSitter
test/unit/compiler/parser/treesitter_spec.spl	semantic: unknown static method new on class TreeSitter
test/unit/compiler/parser/treesitter_spec.spl	semantic: unknown static method new on class TreeSitter
test/unit/compiler/parser/treesitter_spec.spl	semantic: unknown static method new on class TreeSitter
test/unit/compiler/parser/treesitter_spec.spl	semantic: variable `cli` not found
test/unit/compiler/parser/treesitter_spec.spl	semantic: variable `bkpt` not found
test/unit/compiler/parser/treesitter_spec.spl	semantic: unknown static method new on class TreeSitter
test/unit/compiler/parser/treesitter_spec.spl	semantic: unknown static method new on class TreeSitter
test/unit/compiler/parser/treesitter_spec.spl	semantic: unknown static method new on class TreeSitter
test/unit/compiler/parser/treesitter_spec.spl	semantic: unknown static method new on class TreeSitter
test/unit/compiler/parser/treesitter_visibility_spec.spl	semantic: unknown static method new on class TreeSitter
test/unit/compiler/parser/treesitter_visibility_spec.spl	semantic: unknown static method new on class TreeSitter
test/unit/compiler/portable_numeric_capabilities_spec.spl	expected false to equal true
test/unit/compiler/portable_numeric_capabilities_spec.spl	expected x86-64 to equal x86-64-v1
test/unit/compiler/portable_numeric_capabilities_spec.spl	expected x86-64 to equal x86-64-v1
test/unit/compiler/portable_numeric_capabilities_spec.spl	expected x86-64 to equal x86-64-v1
test/unit/compiler/portable_numeric_plan_threading_spec.spl	semantic: class `CompileOptions` has no field named `target`
test/unit/compiler/portable_numeric_plan_threading_spec.spl	semantic: class `CompileOptions` has no field named `target`
test/unit/compiler/r2_matchers_red_probe_spec.spl	expected 1 to equal 2
test/unit/compiler/r2_matchers_red_probe_spec.spl	expected 42 to be nil
test/unit/compiler/scalable_vec_mir_scaffolding_spec.spl	semantic: class `CompileOptions` has no field named `target`
test/unit/compiler/scalable_vec_mir_scaffolding_spec.spl	semantic: class `CompileOptions` has no field named `target`
test/unit/compiler/schema/generated_visitor_coverage_spec.spl	expected 102 to equal 100
test/unit/compiler/schema/generated_visitor_coverage_spec.spl	expected 104 to equal 103
test/unit/compiler/stats_bug_schema_spec.spl	semantic: variable `stats` not found
test/unit/compiler/verification/lean_basic_spec.spl	expected true to equal false
test/unit/compiler/verification/lean_block_integration_spec.spl	semantic: class `LeanBlock` has no field named `namespace`
test/unit/compiler/verification/lean_codegen_spec.spl	expected -- GENERATED by `simple gen-lean` -- DO NOT EDIT.
test/unit/compiler/verification/lean_workflow_spec.spl	semantic: method `is_model_complete` not found on type `LeanCheckResult`
test/unit/compiler/verification/lean_workflow_spec.spl	semantic: method `is_model_complete` not found on type `VerificationSummary`
test/unit/compiler/verification/lean_workflow_spec.spl	semantic: undefined field: unknown property or method 'ProofObligation' on Array
test/unit/compiler/verification/lean_workflow_spec.spl	expected  to equal theorem demo : True := by rfl
test/unit/compiler/verification/lean_workflow_spec.spl	semantic: undefined field: unknown property or method 'ProofStatus' on Array
test/unit/compiler/verification/lean_workflow_spec.spl	expected no such file or directory (error code: 4294967294)
test/unit/compiler/verification/lean_workflow_spec.spl	expected true to equal false
test/unit/compiler/verification/proof_reference_spec.spl	expected Option::Some(Proof for theorem 'fn_b_safe' not found in search paths: [proofs/, lib/proofs/]) to contain fn_b_safe
test/unit/compiler/verification/proof_reference_spec.spl	expected Option::Some(Ambiguous proof for theorem 'fn_c_thm': found in multiple files: [a/proof.lean, b/proof.lean]) to contain fn_c_thm
test/unit/compiler/verification/report_rendering_spec.spl	expected Lean Verification: 1 verified, 1 failed, 1 admitted
test/unit/compiler/verification/report_rendering_spec.spl	expected true to equal false
test/unit/compiler/verification/unified_attrs_spec.spl	expected theorem increment_contract (n : Nat) :
test/unit/compiler/verification/unsupported_construct_spec.spl	expected nil to equal Option::Some(VerificationErrorCode::FfiInVerified)
test/unit/compiler/verification/unsupported_construct_spec.spl	semantic: method `report_ffi_error` not found on type `VerificationChecker`
test/unit/compiler/verification/verification_diagnostics_spec.spl	semantic: method `ffi_in_verified_error` not found on type `dict` (receiver value: {Severity: <enum:Severity>, Severity__Error: Severity::Error, Severity__Help: Severity::Help, Severity__Note: Severity::Note, Severity__Warning: Severity::Warning, Span: <constructor:Span>, Span__empt)
test/unit/lib/common/feature_validation/codegen_spec.spl	expected codegen feature-validation probe (#100 / #95 / #96)
test/unit/lib/driver/fat32_file_io_spec.spl	semantic: type mismatch: cannot convert array to int
test/unit/lib/driver/fat32_file_io_spec.spl	semantic: type mismatch: cannot convert array to int
test/unit/lib/std/type_checker/type_inference_spec.spl	expected false to equal true
test/unit/lib/std/type_checker/type_inference_spec.spl	expected false to equal true
test/unit/lib/std/type_checker/type_inference_spec.spl	expected false to equal true
test/unit/os/kernel/loader/app_discovery_spec.spl	expected 20 to equal 18
test/unit/os/kernel/loader/byte_utils_spec.spl	semantic: function `read_u16_le` not found
test/unit/os/kernel/loader/byte_utils_spec.spl	semantic: function `read_u32_le` not found
test/unit/os/kernel/loader/byte_utils_spec.spl	semantic: function `read_u64_le` not found
test/unit/os/kernel/loader/byte_utils_spec.spl	semantic: function `read_u64_le` not found
test/unit/os/kernel/loader/executable_source_spec.spl	semantic: called unwrap on Err: ENOENT: -2
test/unit/os/kernel/loader/executable_source_spec.spl	semantic: called unwrap on Err: ENOENT: -2
test/unit/os/kernel/loader/executable_source_spec.spl	semantic: method `to_u8` not found on type `str` (receiver value: /)
test/unit/os/kernel/loader/process_image_spec.spl	semantic: called unwrap on Err: ELF64 PT_LOAD bytes are truncated
test/unit/os/kernel/loader/process_image_spec.spl	expected ELF64 PT_LOAD bytes are truncated to contain initial stack construction failed
test/unit/os/kernel/loader/process_image_spec.spl	semantic: called unwrap on Err: ELF64 initial stack construction failed
test/unit/os/kernel/loader/process_image_spec.spl	semantic: called unwrap on Err: ELF64 initial stack construction failed
test/unit/os/kernel/loader/process_image_spec.spl	semantic: called unwrap on Err: ELF64 PT_LOAD bytes are truncated
test/unit/os/kernel/loader/stack_builder_spec.spl	expected 125000000 to equal 134217728
test/unit/os/kernel/loader/stack_builder_spec.spl	checked builder rejected an exactly sized frame
test/unit/os/kernel/loader/stack_builder_spec.spl	expected StackBuildError::ArithmeticOverflow to equal StackBuildError::FrameTooLarge
test/unit/os/kernel/loader/stack_builder_spec.spl	checked builder rejected complete AT_RANDOM entropy
test/unit/os/kernel/loader/stack_builder_spec.spl	checked builder rejected an explicitly minimal auxv
test/unit/os/kernel/loader/stack_builder_spec.spl	checked builder rejected a valid complete frame
test/unit/os/kernel/loader/stack_builder_spec.spl	checked builder rejected a bounded 64/128 launch frame
test/unit/os/kernel/loader/stack_builder_spec.spl	semantic: method `not_to_contain` not found on type `str` (receiver value: # Kernel User-Stack Builder — SysV Initial Stack Frame
test/unit/os/kernel/loader/zstd_decompress_spec.spl	expected zstd frame header to contain codec auto-detect failed
test/unit/os/kernel/types/capability_types_spec.spl	expected true to equal false
test/unit/runtime/generic_runtime_spec.spl	semantic: nil is forbidden by the non-optional return contract of 'passthrough'
test/unit/runtime/process_is_running_spec.spl	expected # Process Execution - Pure Simple I/O
test/unit/std/feature_validation/codegen_spec.spl	expected codegen feature-validation probe (#100 / #95 / #96)
