test/00_formal_verification/compiler/cache_invalidate_wildcard_symbol_spec.spl	0	OK	4	4	0	0
test/00_formal_verification/compiler/lean_basic_spec.spl	0	OK	4	4	0	0
test/00_formal_verification/compiler/memory_capabilities_spec.spl	0	OK	6	6	0	0
test/00_formal_verification/compiler/lean_block_integration_spec.spl	0	OK	10	10	0	0
test/00_formal_verification/compiler/cache_correctness_spec.spl	0	OK	22	22	0	0
test/00_formal_verification/compiler/deterministic_emission_spec.spl	0	OK	4	4	0	0
test/00_formal_verification/compiler/lean_package_root_similar_symbols_spec.spl	0	OK	3	3	0	0
test/00_formal_verification/compiler/lean_package_root_import_spec.spl	0	OK	1	1	0	0
test/00_formal_verification/compiler/lean_codegen_spec.spl	0	OK	4	4	0	0
test/00_formal_verification/compiler/lean_workflow_spec.spl	0	OK	9	9	0	0
test/00_formal_verification/compiler/proof_reference_spec.spl	0	OK	11	11	0	0
test/00_formal_verification/compiler/naming_spec.spl	0	OK	9	9	0	0
test/00_formal_verification/compiler/regeneration_spec.spl	0	OK	4	4	0	0
test/00_formal_verification/compiler/regeneration_theorem_emission_class_spec.spl	0	OK	5	5	0	0
test/00_formal_verification/compiler/report_rendering_spec.spl	0	OK	18	18	0	0
test/00_formal_verification/compiler/verification_diagnostics_format_all_spec.spl	0	OK	5	5	0	0
test/00_formal_verification/compiler/unified_attrs_spec.spl	0	OK	5	5	0	0
test/00_formal_verification/compiler/unsupported_construct_spec.spl	0	OK	15	15	0	0
test/00_formal_verification/compiler/tool_checker_spec.spl	0	OK	11	11	0	0
test/00_formal_verification/compiler/verification_diagnostics_spec.spl	0	OK	5	5	0	0
test/00_formal_verification/compiler/toolchain_detection_spec.spl	0	OK	9	9	0	0
test/01_unit/app/dap/interpreter_hooks_spec.spl	1	ERROR	2	0	2	0
test/00_formal_verification/compiler/verification_std_api_generalization_spec.spl	0	OK	6	6	0	0
test/01_unit/app/interpreter/actor_heap_spec.spl	0	OK	6	6	0	0
test/01_unit/app/compiler_schema/compiler_schema_extract_spec.spl	0	OK	16	16	0	0
test/01_unit/app/interpreter/ast_convert_expr_spec.spl	0	OK	9	9	0	0
test/01_unit/app/interpreter/actor_scheduler_spec.spl	0	OK	2	2	0	0
test/01_unit/app/doc_coverage/compiler_integration_spec.spl	1	ERROR	8	1	7	0
test/01_unit/app/interpreter/class_method_call_spec.spl	0	OK	1	1	0	0
test/01_unit/app/interpreter/collections/persistent_dict_intensive_spec.spl	0	OK	6	6	0	0
test/01_unit/app/interpreter/core/environment_spec.spl	0	OK	16	16	0	0
test/01_unit/app/interpreter/lazy_seq_spec.spl	0	OK	1	1	0	0
test/01_unit/app/interpreter/message_transfer_spec.spl	0	OK	2	2	0	0
test/01_unit/app/interpreter/debug_spec.spl	0	OK	1	1	0	0
test/01_unit/app/interpreter/lazy_val_spec.spl	0	OK	2	2	0	0
test/01_unit/app/interpreter/perf_spec.spl	0	OK	41	41	0	0
test/01_unit/app/interpreter/persistent_dict_spec.spl	0	OK	1	1	0	0
test/01_unit/app/interpreter/persistent_vec_spec.spl	0	OK	1	1	0	0
test/01_unit/app/interpreter/collections/persistent_vec_intensive_spec.spl	1	ERROR	36	19	17	0
test/01_unit/app/interpreter/refc_binary_spec.spl	0	OK	6	6	0	0
test/01_unit/app/interpreter/symbol_spec.spl	1	ERROR	1	0	1	0
test/01_unit/app/leak_check/parser_spec.spl	0	OK	11	11	0	0
test/01_unit/app/leak_check/types_spec.spl	0	OK	1	1	0	0
test/01_unit/app/interpreter/static_method_complete_registration_spec.spl	0	OK	3	3	0	0
test/01_unit/app/llm_caret/types_spec.spl	0	OK	16	16	0	0
test/01_unit/app/llm_dashboard/data/types_taskkind_spec.spl	0	OK	6	6	0	0
test/01_unit/app/lsp/compiler_query_api_spec.spl	0	OK	1	1	0	0
test/01_unit/app/test_runner/driver_spec.spl	0	OK	6	6	0	0
test/01_unit/app/ui.render/types/types_spec.spl	0	OK	30	30	0	0
test/01_unit/app/test_runner/types_spec.spl	0	OK	34	34	0	0
test/01_unit/compiler/50.mir/dict_method_dispatch_spec.spl	0	OK	6	6	0	0
test/01_unit/compiler/50.mir/any_binop_boxed_result_spec.spl	0	OK	12	12	0	0
test/01_unit/compiler/50.mir/hwir_aspect_lock_spec.spl	0	OK	3	3	0	0
test/01_unit/compiler/50.mir/hwir_aspect_manifest_spec.spl	0	OK	9	9	0	0
test/01_unit/compiler/50.mir/hwir_foundation_spec.spl	0	OK	6	6	0	0
test/01_unit/compiler/50.mir/hwir_commit_retire_aspect_spec.spl	0	OK	3	3	0	0
test/01_unit/compiler/50.mir/hwir_mixed_sequential_datapath_spec.spl	0	OK	5	5	0	0
test/01_unit/compiler/50.mir/hwir_retirement_composition_spec.spl	1	ERROR	4	3	1	0
test/01_unit/compiler/50.mir/hwir_retire_receipt_loopback_spec.spl	0	OK	7	7	0	0
test/01_unit/compiler/50.mir/hwir_riscv_scalar_core_spec.spl	0	OK	5	5	0	0
test/01_unit/compiler/50.mir/hwir_mir_function_extract_spec.spl	1	ERROR	55	50	5	0
test/01_unit/compiler/50.mir/hwir_riscv_scalar_trap_projection_spec.spl	1	ERROR	6	4	2	0
test/01_unit/compiler/50.mir/hwir_riscv_scalar_retirement_owner_spec.spl	1	ERROR	3	2	1	0
test/01_unit/compiler/50.mir/hwir_riscv_scalar_execution_spec.spl	0	OK	4	4	0	0
test/01_unit/compiler/50.mir/hwir_vhdl_ownership_spec.spl	0	OK	3	3	0	0
test/01_unit/compiler/50.mir/hwir_standalone_sequential_spec.spl	0	OK	2	2	0	0
test/01_unit/compiler/50.mir/hwir_riscv_scalar_control_projection_spec.spl	1	ERROR	7	4	3	0
test/01_unit/compiler/50.mir/hwir_zca_load_effect_outcomes_spec.spl	0	OK	2	2	0	0
test/01_unit/compiler/50.mir/hwir_zca_rv64_contract_spec.spl	0	OK	2	2	0	0
test/01_unit/compiler/50.mir/hwir_zca_rv64_ld_sd_rows_spec.spl	0	OK	4	4	0	0
test/01_unit/compiler/50.mir/hwir_zca_rv64_rows_spec.spl	0	OK	4	4	0	0
test/01_unit/compiler/50.mir/hwir_zca_rv64_stack_memory_rows_spec.spl	0	OK	4	4	0	0
test/01_unit/compiler/50.mir/hwir_migrating_overlap_guard_spec.spl	0	OK	1	1	0	0
test/01_unit/compiler/60.mir_opt/hwir_opt_spec.spl	0	OK	8	8	0	0
test/01_unit/compiler/60.mir_opt/general_patterns_spec.spl	0	OK	58	58	0	0
test/01_unit/compiler/60.mir_opt/optimizer_manifest_backend_budget_spec.spl	1	ERROR	5	4	1	0
test/01_unit/compiler/60.mir_opt/pass_descriptor_budget_spec.spl	0	OK	7	7	0	0
test/01_unit/compiler/60.mir_opt/riscv_scalar_binding_spec.spl	0	OK	4	4	0	0
test/01_unit/compiler/60.mir_opt/.spipe_wrapped_entry_general_patterns_spec.spl	1	ERROR	27	22	5	0
test/01_unit/compiler/all_regions_spec.spl	0	OK	6	6	0	0
test/01_unit/compiler/assurance/dynamic_composition_spec.spl	0	OK	5	5	0	0
test/01_unit/compiler/assurance/assurance_schemas_spec.spl	0	OK	31	31	0	0
test/01_unit/compiler/assurance/flight_rules_spec.spl	0	OK	26	26	0	0
test/01_unit/compiler/assurance/formal_delivery_gates_spec.spl	0	OK	6	6	0	0
test/01_unit/compiler/assurance/formal_interfaces_spec.spl	0	OK	7	7	0	0
test/01_unit/compiler/assurance/formal_status_spec.spl	0	OK	4	4	0	0
test/01_unit/compiler/assurance/formal_receipt_spec.spl	0	OK	11	11	0	0
test/01_unit/compiler/assurance/nat_normalizer_receipt_spec.spl	0	OK	5	5	0	0
test/01_unit/compiler/assurance/package_pins_spec.spl	0	OK	2	2	0	0
test/01_unit/compiler/assurance/proof_dag_spec.spl	0	OK	4	4	0	0
test/01_unit/compiler/assurance/sha512_integrity_receipt_spec.spl	0	OK	3	3	0	0
test/01_unit/compiler/assurance/verified_profile_v1_projection_spec.spl	0	OK	6	6	0	0
test/01_unit/compiler/assurance/verified_release_gate_spec.spl	0	OK	12	12	0	0
test/01_unit/compiler/ast_arena_generation_spec.spl	0	OK	5	5	0	0
test/01_unit/compiler/assurance/policy_graph_contamination_probe_spec.spl	0	OK	2	2	0	0
test/01_unit/compiler/ast_arena_harden_spec.spl	0	OK	4	4	0	0
test/01_unit/compiler/async/async_frame_analysis_spec.spl	0	OK	1	1	0	0
test/01_unit/compiler/async/async_integration_spec.spl	0	OK	21	21	0	0
test/01_unit/compiler/async/async_desugar_integration_spec.spl	0	OK	1	1	0	0
test/01_unit/app/compiler_schema/compiler_schema_grammar_spec.spl	0	OK	23	23	0	0
test/01_unit/compiler/async/async_mir_interpreter_spec.spl	0	OK	10	10	0	0
test/01_unit/compiler/async/async_pipeline_spec.spl	0	OK	1	1	0	0
test/01_unit/compiler/async/async_mir_spec.spl	0	OK	1	1	0	0
test/01_unit/compiler/async/async_reservation_analysis_spec.spl	0	OK	23	23	0	0
test/01_unit/compiler/async/async_state_machine_spec.spl	0	OK	1	1	0	0
test/01_unit/compiler/async/state_enum_spec.spl	0	OK	1	1	0	0
test/01_unit/compiler/async/suspension_analysis_spec.spl	0	OK	1	1	0	0
test/01_unit/compiler/async/poll_generator_spec.spl	0	OK	1	1	0	0
test/01_unit/compiler/async/async_spawn_analysis_spec.spl	0	OK	26	26	0	0
test/01_unit/compiler/backend/ascii_utils_spec.spl	0	OK	2	2	0	0
test/01_unit/compiler/backend/avx2_cmp_emit_spec.spl	0	OK	2	2	0	0
test/01_unit/compiler/backend/avx512_abs_spec.spl	0	OK	7	7	0	0
test/01_unit/compiler/backend/avx2_int_emit_spec.spl	0	OK	2	2	0	0
test/01_unit/compiler/backend/avx2_fp_emit_spec.spl	0	OK	2	2	0	0
test/01_unit/compiler/backend/avx512_cmp_mask_spec.spl	0	OK	34	34	0	0
test/01_unit/compiler/backend/avx512_emit_spec.spl	0	OK	21	21	0	0
test/01_unit/compiler/backend/avx512_gather_scatter_spec.spl	0	OK	33	33	0	0
test/01_unit/compiler/backend/avx512_mask_emit_spec.spl	0	OK	29	29	0	0
test/01_unit/compiler/backend/avx512_reduction_emit_spec.spl	0	OK	47	47	0	0
test/01_unit/compiler/backend/avx512_vpmov_spec.spl	0	OK	21	21	0	0
test/01_unit/compiler/backend/backend_basic_spec.spl	0	OK	3	3	0	0
test/01_unit/compiler/backend/avx512_vpternlog_spec.spl	0	OK	8	8	0	0
test/01_unit/compiler/backend/backend_bench_matrix_spec.spl	0	OK	27	27	0	0
test/01_unit/compiler/50.mir/hwir_zca_product_frontend_spec.spl	0	OK	4	4	0	0
test/01_unit/compiler/backend/backend_api_spec.spl	0	OK	5	5	0	0
test/01_unit/compiler/backend/backend_coverage_spec.spl	0	OK	6	6	0	0
test/01_unit/compiler/backend/backend_factory_spec.spl	0	OK	1	1	0	0
test/01_unit/compiler/backend/backend_declaration_name_collision_spec.spl	0	OK	3	3	0	0
test/01_unit/compiler/backend/backend_orchestration_spec.spl	0	OK	1	1	0	0
test/01_unit/compiler/backend/backend_port_phases_spec.spl	0	OK	19	19	0	0
test/01_unit/compiler/backend/backend_silent_fallback_spec.spl	0	OK	12	12	0	0
test/01_unit/compiler/assurance/policy_five_site_convergence_spec.spl	0	OK	26	26	0	0
test/01_unit/compiler/backend/bool_uniform_i64_abi_spec.spl	0	OK	6	6	0	0
test/01_unit/compiler/backend/bootstrap_llvm_entry_symbol_source_spec.spl	1	ERROR	4	0	4	0
test/01_unit/compiler/backend/bootstrap_link_symbols_spec.spl	0	OK	2	2	0	0
test/01_unit/compiler/backend/callback_trampoline_spec.spl	0	OK	24	24	0	0
test/01_unit/compiler/backend/c_backend_async_spec.spl	1	ERROR	3	0	3	0
test/01_unit/compiler/backend/c_backend_bulk_copy_memmove_spec.spl	0	OK	5	5	0	0
test/01_unit/compiler/backend/c_backend_signature_return_spec.spl	0	OK	1	1	0	0
test/01_unit/compiler/backend/c_codegen_adapter_bootstrap_compat_spec.spl	0	OK	1	1	0	0
test/01_unit/compiler/backend/codegen_trait_spec.spl	0	OK	13	13	0	0
test/01_unit/compiler/backend/c_backend_bulk_hint_spec.spl	0	OK	4	4	0	0
test/01_unit/compiler/backend/backend_gpu_target_contract_spec.spl	0	OK	8	8	0	0
test/01_unit/compiler/backend/backend_capability_spec.spl	1	ERROR	20	14	6	0
test/01_unit/compiler/backend/cuda_intrinsic_arity_table_agrees_with_emitter_spec.spl	0	OK	5	5	0	0
test/01_unit/compiler/backend/cranelift_gemm_fusion_spec.spl	0	OK	4	4	0	0
test/01_unit/compiler/backend/c_type_mapper_bool_size_spec.spl	0	OK	1	1	0	0
test/01_unit/compiler/backend/cranelift_aggregate_runtime_abi_spec.spl	1	ERROR	13	6	7	0
test/01_unit/compiler/backend/differential_backend_consistency_spec.spl	0	OK	1	1	0	0
test/01_unit/compiler/backend/encode_aarch64_crypto_spec.spl	0	OK	15	15	0	0
test/01_unit/compiler/backend/differential_testing_spec.spl	0	OK	1	1	0	0
test/01_unit/compiler/backend/encode_rvv_zvk_spec.spl	0	OK	14	14	0	0
test/01_unit/compiler/backend/encode_x86_64_crypto_spec.spl	0	OK	14	14	0	0
test/01_unit/compiler/backend/execution_manager_spec.spl	0	OK	1	1	0	0
test/01_unit/compiler/backend/exhaustiveness_validator_spec.spl	0	OK	3	3	0	0
test/01_unit/compiler/backend/expression_evaluator_spec.spl	0	OK	1	1	0	0
test/01_unit/compiler/backend/feature_caps_spec.spl	0	OK	27	27	0	0
test/01_unit/compiler/backend/fma3_emit_spec.spl	0	OK	2	2	0	0
test/01_unit/compiler/backend/cuda_source_global_pointer_abi_spec.spl	1	ERROR	3	0	3	0
test/01_unit/compiler/50.mir/hwir_host_evaluator_spec.spl	124	NOVERDICT	0	0	0	0
test/01_unit/compiler/backend/instruction_coverage_spec.spl	0	OK	1	1	0	0
test/01_unit/compiler/50.mir/hwir_predecode_contract_spec.spl	124	NOVERDICT	0	0	0	0
test/01_unit/compiler/backend/intrinsic_lowering_aarch64_spec.spl	1	ERROR	52	51	1	0
test/01_unit/compiler/backend/export_c_custom_name_general_spec.spl	0	OK	3	3	0	0
test/01_unit/compiler/backend/intrinsic_lowering_arm32_spec.spl	0	OK	46	46	0	0
test/01_unit/compiler/backend/export_c_custom_name_spec.spl	0	OK	2	2	0	0
test/01_unit/compiler/backend/intrinsic_lowering_x86_spec.spl	0	OK	29	29	0	0
test/01_unit/compiler/backend/intrinsic_lowering_riscv_spec.spl	0	OK	44	44	0	0
test/01_unit/compiler/backend/hosted_c_target_guard_spec.spl	0	OK	20	20	0	0
test/01_unit/compiler/backend/introspection/elf_symbols_byte_text_spec.spl	0	OK	1	1	0	0
test/01_unit/compiler/backend/c_backend_export_spec.spl	0	OK	4	4	0	0
test/01_unit/compiler/backend/introspection/elf_symbols_high_byte_sanitize_spec.spl	0	OK	4	4	0	0
test/01_unit/compiler/50.mir/hwir_zca_target_trap_exhaustive_oracle_spec.spl	124	NOVERDICT	0	0	0	0
test/01_unit/compiler/backend/jit_interpreter_spec.spl	0	OK	2	2	0	0
test/01_unit/compiler/backend/layout_attrs_spec.spl	0	OK	20	20	0	0
test/01_unit/compiler/backend/layout_scanner_spec.spl	1	ERROR	0	0	0	0
test/01_unit/compiler/backend/interpreter_backend_spec.spl	1	ERROR	13	11	2	0
test/01_unit/compiler/backend/interpreter_backend_call_frame_spec.spl	0	OK	3	3	0	0
test/01_unit/compiler/backend/lexer_source_array_release_abi_spec.spl	0	OK	1	1	0	0
test/01_unit/compiler/backend/interpreter_strict_mem_spec.spl	0	OK	9	9	0	0
test/01_unit/compiler/backend/linker/elf_parser_spec.spl	0	OK	16	16	0	0
test/01_unit/compiler/backend/linker/archive_parser_spec.spl	0	OK	27	27	0	0
test/01_unit/compiler/backend/lean_backend_spec.spl	1	ERROR	10	8	2	0
test/01_unit/compiler/backend/linker/elf_reloc_target_section_spec.spl	0	OK	4	4	0	0
test/01_unit/compiler/backend/linker/elf_section_header_field_parity_spec.spl	0	OK	4	4	0	0
test/01_unit/compiler/backend/linker/elf_writer_spec.spl	0	OK	18	18	0	0
test/01_unit/compiler/backend/linker/linker_script_spec.spl	0	OK	31	31	0	0
test/01_unit/compiler/backend/linker/reloc_engine_spec.spl	0	OK	26	26	0	0
test/01_unit/compiler/backend/linker/sym_resolver_spec.spl	0	OK	20	20	0	0
test/01_unit/compiler/backend/llvm_comparison_operand_type_spec.spl	0	OK	1	1	0	0
test/01_unit/compiler/backend/llvm_cross_module_global_symbol_spec.spl	0	OK	6	6	0	0
test/01_unit/compiler/backend/literal_converter_spec.spl	0	OK	5	5	0	0
test/01_unit/compiler/backend/interpreter_mode_spec.spl	0	OK	4	4	0	0
test/01_unit/compiler/backend/llvm_ir_builder_target_header_lifetime_spec.spl	1	ERROR	4	3	1	0
test/01_unit/compiler/backend/llvm_lib_backend_spec.spl	1	ERROR	5	3	2	0
test/01_unit/compiler/backend/llvm_ir_builder_spec.spl	0	OK	3	3	0	0
test/01_unit/compiler/backend/llvm_bitcast_pointer_bool_spec.spl	1	ERROR	4	0	4	0
test/01_unit/compiler/backend/llvm_gpu_simd_dest_defined_locals_spec.spl	0	OK	2	2	0	0
test/01_unit/compiler/backend/llvm_inline_asm_template_spec.spl	1	ERROR	3	0	3	0
test/01_unit/compiler/backend/llvm_narrow_field_load_spec.spl	0	OK	1	1	0	0
test/01_unit/compiler/backend/llvm_array_value_copy_single_ssa_def_spec.spl	0	OK	5	5	0	0
test/01_unit/compiler/backend/llvm_bootstrap_accumulator_reset_spec.spl	0	OK	3	3	0	0
test/01_unit/compiler/backend/llvm_copy_move_alloc_spec.spl	1	ERROR	6	5	1	0
test/01_unit/compiler/backend/llvm_call_arity_reconcile_spec.spl	0	OK	2	2	0	0
test/01_unit/compiler/backend/llvm_simd_array_abi_spec.spl	1	ERROR	4	2	2	0
test/01_unit/compiler/backend/llvm_pointer_return_null_spec.spl	1	ERROR	6	2	4	0
test/01_unit/compiler/backend/llvm_phase2_backend_integration_spec.spl	0	OK	2	2	0	0
test/01_unit/compiler/backend/llvm_wasm_spec.spl	0	OK	1	1	0	0
test/01_unit/compiler/backend/llvm_type_mapper_struct_symbol_spec.spl	0	OK	1	1	0	0
test/01_unit/compiler/backend/llvm_type_mapper_spec.spl	0	OK	4	4	0	0
test/01_unit/compiler/backend/logger_native_probe_spec.spl	1	ERROR	2	1	1	0
test/01_unit/compiler/backend/lowering_aarch64_crypto_spec.spl	0	OK	24	24	0	0
test/01_unit/compiler/backend/lowering_riscv_crypto_spec.spl	0	OK	10	10	0	0
test/01_unit/compiler/backend/lowering_x86_crypto_spec.spl	0	OK	16	16	0	0
test/01_unit/compiler/backend/macho_writer_spec.spl	0	OK	39	39	0	0
test/01_unit/compiler/backend/lua_backend_spec.spl	0	OK	17	17	0	0
test/01_unit/compiler/backend/mir_builder_intensive_spec.spl	0	OK	4	4	0	0
test/01_unit/compiler/backend/mir_instruction_complete_spec.spl	0	OK	4	4	0	0
test/01_unit/compiler/backend/native_backend_spec.spl	0	OK	4	4	0	0
test/01_unit/compiler/backend/native_bridge_spec.spl	0	OK	3	3	0	0
test/01_unit/compiler/backend/llvm_matrix_lowering_spec.spl	1	ERROR	2	0	2	0
test/01_unit/compiler/backend/llvm_mutable_global_static_spec.spl	1	ERROR	5	0	5	0
test/01_unit/compiler/backend/native/encode_rvv_float_spec.spl	0	OK	2	2	0	0
test/01_unit/compiler/backend/native_ffi_spec.spl	0	OK	23	23	0	0
test/01_unit/compiler/backend/native/encode_x86_64_spec.spl	0	OK	1	1	0	0
test/01_unit/compiler/backend/native/encode_riscv32_spec.spl	0	OK	33	33	0	0
test/01_unit/compiler/backend/native/isel_aarch64_spec.spl	0	OK	5	5	0	0
test/01_unit/compiler/backend/llvm_tagged_aggregate_field_spec.spl	0	OK	2	2	0	0
test/01_unit/compiler/backend/native/encode_riscv64_spec.spl	0	OK	37	37	0	0
test/01_unit/compiler/backend/llvm_opt_pipeline_spec.spl	1	ERROR	8	6	2	0
test/01_unit/compiler/backend/native_mut_slice_intervening_call_contract_spec.spl	0	OK	1	1	0	0
test/01_unit/compiler/backend/native_layout_spec.spl	0	OK	4	4	0	0
test/01_unit/compiler/backend/native/isel_x86_64_spec.spl	1	ERROR	6	4	2	0
test/01_unit/compiler/backend/native/x86_avx2_mir_route_spec.spl	1	ERROR	7	4	3	0
test/01_unit/compiler/backend/native_portable_numeric_phase2_integration_spec.spl	0	OK	2	2	0	0
test/01_unit/compiler/backend/native/isel_riscv32_spec.spl	1	ERROR	37	36	1	0
test/01_unit/compiler/backend/native/isel_riscv64_spec.spl	1	ERROR	42	41	1	0
test/01_unit/compiler/backend/neon_bf16_spec.spl	0	OK	13	13	0	0
test/01_unit/compiler/backend/neon_arith_extras_spec.spl	0	OK	38	38	0	0
test/01_unit/compiler/backend/neon_cmp_emit_spec.spl	0	OK	24	24	0	0
test/01_unit/compiler/backend/neon_emit_spec.spl	0	OK	28	28	0	0
test/01_unit/compiler/backend/neon_dot_spec.spl	0	OK	8	8	0	0
test/01_unit/compiler/backend/neon_crc32_spec.spl	0	OK	11	11	0	0
test/01_unit/compiler/backend/neon_fp16_spec.spl	0	OK	26	26	0	0
test/01_unit/compiler/backend/neon_load_store_spec.spl	0	OK	36	36	0	0
test/01_unit/compiler/backend/neon_int_emit_spec.spl	0	OK	35	35	0	0
test/01_unit/compiler/backend/neon_sat_spec.spl	0	OK	12	12	0	0
test/01_unit/compiler/backend/riscv32_asm_spec.spl	0	OK	79	79	0	0
test/01_unit/compiler/backend/rt_extern_decl_arity_spec.spl	1	ERROR	4	1	3	0
test/01_unit/compiler/backend/runtime_compiler_spec.spl	1	ERROR	11	9	2	0
test/01_unit/compiler/backend/runtime_native_gpu_stub_duplicate_symbol_guard_spec.spl	0	OK	2	2	0	0
test/01_unit/compiler/backend/runtime_dynload_owner_source_spec.spl	1	ERROR	2	1	1	0
test/01_unit/compiler/backend/llvm_runtime_call_origin_spec.spl	0	OK	3	3	0	0
test/01_unit/compiler/backend/runtime_timestamp_owner_source_spec.spl	1	ERROR	3	1	2	0
test/01_unit/compiler/backend/rv64_real_runtime_link_contract_spec.spl	0	OK	2	2	0	0
test/01_unit/compiler/backend/rvv_fixedpt_spec.spl	0	OK	19	19	0	0
test/01_unit/compiler/backend/rvv_float_spec.spl	0	OK	20	20	0	0
test/01_unit/compiler/backend/rvv_int_emit_spec.spl	0	OK	22	22	0	0
test/01_unit/compiler/backend/native/native_driver_avx2_policy_spec.spl	0	OK	4	4	0	0
test/01_unit/compiler/backend/rvv_mask_emit_spec.spl	0	OK	25	25	0	0
test/01_unit/compiler/backend/rvv_misc_spec.spl	0	OK	10	10	0	0
test/01_unit/compiler/backend/native/storage_layout_native_projection_spec.spl	0	OK	11	11	0	0
test/01_unit/compiler/backend/rvv_permute_spec.spl	0	OK	10	10	0	0
test/01_unit/compiler/backend/rvv_widen_spec.spl	0	OK	20	20	0	0
test/01_unit/compiler/backend/spipe_system_test_spec.spl	0	OK	19	19	0	0
test/01_unit/compiler/backend/.sspec_wrapped_entry_sspec_system_test_spec.spl	0	OK	2	2	0	0
test/01_unit/compiler/backend/stage4_candidate_archive_inputs_spec.spl	0	OK	2	2	0	0
test/01_unit/compiler/backend/stage4_contracts_provider_spec.spl	0	OK	3	3	0	0
test/01_unit/compiler/backend/stage4_final_symbol_closure_spec.spl	1	ERROR	53	48	5	0
test/01_unit/compiler/backend/stage4_native_link_source_contract_spec.spl	1	ERROR	10	6	4	0
test/01_unit/compiler/backend/stage4_process_provider_spec.spl	1	ERROR	6	4	2	0
test/01_unit/compiler/backend/stage4_runtime_native_wiring_spec.spl	0	OK	3	3	0	0
test/01_unit/compiler/backend/stage4_runtime_legacy_compat_provider_spec.spl	1	ERROR	12	11	1	0
test/01_unit/compiler/backend/stage4_selected_archive_projection_spec.spl	0	OK	8	8	0	0
test/01_unit/compiler/backend/std_error_no_duplicate_definition_guard_spec.spl	1	ERROR	3	2	1	0
test/01_unit/compiler/backend/stub_elimination_spec.spl	0	OK	21	21	0	0
test/01_unit/compiler/backend/sve2_cmp_emit_spec.spl	0	OK	14	14	0	0
test/01_unit/compiler/backend/sve2_crypto_spec.spl	0	OK	65	65	0	0
test/01_unit/compiler/backend/sve2_emit_spec.spl	0	OK	48	48	0	0
test/01_unit/compiler/backend/sve2_extract_spec.spl	0	OK	40	40	0	0
test/01_unit/compiler/backend/sve2_pred_emit_spec.spl	0	OK	18	18	0	0
test/01_unit/compiler/backend/sve2_wmul_spec.spl	0	OK	82	82	0	0
test/01_unit/compiler/backend/svmg_lowering_spec.spl	0	OK	17	17	0	0
test/01_unit/compiler/backend/target_matrix_spec.spl	0	OK	77	77	0	0
test/01_unit/compiler/backend/target_presets_m33_spec.spl	0	OK	7	7	0	0
test/01_unit/compiler/backend/simpleos_forbidden_allocator_guard_spec.spl	1	ERROR	7	0	7	0
test/01_unit/compiler/backend/unresolved_symbol_alias_fails_closed_spec.spl	0	OK	1	1	0	0
test/01_unit/compiler/backend/vhdl_abi_spec.spl	0	OK	38	38	0	0
test/01_unit/compiler/backend/type_mapper_spec.spl	0	OK	4	4	0	0
test/01_unit/compiler/backend/vhdl_builder_spec.spl	0	OK	4	4	0	0
test/01_unit/compiler/backend/simpleos_native_target_flow_spec.spl	1	ERROR	7	6	1	0
test/01_unit/compiler/backend/numeric_interpolation_abi_spec.spl	1	ERROR	6	4	2	0
test/01_unit/compiler/backend/vhdl_ghdl_runner_spec.spl	0	OK	22	22	0	0
test/01_unit/compiler/backend/vhdl_design_catalog_spec.spl	1	ERROR	21	7	14	0
test/01_unit/compiler/backend/riscv_target_spec.spl	1	ERROR	0	0	0	0
test/01_unit/compiler/backend/vhdl_inline_else_if_spec.spl	0	OK	1	1	0	0
test/01_unit/compiler/backend/vhdl_dim_constraints_spec.spl	1	ERROR	4	3	1	0
test/01_unit/compiler/backend/vhdl_hardware_call_lowering_contract_spec.spl	1	ERROR	9	6	3	0
test/01_unit/compiler/backend/vhdl_sim_runner_spec.spl	0	OK	4	4	0	0
test/01_unit/compiler/backend/vhdl_memory_templates_spec.spl	0	OK	9	9	0	0
test/01_unit/compiler/backend/vhdl_rv32i_pipeline_spec.spl	0	OK	23	23	0	0
test/01_unit/compiler/backend/vhdl_rv64gc_regression_spec.spl	0	OK	23	23	0	0
test/01_unit/compiler/backend/vhdl_testbench_spec.spl	0	OK	5	5	0	0
test/01_unit/compiler/backend/vhdl_vendor_synthesis_smoke_spec.spl	0	OK	5	5	0	0
test/01_unit/compiler/backend/vulkan_compile_endpoint_source_spec.spl	0	OK	2	2	0	0
test/01_unit/compiler/backend/vhdl_backend_spec.spl	1	ERROR	63	48	15	0
test/01_unit/compiler/backend/vulkan_compiler_live_lane_source_spec.spl	0	OK	3	3	0	0
test/01_unit/compiler/backend/vulkan_entry_abi_source_spec.spl	1	ERROR	2	0	2	0
test/01_unit/compiler/backend/vulkan_backend_intensive_spec.spl	1	ERROR	42	40	2	0
test/01_unit/compiler/backend/vulkan_jit_step_budget_loop_lowering_spec.spl	0	OK	4	4	0	0
test/01_unit/compiler/backend/vulkan_gep_index_diagnostic_class_spec.spl	1	ERROR	4	2	2	0
test/01_unit/compiler/backend/vulkan_shared_gep_index_type_spec.spl	1	ERROR	2	1	1	0
test/01_unit/compiler/backend/x86_bmi2_spec.spl	0	OK	2	2	0	0
test/01_unit/compiler/backend/text_extern_abi_ptr_len_registry_spec.spl	0	OK	2	2	0	0
test/01_unit/compiler/backend/vhdl_clocked_global_state_contract_spec.spl	1	ERROR	10	7	3	0
test/01_unit/compiler/backend/vulkan_source_storage_buffer_abi_spec.spl	1	ERROR	3	0	3	0
test/01_unit/compiler/backend/x86_narrow_form_spec.spl	0	OK	78	78	0	0
test/01_unit/compiler/backend/x86_sse41_spec.spl	0	OK	21	21	0	0
test/01_unit/compiler/backend/x86_vex_crypto_spec.spl	0	OK	26	26	0	0
test/01_unit/compiler/bdd_eq_chained_matcher_provisional_spec.spl	1	ERROR	6	5	1	0
test/01_unit/compiler/backend/vhdl_constraints_spec.spl	0	OK	5	5	0	0
test/01_unit/compiler/bdd_exists_check_assertion_presence_spec.spl	0	OK	4	4	0	0
test/01_unit/compiler/bdd_feature_group_keyword_spec.spl	1	ERROR	0	0	0	0
test/01_unit/compiler/bdd_presence_operator_assertion_class_spec.spl	0	OK	11	11	0	0
test/01_unit/compiler/bdd_keyword_executor_coverage_spec.spl	1	ERROR	7	2	5	0
test/01_unit/compiler/bdd_text_eq_runtime_spec.spl	0	OK	2	2	0	0
test/01_unit/compiler/bdd_truthy_runtime_spec.spl	0	OK	2	2	0	0
test/01_unit/compiler/bitfield_sugar_spec.spl	0	OK	28	28	0	0
test/01_unit/compiler/blocks/block_definition_three_level_spec.spl	0	OK	1	1	0	0
test/01_unit/compiler/blocks/block_outline_info_spec.spl	0	OK	1	1	0	0
test/01_unit/compiler/blocks/builder_api_basic_spec.spl	0	OK	2	2	0	0
test/01_unit/compiler/blocks/block_skip_policy_spec.spl	0	OK	1	1	0	0
test/01_unit/compiler/blocks/builder_api_spec.spl	0	OK	1	1	0	0
test/01_unit/compiler/blocks/easy_api_basic_spec.spl	0	OK	2	2	0	0
test/01_unit/compiler/blocks/builder_default_parser_spec.spl	0	OK	2	2	0	0
test/01_unit/compiler/blocks/easy_api_spec.spl	0	OK	1	1	0	0
test/01_unit/compiler/blocks/pre_lex_info_spec.spl	0	OK	1	1	0	0
test/01_unit/compiler/blocks/pre_lex_per_dsl_spec.spl	0	OK	1	1	0	0
test/01_unit/compiler/blocks/testing_framework_spec.spl	0	OK	2	2	0	0
test/01_unit/compiler/blocks/testing_spec.spl	0	OK	6	6	0	0
test/01_unit/compiler/backend/vhdl_type_mapper_spec.spl	0	OK	6	6	0	0
test/01_unit/compiler/blocks/unified_registry_bootstrap_source_spec.spl	1	ERROR	1	0	1	0
test/01_unit/compiler/blocks/utils_basic_spec.spl	0	OK	2	2	0	0
test/01_unit/compiler/blocks/utils_spec.spl	0	OK	1	1	0	0
test/01_unit/compiler/bootstrap/backend_helpers_shared_binding_contract_spec.spl	0	OK	1	1	0	0
test/01_unit/compiler/bootstrap/callable_dependency_route_precedence_contract_spec.spl	1	ERROR	2	1	1	0
test/01_unit/compiler/bootstrap/check_entry_target_routing_contract_spec.spl	0	OK	2	2	0	0
test/01_unit/compiler/bootstrap/ast_native_arena_spec.spl	1	ERROR	5	1	4	0
test/01_unit/compiler/bootstrap/driver_phase_entry_shared_binding_contract_spec.spl	1	ERROR	1	0	1	0
test/01_unit/compiler/bootstrap/class_member_parser_parity_spec.spl	0	OK	3	3	0	0
test/01_unit/compiler/bootstrap/entry_closure_bucket_count_contract_spec.spl	1	ERROR	1	0	1	0
test/01_unit/compiler/backend/wasm_codegen_spec.spl	0	OK	5	5	0	0
test/01_unit/compiler/bootstrap/entry_closure_module_map_update_spec.spl	1	ERROR	1	0	1	0
test/01_unit/compiler/bootstrap/flattened_linker_symbol_types_contract_spec.spl	1	ERROR	1	0	1	0
test/01_unit/compiler/bootstrap/frontend_registry_transient_owner_spec.spl	0	OK	2	2	0	0
test/01_unit/compiler/bootstrap/hir_expression_shared_binding_contract_spec.spl	1	ERROR	1	0	1	0
test/01_unit/compiler/backend/wffi_bindgen_spec.spl	0	OK	5	5	0	0
test/01_unit/compiler/backend/wasm_mir_to_wat_spec.spl	1	ERROR	48	47	1	0
test/01_unit/compiler/bootstrap/hir_import_resolution_shared_binding_contract_spec.spl	1	ERROR	1	0	1	0
test/01_unit/compiler/bootstrap/hir_module_lowering_shared_binding_contract_spec.spl	1	ERROR	1	0	1	0
test/01_unit/compiler/bootstrap/hir_symbol_alias_owner_collision_spec.spl	0	OK	4	4	0	0
test/01_unit/compiler/bootstrap/driver_symlink_source_dedup_spec.spl	0	OK	1	1	0	0
test/01_unit/compiler/bootstrap/imported_composite_dependency_closure_contract_spec.spl	0	OK	1	1	0	0
test/01_unit/compiler/bootstrap/hir_symbol_table_shared_binding_contract_spec.spl	1	ERROR	1	0	1	0
test/01_unit/compiler/bootstrap/lint_short_grammar_helper_import_contract_spec.spl	0	OK	1	1	0	0
test/01_unit/compiler/bootstrap/interpreter_function_lookup_shared_binding_contract_spec.spl	1	ERROR	1	0	1	0
test/01_unit/compiler/bootstrap/entry_closure_physical_source_dedup_spec.spl	1	ERROR	15	7	8	0
test/01_unit/compiler/bootstrap/llvm_aggregate_shared_binding_contract_spec.spl	0	OK	1	1	0	0
test/01_unit/compiler/bootstrap/loader_metadata_helpers_contract_spec.spl	1	ERROR	1	0	1	0
test/01_unit/compiler/bootstrap/labeled_tuple_return_parser_spec.spl	0	OK	3	3	0	0
test/01_unit/compiler/bootstrap/mir_call_destination_shared_binding_contract_spec.spl	0	OK	1	1	0	0
test/01_unit/compiler/bootstrap/mir_method_calls_shared_binding_contract_spec.spl	1	ERROR	1	0	1	0
test/01_unit/compiler/bootstrap/mir_expr_dispatch_shared_binding_contract_spec.spl	1	ERROR	1	0	1	0
test/01_unit/compiler/bootstrap/mir_module_lowering_shared_binding_contract_spec.spl	0	OK	1	1	0	0
test/01_unit/compiler/bootstrap/hir_statement_shared_binding_contract_spec.spl	0	OK	1	1	0	0
test/01_unit/compiler/bootstrap/mir_switch_calls_shared_binding_contract_spec.spl	0	OK	1	1	0	0
test/01_unit/compiler/bootstrap/module_surface_callable_projection_contract_spec.spl	1	ERROR	11	2	9	0
test/01_unit/compiler/bootstrap/module_surface_canonical_once_spec.spl	1	ERROR	2	0	2	0
test/01_unit/compiler/bootstrap/module_surface_impl_retention_spec.spl	1	ERROR	2	0	2	0
test/01_unit/compiler/bootstrap/module_surface_promote_definition_spec.spl	0	OK	3	3	0	0
test/01_unit/compiler/bootstrap/native_entry_closure_mode_contract_spec.spl	1	ERROR	1	0	1	0
test/01_unit/compiler/bootstrap_reason_planner_admission_source_contract_spec.spl	0	OK	2	2	0	0
test/01_unit/compiler/bootstrap/seed_jit_temp_project_hint_source_spec.spl	1	ERROR	1	0	1	0
test/01_unit/compiler/bootstrap/specialized_template_context_contract_spec.spl	0	OK	1	1	0	0
test/01_unit/compiler/bootstrap/stage2_bare_variant_owner_spec.spl	1	ERROR	3	1	2	0
test/01_unit/compiler/bootstrap/parser_multiline_shape_parity_spec.spl	0	OK	5	5	0	0
test/01_unit/compiler/bootstrap/stage2_source_shape_regression_spec.spl	1	ERROR	5	3	2	0
test/01_unit/compiler/bootstrap/stage3_explicit_owner_types_spec.spl	1	ERROR	2	1	1	0
test/01_unit/compiler/bootstrap/stage4_manual_stage3_admission_contract_spec.spl	1	ERROR	2	1	1	0
test/01_unit/compiler/bootstrap/stage4_multiline_call_paren_spec.spl	0	OK	4	4	0	0
test/01_unit/compiler/bootstrap/stage4_post_x86_platform_matrix_spec.spl	0	OK	1	1	0	0
test/01_unit/compiler/bootstrap/stage4_streaming_surfaces_contract_spec.spl	1	ERROR	11	5	6	0
test/01_unit/compiler/bootstrap/stage4_unlimited_streaming_ownership_spec.spl	1	ERROR	3	1	2	0
test/01_unit/compiler/bootstrap/stage4_smoke_gate_spec.spl	1	ERROR	18	9	9	0
test/01_unit/compiler/bootstrap/tier_resolution_order_source_spec.spl	1	ERROR	1	0	1	0
test/01_unit/compiler/bootstrap/trait_default_shared_binding_contract_spec.spl	0	OK	1	1	0	0
test/01_unit/compiler/bootstrap/transient_parse_array_scope_spec.spl	1	ERROR	2	1	1	0
test/01_unit/compiler/bootstrap/u64_fnv_literal_stage4_spec.spl	0	OK	2	2	0	0
test/01_unit/compiler/bootstrap/vhdl_artifact_source_shared_binding_contract_spec.spl	0	OK	1	1	0	0
test/01_unit/compiler/bootstrap/verification_contract_proof_uses_bootstrap_spec.spl	0	OK	2	2	0	0
test/01_unit/compiler/bootstrap/vhdl_entity_shared_binding_contract_spec.spl	0	OK	1	1	0	0
test/01_unit/compiler/bootstrap/vhdl_call_definition_shared_binding_contract_spec.spl	0	OK	1	1	0	0
test/01_unit/compiler/bootstrap/vhdl_design_catalog_shared_binding_contract_spec.spl	0	OK	1	1	0	0
test/01_unit/compiler/bootstrap/type_multiline_signature_parser_spec.spl	0	OK	3	3	0	0
test/01_unit/compiler/borrow/borrow_check_spec.spl	0	OK	13	13	0	0
test/01_unit/compiler/bootstrap/parser_self_parse_spec.spl	1	ERROR	2	1	1	0
test/01_unit/compiler/borrow/lifetime_spec.spl	0	OK	6	6	0	0
test/01_unit/compiler/backend/vhdl_artifact_manifest_spec.spl	124	NOVERDICT	0	0	0	0
test/01_unit/compiler/build_graph/target_graph_spec.spl	0	OK	9	9	0	0
test/01_unit/compiler/cache/action_key_spec.spl	0	OK	32	32	0	0
test/01_unit/compiler/cache/cache_types_spec.spl	0	OK	13	13	0	0
test/01_unit/compiler/cache/cache_validator_smf_header_spec.spl	0	OK	1	1	0	0
test/01_unit/compiler/cache/cache_validator_spec.spl	0	OK	9	9	0	0
test/01_unit/compiler/cache/cas_store_spec.spl	0	OK	12	12	0	0
test/01_unit/compiler/borrow/iso_move_assign_field_spec.spl	0	OK	8	8	0	0
test/01_unit/compiler/cache/compile_options_hash_spec.spl	1	ERROR	25	22	3	0
test/01_unit/compiler/cache/file_stamp_spec.spl	0	OK	11	11	0	0
test/01_unit/compiler/borrow/iso_move_pipeline_spec.spl	0	OK	4	4	0	0
test/01_unit/compiler/borrow/iso_move_return_spec.spl	0	OK	7	7	0	0
test/01_unit/compiler/borrow/iso_move_sites_spec.spl	1	ERROR	2	1	1	0
test/01_unit/compiler/cache/lazy_section_spec.spl	0	OK	9	9	0	0
test/01_unit/compiler/borrow/iso_use_after_move_e2e_spec.spl	1	ERROR	4	0	4	0
test/01_unit/compiler/cache/per_lane_cache_scope_prevention_spec.spl	0	OK	5	5	0	0
test/01_unit/compiler/cache/per_lane_cache_scope_spec.spl	0	OK	3	3	0	0
test/01_unit/compiler/cache/persistent_code_cache_invalidation_spec.spl	0	OK	15	15	0	0
test/01_unit/compiler/cache/shb_mtime_spec.spl	0	OK	1	1	0	0
test/01_unit/compiler/cache/persistent_code_cache_spec.spl	0	OK	6	6	0	0
test/01_unit/compiler/cache/smf_deps_validation_spec.spl	0	OK	10	10	0	0
test/01_unit/compiler/cache/smf_manifest_source_hash_verification_spec.spl	0	OK	4	4	0	0
test/01_unit/compiler/cache_v2/block_cache_spec.spl	0	OK	12	12	0	0
test/01_unit/compiler/cache_v2/aop_group_spec.spl	0	OK	12	12	0	0
test/01_unit/compiler/cache_v2/gateway_spec.spl	0	OK	5	5	0	0
test/01_unit/compiler/cache_v2/gc_spec.spl	1	ERROR	9	8	1	0
test/01_unit/compiler/cache_v2/promotion_spec.spl	0	OK	33	33	0	0
test/01_unit/compiler/case_soft_keyword_spec.spl	1	NOVERDICT	0	0	1	0
test/01_unit/compiler/cache_v2/tier_router_spec.spl	0	OK	6	6	0	0
test/01_unit/compiler/cache_v2/shadow_mode_spec.spl	0	OK	4	4	0	0
test/01_unit/compiler/class_identity_corpus_spec.spl	0	OK	7	7	0	0
test/01_unit/compiler/class_reference_semantics_spec.spl	0	OK	6	6	0	0
test/01_unit/compiler/closure_capture_statements_spec.spl	0	OK	30	30	0	0
test/01_unit/compiler/borrow/iso_parse_pipeline_spec.spl	0	OK	3	3	0	0
test/01_unit/compiler/codegen/any_typed_value_consumption_class_spec.spl	1	ERROR	5	0	5	0
test/01_unit/compiler/codegen/array_f64_element_precision_spec.spl	0	OK	4	4	0	0
test/01_unit/compiler/codegen/array_copy_element_type_matrix_spec.spl	1	ERROR	9	8	1	0
test/01_unit/compiler/codegen/baremetal_cross_module_val_spec.spl	0	OK	6	6	0	0
test/01_unit/compiler/codegen/baremetal_method_dispatch_spec.spl	0	OK	3	3	0	0
test/01_unit/compiler/codegen/builtin_name_collision_arg_transport_spec.spl	1	ERROR	3	0	3	0
test/01_unit/compiler/codegen/chained_builtin_result_type_class_spec.spl	1	ERROR	3	0	3	0
test/01_unit/compiler/codegen/chained_call_receiver_class_spec.spl	1	ERROR	4	0	4	0
test/01_unit/compiler/codegen/arm64_cross_module_abi_spec.spl	0	OK	19	19	0	0
test/01_unit/compiler/codegen/chained_call_receiver_to_int_spec.spl	1	ERROR	3	0	3	0
test/01_unit/compiler/codegen/chained_text_builtin_to_int_spec.spl	1	ERROR	3	0	3	0
test/01_unit/compiler/codegen/codegen_coverage_spec.spl	0	OK	6	6	0	0
test/01_unit/compiler/codegen/coalesce_sentinel_collision_class_spec.spl	1	ERROR	3	1	2	0
test/01_unit/compiler/codegen/cross_engine_divergence_prevention_spec.spl	1	ERROR	5	0	5	0
test/01_unit/compiler/codegen/condition_tag_decode_spec.spl	1	ERROR	3	1	2	0
test/01_unit/compiler/codegen/cross_engine_silent_divergence_spec.spl	1	ERROR	7	0	7	0
test/01_unit/compiler/codegen/cuda_bitcast_width_source_spec.spl	0	OK	1	1	0	0
test/01_unit/compiler/codegen/cuda_comparison_operand_type_source_spec.spl	0	OK	1	1	0	0
test/01_unit/compiler/codegen/cuda_ptx_builder_atomic_contract_spec.spl	0	OK	2	2	0	0
test/01_unit/compiler/codegen/cuda_backend_intensive_contract_spec.spl	1	ERROR	28	25	3	0
test/01_unit/compiler/codegen/cuda_ptx_device_function_param_type_spec.spl	1	ERROR	2	0	2	0
test/01_unit/compiler/codegen/cuda_shared_pointer_space_source_spec.spl	0	OK	4	4	0	0
test/01_unit/compiler/codegen/declared_default_object_identity_class_spec.spl	1	ERROR	5	0	5	0
test/01_unit/compiler/codegen/cuda_unsigned_neg_source_spec.spl	0	OK	1	1	0	0
test/01_unit/compiler/codegen/dict_clear_native_dispatch_spec.spl	1	ERROR	1	0	1	0
test/01_unit/compiler/codegen/cuda_ptx_mir_kind_primitive_class_spec.spl	1	ERROR	4	0	4	0
test/01_unit/compiler/codegen/engine_differential_class_spec.spl	1	ERROR	5	3	2	0
test/01_unit/compiler/codegen/erased_receiver_index_of_bind_spec.spl	1	ERROR	2	0	2	0
test/01_unit/compiler/codegen/f32_struct_field_roundtrip_spec.spl	1	ERROR	5	4	1	0
test/01_unit/compiler/codegen/gpu_backend_shared_interface_parity_spec.spl	0	OK	2	2	0	0
test/01_unit/compiler/codegen/f64_method_return_binop_spec.spl	0	OK	3	3	0	0
test/01_unit/compiler/codegen/gpu_compute_algorithm_kernels_spec.spl	0	OK	8	8	0	0
test/01_unit/compiler/codegen/field_default_container_mutation_spec.spl	1	ERROR	2	0	2	0
test/01_unit/compiler/codegen/gpu_generated_2d_contract_spec.spl	0	OK	3	3	0	0
test/01_unit/compiler/codegen/gpu_portable_compute_spec.spl	1	ERROR	32	30	2	0
test/01_unit/compiler/codegen/gpu_portable_metal_prelude_source_spec.spl	0	OK	1	1	0	0
test/01_unit/compiler/codegen/gpu_portable_metal_prelude_spec.spl	0	OK	1	1	0	0
test/01_unit/compiler/codegen/i8_int_boxing_repro_spec.spl	1	ERROR	2	0	2	0
test/01_unit/compiler/codegen/int_width_boxing_matrix_class_spec.spl	1	ERROR	2	0	2	0
test/01_unit/compiler/codegen/match_bare_val_constant_spec.spl	1	ERROR	5	2	3	0
test/01_unit/compiler/codegen/match_switch_codegen_spec.spl	0	OK	7	7	0	0
test/01_unit/compiler/codegen/group_algorithms_contract_spec.spl	0	OK	21	21	0	0
test/01_unit/compiler/codegen/hip_backend_contract_spec.spl	1	ERROR	5	3	2	0
test/01_unit/compiler/codegen/match_switch_self_hosted_spec.spl	0	OK	10	10	0	0
test/01_unit/compiler/codegen/host_gpu_lane_codegen_marker_spec.spl	1	ERROR	3	0	3	0
test/01_unit/compiler/codegen/method_dispatch_field_access_spec.spl	0	OK	2	2	0	0
test/01_unit/compiler/codegen/native_aggregate_return_transport_class_spec.spl	1	ERROR	1	0	1	0
test/01_unit/compiler/codegen/method_dispatch_uncovered_gaps_spec.spl	0	OK	12	12	0	0
test/01_unit/compiler/codegen/me_method_body_baremetal_spec.spl	0	OK	4	4	0	0
test/01_unit/compiler/codegen/native_arm64_framebuffer_color_return_spec.spl	1	ERROR	0	0	0	0
test/01_unit/compiler/codegen/native_bool_argument_marshalling_class_spec.spl	1	ERROR	1	0	1	0
test/01_unit/compiler/codegen/native_cross_module_abi_spec.spl	0	OK	6	6	0	0
test/01_unit/compiler/codegen/native_dict_get_miss_sentinel_class_spec.spl	1	ERROR	1	0	1	0
test/01_unit/compiler/codegen/native_optional_payload_extraction_class_spec.spl	1	ERROR	5	0	5	0
test/01_unit/compiler/codegen/omitted_field_default_class_spec.spl	1	ERROR	3	1	2	0
test/01_unit/compiler/codegen/native_struct_return_by_value_field_read_spec.spl	1	ERROR	3	2	1	0
test/01_unit/compiler/codegen/native_nil_i64_sink_render_spec.spl	0	OK	11	11	0	0
test/01_unit/compiler/codegen/nontext_receiver_method_dispatch_class_spec.spl	1	ERROR	8	0	8	0
test/01_unit/compiler/codegen/option_presence_falsy_payload_class_spec.spl	1	ERROR	4	0	4	0
test/01_unit/compiler/codegen/optional_scalar_payload_roundtrip_spec.spl	1	ERROR	5	4	1	0
test/01_unit/compiler/codegen/option_presence_zero_payload_spec.spl	1	ERROR	3	0	3	0
test/01_unit/compiler/codegen/option_returning_method_not_scalar_aliased_spec.spl	1	ERROR	6	4	2	0
test/01_unit/compiler/codegen/packed_bitfield_field_read_jit_spec.spl	1	ERROR	3	1	2	0
test/01_unit/compiler/codegen/packed_bitfield_field_read_tagging_spec.spl	1	ERROR	3	1	2	0
test/01_unit/compiler/codegen/parse_family_option_preserved_spec.spl	1	ERROR	6	0	6	0
test/01_unit/compiler/codegen/packed_array_copy_roundtrip_spec.spl	1	ERROR	5	4	1	0
test/01_unit/compiler/codegen/receiver_mutation_writeback_class_spec.spl	1	ERROR	2	0	2	0
test/01_unit/compiler/codegen/rt_nil_sentinel_collision_class_spec.spl	1	ERROR	6	1	5	0
test/01_unit/compiler/codegen/riscv64_cross_module_abi_spec.spl	0	OK	15	15	0	0
test/01_unit/compiler/codegen/scalar_slot_roundtrip_class_spec.spl	1	ERROR	3	1	2	0
test/01_unit/compiler/codegen/static_method_spec.spl	0	OK	2	2	0	0
test/01_unit/compiler/codegen/sha1_rfc3174_jit_spec.spl	1	ERROR	4	1	3	0
test/01_unit/compiler/codegen/struct_array_i64_field_precision_spec.spl	0	OK	6	6	0	0
test/01_unit/compiler/codegen/storage_simd_opencl_spec.spl	0	OK	1	1	0	0
test/01_unit/compiler/codegen/struct_field_width_roundtrip_spec.spl	1	ERROR	5	4	1	0
test/01_unit/compiler/codegen/spec_constants_contract_spec.spl	0	OK	13	13	0	0
test/01_unit/compiler/codegen/struct_receiver_mutation_persist_spec.spl	1	ERROR	2	0	2	0
test/01_unit/compiler/codegen/tag_escape_surfaces_detection_spec.spl	1	ERROR	5	0	5	0
test/01_unit/compiler/codegen/tagged_value_into_raw_return_slot_class_spec.spl	1	ERROR	1	0	1	0
test/01_unit/compiler/codegen/trait_dispatch_vtable_spec.spl	0	OK	6	6	0	0
test/01_unit/compiler/codegen/subgroup_intrinsics_contract_spec.spl	1	ERROR	24	23	1	0
test/01_unit/compiler/codegen/untyped_list_element_raw_return_slot_spec.spl	1	ERROR	1	0	1	0
test/01_unit/compiler/codegen/user_method_named_append_arg_boxing_spec.spl	1	ERROR	2	0	2	0
test/01_unit/compiler/codegen/trait_typed_receiver_dispatch_class_spec.spl	1	ERROR	4	0	4	0
test/01_unit/compiler/codegen/var_rebind_register_spill_spec.spl	0	OK	2	2	0	0
test/01_unit/compiler/codegen/opencl_backend_contract_spec.spl	1	ERROR	19	16	3	0
test/01_unit/compiler/codegen/wide_int_boundary_class_spec.spl	1	ERROR	3	0	3	0
test/01_unit/compiler/codegen/vhdl_kernel_attrs_contract_spec.spl	0	OK	20	20	0	0
test/01_unit/compiler/codegen/wide_int_box_roundtrip_class_spec.spl	1	ERROR	3	0	3	0
test/01_unit/compiler/codegen/vec_types_contract_spec.spl	0	OK	23	23	0	0
test/01_unit/compiler/common/assurance/evidence_receipt_spec.spl	0	OK	12	12	0	0
test/01_unit/compiler/codegen/vhdl_kernel_entity_contract_spec.spl	1	ERROR	14	13	1	0
test/01_unit/compiler/codegen/vhdl_kernel_pipe_contract_spec.spl	0	OK	44	44	0	0
test/01_unit/compiler/common/assurance/unsafe_capabilities_spec.spl	0	OK	5	5	0	0
test/01_unit/compiler/common/attributes_spec.spl	0	OK	10	10	0	0
test/01_unit/compiler/common/config_spec.spl	0	OK	6	6	0	0
test/01_unit/compiler/common/di_spec.spl	0	OK	6	6	0	0
test/01_unit/compiler/codegen/enum_f64_payload_precision_spec.spl	1	ERROR	4	2	2	0
test/01_unit/compiler/common/effects_spec.spl	0	OK	6	6	0	0
test/01_unit/compiler/common/error_types_spec.spl	0	OK	6	6	0	0
test/01_unit/compiler/common/driver_manifest_attr_spec.spl	0	OK	4	4	0	0
test/01_unit/compiler/common/export_attr_spec.spl	0	OK	9	9	0	0
test/01_unit/compiler/common/gc_config_spec.spl	0	OK	6	6	0	0
test/01_unit/compiler/common/module_path_naming_spec.spl	0	OK	9	9	0	0
test/01_unit/compiler/common/parallel_policy_spec.spl	0	OK	4	4	0	0
test/01_unit/compiler/common/task_policy_attr_spec.spl	0	OK	5	5	0	0
test/01_unit/compiler/complete/backend_1_complete_spec.spl	0	OK	6	6	0	0
test/01_unit/compiler/complete/backend_3_complete_spec.spl	0	OK	6	6	0	0
test/01_unit/compiler/complete/backend_2_complete_spec.spl	0	OK	6	6	0	0
test/01_unit/compiler/complete/backend_4_complete_spec.spl	0	OK	6	6	0	0
test/01_unit/compiler/complete/backend_5_complete_spec.spl	0	OK	6	6	0	0
test/01_unit/compiler/complete/borrow_check_1_complete_spec.spl	0	OK	6	6	0	0
test/01_unit/compiler/complete/borrow_check_3_complete_spec.spl	0	OK	6	6	0	0
test/01_unit/compiler/complete/borrow_check_2_complete_spec.spl	0	OK	6	6	0	0
test/01_unit/compiler/complete/borrow_check_4_complete_spec.spl	0	OK	6	6	0	0
test/01_unit/compiler/complete/codegen_2_complete_spec.spl	0	OK	6	6	0	0
test/01_unit/compiler/complete/codegen_1_complete_spec.spl	0	OK	6	6	0	0
test/01_unit/compiler/complete/borrow_check_5_complete_spec.spl	0	OK	6	6	0	0
test/01_unit/compiler/complete/codegen_3_complete_spec.spl	0	OK	6	6	0	0
test/01_unit/compiler/complete/codegen_4_complete_spec.spl	0	OK	6	6	0	0
test/01_unit/compiler/complete/codegen_5_complete_spec.spl	0	OK	6	6	0	0
test/01_unit/compiler/complete/dependency_1_complete_spec.spl	0	OK	6	6	0	0
test/01_unit/compiler/complete/dependency_2_complete_spec.spl	0	OK	6	6	0	0
test/01_unit/compiler/complete/dependency_3_complete_spec.spl	0	OK	6	6	0	0
test/01_unit/compiler/complete/desugar_1_complete_spec.spl	0	OK	6	6	0	0
test/01_unit/compiler/complete/dependency_5_complete_spec.spl	0	OK	6	6	0	0
test/01_unit/compiler/complete/dependency_4_complete_spec.spl	0	OK	6	6	0	0
test/01_unit/compiler/complete/desugar_2_complete_spec.spl	0	OK	6	6	0	0
test/01_unit/compiler/complete/desugar_3_complete_spec.spl	0	OK	6	6	0	0
test/01_unit/compiler/complete/desugar_4_complete_spec.spl	0	OK	6	6	0	0
test/01_unit/compiler/complete/desugar_5_complete_spec.spl	0	OK	6	6	0	0
test/01_unit/compiler/complete/driver_1_complete_spec.spl	0	OK	6	6	0	0
test/01_unit/compiler/complete/driver_4_complete_spec.spl	0	OK	6	6	0	0
test/01_unit/compiler/complete/driver_2_complete_spec.spl	0	OK	6	6	0	0
test/01_unit/compiler/complete/driver_3_complete_spec.spl	0	OK	6	6	0	0
test/01_unit/compiler/complete/driver_5_complete_spec.spl	0	OK	6	6	0	0
test/01_unit/compiler/complete/inference_1_complete_spec.spl	0	OK	6	6	0	0
test/01_unit/compiler/complete/inference_2_complete_spec.spl	0	OK	6	6	0	0
test/01_unit/compiler/complete/inference_3_complete_spec.spl	0	OK	6	6	0	0
test/01_unit/compiler/complete/inference_4_complete_spec.spl	0	OK	6	6	0	0
test/01_unit/compiler/complete/inference_5_complete_spec.spl	0	OK	6	6	0	0
test/01_unit/compiler/complete/linker_1_complete_spec.spl	0	OK	6	6	0	0
test/01_unit/compiler/complete/linker_2_complete_spec.spl	0	OK	6	6	0	0
test/01_unit/compiler/common/impl_to_free_fn_zero_definition_census_spec.spl	1	ERROR	7	6	1	0
test/01_unit/compiler/complete/linker_3_complete_spec.spl	0	OK	6	6	0	0
test/01_unit/compiler/complete/linker_4_complete_spec.spl	0	OK	6	6	0	0
test/01_unit/compiler/complete/linker_5_complete_spec.spl	0	OK	6	6	0	0
test/01_unit/compiler/complete/loader_1_complete_spec.spl	0	OK	6	6	0	0
test/01_unit/compiler/complete/loader_3_complete_spec.spl	0	OK	6	6	0	0
test/01_unit/compiler/complete/loader_2_complete_spec.spl	0	OK	6	6	0	0
test/01_unit/compiler/complete/loader_5_complete_spec.spl	0	OK	6	6	0	0
test/01_unit/compiler/complete/loader_4_complete_spec.spl	0	OK	6	6	0	0
test/01_unit/compiler/complete/lowering_2_complete_spec.spl	0	OK	6	6	0	0
test/01_unit/compiler/complete/lowering_1_complete_spec.spl	0	OK	6	6	0	0
test/01_unit/compiler/complete/lowering_3_complete_spec.spl	0	OK	6	6	0	0
test/01_unit/compiler/complete/lowering_4_complete_spec.spl	0	OK	6	6	0	0
test/01_unit/compiler/complete/lowering_5_complete_spec.spl	0	OK	6	6	0	0
test/01_unit/compiler/complete/mir_opt_1_complete_spec.spl	0	OK	6	6	0	0
test/01_unit/compiler/complete/mir_opt_4_complete_spec.spl	0	OK	6	6	0	0
test/01_unit/compiler/complete/mir_opt_2_complete_spec.spl	0	OK	6	6	0	0
test/01_unit/compiler/complete/mir_opt_3_complete_spec.spl	0	OK	6	6	0	0
test/01_unit/compiler/complete/mir_opt_5_complete_spec.spl	0	OK	6	6	0	0
test/01_unit/compiler/complete/monomorphize_1_complete_spec.spl	0	OK	6	6	0	0
test/01_unit/compiler/complete/monomorphize_2_complete_spec.spl	0	OK	6	6	0	0
test/01_unit/compiler/complete/monomorphize_3_complete_spec.spl	0	OK	6	6	0	0
test/01_unit/compiler/complete/monomorphize_5_complete_spec.spl	0	OK	6	6	0	0
test/01_unit/compiler/complete/monomorphize_4_complete_spec.spl	0	OK	6	6	0	0
test/01_unit/compiler/complete/optimizer_2_complete_spec.spl	0	OK	6	6	0	0
test/01_unit/compiler/complete/optimizer_1_complete_spec.spl	0	OK	6	6	0	0
test/01_unit/compiler/completeness/hardening_mutation_harness_spec.spl	0	OK	3	3	0	0
test/01_unit/compiler/complete/optimizer_4_complete_spec.spl	0	OK	6	6	0	0
test/01_unit/compiler/complete/parser_1_complete_spec.spl	0	OK	6	6	0	0
test/01_unit/compiler/complete/optimizer_3_complete_spec.spl	0	OK	6	6	0	0
test/01_unit/compiler/complete/optimizer_5_complete_spec.spl	0	OK	6	6	0	0
test/01_unit/compiler/complete/parser_3_complete_spec.spl	0	OK	6	6	0	0
test/01_unit/compiler/complete/parser_2_complete_spec.spl	0	OK	6	6	0	0
test/01_unit/compiler/complete/parser_5_complete_spec.spl	0	OK	6	6	0	0
test/01_unit/compiler/complete/parser_4_complete_spec.spl	0	OK	6	6	0	0
test/01_unit/compiler/complete/pipeline_1_complete_spec.spl	0	OK	6	6	0	0
test/01_unit/compiler/complete/pipeline_3_complete_spec.spl	0	OK	6	6	0	0
test/01_unit/compiler/complete/pipeline_2_complete_spec.spl	0	OK	6	6	0	0
test/01_unit/compiler/complete/pipeline_4_complete_spec.spl	0	OK	6	6	0	0
test/01_unit/compiler/complete/pipeline_5_complete_spec.spl	0	OK	6	6	0	0
test/01_unit/compiler/complete/registry_1_complete_spec.spl	0	OK	6	6	0	0
test/01_unit/compiler/complete/registry_3_complete_spec.spl	0	OK	6	6	0	0
test/01_unit/compiler/complete/registry_2_complete_spec.spl	0	OK	6	6	0	0
test/01_unit/compiler/complete/registry_4_complete_spec.spl	0	OK	6	6	0	0
test/01_unit/compiler/complete/registry_5_complete_spec.spl	0	OK	6	6	0	0
test/01_unit/compiler/complete/resolver_2_complete_spec.spl	0	OK	6	6	0	0
test/01_unit/compiler/complete/resolver_1_complete_spec.spl	0	OK	6	6	0	0
test/01_unit/compiler/complete/resolver_3_complete_spec.spl	0	OK	6	6	0	0
test/01_unit/compiler/complete/resolver_4_complete_spec.spl	0	OK	6	6	0	0
test/01_unit/compiler/complete/resolver_5_complete_spec.spl	0	OK	6	6	0	0
test/01_unit/compiler/complete/semantics_1_complete_spec.spl	0	OK	6	6	0	0
test/01_unit/compiler/complete/semantics_3_complete_spec.spl	0	OK	6	6	0	0
test/01_unit/compiler/complete/semantics_2_complete_spec.spl	0	OK	6	6	0	0
test/01_unit/compiler/complete/semantics_4_complete_spec.spl	0	OK	6	6	0	0
test/01_unit/compiler/complete/type_check_2_complete_spec.spl	0	OK	6	6	0	0
test/01_unit/compiler/complete/type_check_3_complete_spec.spl	0	OK	6	6	0	0
test/01_unit/compiler/complete/semantics_5_complete_spec.spl	0	OK	6	6	0	0
test/01_unit/compiler/complete/type_check_1_complete_spec.spl	0	OK	6	6	0	0
test/01_unit/compiler/complete/type_check_4_complete_spec.spl	0	OK	6	6	0	0
test/01_unit/compiler/complete/type_check_5_complete_spec.spl	0	OK	6	6	0	0
test/01_unit/compiler/complete/type_infer_1_complete_spec.spl	0	OK	6	6	0	0
test/01_unit/compiler/complete/type_infer_2_complete_spec.spl	0	OK	6	6	0	0
test/01_unit/compiler/complete/type_infer_3_complete_spec.spl	0	OK	6	6	0	0
test/01_unit/compiler/compound_assign_lowering_spec.spl	0	OK	6	6	0	0
test/01_unit/compiler/compound_assign_place_spec.spl	1	ERROR	17	15	2	0
test/01_unit/compiler/concurrent/lock_value_fidelity_pure_std_spec.spl	1	ERROR	1	0	1	0
test/01_unit/compiler/config/chained_enum_method_spec.spl	0	OK	31	31	0	0
test/01_unit/compiler/concurrent/spawn_join_backend_store_spec.spl	1	ERROR	1	0	1	0
test/01_unit/compiler/concurrent/concurrent_backend_store_parity_class_spec.spl	1	ERROR	1	0	1	0
test/01_unit/compiler/config/compiler_config_spec.spl	0	OK	32	32	0	0
test/01_unit/compiler/complete/type_infer_4_complete_spec.spl	0	OK	6	6	0	0
test/01_unit/compiler/complete/type_infer_5_complete_spec.spl	0	OK	6	6	0	0
test/01_unit/compiler/config/compiler_profile_spec.spl	0	OK	16	16	0	0
test/01_unit/compiler/config/dict_get_optional_spec.spl	0	OK	19	19	0	0
test/01_unit/compiler/config/literal_config_spec.spl	0	OK	1	1	0	0
test/01_unit/compiler/config/error_formatter_spec.spl	0	OK	1	1	0	0
test/01_unit/compiler/control_flow/while_basic_spec.spl	0	OK	1	1	0	0
test/01_unit/compiler/config/type_inference_config_spec.spl	0	OK	63	63	0	0
test/01_unit/compiler_core/annotation_intrinsics_spec.spl	0	OK	4	4	0	0
test/01_unit/compiler_core/ast_clone_spec.spl	0	OK	5	5	0	0
test/01_unit/compiler_core/ast_coverage_spec.spl	0	OK	6	6	0	0
test/01_unit/compiler_core/ast_spec.spl	1	ERROR	11	8	3	0
test/01_unit/compiler_core/auto_coverage_10_spec.spl	0	OK	6	6	0	0
test/01_unit/compiler_core/auto_coverage_11_spec.spl	0	OK	6	6	0	0
test/01_unit/compiler_core/auto_coverage_12_spec.spl	0	OK	6	6	0	0
test/01_unit/compiler_core/auto_coverage_1_spec.spl	0	OK	6	6	0	0
test/01_unit/compiler_core/auto_coverage_2_spec.spl	0	OK	6	6	0	0
test/01_unit/compiler_core/auto_coverage_3_spec.spl	0	OK	6	6	0	0
test/01_unit/compiler_core/auto_coverage_4_spec.spl	0	OK	6	6	0	0
test/01_unit/compiler_core/auto_coverage_5_spec.spl	0	OK	6	6	0	0
test/01_unit/compiler_core/auto_coverage_8_spec.spl	0	OK	6	6	0	0
test/01_unit/compiler_core/auto_coverage_7_spec.spl	0	OK	6	6	0	0
test/01_unit/compiler_core/auto_coverage_6_spec.spl	0	OK	6	6	0	0
test/01_unit/compiler_core/auto_coverage_9_spec.spl	0	OK	6	6	0	0
test/01_unit/compiler_core/bind_stmt_spec.spl	0	OK	3	3	0	0
test/01_unit/compiler_core/bidir_type_check_spec.spl	0	OK	3	3	0	0
test/01_unit/compiler_core/branch_coverage_10_spec.spl	0	OK	6	6	0	0
test/01_unit/compiler_core/branch_coverage_11_spec.spl	0	OK	6	6	0	0
test/01_unit/compiler_core/branch_coverage_13_spec.spl	0	OK	6	6	0	0
test/01_unit/compiler_core/branch_coverage_12_spec.spl	0	OK	6	6	0	0
test/01_unit/compiler_core/branch_coverage_14_spec.spl	0	OK	6	6	0	0
test/01_unit/compiler_core/branch_coverage_16_spec.spl	0	OK	6	6	0	0
test/01_unit/compiler_core/branch_coverage_15_spec.spl	0	OK	6	6	0	0
test/01_unit/compiler_core/branch_coverage_17_spec.spl	0	OK	6	6	0	0
test/01_unit/compiler_core/branch_coverage_18_spec.spl	0	OK	6	6	0	0
test/01_unit/compiler_core/branch_coverage_19_spec.spl	0	OK	6	6	0	0
test/01_unit/compiler_core/branch_coverage_21_spec.spl	0	OK	6	6	0	0
test/01_unit/compiler_core/branch_coverage_1_spec.spl	0	OK	6	6	0	0
test/01_unit/compiler_core/branch_coverage_20_spec.spl	0	OK	6	6	0	0
test/01_unit/compiler_core/branch_coverage_22_spec.spl	0	OK	6	6	0	0
test/01_unit/compiler_core/branch_coverage_23_spec.spl	0	OK	6	6	0	0
test/01_unit/compiler_core/branch_coverage_24_spec.spl	0	OK	6	6	0	0
test/01_unit/compiler/contract/compiler_non_optional_nil_return_spec.spl	0	OK	4	4	0	0
test/01_unit/compiler_core/branch_coverage_25_spec.spl	0	OK	6	6	0	0
test/01_unit/compiler_core/branch_coverage_26_spec.spl	0	OK	6	6	0	0
test/01_unit/compiler_core/branch_coverage_28_spec.spl	0	OK	6	6	0	0
test/01_unit/compiler_core/branch_coverage_27_spec.spl	0	OK	6	6	0	0
test/01_unit/compiler_core/branch_coverage_29_spec.spl	0	OK	6	6	0	0
test/01_unit/compiler_core/branch_coverage_2_spec.spl	0	OK	6	6	0	0
test/01_unit/compiler_core/branch_coverage_30_spec.spl	0	OK	6	6	0	0
test/01_unit/compiler_core/branch_coverage_31_spec.spl	0	OK	1	1	0	0
test/01_unit/compiler_core/branch_coverage_32_spec.spl	0	OK	6	6	0	0
test/01_unit/compiler_core/branch_coverage_33_spec.spl	0	OK	1	1	0	0
test/01_unit/compiler_core/branch_coverage_34_spec.spl	0	OK	6	6	0	0
test/01_unit/compiler_core/branch_coverage_35_spec.spl	0	OK	6	6	0	0
test/01_unit/compiler_core/branch_coverage_36_spec.spl	0	OK	1	1	0	0
test/01_unit/compiler_core/branch_coverage_6_spec.spl	0	OK	6	6	0	0
test/01_unit/compiler_core/branch_coverage_3_spec.spl	0	OK	6	6	0	0
test/01_unit/compiler_core/branch_coverage_5_spec.spl	0	OK	6	6	0	0
test/01_unit/compiler_core/branch_coverage_4_spec.spl	0	OK	6	6	0	0
test/01_unit/compiler_core/branch_coverage_7_spec.spl	0	OK	6	6	0	0
test/01_unit/compiler_core/branch_coverage_8_spec.spl	0	OK	6	6	0	0
test/01_unit/compiler_core/ce_block_spec.spl	0	OK	3	3	0	0
test/01_unit/compiler_core/branch_coverage_9_spec.spl	0	OK	6	6	0	0
test/01_unit/compiler_core/error_trace_design_spec.spl	0	OK	10	10	0	0
test/01_unit/compiler_core/entity/entity_structure_spec.spl	0	OK	2	2	0	0
test/01_unit/compiler_core/eager_yield_spec.spl	0	OK	1	1	0	0
test/01_unit/compiler_core/entity/entity_span_spec.spl	0	OK	2	2	0	0
test/01_unit/compiler_core/coverage_debug_spec.spl	0	OK	6	6	0	0
test/01_unit/compiler_core/compiler_branch_coverage_spec.spl	0	OK	2	2	0	0
test/01_unit/compiler_core/exhaustiveness_spec.spl	1	ERROR	5	4	1	0
test/01_unit/compiler_core/file_class_introspection_spec.spl	0	OK	5	5	0	0
test/01_unit/compiler_core/generic_syntax_spec.spl	0	OK	5	5	0	0
test/01_unit/compiler_core/guard_clause_spec.spl	0	OK	6	6	0	0
test/01_unit/compiler_core/ignored_return_warning_spec.spl	0	OK	4	4	0	0
test/01_unit/compiler_core/interpreter/env_spec.spl	0	OK	3	3	0	0
test/01_unit/compiler_core/interpreter/intensive_spec.spl	0	OK	3	3	0	0
test/01_unit/compiler_core/interpreter/eval_spec.spl	0	OK	3	3	0	0
test/01_unit/compiler_core/interpreter/interp_resource_tracker_spec.spl	0	OK	18	18	0	0
test/01_unit/compiler_core/interpreter/jit_spec.spl	0	OK	3	3	0	0
test/01_unit/compiler_core/interpreter/module_loading_spec.spl	0	OK	12	12	0	0
test/01_unit/compiler_core/interpreter/ops_spec.spl	0	OK	2	2	0	0
test/01_unit/compiler_core/interpreter/registry_scoping_real_spec.spl	0	OK	3	3	0	0
test/01_unit/compiler_core/interpreter/registry_scoping_spec.spl	0	OK	7	7	0	0
test/01_unit/compiler_core/interpreter/type_checking_spec.spl	0	OK	9	9	0	0
test/01_unit/compiler_core/interpreter/match_fallthrough_diagnostic_spec.spl	0	OK	24	24	0	0
test/01_unit/compiler_core/interpreter/option_wrapped_enum_match_variant_spec.spl	0	OK	7	7	0	0
test/01_unit/compiler_core/interpreter/value_spec.spl	0	OK	4	4	0	0
test/01_unit/compiler_core/keyof_spec.spl	0	OK	2	2	0	0
test/01_unit/compiler_core/keyof_token_spec.spl	0	OK	2	2	0	0
test/01_unit/compiler_core/lang_basics_spec.spl	1	ERROR	4	1	3	0
test/01_unit/compiler_core/legacy_square_generic_decl_parser_spec.spl	0	OK	2	2	0	0
test/01_unit/compiler_core/lexer_multibyte_source_index_spec.spl	0	OK	5	5	0	0
test/01_unit/compiler_core/lexer_spec.spl	0	OK	8	8	0	0
test/01_unit/compiler_core/mir_coverage_spec.spl	0	OK	6	6	0	0
test/01_unit/compiler_core/mir_spec.spl	0	OK	4	4	0	0
test/01_unit/compiler_core/lexer_intensive_spec.spl	1	ERROR	60	59	1	0
test/01_unit/compiler_core/mixin_expr_spec.spl	0	OK	4	4	0	0
test/01_unit/compiler_core/must_use_spec.spl	0	OK	5	5	0	0
test/01_unit/compiler_core/new_tokens_spec.spl	0	OK	2	2	0	0
test/01_unit/compiler_core/parser/compose_operator_spec.spl	0	OK	3	3	0	0
test/01_unit/compiler_core/parser/comprehension_spec.spl	0	OK	8	8	0	0
test/01_unit/compiler_core/parser/short_grammar_combined_spec.spl	0	OK	5	5	0	0
test/01_unit/compiler_core/parser/pipe_operator_spec.spl	1	ERROR	8	7	1	0
test/01_unit/compiler_core/parser_option_coverage_spec.spl	0	OK	29	29	0	0
test/01_unit/compiler_core/parser_intensive_spec.spl	0	OK	40	40	0	0
test/01_unit/compiler_core/parser/short_grammar_interpreter_spec.spl	0	OK	21	21	0	0
test/01_unit/compiler_core/parser/short_grammar_native_spec.spl	0	OK	6	6	0	0
test/01_unit/compiler_core/pragma_msg_spec.spl	0	OK	3	3	0	0
test/01_unit/compiler_core/preprocess_conditionals_spec.spl	0	OK	6	6	0	0
test/01_unit/compiler_core/receive_spec.spl	1	ERROR	4	2	2	0
test/01_unit/compiler_core/structural_subtyping_spec.spl	0	OK	1	1	0	0
test/01_unit/compiler_core/parser_spec.spl	1	ERROR	24	20	4	0
test/01_unit/compiler_core/tmp_test_spec.spl	0	OK	3	3	0	0
test/01_unit/compiler_core/tokens_spec.spl	0	OK	2	2	0	0
test/01_unit/compiler_core/traits_compiles_spec.spl	0	OK	4	4	0	0
test/01_unit/compiler_core/traits_extended_spec.spl	0	OK	5	5	0	0
test/01_unit/compiler_core/traits_spec.spl	0	OK	5	5	0	0
test/01_unit/compiler_core/traits_module_spec.spl	0	OK	4	4	0	0
test/01_unit/compiler_core/types_coverage_spec.spl	0	OK	6	6	0	0
test/01_unit/compiler_core/type_system_integration_spec.spl	0	OK	17	17	0	0
test/01_unit/compiler_core/type_subst_spec.spl	0	OK	2	2	0	0
test/01_unit/compiler/coverage/auto_coverage_10_spec.spl	0	OK	6	6	0	0
test/01_unit/compiler/coverage/auto_coverage_11_spec.spl	0	OK	6	6	0	0
test/01_unit/compiler/coverage/auto_coverage_12_spec.spl	0	OK	6	6	0	0
test/01_unit/compiler/coverage/auto_coverage_1_spec.spl	0	OK	6	6	0	0
test/01_unit/compiler/coverage/auto_coverage_2_spec.spl	0	OK	6	6	0	0
test/01_unit/compiler/coverage/auto_coverage_3_spec.spl	0	OK	6	6	0	0
test/01_unit/compiler/coverage/auto_coverage_4_spec.spl	0	OK	6	6	0	0
test/01_unit/compiler/coverage/auto_coverage_5_spec.spl	0	OK	6	6	0	0
test/01_unit/compiler/coverage/auto_coverage_6_spec.spl	0	OK	6	6	0	0
test/01_unit/compiler/coverage/auto_coverage_7_spec.spl	0	OK	6	6	0	0
test/01_unit/compiler/coverage/auto_coverage_8_spec.spl	0	OK	6	6	0	0
test/01_unit/compiler/coverage/auto_coverage_9_spec.spl	0	OK	6	6	0	0
test/01_unit/compiler/coverage/branch_coverage_10_spec.spl	0	OK	6	6	0	0
test/01_unit/compiler_core/types_spec.spl	1	ERROR	5	3	2	0
test/01_unit/compiler/coverage/branch_coverage_11_spec.spl	0	OK	6	6	0	0
test/01_unit/compiler/coverage/branch_coverage_12_spec.spl	0	OK	6	6	0	0
test/01_unit/compiler/coverage/branch_coverage_14_spec.spl	0	OK	6	6	0	0
test/01_unit/compiler/coverage/branch_coverage_13_spec.spl	0	OK	6	6	0	0
test/01_unit/compiler/coverage/branch_coverage_15_spec.spl	0	OK	6	6	0	0
test/01_unit/compiler/coverage/branch_coverage_17_spec.spl	0	OK	6	6	0	0
test/01_unit/compiler/coverage/branch_coverage_18_spec.spl	0	OK	6	6	0	0
test/01_unit/compiler/coverage/branch_coverage_16_spec.spl	0	OK	6	6	0	0
test/01_unit/compiler/coverage/branch_coverage_19_spec.spl	0	OK	6	6	0	0
test/01_unit/compiler/coverage/branch_coverage_1_spec.spl	0	OK	6	6	0	0
test/01_unit/compiler/coverage/branch_coverage_20_spec.spl	0	OK	6	6	0	0
test/01_unit/compiler/coverage/branch_coverage_21_spec.spl	0	OK	6	6	0	0
test/01_unit/compiler/coverage/branch_coverage_23_spec.spl	0	OK	6	6	0	0
test/01_unit/compiler/coverage/branch_coverage_22_spec.spl	0	OK	6	6	0	0
test/01_unit/compiler/coverage/branch_coverage_24_spec.spl	0	OK	6	6	0	0
test/01_unit/compiler/coverage/branch_coverage_25_spec.spl	0	OK	6	6	0	0
test/01_unit/compiler/coverage/branch_coverage_2_spec.spl	0	OK	6	6	0	0
test/01_unit/compiler/coverage/branch_coverage_3_spec.spl	0	OK	6	6	0	0
test/01_unit/compiler/coverage/branch_coverage_4_spec.spl	0	OK	6	6	0	0
test/01_unit/compiler/coverage/branch_coverage_5_spec.spl	0	OK	6	6	0	0
test/01_unit/compiler/coverage/branch_coverage_6_spec.spl	0	OK	6	6	0	0
test/01_unit/compiler/coverage/branch_coverage_8_spec.spl	0	OK	6	6	0	0
test/01_unit/compiler/coverage/branch_coverage_7_spec.spl	0	OK	6	6	0	0
test/01_unit/compiler/coverage/branch_coverage_9_spec.spl	0	OK	6	6	0	0
test/01_unit/compiler/coverage_compound_conditions_spec.spl	1	ERROR	4	1	3	0
test/01_unit/compiler/coverage/branch_coverage_spec.spl	0	OK	35	35	0	0
test/01_unit/compiler/custom_blocks_easy_api_spec.spl	0	OK	6	6	0	0
test/01_unit/compiler/custom_primitive_sffi_spec.spl	0	OK	20	20	0	0
test/01_unit/compiler/deep/analysis_alias_1_spec.spl	0	OK	6	6	0	0
test/01_unit/compiler/deep/analysis_alias_2_spec.spl	0	OK	6	6	0	0
test/01_unit/compiler/deep/analysis_alias_3_spec.spl	0	OK	6	6	0	0
test/01_unit/compiler/deep/analysis_dataflow_1_spec.spl	0	OK	6	6	0	0
test/01_unit/compiler/deep/analysis_dataflow_2_spec.spl	0	OK	6	6	0	0
test/01_unit/compiler/deep/analysis_dataflow_3_spec.spl	0	OK	6	6	0	0
test/01_unit/compiler/deep/analysis_escape_1_spec.spl	0	OK	6	6	0	0
test/01_unit/compiler/deep/analysis_escape_2_spec.spl	0	OK	6	6	0	0
test/01_unit/compiler/deep/analysis_escape_3_spec.spl	0	OK	6	6	0	0
test/01_unit/compiler/deep/analysis_liveness_1_spec.spl	0	OK	6	6	0	0
test/01_unit/compiler/deep/analysis_liveness_2_spec.spl	0	OK	6	6	0	0
test/01_unit/compiler/deep/analysis_purity_1_spec.spl	0	OK	6	6	0	0
test/01_unit/compiler/deep/analysis_liveness_3_spec.spl	0	OK	6	6	0	0
test/01_unit/compiler/deep/analysis_purity_2_spec.spl	0	OK	6	6	0	0
test/01_unit/compiler/deep/analysis_purity_3_spec.spl	0	OK	6	6	0	0
test/01_unit/compiler/deep/backend_codegen_1_spec.spl	0	OK	6	6	0	0
test/01_unit/compiler/deep/backend_codegen_2_spec.spl	0	OK	6	6	0	0
test/01_unit/compiler/deep/backend_codegen_3_spec.spl	0	OK	6	6	0	0
test/01_unit/compiler/deep/backend_llvm_1_spec.spl	0	OK	6	6	0	0
test/01_unit/compiler/deep/backend_llvm_2_spec.spl	0	OK	6	6	0	0
test/01_unit/compiler/deep/backend_llvm_3_spec.spl	0	OK	6	6	0	0
test/01_unit/compiler/deep/backend_native_1_spec.spl	0	OK	6	6	0	0
test/01_unit/compiler/deep/backend_native_2_spec.spl	0	OK	6	6	0	0
test/01_unit/compiler/deep/backend_native_3_spec.spl	0	OK	6	6	0	0
test/01_unit/compiler/deep/backend_wasm_1_spec.spl	0	OK	6	6	0	0
test/01_unit/compiler/deep/backend_wasm_2_spec.spl	0	OK	6	6	0	0
test/01_unit/compiler/deep/backend_wasm_3_spec.spl	0	OK	6	6	0	0
test/01_unit/compiler/common/impl_to_free_fn_class_a_call_sites_spec.spl	124	NOVERDICT	0	0	0	0
test/01_unit/compiler/deep/borrow_check_lifetime_1_spec.spl	0	OK	6	6	0	0
test/01_unit/compiler/deep/borrow_check_lifetime_2_spec.spl	0	OK	6	6	0	0
test/01_unit/compiler/deep/borrow_check_move_3_spec.spl	0	OK	3	3	0	0
test/01_unit/compiler/deep/borrow_check_region_3_spec.spl	0	OK	6	6	0	0
test/01_unit/compiler/deep/borrow_check_region_2_spec.spl	0	OK	6	6	0	0
test/01_unit/compiler/deep/borrow_check_lifetime_3_spec.spl	0	OK	6	6	0	0
test/01_unit/compiler/deep/borrow_check_region_1_spec.spl	0	OK	6	6	0	0
test/01_unit/compiler/deep/borrow_check_move_2_spec.spl	1	ERROR	8	7	1	0
test/01_unit/compiler/deep/borrow_check_move_1_spec.spl	1	ERROR	8	7	1	0
test/01_unit/compiler/deep/codegen_class_1_spec.spl	0	OK	6	6	0	0
test/01_unit/compiler/deep/codegen_class_2_spec.spl	0	OK	6	6	0	0
test/01_unit/compiler/deep/codegen_expr_3_spec.spl	0	OK	6	6	0	0
test/01_unit/compiler/deep/codegen_fn_1_spec.spl	0	OK	6	6	0	0
test/01_unit/compiler/deep/codegen_expr_1_spec.spl	0	OK	6	6	0	0
test/01_unit/compiler/deep/codegen_expr_2_spec.spl	0	OK	6	6	0	0
test/01_unit/compiler/deep/codegen_class_3_spec.spl	0	OK	6	6	0	0
test/01_unit/compiler/deep/codegen_fn_3_spec.spl	0	OK	6	6	0	0
test/01_unit/compiler/deep/codegen_fn_2_spec.spl	0	OK	6	6	0	0
test/01_unit/compiler/deep/codegen_stmt_1_spec.spl	0	OK	6	6	0	0
test/01_unit/compiler/deep/codegen_stmt_2_spec.spl	0	OK	6	6	0	0
test/01_unit/compiler/deep/codegen_stmt_3_spec.spl	0	OK	6	6	0	0
test/01_unit/compiler/deep/dependency_cycle_1_spec.spl	0	OK	6	6	0	0
test/01_unit/compiler/deep/dependency_cycle_3_spec.spl	0	OK	6	6	0	0
test/01_unit/compiler/deep/dependency_graph_1_spec.spl	0	OK	6	6	0	0
test/01_unit/compiler/deep/dependency_cycle_2_spec.spl	0	OK	6	6	0	0
test/01_unit/compiler/deep/dependency_graph_2_spec.spl	0	OK	6	6	0	0
test/01_unit/compiler/deep/dependency_graph_3_spec.spl	0	OK	6	6	0	0
test/01_unit/compiler/deep/dependency_sort_1_spec.spl	0	OK	6	6	0	0
test/01_unit/compiler/deep/dependency_sort_2_spec.spl	0	OK	6	6	0	0
test/01_unit/compiler/deep/desugar_for_1_spec.spl	0	OK	6	6	0	0
test/01_unit/compiler/deep/desugar_for_2_spec.spl	0	OK	6	6	0	0
test/01_unit/compiler/deep/dependency_sort_3_spec.spl	0	OK	6	6	0	0
test/01_unit/compiler/deep/desugar_for_3_spec.spl	0	OK	6	6	0	0
test/01_unit/compiler/deep/desugar_lambda_3_spec.spl	0	OK	6	6	0	0
test/01_unit/compiler/deep/desugar_lambda_2_spec.spl	0	OK	6	6	0	0
test/01_unit/compiler/deep/desugar_lambda_1_spec.spl	0	OK	6	6	0	0
test/01_unit/compiler/deep/desugar_match_3_spec.spl	0	OK	6	6	0	0
test/01_unit/compiler/deep/desugar_match_2_spec.spl	0	OK	6	6	0	0
test/01_unit/compiler/deep/desugar_match_1_spec.spl	0	OK	6	6	0	0
test/01_unit/compiler/deep/hir_builder_1_spec.spl	0	OK	6	6	0	0
test/01_unit/compiler/deep/hir_lowering_2_spec.spl	0	OK	6	6	0	0
test/01_unit/compiler/deep/hir_builder_2_spec.spl	0	OK	6	6	0	0
test/01_unit/compiler/deep/linker_dynamic_1_spec.spl	0	OK	6	6	0	0
test/01_unit/compiler/deep/hir_lowering_3_spec.spl	0	OK	6	6	0	0
test/01_unit/compiler/deep/hir_builder_3_spec.spl	0	OK	6	6	0	0
test/01_unit/compiler/deep/hir_validator_1_spec.spl	0	OK	6	6	0	0
test/01_unit/compiler/deep/hir_lowering_1_spec.spl	0	OK	6	6	0	0
test/01_unit/compiler/deep/hir_validator_3_spec.spl	0	OK	6	6	0	0
test/01_unit/compiler/deep/hir_validator_2_spec.spl	0	OK	6	6	0	0
test/01_unit/compiler/deep/linker_dynamic_2_spec.spl	0	OK	6	6	0	0
test/01_unit/compiler/deep/linker_static_2_spec.spl	0	OK	6	6	0	0
test/01_unit/compiler/deep/macro_expand_1_spec.spl	0	OK	6	6	0	0
test/01_unit/compiler/deep/linker_dynamic_3_spec.spl	0	OK	6	6	0	0
test/01_unit/compiler/deep/linker_symbol_1_spec.spl	0	OK	6	6	0	0
test/01_unit/compiler/deep/linker_static_3_spec.spl	0	OK	6	6	0	0
test/01_unit/compiler/deep/linker_static_1_spec.spl	0	OK	6	6	0	0
test/01_unit/compiler/deep/linker_symbol_2_spec.spl	0	OK	6	6	0	0
test/01_unit/compiler/deep/macro_expand_2_spec.spl	0	OK	6	6	0	0
test/01_unit/compiler/deep/linker_symbol_3_spec.spl	0	OK	6	6	0	0
test/01_unit/compiler/deep/macro_expand_3_spec.spl	0	OK	6	6	0	0
test/01_unit/compiler/deep/macro_hygiene_2_spec.spl	0	OK	6	6	0	0
test/01_unit/compiler/deep/macro_hygiene_3_spec.spl	0	OK	6	6	0	0
test/01_unit/compiler/deep/macro_hygiene_1_spec.spl	0	OK	6	6	0	0
test/01_unit/compiler/deep/macro_resolve_1_spec.spl	0	OK	6	6	0	0
test/01_unit/compiler/deep/macro_resolve_2_spec.spl	0	OK	6	6	0	0
test/01_unit/compiler/deep/mir_builder_1_spec.spl	0	OK	6	6	0	0
test/01_unit/compiler/deep/macro_resolve_3_spec.spl	0	OK	6	6	0	0
test/01_unit/compiler/deep/mir_builder_2_spec.spl	0	OK	6	6	0	0
test/01_unit/compiler/deep/mir_builder_3_spec.spl	0	OK	6	6	0	0
test/01_unit/compiler/deep/mir_lowering_1_spec.spl	0	OK	6	6	0	0
test/01_unit/compiler/deep/mir_lowering_2_spec.spl	0	OK	6	6	0	0
test/01_unit/compiler/deep/mir_transform_1_spec.spl	0	OK	6	6	0	0
test/01_unit/compiler/deep/mir_lowering_3_spec.spl	0	OK	6	6	0	0
test/01_unit/compiler/deep/mir_transform_2_spec.spl	0	OK	6	6	0	0
test/01_unit/compiler/deep/mir_transform_3_spec.spl	0	OK	6	6	0	0
test/01_unit/compiler/deep/mir_validator_2_spec.spl	0	OK	6	6	0	0
test/01_unit/compiler/deep/mir_validator_3_spec.spl	0	OK	6	6	0	0
test/01_unit/compiler/deep/module_cache_1_spec.spl	0	OK	6	6	0	0
test/01_unit/compiler/deep/mir_validator_1_spec.spl	0	OK	6	6	0	0
test/01_unit/compiler/deep/module_cache_3_spec.spl	0	OK	6	6	0	0
test/01_unit/compiler/deep/module_cache_2_spec.spl	0	OK	6	6	0	0
test/01_unit/compiler/deep/module_loader_2_spec.spl	0	OK	6	6	0	0
test/01_unit/compiler/deep/module_resolver_2_spec.spl	0	OK	6	6	0	0
test/01_unit/compiler/deep/module_resolver_1_spec.spl	0	OK	6	6	0	0
test/01_unit/compiler/deep/module_loader_1_spec.spl	0	OK	6	6	0	0
test/01_unit/compiler/deep/module_resolver_3_spec.spl	0	OK	6	6	0	0
test/01_unit/compiler/deep/monomorphize_generic_2_spec.spl	0	OK	6	6	0	0
test/01_unit/compiler/deep/module_loader_3_spec.spl	0	OK	6	6	0	0
test/01_unit/compiler/deep/monomorphize_generic_1_spec.spl	0	OK	6	6	0	0
test/01_unit/compiler/deep/monomorphize_impl_1_spec.spl	0	OK	6	6	0	0
test/01_unit/compiler/deep/monomorphize_impl_2_spec.spl	0	OK	6	6	0	0
test/01_unit/compiler/deep/optimization_const_fold_1_spec.spl	0	OK	6	6	0	0
test/01_unit/compiler/deep/monomorphize_trait_2_spec.spl	0	OK	6	6	0	0
test/01_unit/compiler/deep/monomorphize_generic_3_spec.spl	0	OK	6	6	0	0
test/01_unit/compiler/deep/monomorphize_trait_3_spec.spl	0	OK	6	6	0	0
test/01_unit/compiler/deep/optimization_const_fold_3_spec.spl	0	OK	6	6	0	0
test/01_unit/compiler/deep/monomorphize_impl_3_spec.spl	0	OK	6	6	0	0
test/01_unit/compiler/deep/monomorphize_trait_1_spec.spl	0	OK	6	6	0	0
test/01_unit/compiler/deep/optimization_const_fold_2_spec.spl	0	OK	6	6	0	0
test/01_unit/compiler/deep/optimization_dce_1_spec.spl	0	OK	6	6	0	0
test/01_unit/compiler/deep/optimization_inline_2_spec.spl	0	OK	6	6	0	0
test/01_unit/compiler/deep/optimization_dce_3_spec.spl	0	OK	6	6	0	0
test/01_unit/compiler/deep/optimization_loop_2_spec.spl	0	OK	6	6	0	0
test/01_unit/compiler/deep/optimization_dce_2_spec.spl	0	OK	6	6	0	0
test/01_unit/compiler/deep/optimization_inline_3_spec.spl	0	OK	6	6	0	0
test/01_unit/compiler/deep/optimization_peephole_1_spec.spl	0	OK	6	6	0	0
test/01_unit/compiler/deep/optimization_loop_3_spec.spl	0	OK	6	6	0	0
test/01_unit/compiler/deep/optimization_inline_1_spec.spl	0	OK	6	6	0	0
test/01_unit/compiler/deep/optimization_loop_1_spec.spl	0	OK	6	6	0	0
test/01_unit/compiler/deep/registry_fn_3_spec.spl	0	OK	6	6	0	0
test/01_unit/compiler/deep/optimization_peephole_2_spec.spl	0	OK	6	6	0	0
test/01_unit/compiler/deep/optimization_peephole_3_spec.spl	0	OK	6	6	0	0
test/01_unit/compiler/deep/registry_fn_2_spec.spl	0	OK	6	6	0	0
test/01_unit/compiler/deep/registry_module_3_spec.spl	0	OK	6	6	0	0
test/01_unit/compiler/deep/registry_module_1_spec.spl	0	OK	6	6	0	0
test/01_unit/compiler/deep/registry_type_1_spec.spl	0	OK	6	6	0	0
test/01_unit/compiler/deep/registry_module_2_spec.spl	0	OK	6	6	0	0
test/01_unit/compiler/deep/registry_fn_1_spec.spl	0	OK	6	6	0	0
test/01_unit/compiler/deep/registry_type_2_spec.spl	0	OK	6	6	0	0
test/01_unit/compiler/deep/registry_type_3_spec.spl	0	OK	6	6	0	0
test/01_unit/compiler/deep/semantics_scope_2_spec.spl	0	OK	6	6	0	0
test/01_unit/compiler/deep/semantics_lifetime_2_spec.spl	0	OK	6	6	0	0
test/01_unit/compiler/deep/semantics_binding_3_spec.spl	0	OK	6	6	0	0
test/01_unit/compiler/deep/semantics_binding_2_spec.spl	0	OK	6	6	0	0
test/01_unit/compiler/deep/semantics_scope_3_spec.spl	0	OK	6	6	0	0
test/01_unit/compiler/deep/semantics_scope_1_spec.spl	0	OK	6	6	0	0
test/01_unit/compiler/deep/semantics_lifetime_1_spec.spl	0	OK	6	6	0	0
test/01_unit/compiler/deep/semantics_binding_1_spec.spl	0	OK	6	6	0	0
test/01_unit/compiler/deep/semantics_lifetime_3_spec.spl	0	OK	6	6	0	0
test/01_unit/compiler/deep/type_check_pattern_2_spec.spl	0	OK	6	6	0	0
test/01_unit/compiler/deep/type_check_pattern_1_spec.spl	0	OK	6	6	0	0
test/01_unit/compiler/deep/type_check_stmt_2_spec.spl	0	OK	6	6	0	0
test/01_unit/compiler/deep/type_check_expr_1_spec.spl	0	OK	6	6	0	0
test/01_unit/compiler/deep/type_check_pattern_3_spec.spl	0	OK	6	6	0	0
test/01_unit/compiler/deep/type_check_stmt_1_spec.spl	0	OK	6	6	0	0
test/01_unit/compiler/deep/type_check_expr_2_spec.spl	0	OK	6	6	0	0
test/01_unit/compiler/deep/type_check_stmt_3_spec.spl	0	OK	6	6	0	0
test/01_unit/compiler/deep/type_check_expr_3_spec.spl	0	OK	6	6	0	0
test/01_unit/compiler/deep/type_inference_constraint_1_spec.spl	0	OK	6	6	0	0
test/01_unit/compiler/deep/type_inference_solver_2_spec.spl	0	OK	6	6	0	0
test/01_unit/compiler/deep/type_inference_constraint_2_spec.spl	0	OK	6	6	0	0
test/01_unit/compiler/deep/type_inference_unify_1_spec.spl	0	OK	6	6	0	0
test/01_unit/compiler/deep/type_inference_constraint_3_spec.spl	0	OK	6	6	0	0
test/01_unit/compiler/deep/type_inference_solver_1_spec.spl	0	OK	6	6	0	0
test/01_unit/compiler/deep/type_inference_unify_2_spec.spl	0	OK	6	6	0	0
test/01_unit/compiler/default_param_call_fill_spec.spl	0	OK	6	6	0	0
test/01_unit/compiler/deep/type_inference_unify_3_spec.spl	0	OK	6	6	0	0
test/01_unit/compiler/deep/type_inference_solver_3_spec.spl	0	OK	6	6	0	0
test/01_unit/compiler/dependency/access_policy_spec.spl	0	OK	2	2	0	0
test/01_unit/compiler/dependency/graph_basic_spec.spl	0	OK	1	1	0	0
test/01_unit/compiler/dependency/import_resolution_spec.spl	0	OK	1	1	0	0
test/01_unit/compiler/dependency/graph_topo_spec.spl	0	OK	1	1	0	0
test/01_unit/compiler/dependency/graph_cycles_spec.spl	0	OK	1	1	0	0
test/01_unit/compiler/dependency/graph_transitive_spec.spl	0	OK	1	1	0	0
test/01_unit/compiler/dependency/friend_access_spec.spl	0	OK	19	19	0	0
test/01_unit/compiler/dependency/macro_import_core_spec.spl	0	OK	2	2	0	0
test/01_unit/compiler/dependency/macro_import_minimal_spec.spl	0	OK	2	2	0	0
test/01_unit/compiler/dependency/macro_import_algorithms_spec.spl	0	OK	2	2	0	0
test/01_unit/compiler/dependency/integration_spec.spl	0	OK	1	1	0	0
test/01_unit/compiler/dependency/symbol_spec.spl	0	OK	1	1	0	0
test/01_unit/compiler/dependency/macro_import_spec.spl	0	OK	2	2	0	0
test/01_unit/compiler/diagnostic_formatter_contract_spec.spl	1	ERROR	0	0	0	0
test/01_unit/compiler/dependency/macro_import_theorem1_spec.spl	0	OK	6	6	0	0
test/01_unit/compiler/dependency/macro_import_theorems_spec.spl	0	OK	1	1	0	0
test/01_unit/compiler/dependency/member_visibility_spec.spl	0	OK	10	10	0	0
test/01_unit/compiler/dependency/visibility_spec.spl	0	OK	2	2	0	0
test/01_unit/compiler/dependency/macro_import_theorem1_minimal_spec.spl	0	OK	2	2	0	0
test/01_unit/compiler/dependency/resolution_spec.spl	0	OK	1	1	0	0
test/01_unit/compiler/dependency/visibility_integration_spec.spl	0	OK	2	2	0	0
test/01_unit/compiler/diagnostics/span_merge_spec.spl	0	OK	7	7	0	0
test/01_unit/compiler/diagnostic_predicate_empty_state_spec.spl	0	OK	6	6	0	0
test/01_unit/compiler/dict_bracket_vs_set_spec.spl	0	OK	3	3	0	0
test/01_unit/compiler/dict_class_field_contains_key_after_insert_spec.spl	0	OK	3	3	0	0
test/01_unit/compiler/di/di_config_spec.spl	0	OK	1	1	0	0
test/01_unit/compiler/dict_array_membership_tagged_key_spec.spl	0	OK	7	7	0	0
test/01_unit/compiler/di/di_proxy_spec.spl	0	OK	1	1	0	0
test/01_unit/compiler/di/di_lock_phases_spec.spl	0	OK	29	29	0	0
test/01_unit/compiler/di/di_lock_spec.spl	0	OK	15	15	0	0
test/01_unit/compiler/dict_get_miss_returns_nil_spec.spl	1	ERROR	14	13	1	0
test/01_unit/compiler/di/di_runtime_slots_spec.spl	0	OK	4	4	0	0
test/01_unit/compiler/di/di_runtime_spec.spl	1	ERROR	12	11	1	0
test/01_unit/compiler/di/extensions_spec.spl	0	OK	14	14	0	0
test/01_unit/compiler/di/export_as_spec.spl	0	OK	6	6	0	0
test/01_unit/compiler/di/di_validation_spec.spl	0	OK	10	10	0	0
test/01_unit/compiler/driver/aot_output_aggregation_spec.spl	0	OK	2	2	0	0
test/01_unit/compiler/driver/aggregate_copy_tag_guard_source_spec.spl	0	OK	1	1	0	0
test/01_unit/compiler/di/extensions_phases_spec.spl	0	OK	32	32	0	0
test/01_unit/compiler/driver/assign_type_optional_payload_source_spec.spl	0	OK	1	1	0	0
test/01_unit/compiler/driver/aot_both_format_smf_manifest_symbols_spec.spl	0	OK	1	1	0	0
test/01_unit/compiler/driver/bootstrap_api_low_memory_spec.spl	0	OK	1	1	0	0
test/01_unit/compiler/driver/bootstrap_api_split_contract_spec.spl	0	OK	1	1	0	0
test/01_unit/compiler/driver/bare_optional_condition_rt_is_some_guard_spec.spl	0	OK	1	1	0	0
test/01_unit/compiler/driver/bootstrap_flat_nonentry_globals_source_spec.spl	1	ERROR	2	0	2	0
test/01_unit/compiler/driver/bootstrap_context_mir_source_spec.spl	1	ERROR	16	4	12	0
test/01_unit/compiler/driver/bootstrap_indexed_global_dispatch_spec.spl	1	ERROR	4	3	1	0
test/01_unit/compiler/driver/bootstrap_mir_to_llvm_owner_mutation_source_spec.spl	1	ERROR	20	13	7	0
test/01_unit/compiler/driver/bootstrap_stage3_resume_source_spec.spl	0	OK	1	1	0	0
test/01_unit/compiler/driver/bootstrap_post_entry_lowering_source_spec.spl	1	ERROR	3	1	2	0
test/01_unit/compiler/driver/bootstrap_stage3_manifest_env_source_spec.spl	0	OK	1	1	0	0
test/01_unit/compiler/driver/bootstrap_phase3_error_diagnostics_source_spec.spl	0	OK	1	1	0	0
test/01_unit/compiler/driver/bootstrap_type_registration_context_spec.spl	0	OK	1	1	0	0
test/01_unit/compiler/driver/build_outcome_bounded_accumulation_spec.spl	0	OK	12	12	0	0
test/01_unit/compiler/driver/build_outcome_classification_spec.spl	0	OK	18	18	0	0
test/01_unit/compiler/driver/build_phase_collect_all_contract_spec.spl	0	OK	6	6	0	0
test/01_unit/compiler/driver/build_unit_outcome_from_status_contract_spec.spl	0	OK	19	19	0	0
test/01_unit/compiler/driver/cfg_dup_signature_dispatch_spec.spl	0	OK	2	2	0	0
test/01_unit/compiler/driver/check_mode_short_circuit_spec.spl	1	ERROR	1	0	1	0
test/01_unit/compiler/driver/bootstrap_module_init_unique_symbol_source_spec.spl	0	OK	1	1	0	0
test/01_unit/compiler/driver/cli_args_mutability_spec.spl	1	ERROR	2	1	1	0
test/01_unit/compiler/driver/compilability_mode_spec.spl	0	OK	3	3	0	0
test/01_unit/compiler/driver/compilation_context_spec.spl	0	OK	2	2	0	0
test/01_unit/compiler/driver/compile_delegation_guard_spec.spl	0	OK	6	6	0	0
test/01_unit/compiler/driver/compile_delegation_wrapper_loop_spec.spl	0	OK	6	6	0	0
test/01_unit/compiler/driver/compile_options_normalization_spec.spl	0	OK	10	10	0	0
test/01_unit/compiler/driver/compile_result_accessors_spec.spl	0	OK	20	20	0	0
test/01_unit/compiler/driver/build_supervisor_status_channel_fidelity_spec.spl	0	OK	6	6	0	0
test/01_unit/compiler/driver/compiler_services_spec.spl	0	OK	29	29	0	0
test/01_unit/compiler/driver/compiler_shared_di_check_spec.spl	0	OK	1	1	0	0
test/01_unit/compiler/driver/compiler_services_phases_spec.spl	0	OK	30	30	0	0
test/01_unit/compiler/driver/backend_result_payload_identity_spec.spl	1	ERROR	2	1	1	0
test/01_unit/compiler/driver/ctx_error_array_index_after_reassign_spec.spl	0	OK	3	3	0	0
test/01_unit/compiler/driver/ctx_verdict_stale_receiver_call_sweep_spec.spl	0	OK	3	3	0	0
test/01_unit/compiler/driver/driver_aot_output_split_contract_spec.spl	0	OK	1	1	0	0
test/01_unit/compiler/driver/dep_interface_cache_key_spec.spl	0	OK	8	8	0	0
test/01_unit/compiler/driver/driver_core_types_split_contract_spec.spl	0	OK	1	1	0	0
test/01_unit/compiler/driver/driver_closure_field_call_class_detection_spec.spl	0	OK	2	2	0	0
test/01_unit/compiler/driver/driver_ctx_error_access_shape_spec.spl	0	OK	3	3	0	0
test/01_unit/compiler/driver/bootstrap_llvm_diagnostics_spec.spl	0	OK	2	2	0	0
test/01_unit/compiler/driver/build_supervisor_poisoned_fixture_spec.spl	1	ERROR	9	5	4	0
test/01_unit/compiler/driver/driver_main_cli_contract_spec.spl	0	OK	4	4	0	0
test/01_unit/compiler/driver/driver_pipeline_split_contract_spec.spl	0	OK	1	1	0	0
test/01_unit/compiler/driver/driver_memory_lifecycle_family_spec.spl	1	ERROR	5	4	1	0
test/01_unit/compiler/driver/driver_public_api_split_contract_spec.spl	0	OK	2	2	0	0
test/01_unit/compiler/driver/driver_public_compile_split_contract_spec.spl	0	OK	2	2	0	0
test/01_unit/compiler/driver/driver_collect_sources_single_definition_spec.spl	0	OK	4	4	0	0
test/01_unit/compiler/driver/driver_public_shared_sffi_spec.spl	0	OK	4	4	0	0
test/01_unit/compiler/driver/driver_source_loading_import_contract_spec.spl	0	OK	3	3	0	0
test/01_unit/compiler/driver/driver_spec.spl	0	OK	1	1	0	0
test/01_unit/compiler/driver/focused_aot_backend_api_contract_spec.spl	0	OK	1	1	0	0
test/01_unit/compiler/driver/driver_entry_import_scan_cost_spec.spl	0	OK	2	2	0	0
test/01_unit/compiler/driver/flat_optional_fixed_tag_guard_spec.spl	1	ERROR	1	0	1	0
test/01_unit/compiler/driver/focused_aot_backend_types_contract_spec.spl	0	OK	1	1	0	0
test/01_unit/compiler/driver/focused_aot_lazy_interpreter_contract_spec.spl	1	ERROR	1	0	1	0
test/01_unit/compiler/driver/function_local_use_discarded_spec.spl	0	OK	8	8	0	0
test/01_unit/compiler/driver/focused_driver_ir_import_contract_spec.spl	0	OK	1	1	0	0
test/01_unit/compiler/driver/genuine_import_ownership_spec.spl	1	ERROR	3	2	1	0
test/01_unit/compiler/driver/hir_if_payload_decode_source_spec.spl	0	OK	2	2	0	0
test/01_unit/compiler/driver/hir_diagnostic_owner_reset_source_spec.spl	1	ERROR	1	0	1	0
test/01_unit/compiler/driver/driver_source_loading_spec.spl	0	OK	6	6	0	0
test/01_unit/compiler/driver/driver_text_set_lookup_cost_spec.spl	0	OK	2	2	0	0
test/01_unit/compiler/driver/hir_progress_cadence_contract_spec.spl	1	ERROR	1	0	1	0
test/01_unit/compiler/driver/hir_self_owner_scalar_source_spec.spl	0	OK	1	1	0	0
test/01_unit/compiler/driver/hydration_manifest_event_options_spec.spl	0	OK	2	2	0	0
test/01_unit/compiler/driver/incremental_missing_cache_file_spec.spl	0	OK	7	7	0	0
test/01_unit/compiler/driver/incremental_builder_dirty_stat_spec.spl	0	OK	1	1	0	0
test/01_unit/compiler/driver/incremental_state_add_dependency_spec.spl	0	OK	3	3	0	0
test/01_unit/compiler/driver/interface_digest_differential_spec.spl	0	OK	12	12	0	0
test/01_unit/compiler/driver/interface_digest_wiring_spec.spl	0	OK	12	12	0	0
test/01_unit/compiler/driver/interpret_lazy_project_sources_spec.spl	0	OK	2	2	0	0
test/01_unit/compiler/driver/logic_operand_condition_position_lower_cond_expr_spec.spl	0	OK	1	1	0	0
test/01_unit/compiler/driver/leak_check_owner_imports_spec.spl	0	OK	2	2	0	0
test/01_unit/compiler/driver/main_opt_level_cli_spec.spl	1	ERROR	4	0	4	0
test/01_unit/compiler/driver/compiler_driver_type_owner_contract_spec.spl	0	OK	8	8	0	0
test/01_unit/compiler/driver/memory_snapshot_sink_source_spec.spl	1	ERROR	0	0	0	0
test/01_unit/compiler/driver/method_resolution_match_classification_spec.spl	0	OK	3	3	0	0
test/01_unit/compiler/driver/mir_hir_type_kind_ownership_spec.spl	0	OK	1	1	0	0
test/01_unit/compiler/driver/mir_local_isolation_scalar_source_spec.spl	1	ERROR	1	0	1	0
test/01_unit/compiler/driver/mir_method_enum_receiver_nil_guard_spec.spl	1	ERROR	1	0	1	0
test/01_unit/compiler/driver/lazy_named_import_closure_spec.spl	0	OK	9	9	0	0
test/01_unit/compiler/driver/mir_optional_inner_discriminant_spec.spl	0	OK	1	1	0	0
test/01_unit/compiler/driver/native_build_jit_ambiguity_source_spec.spl	1	ERROR	13	11	2	0
test/01_unit/compiler/driver/native_build_success_implies_functions_spec.spl	1	ERROR	2	1	1	0
test/01_unit/compiler/driver/native_cache_mir_fingerprint_prerequisite_spec.spl	1	ERROR	1	0	1	0
test/01_unit/compiler/driver/hir_function_count_spec.spl	0	OK	3	3	0	0
test/01_unit/compiler/driver/hir_cache_store_roundtrip_spec.spl	0	OK	4	4	0	0
test/01_unit/compiler/driver/native_cache_producer_identity_spec.spl	0	OK	2	2	0	0
test/01_unit/compiler/driver/non_tty_build_progress_flush_contract_spec.spl	0	OK	2	2	0	0
test/01_unit/compiler/driver/parallel_owner_collect_closure_field_call_spec.spl	0	OK	3	3	0	0
test/01_unit/compiler/driver/parse_shard_execution_mode_spec.spl	1	ERROR	4	3	1	0
test/01_unit/compiler/driver/parse_shard_slim_entry_spec.spl	0	OK	3	3	0	0
test/01_unit/compiler/driver/native_entry_closure_gate_source_spec.spl	1	ERROR	5	4	1	0
test/01_unit/compiler/driver/mir_eviction_hazards_spec.spl	0	OK	7	7	0	0
test/01_unit/compiler/driver/phase2_numeric_interpolation_ownership_contract_spec.spl	0	OK	2	2	0	0
test/01_unit/compiler/driver/low_memory_source_fingerprint_spec.spl	1	ERROR	6	3	3	0
test/01_unit/compiler/driver/phase2_verdict_from_scalar_field_spec.spl	1	ERROR	3	2	1	0
test/01_unit/compiler/driver/phase2_parallel_safety_contract_spec.spl	0	OK	1	1	0	0
test/01_unit/compiler/driver/pipeline_basic_spec.spl	0	OK	1	1	0	0
test/01_unit/compiler/driver/pipeline_mir_spec.spl	0	OK	1	1	0	0
test/01_unit/compiler/driver/pipeline_var_spec.spl	0	OK	1	1	0	0
test/01_unit/compiler/driver/project_sdn_profile_spec.spl	0	OK	5	5	0	0
test/01_unit/compiler/driver/plain_parse_loop_progress_contract_spec.spl	0	OK	1	1	0	0
test/01_unit/compiler/driver/native_build_cache_plumbing_spec.spl	1	ERROR	29	20	9	0
test/01_unit/compiler/driver/native_cache_granularity_contract_spec.spl	0	OK	2	2	0	0
test/01_unit/compiler/driver/sif_discrimination_spec.spl	0	OK	7	7	0	0
test/01_unit/compiler/driver/safety_pass_profile_severity_spec.spl	0	OK	12	12	0	0
test/01_unit/compiler/driver/native_capsule_result_receipt_spec.spl	1	ERROR	2	1	1	0
test/01_unit/compiler/driver/sif_roundtrip_spec.spl	0	OK	4	4	0	0
test/01_unit/compiler/driver/single_spec_classification_unverified_summary_spec.spl	0	OK	6	6	0	0
test/01_unit/compiler/driver/smf_cache_loading_spec.spl	1	ERROR	9	8	1	0
test/01_unit/compiler/driver/mono_pipeline_surfaces_unresolved_generic_spec.spl	0	OK	2	2	0	0
test/01_unit/compiler/driver/smf_elf_rela_text_section_spec.spl	0	OK	7	7	0	0
test/01_unit/compiler/driver/ssa_local_payload_source_spec.spl	0	OK	1	1	0	0
test/01_unit/compiler/driver/stage3_bootstrap_flat_warning_spec.spl	1	ERROR	5	4	1	0
test/01_unit/compiler/driver/stage3_hir_lowerer_reuse_contract_spec.spl	1	ERROR	4	2	2	0
test/01_unit/compiler/driver/staged_optional_field_discriminant_spec.spl	0	OK	1	1	0	0
test/01_unit/compiler/driver/step3_phase_receipt_contract_spec.spl	0	OK	5	5	0	0
test/01_unit/compiler/driver/vhdl_source_map_debug_spec.spl	0	OK	6	6	0	0
test/01_unit/compiler/driver/supervised_build_outcome_class_guard_spec.spl	0	OK	5	5	0	0
test/01_unit/compiler/driver/parse_collect_all_errors_spec.spl	1	ERROR	3	2	1	0
test/01_unit/compiler/duplicate_struct_decl_dedup_spec.spl	0	OK	6	6	0	0
test/01_unit/compiler/dynamic_identity/dynamic_identity_spec.spl	0	OK	27	27	0	0
test/01_unit/compiler/empty_array_map_lambda_spec.spl	0	OK	2	2	0	0
test/01_unit/compiler/enum_payload_subpattern_spec.spl	0	OK	6	6	0	0
test/01_unit/compiler/executable_size_spec.spl	0	OK	6	6	0	0
test/01_unit/compiler/enum_payload/enum_payload_boundary_spec.spl	0	OK	8	8	0	0
test/01_unit/compiler/driver/storage_projection_registry_spec.spl	0	OK	16	16	0	0
test/01_unit/compiler/ffi_gen/backend_gating_spec.spl	0	OK	2	2	0	0
test/01_unit/compiler/ffi_gen/math_intern_codegen_spec.spl	0	OK	11	11	0	0
test/01_unit/compiler/driver/stage3_surface_identity_spec.spl	0	OK	4	4	0	0
test/01_unit/compiler/driver/riscv_gen2_strict_source_route_spec.spl	1	ERROR	3	0	3	0
test/01_unit/compiler/frontend/aop_conflict_detect_spec.spl	0	OK	5	5	0	0
test/01_unit/compiler/frontend/aop_debug_log_spec.spl	0	OK	15	15	0	0
test/01_unit/compiler/extern/rt_file_read_bytes_single_extern_signature_spec.spl	1	ERROR	7	6	1	0
test/01_unit/compiler/driver/riscv_gen2_artifact_authorization_spec.spl	0	OK	5	5	0	0
test/01_unit/compiler/frontend/aop_log_policy_spec.spl	0	OK	11	11	0	0
test/01_unit/compiler/frontend/aop_ordering_spec.spl	0	OK	6	6	0	0
test/01_unit/compiler/frontend/aop_predicate_parser_spec.spl	0	OK	20	20	0	0
test/01_unit/compiler/frontend/aop_weaving_config_spec.spl	0	OK	16	16	0	0
test/01_unit/compiler/frontend/ast_arena_accessor_family_fail_closed_spec.spl	0	OK	4	4	0	0
test/01_unit/compiler/frontend/ast_types_spec.spl	0	OK	6	6	0	0
test/01_unit/compiler/frontend/cache_dir_evict_spec.spl	0	OK	6	6	0	0
test/01_unit/compiler/driver/streaming_module_surface_lifecycle_spec.spl	1	ERROR	5	2	3	0
test/01_unit/compiler/frontend/async_binary_operand_order_spec.spl	0	OK	3	3	0	0
test/01_unit/compiler/frontend/bootstrap_expr_stmt_arena_spec.spl	1	ERROR	11	7	4	0
test/01_unit/compiler/driver/supervised_build_survives_worker_death_spec.spl	0	OK	4	4	0	0
test/01_unit/compiler/frontend/bootstrap_decl_count_slot_spec.spl	1	ERROR	10	8	2	0
test/01_unit/compiler/frontend/codegen_target_single_terminal_declaration_spec.spl	0	OK	2	2	0	0
test/01_unit/compiler/frontend/dangerous_keywords_spec.spl	0	OK	18	18	0	0
test/01_unit/compiler/frontend/decl_param_defaults_arena_spec.spl	0	OK	3	3	0	0
test/01_unit/compiler/frontend/desugar_dict_keys_source_spec.spl	1	ERROR	1	0	1	0
test/01_unit/compiler/frontend/contract_retention_spec.spl	0	OK	3	3	0	0
test/01_unit/compiler/frontend/convert_nodes_loud_fallback_spec.spl	0	OK	4	4	0	0
test/01_unit/compiler/frontend/collection_desugar_gate_spec.spl	0	OK	4	4	0	0
test/01_unit/compiler/frontend/enum_discriminant_shift63_spec.spl	0	OK	2	2	0	0
test/01_unit/compiler/frontend/enum_extension/enum_extension_grammar_spec.spl	0	OK	10	10	0	0
test/01_unit/compiler/frontend/enum_payload_capture_spec.spl	0	OK	7	7	0	0
test/01_unit/compiler/frontend/flat_ast_address_of_spec.spl	1	ERROR	2	1	1	0
test/01_unit/compiler/frontend/flat_ast_binding_span_spec.spl	0	OK	1	1	0	0
test/01_unit/compiler/frontend/flat_ast_force_unwrap_spec.spl	0	OK	2	2	0	0
test/01_unit/compiler/frontend/flat_ast_child_ownership_spec.spl	0	OK	7	7	0	0
test/01_unit/compiler/frontend/flat_ast_speculative_diagnostics_spec.spl	0	OK	1	1	0	0
test/01_unit/compiler/frontend/flat_bridge_coverage/flat_bridge_real_mapping_regression_spec.spl	0	OK	4	4	0	0
test/01_unit/compiler/frontend/flat_ast_if_else_bridge_spec.spl	0	OK	11	11	0	0
test/01_unit/compiler/frontend/flat_bridge_coverage/flat_decl_unsupported_loud_spec.spl	0	OK	3	3	0	0
test/01_unit/compiler/frontend/flat_bridge_coverage/flat_expr_unsupported_loud_spec.spl	0	OK	2	2	0	0
test/01_unit/compiler/frontend/flat_bridge_keyword_expr_nillit_class_spec.spl	0	OK	4	4	0	0
test/01_unit/compiler/frontend/flat_bridge_coverage/flat_stmt_unsupported_loud_spec.spl	0	OK	2	2	0	0
test/01_unit/compiler/frontend/flat_bridge_spawn_call_expr_spec.spl	0	OK	1	1	0	0
test/01_unit/compiler/frontend/flat_pool_codec_roundtrip_spec.spl	0	OK	17	17	0	0
test/01_unit/compiler/frontend/flat_fixed_type_tag_protocol_spec.spl	0	OK	7	7	0	0
test/01_unit/compiler/frontend/implicit_self_field_assignment_hint_spec.spl	0	OK	6	6	0	0
test/01_unit/compiler/frontend/host_gpu_lane_structural_bridge_spec.spl	1	ERROR	1	0	1	0
test/01_unit/compiler/frontend/frontend_collection_desugar_start_spec.spl	1	ERROR	2	1	1	0
test/01_unit/compiler/frontend/interp_brace_literal_fragment_spec.spl	0	OK	3	3	0	0
test/01_unit/compiler/frontend/impl_head_type_params_spec.spl	0	OK	5	5	0	0
test/01_unit/compiler/frontend/flat_pool_codec_decode_cost_spec.spl	0	OK	5	5	0	0
test/01_unit/compiler/frontend/layer_decl_parse_spec.spl	0	OK	9	9	0	0
test/01_unit/compiler/frontend/lazy_outline_equivalence/lazy_outline_equivalence_spec.spl	0	OK	6	6	0	0
test/01_unit/compiler/frontend/layer_module_tag_spec.spl	0	OK	7	7	0	0
test/01_unit/compiler/frontend/interp_fragment_sticky_error_spec.spl	1	ERROR	4	2	2	0
test/01_unit/compiler/frontend/lexer_if_condition_leading_and_continuation_spec.spl	0	OK	4	4	0	0
test/01_unit/compiler/frontend/lexer_indentation_eof_emits_token_spec.spl	0	OK	6	6	0	0
test/01_unit/compiler/frontend/lexer_dead_stream_forward_progress_spec.spl	0	OK	6	6	0	0
test/01_unit/compiler/frontend/lexer_position_unification_spec.spl	0	OK	4	4	0	0
test/01_unit/compiler/frontend/lexer_source_chars_not_passed_per_token_spec.spl	0	OK	2	2	0	0
test/01_unit/compiler/frontend/lexer_types_spec.spl	0	OK	6	6	0	0
test/01_unit/compiler/frontend/module_loader_runtime_capsule_spec.spl	1	ERROR	1	0	1	0
test/01_unit/compiler/frontend/lexer_typed_snapshot_spec.spl	0	OK	1	1	0	0
test/01_unit/compiler/frontend/lexer_snapshot_spec.spl	0	OK	4	4	0	0
test/01_unit/compiler/frontend/module_surface_syntax_not_dropped_class_spec.spl	0	OK	5	5	0	0
test/01_unit/compiler/frontend/name_resolution/module_fn_shadowed_by_builtin_name_spec.spl	0	OK	4	4	0	0
test/01_unit/compiler/frontend/lt_gt_generic_disambiguation_spec.spl	0	OK	9	9	0	0
test/01_unit/compiler/frontend/multi_param_generic_return_type_spec.spl	0	OK	2	2	0	0
test/01_unit/compiler/frontend/nested_tuple_index_seed_parser_spec.spl	0	OK	9	9	0	0
test/01_unit/compiler/frontend/name_resolved_argument_order_independence_class_spec.spl	1	ERROR	8	3	5	0
test/01_unit/compiler/frontend/parser_named_dependencies_spec.spl	0	OK	5	5	0	0
test/01_unit/compiler/frontend/pretty_printer_spec.spl	0	OK	6	6	0	0
test/01_unit/compiler/frontend/parser_spec.spl	0	OK	59	59	0	0
test/01_unit/compiler/frontend/nested_tuple_index_parse_spec.spl	0	OK	13	13	0	0
test/01_unit/compiler/frontend/flat_ast_inline_asm_bridge_spec.spl	1	ERROR	7	5	2	0
test/01_unit/compiler/frontend/pure_simple_lexer_keyword_lookup_spec.spl	0	OK	4	4	0	0
test/01_unit/compiler/frontend/required_comment_parse_spec.spl	0	OK	17	17	0	0
test/01_unit/compiler/frontend/placeholder_lambda_interpolated_arg_spec.spl	0	OK	10	10	0	0
test/01_unit/compiler/frontend/rv_bootstrap_inline_asm_operand_contract_spec.spl	0	OK	2	2	0	0
test/01_unit/compiler/frontend/raw_string_provenance_spec.spl	0	OK	4	4	0	0
test/01_unit/compiler/frontend/stmt_accessor_stale_index_guard_spec.spl	0	OK	7	7	0	0
test/01_unit/compiler/frontend/struct_shorthand_after_named_arg_spec.spl	1	ERROR	3	1	2	0
test/01_unit/compiler/frontend/treesitter_constructor_call_shape_spec.spl	0	OK	2	2	0	0
test/01_unit/compiler/frontend/treesitter_self_method_resolution_spec.spl	0	OK	4	4	0	0
test/01_unit/compiler/frontend/treesitter_heuristic_optional_binding_spec.spl	0	OK	3	3	0	0
test/01_unit/compiler/frontend/tuple_destructure_parser_spec.spl	0	OK	6	6	0	0
test/01_unit/compiler/frontend/struct_field_default_visibility_spec.spl	0	OK	3	3	0	0
test/01_unit/compiler/global_c_repr_struct_field_read_spec.spl	0	OK	5	5	0	0
test/01_unit/compiler/frontend/single_item_use_import_spec.spl	0	OK	3	3	0	0
test/01_unit/compiler/frontend/type_alias_capture_spec.spl	0	OK	4	4	0	0
test/01_unit/compiler/global_var_type_spec.spl	0	OK	5	5	0	0
test/01_unit/compiler/global_write_visible_to_callee_spec.spl	0	OK	13	13	0	0
test/01_unit/compiler/hardening_preset_policy_spec.spl	0	OK	12	12	0	0
test/01_unit/compiler/frontend/type_alias_survives_parse_spec.spl	0	OK	3	3	0	0
test/01_unit/compiler/hex_literal_const_eval_spec.spl	0	OK	7	7	0	0
test/01_unit/compiler/frontend/unknown_generic_return_type_spec.spl	0	OK	1	1	0	0
test/01_unit/compiler/hir/asm_owner_import_inside_docstring_spec.spl	0	OK	2	2	0	0
test/01_unit/compiler/hir/bootstrap_block_value_has_source_spec.spl	1	ERROR	1	0	1	0
test/01_unit/compiler/hir/ambig_dep_trace_default_off_spec.spl	0	OK	2	2	0	0
test/01_unit/compiler/hir/bootstrap_expr_args_source_spec.spl	1	ERROR	1	0	1	0
test/01_unit/compiler/hir/callable_signature_owner_imports_dependency_spec.spl	0	OK	4	4	0	0
test/01_unit/compiler/hir/alias_static_call_resolution_spec.spl	1	ERROR	2	0	2	0
test/01_unit/compiler/hir/bootstrap_hir_store_spec.spl	0	OK	5	5	0	0
test/01_unit/compiler/hir/enum_payload_nested_range_or_lowering_spec.spl	0	OK	9	9	0	0
test/01_unit/compiler/hir/class_method_bodies_reachable_spec.spl	1	ERROR	3	1	2	0
test/01_unit/compiler/hir/ast_to_hir_construct_coverage_spec.spl	0	OK	71	71	0	0
test/01_unit/compiler/hir/enum_attributes_spec.spl	0	OK	7	7	0	0
test/01_unit/compiler/hir/dependency_builtin_type_filter_spec.spl	0	OK	2	2	0	0
test/01_unit/compiler/hir/domain_block_hir_lowering_spec.spl	0	OK	3	3	0	0
test/01_unit/compiler/hir/enum_payload_owner_imports_dependency_spec.spl	0	OK	2	2	0	0
test/01_unit/compiler/hir/enum_lowering_end_to_end_spec.spl	0	OK	6	6	0	0
test/01_unit/compiler/hir/enum_payload_origin_plain_use_spec.spl	0	OK	1	1	0	0
test/01_unit/compiler/hir/exhaustiveness/critical_wildcard_coverage_spec.spl	0	OK	12	12	0	0
test/01_unit/compiler/hir/field_index_erased_receiver_spec.spl	1	ERROR	1	0	1	0
test/01_unit/compiler/hir/field_index_guess_class_spec.spl	1	ERROR	1	0	1	0
test/01_unit/compiler/hir/enum_payload_range_or_frontend_exec_spec.spl	1	ERROR	2	0	2	0
test/01_unit/compiler/hir/enum_shortname_collision_two_owners_spec.spl	1	ERROR	2	0	2	0
test/01_unit/compiler/hir/eprint_builtin_native_path_spec.spl	0	OK	4	4	0	0
test/01_unit/compiler/hir/explicit_import_beats_glob_reexport_spec.spl	0	OK	2	2	0	0
test/01_unit/compiler/hir/explicit_import_wins_over_glob_owner_spec.spl	0	OK	1	1	0	0
test/01_unit/compiler/hir/hir_async_errors_spec.spl	0	OK	1	1	0	0
test/01_unit/compiler/hir/hir_async_integration_spec.spl	0	OK	1	1	0	0
test/01_unit/compiler/hir/hir_async_spec.spl	0	OK	1	1	0	0
test/01_unit/compiler/hir/fixed_width_array_type_spec.spl	1	ERROR	1	0	1	0
test/01_unit/compiler/hir/hir_block_tail_invariants_source_spec.spl	1	ERROR	8	4	4	0
test/01_unit/compiler/hir/float_primitive_cast_spec.spl	1	ERROR	3	1	2	0
test/01_unit/compiler/hir/hir_bootstrap_source_regression_spec.spl	1	ERROR	9	3	6	0
test/01_unit/compiler/hir/generic_impl_head_params_gate_spec.spl	1	ERROR	2	0	2	0
test/01_unit/compiler/hir/generic_template_marking_spec.spl	1	ERROR	4	2	2	0
test/01_unit/compiler/hir/hir_eval_spec.spl	0	OK	2	2	0	0
test/01_unit/compiler/hir/hir_forward_decl_spec.spl	0	OK	4	4	0	0
test/01_unit/compiler/hir/hir_forward_lowering_spec.spl	0	OK	14	14	0	0
test/01_unit/compiler/hir/hir_codec_roundtrip_spec.spl	0	OK	3	3	0	0
test/01_unit/compiler/hir/hir_import_registration_scalar_profile_source_spec.spl	1	ERROR	3	2	1	0
test/01_unit/compiler/hir/hir_inference_type_to_text_array_spec.spl	0	OK	2	2	0	0
test/01_unit/compiler/hir/hir_glob_reachable_miss_memo_spec.spl	0	OK	5	5	0	0
test/01_unit/compiler/hir/hir_import_registration_cost_spec.spl	0	OK	8	8	0	0
test/01_unit/compiler/hir/hir_function_span_populate_spec.spl	0	OK	2	2	0	0
test/01_unit/compiler/hir/hir_lazy_import_registration_flag_regression_spec.spl	1	ERROR	1	0	1	0
test/01_unit/compiler/hir/hir_lowering_begin_module_spec.spl	0	OK	3	3	0	0
test/01_unit/compiler/hir/hir_lowering_spec.spl	0	OK	1	1	0	0
test/01_unit/compiler/hir/hir_item_nested_value_ownership_spec.spl	0	OK	2	2	0	0
test/01_unit/compiler/hir/hir_lower_spec.spl	0	OK	2	2	0	0
test/01_unit/compiler/hir/hir_module_callable_index_spec.spl	0	OK	6	6	0	0
test/01_unit/compiler/hir/hir_module_spec.spl	0	OK	2	2	0	0
test/01_unit/compiler/hir/hir_lowering_construct_gaps_spec.spl	1	ERROR	6	0	6	0
test/01_unit/compiler/hir/hir_lowering_items_surface_completeness_spec.spl	0	OK	1	1	0	0
test/01_unit/compiler/hir/hir_new_spec.spl	0	OK	1	1	0	0
test/01_unit/compiler/hir/hir_stage4_field_inference_spec.spl	0	OK	12	12	0	0
test/01_unit/compiler/hir/hir_stmt_dispatch_source_spec.spl	1	ERROR	6	2	4	0
test/01_unit/compiler/hir/hir_import_registration_per_symbol_cost_spec.spl	0	OK	1	1	0	0
test/01_unit/compiler/hir/hir_types_spec.spl	0	OK	2	2	0	0
test/01_unit/compiler/hir/hir_package_dependency_scan_memo_spec.spl	0	OK	7	7	0	0
test/01_unit/compiler/hir/hir_payload_origin_miss_memo_spec.spl	0	OK	5	5	0	0
test/01_unit/compiler/hir/hir_type_structural_equality_spec.spl	0	OK	8	8	0	0
test/01_unit/compiler/hir/hir_unresolved_name_import_reachability_spec.spl	0	OK	13	13	0	0
test/01_unit/compiler/hir/hir_unresolved_type_import_provider_spec.spl	0	OK	7	7	0	0
test/01_unit/compiler/hir/hir_symbol_table_all_functions_spec.spl	0	OK	1	1	0	0
test/01_unit/compiler/hir/hir_types_equal_int_width_spec.spl	0	OK	4	4	0	0
test/01_unit/compiler/hir/if_val_expression_binding_spec.spl	1	ERROR	4	1	3	0
test/01_unit/compiler/hir/impl_lowering_self_symbol_id_spec.spl	1	ERROR	2	0	2	0
test/01_unit/compiler/hir/impl_self_symbol_id_scope_spec.spl	1	ERROR	3	0	3	0
test/01_unit/compiler/hir/host_gpu_lane_hir_lowering_spec.spl	1	ERROR	1	0	1	0
test/01_unit/compiler/hir/implicit_self_field_hir_probe_spec.spl	1	ERROR	3	0	3	0
test/01_unit/compiler/hir/imported_callable_materialization_cardinality_spec.spl	1	ERROR	1	0	1	0
test/01_unit/compiler/hir/hir_codec_writer_chunked_cost_spec.spl	0	OK	3	3	0	0
test/01_unit/compiler/hir/hir_verification_contract_preservation_spec.spl	0	OK	3	3	0	0
test/01_unit/compiler/hir/imported_array_of_tuple_signature_dependency_spec.spl	0	OK	4	4	0	0
test/01_unit/compiler/hir/imported_composite_field_package_sibling_spec.spl	1	ERROR	1	0	1	0
test/01_unit/compiler/hir/imported_surface_callable_projection_spec.spl	1	ERROR	3	1	2	0
test/01_unit/compiler/hir/legacy_builtin_alias_source_spec.spl	1	ERROR	1	0	1	0
test/01_unit/compiler/hir/imported_generic_callable_signature_projection_spec.spl	0	OK	4	4	0	0
test/01_unit/compiler/hir/llvm_backend_compile_module_typed_return_spec.spl	0	OK	1	1	0	0
test/01_unit/compiler/hir/imported_generic_head_argument_owner_scope_spec.spl	0	OK	9	9	0	0
test/01_unit/compiler/hir/imported_optional_argument_reexport_hop_regression_spec.spl	0	OK	3	3	0	0
test/01_unit/compiler/hir/method_self_context_save_restore_spec.spl	1	ERROR	4	2	2	0
test/01_unit/compiler/hir/module_lowering_dict_keys_source_spec.spl	1	ERROR	1	0	1	0
test/01_unit/compiler/hir/imported_tuple_signature_dependency_spec.spl	1	ERROR	2	0	2	0
test/01_unit/compiler/hir/match_arm_underscore_subpattern_spec.spl	1	ERROR	5	0	5	0
test/01_unit/compiler/hir/me_field_resolution_spec.spl	1	ERROR	4	1	3	0
test/01_unit/compiler/hir/member_visibility_enforcement_spec.spl	1	ERROR	15	5	10	0
test/01_unit/compiler/hir/module_filename_populated_spec.spl	0	OK	2	2	0	0
test/01_unit/compiler/hir/module_surface_index_allocation_guard_spec.spl	1	ERROR	2	0	2	0
test/01_unit/compiler/hir/module_surface_index_alignment_spec.spl	0	OK	7	7	0	0
test/01_unit/compiler/hir/module_surface_declaration_authority_spec.spl	1	ERROR	6	2	4	0
test/01_unit/compiler/hir/module_surface_projected_type_shape_spec.spl	0	OK	4	4	0	0
test/01_unit/compiler/hir/module_surface_glob_export_origin_spec.spl	1	ERROR	5	2	3	0
test/01_unit/compiler/hir/module_namespace_retained_surface_spec.spl	1	ERROR	5	0	5	0
test/01_unit/compiler/hir/nil_dict_receiver_phantom_option_spec.spl	1	ERROR	2	0	2	0
test/01_unit/compiler/hir/module_surface_owner_index_spec.spl	0	OK	4	4	0	0
test/01_unit/compiler/hir/parser_contract_type_owner_spec.spl	0	OK	2	2	0	0
test/01_unit/compiler/hir/pattern_condition_mutability_source_spec.spl	0	OK	1	1	0	0
test/01_unit/compiler/hir/module_surface_spec.spl	0	OK	5	5	0	0
test/01_unit/compiler/hir/payload_binding_contest_names_agree_source_spec.spl	1	ERROR	5	1	4	0
test/01_unit/compiler/hir/qualified_type_lookup_scaling_spec.spl	0	OK	5	5	0	0
test/01_unit/compiler/hir/rv32_decode_helper_hir_lowering_spec.spl	1	ERROR	1	0	1	0
test/01_unit/compiler/hir/package_export_route_shapes_spec.spl	0	OK	26	26	0	0
test/01_unit/compiler/hir/reexport_physical_cache_spec.spl	1	ERROR	17	16	1	0
test/01_unit/compiler/hir/self_context_pair_consistency_spec.spl	1	ERROR	2	0	2	0
test/01_unit/compiler/hir/qualified_import_call_spec.spl	1	ERROR	3	0	3	0
test/01_unit/compiler/hir/resolve_import_module_value_spec.spl	1	ERROR	2	1	1	0
test/01_unit/compiler/hir/seed_parity_container_and_self_types_spec.spl	1	ERROR	8	2	6	0
test/01_unit/compiler/hir/statement_payload_types_source_spec.spl	0	OK	2	2	0	0
test/01_unit/compiler/hir/resolve_import_symbols_spec.spl	1	ERROR	32	26	6	0
test/01_unit/compiler/hir/symbol_display_name_spec.spl	0	OK	2	2	0	0
test/01_unit/compiler/hir/same_named_package_facade_reexport_spec.spl	1	ERROR	5	0	5	0
test/01_unit/compiler/hir/seed_parity_scalar_type_names_spec.spl	1	ERROR	14	3	11	0
test/01_unit/compiler/hir/symbol_table_dict_get_source_spec.spl	1	ERROR	3	0	3	0
test/01_unit/compiler/hir/stage4_hir_value_name_dispatch_spec.spl	1	ERROR	3	0	3	0
test/01_unit/compiler/hir/symbol_table_lookup_scope_guard_spec.spl	0	OK	5	5	0	0
test/01_unit/compiler/hir/symbol_table_module_reset_spec.spl	0	OK	2	2	0	0
test/01_unit/compiler/hir/symbol_table_qualified_indexes_spec.spl	0	OK	4	4	0	0
test/01_unit/compiler/hir/symbol_table_all_functions_spec.spl	0	OK	2	2	0	0
test/01_unit/compiler/hir/standalone_lowering_real_compiler_files_spec.spl	0	OK	2	2	0	0
test/01_unit/compiler/hir/symbol_table_scope_bracket_read_class_spec.spl	0	OK	6	6	0	0
test/01_unit/compiler/hir/symbol_table_cross_file_impl_spec.spl	0	OK	3	3	0	0
test/01_unit/compiler/hir/tuple_destructure_mutability_source_spec.spl	0	OK	1	1	0	0
test/01_unit/compiler/hir/two_hop_glob_import_does_not_transit_spec.spl	0	OK	3	3	0	0
test/01_unit/compiler/hir/tuple_match_enum_subpattern_runtime_spec.spl	0	OK	5	5	0	0
test/01_unit/compiler/hir/symbol_table_id_zero_spec.spl	0	OK	3	3	0	0
test/01_unit/compiler/hir/tuple_match_enum_subpattern_spec.spl	0	OK	6	6	0	0
test/01_unit/compiler/hir/untyped_param_declared_callable_type_spec.spl	0	OK	5	5	0	0
test/01_unit/compiler/hir/unannotated_module_const_type_spec.spl	1	ERROR	1	0	1	0
test/01_unit/compiler/import_warning_spec.spl	0	OK	6	6	0	0
test/01_unit/compiler/if_chain_arm_value_spec.spl	0	OK	13	13	0	0
test/01_unit/compiler/interface_compat/compile_interface_spec.spl	0	OK	8	8	0	0
test/01_unit/compiler/hir/vulkan_gpu_attr_hir_spec.spl	1	ERROR	4	1	3	0
test/01_unit/compiler/hir/void_return_type_spec.spl	0	OK	4	4	0	0
test/01_unit/compiler/hir/untyped_return_callback_param_shapes_spec.spl	0	OK	5	5	0	0
test/01_unit/compiler/interp/execir_slice2_spec.spl	0	OK	8	8	0	0
test/01_unit/compiler/hir/untyped_return_nil_safe_spec.spl	0	OK	2	2	0	0
test/01_unit/compiler/hir/untyped_return_value_shapes_spec.spl	0	OK	4	4	0	0
test/01_unit/compiler/interp/execir_slice_spec.spl	0	OK	6	6	0	0
test/01_unit/compiler/interp/execir_arena_spec.spl	0	OK	9	9	0	0
test/01_unit/compiler/driver_provider_v1_spec.spl	124	NOVERDICT	0	0	0	0
test/01_unit/compiler/interp/mem_guard_rate_spec.spl	0	OK	6	6	0	0
test/01_unit/compiler/interp/mem_harden_spec.spl	0	OK	6	6	0	0
test/01_unit/compiler/interp/mir_interp_silent_fallback_spec.spl	0	OK	10	10	0	0
test/01_unit/compiler/interp/mir_interp_complex_const_spec.spl	0	OK	12	12	0	0
test/01_unit/compiler/interpreter/aliased_param_writeback_spec.spl	1	ERROR	4	0	4	0
test/01_unit/compiler/interp/mir_interpreter_hot_path_spec.spl	1	ERROR	11	10	1	0
test/01_unit/compiler/interp/mir_interp_execir_tier_spec.spl	0	OK	4	4	0	0
test/01_unit/compiler/interpreter/block_scoped_use_resolves_spec.spl	0	OK	3	3	0	0
test/01_unit/compiler/interpreter/async_await_eager_value_spec.spl	0	OK	3	3	0	0
test/01_unit/compiler/interpreter/cast_numeric_parity_spec.spl	1	ERROR	4	2	2	0
test/01_unit/compiler/interpreter/callable_field_dispatch_spec.spl	1	NOVERDICT	0	0	1	0
test/01_unit/compiler/interpreter/array_push_loop_local_len_spec.spl	0	OK	3	3	0	0
test/01_unit/compiler/interpreter/class_instance_field_method_regression_spec.spl	0	OK	4	4	0	0
test/01_unit/compiler/interpreter/class_instance_resolution_class_spec.spl	0	OK	7	7	0	0
test/01_unit/compiler/interpreter/class_name_collision_warning_spec.spl	0	OK	2	2	0	0
test/01_unit/compiler/interpreter/class_value_field_access_control_spec.spl	0	OK	4	4	0	0
test/01_unit/compiler/interp_object_store_ref_model_spec.spl	0	OK	4	4	0	0
test/01_unit/compiler/interpreter/compiled_module_adapter_spec.spl	0	OK	11	11	0	0
test/01_unit/compiler/interpreter/crossmodule_array_writeback_spec.spl	0	OK	1	1	0	0
test/01_unit/compiler/interpreter/closure_nested_typed_binding_spec.spl	0	OK	7	7	0	0
test/01_unit/compiler/interpreter/class_value_field_access_spec.spl	0	OK	4	4	0	0
test/01_unit/compiler/interpreter/crossmodule_class_mutparam_writeback_spec.spl	0	OK	1	1	0	0
test/01_unit/compiler/interpreter/dict_field_argument_transport_spec.spl	0	OK	2	2	0	0
test/01_unit/compiler/interpreter/dict_class_value_identity_spec.spl	1	ERROR	4	0	4	0
test/01_unit/compiler/interpreter/dict_literal_dispatch_spec.spl	0	OK	1	1	0	0
test/01_unit/compiler/interpreter/enclosing_scope_writeback_class_spec.spl	0	OK	9	9	0	0
test/01_unit/compiler/interpreter/enum_field_method_call_spec.spl	0	OK	4	4	0	0
test/01_unit/compiler/interpreter/enum_single_field_payload_spec.spl	1	ERROR	4	0	4	0
test/01_unit/compiler/interpreter/enum_variant_method_lookup_spec.spl	0	OK	3	3	0	0
test/01_unit/compiler/interpreter/expect_call_expr_false_green_spec.spl	0	OK	6	6	0	0
test/01_unit/compiler/interpreter/evalops_export_and_text_at_spec.spl	1	ERROR	7	6	1	0
test/01_unit/compiler/interpreter_extern/audio_registration_spec.spl	0	OK	6	6	0	0
test/01_unit/compiler/interpreter_extern/fb_image_log_socket_registration_spec.spl	0	OK	6	6	0	0
test/01_unit/compiler/interpreter_extern/file_char_device_registration_spec.spl	0	OK	1	1	0	0
test/01_unit/compiler/interpreter_extern/capability_gap_spec.spl	0	OK	6	6	0	0
test/01_unit/compiler/interpreter_extern/glfw_registration_spec.spl	0	OK	6	6	0	0
test/01_unit/compiler/interpreter_extern/oneapi_registration_spec.spl	0	OK	6	6	0	0
test/01_unit/compiler/interpreter_extern/opengl_registration_spec.spl	0	OK	6	6	0	0
test/01_unit/compiler/interpreter_extern/sdl3_registration_spec.spl	0	OK	6	6	0	0
test/01_unit/compiler/interpreter/f32_matrix_precision_spec.spl	0	OK	15	15	0	0
test/01_unit/compiler/interpreter/fn_field_call_spec.spl	0	OK	2	2	0	0
test/01_unit/compiler/interpreter/field_array_mutation_in_place_spec.spl	0	OK	6	6	0	0
test/01_unit/compiler/interpreter/gc_family_boundary_hook_spec.spl	1	ERROR	5	0	5	0
test/01_unit/compiler/interpreter/f32_precision_spec.spl	0	OK	8	8	0	0
test/01_unit/compiler/interpreter/gc_parity_spec.spl	0	OK	30	30	0	0
test/01_unit/compiler/interpreter_generator_builtin_shadowing_spec.spl	0	OK	6	6	0	0
test/01_unit/compiler/interpreter/generator_for_in_iteration_spec.spl	0	OK	3	3	0	0
test/01_unit/compiler/interpreter/global_array_push_linear_spec.spl	0	OK	2	2	0	0
test/01_unit/compiler/interpreter/global_array_push_visible_to_len_spec.spl	0	OK	4	4	0	0
test/01_unit/compiler/interpreter/implicit_self_field_assign_spec.spl	1	ERROR	5	2	3	0
test/01_unit/compiler/interpreter/import_admission_critical_spec.spl	0	OK	3	3	0	0
test/01_unit/compiler/interpreter/indexed_augmented_assignment_spec.spl	0	OK	5	5	0	0
test/01_unit/compiler/interpreter/indexed_field_receiver_assignment_spec.spl	0	OK	5	5	0	0
test/01_unit/compiler/interpreter/int_to_u32_spec.spl	0	OK	5	5	0	0
test/01_unit/compiler/interpreter/load_session_cache_spec.spl	0	OK	18	18	0	0
test/01_unit/compiler/interpreter/local_shadows_module_global_write_through_spec.spl	0	OK	1	1	0	0
test/01_unit/compiler/interpreter/logical_short_circuit_spec.spl	0	OK	3	3	0	0
test/01_unit/compiler/interpreter/match_arm_early_return_spec.spl	1	NOVERDICT	0	0	1	0
test/01_unit/compiler/interpreter/match_binding_scope_generalization_spec.spl	1	ERROR	5	2	3	0
test/01_unit/compiler/interpreter/long_literal_local_val_aliasing_probe_spec.spl	0	OK	7	7	0	0
test/01_unit/compiler/interpreter/match_expr_post_statement_cost_spec.spl	0	OK	2	2	0	0
test/01_unit/compiler/interpreter/match_expr_binding_scope_spec.spl	1	ERROR	2	1	1	0
test/01_unit/compiler/interpreter/me_call_dict_field_write_cost_spec.spl	0	OK	1	1	0	0
test/01_unit/compiler/interpreter/method_named_args_reorder_spec.spl	0	OK	7	7	0	0
test/01_unit/compiler/interpreter/mir_interp_bounds_check_spec.spl	0	OK	6	6	0	0
test/01_unit/compiler/interpreter/mixed_numeric_arithmetic_spec.spl	0	OK	4	4	0	0
test/01_unit/compiler/interpreter/mirror_omitted_field_zero_fill_spec.spl	0	OK	1	1	0	0
test/01_unit/compiler/interpreter/mir_ssa_phi_intrinsic_spec.spl	0	OK	4	4	0	0
test/01_unit/compiler/interpreter/module_resolver_file_exists_spec.spl	0	OK	5	5	0	0
test/01_unit/compiler/interpreter/named_ctor_static_new_hijack_spec.spl	1	ERROR	4	0	4	0
test/01_unit/compiler/interpreter/module_registry_lookup_o1_spec.spl	0	OK	3	3	0	0
test/01_unit/compiler/interpreter/module_loader_lazy_spec.spl	1	ERROR	4	3	1	0
test/01_unit/compiler/interpreter/nested_fn_enclosing_var_mutation_spec.spl	1	ERROR	7	1	6	0
test/01_unit/compiler/interpreter/nested_string_split_spec.spl	0	OK	7	7	0	0
test/01_unit/compiler/interpreter/optional_return_nil_truthiness_spec.spl	0	OK	9	9	0	0
test/01_unit/compiler/interpreter/optional_unwrap_bang_spec.spl	0	OK	5	5	0	0
test/01_unit/compiler/interpreter/option_result_method_dispatch_spec.spl	0	OK	7	7	0	0
test/01_unit/compiler/interpreter/pure_interp_owner_mutation_spec.spl	0	OK	4	4	0	0
test/01_unit/compiler/interpreter/range_step_comprehension_spec.spl	0	OK	8	8	0	0
test/01_unit/compiler/interpreter/pure_simple_frontend_interpolation_promotion_spec.spl	0	OK	4	4	0	0
test/01_unit/compiler/interpreter/runtime_buffer_index_assign_spec.spl	0	OK	5	5	0	0
test/01_unit/compiler/interpreter/pure_simple_interpolation_literal_segments_spec.spl	0	OK	4	4	0	0
test/01_unit/compiler/interpreter/interpreter_aop_collect_generalization_spec.spl	1	ERROR	4	0	4	0
test/01_unit/compiler/interpreter/self_field_assign_spec.spl	0	OK	13	13	0	0
test/01_unit/compiler/interpreter/interpreter_aop_weave_spec.spl	1	ERROR	15	14	1	0
test/01_unit/compiler/interpreter/smf_source_spec.spl	0	OK	8	8	0	0
test/01_unit/compiler/interpreter/static_method_overload_dispatch_spec.spl	0	OK	4	4	0	0
test/01_unit/compiler/interpreter/struct_literal_not_routed_to_static_new_spec.spl	0	OK	5	5	0	0
test/01_unit/compiler/interpreter/struct_container_field_mutation_spec.spl	1	ERROR	3	2	1	0
test/01_unit/compiler/interpreter/string_interpolation_spec.spl	1	ERROR	3	1	2	0
test/01_unit/compiler/interpreter_system_spec_body_probe_spec.spl	0	OK	4	4	0	0
test/01_unit/compiler/interpreter/sprof_hotspot_bridge_spec.spl	0	OK	24	24	0	0
test/01_unit/compiler/interpreter/text_byte_at_dispatch_spec.spl	0	OK	5	5	0	0
test/01_unit/compiler/interpreter/text_char_code_at_codepoint_spec.spl	0	OK	3	3	0	0
test/01_unit/compiler/interpreter/text_index_of_start_spec.spl	1	ERROR	3	2	1	0
test/01_unit/compiler/interpreter/receiver_hop_depth_linear_spec.spl	1	ERROR	4	2	2	0
test/01_unit/compiler/interpreter/todo_builtin_spec.spl	0	OK	1	1	0	0
test/01_unit/compiler/interpreter/u64_high_bit_option_unwrap_spec.spl	0	OK	3	3	0	0
test/01_unit/compiler/interpreter/u32_wrap_arith_spec.spl	0	OK	15	15	0	0
test/01_unit/compiler/interpreter/u64_literal_precision_spec.spl	0	OK	2	2	0	0
test/01_unit/compiler/interpreter/while_body_scope_spec.spl	0	OK	1	1	0	0
test/01_unit/compiler/interpreter/value_type_field_mutation_class_spec.spl	0	OK	5	5	0	0
test/01_unit/compiler/interp/static_method_const_frame_spec.spl	0	OK	2	2	0	0
test/01_unit/compiler/interpreter/tiered_jit_hotspot_spec.spl	1	ERROR	51	47	4	0
test/01_unit/compiler/interp/strict_interp_spec.spl	0	OK	10	10	0	0
test/01_unit/compiler/irdsl/parser_validator_spec.spl	0	OK	1	1	0	0
test/01_unit/compiler/lexer/label_token_spec.spl	0	OK	3	3	0	0
test/01_unit/compiler/lexer_brace_escape_spec.spl	0	OK	8	8	0	0
test/01_unit/compiler/jit_named_fn_ref_guard_spec.spl	0	OK	3	3	0	0
test/01_unit/compiler/jit_string_method_receiver_spec.spl	0	OK	6	6	0	0
test/01_unit/compiler/lexer/lexer_comprehensive_spec.spl	0	OK	2	2	0	0
test/01_unit/compiler/interp/tiered_jit_lazy_creation_spec.spl	0	OK	3	3	0	0
test/01_unit/compiler/lexer/lexer_import_debug_spec.spl	1	ERROR	3	2	1	0
test/01_unit/compiler/lexer/lexer_interp_literal_brace_spec.spl	0	OK	7	7	0	0
test/01_unit/compiler/lexer/lexer_new_spec.spl	0	OK	1	1	0	0
test/01_unit/compiler/lexer/lexer_radix_literal_invalid_digit_spec.spl	0	OK	11	11	0	0
test/01_unit/compiler/lexer/lexer_minimal_test_spec.spl	0	OK	1	1	0	0
test/01_unit/compiler/lexer/lexer_radix_literal_suffix_spec.spl	0	OK	9	9	0	0
test/01_unit/compiler/lexer/lexer_slash_comment_spec.spl	0	OK	2	2	0	0
test/01_unit/compiler/lexer/lexer_spec.spl	0	OK	2	2	0	0
test/01_unit/compiler/lexer/multiline_string_spec.spl	0	OK	5	5	0	0
test/01_unit/compiler/lexer/lexer_triple_quote_docstring_spec.spl	1	ERROR	7	6	1	0
test/01_unit/compiler/lexer/source_position_spec.spl	0	OK	2	2	0	0
test/01_unit/compiler/lexer/numeric_separator_spec.spl	0	OK	6	6	0	0
test/01_unit/compiler/linker/assurance_object_note_spec.spl	1	ERROR	5	4	1	0
test/01_unit/compiler/linker/file_byte_alias_spec.spl	0	OK	2	2	0	0
test/01_unit/compiler/linker/gpu_smf/smf_link_attributes_spec.spl	0	OK	19	19	0	0
test/01_unit/compiler/linker/gpu_smf/smf_link_profile_spec.spl	1	ERROR	5	3	2	0
test/01_unit/compiler/linker/gpu_smf/smf_link_receipts_spec.spl	1	ERROR	15	14	1	0
test/01_unit/compiler/linker/gpu_smf/smf_reachability_spec.spl	0	OK	10	10	0	0
test/01_unit/compiler/linker/gpu_smf/smf_reloc_apply_spec.spl	0	OK	18	18	0	0
test/01_unit/compiler/linker/gpu_smf/smf_reader_adapter_spec.spl	1	ERROR	7	5	2	0
test/01_unit/compiler/linker/gpu_smf/smf_reloc_formulas_spec.spl	0	OK	31	31	0	0
test/01_unit/compiler/linker/gpu_smf/smf_section_layout_spec.spl	0	OK	15	15	0	0
test/01_unit/compiler/linker/lib_smf_format_spec.spl	0	OK	4	4	0	0
test/01_unit/compiler/linker/lib_smf_reader_spec.spl	0	OK	3	3	0	0
test/01_unit/compiler/linker/lib_smf_writer_spec.spl	0	OK	5	5	0	0
test/01_unit/compiler/linker/link_deps_spec.spl	0	OK	14	14	0	0
test/01_unit/compiler/linker/link_section_spec.spl	0	OK	29	29	0	0
test/01_unit/compiler/linker/lib_smf_spec.spl	1	ERROR	6	4	2	0
test/01_unit/compiler/linker/hosted_native_link_os_spec.spl	0	OK	3	3	0	0
test/01_unit/compiler/linker/linker_context_spec.spl	1	ERROR	4	3	1	0
test/01_unit/compiler/linker/linker_spec.spl	0	OK	4	4	0	0
test/01_unit/compiler/linker/object_emitter_spec.spl	1	ERROR	0	0	0	0
test/01_unit/compiler/linker/extern_unimplemented_weak_stub_fabrication_spec.spl	1	ERROR	13	9	4	0
test/01_unit/compiler/linker/platform_defaults_spec.spl	0	OK	35	35	0	0
test/01_unit/compiler/linker/smf_driver_manifest_build_spec.spl	0	OK	1	1	0	0
test/01_unit/compiler/linker/native_link_hardening_spec.spl	0	OK	17	17	0	0
test/01_unit/compiler/linker/obj_taker_spec.spl	0	OK	4	4	0	0
test/01_unit/compiler/linker/smf_driver_manifest_section_spec.spl	0	OK	5	5	0	0
test/01_unit/compiler/linker/smf_elf_passthrough_spec.spl	0	OK	5	5	0	0
test/01_unit/compiler/linker/smf_enum_def_round_trip_spec.spl	0	OK	15	15	0	0
test/01_unit/compiler/linker/fixed_backend_success_spec.spl	1	ERROR	1	0	1	0
test/01_unit/compiler/linker/smf_enums_spec.spl	0	OK	22	22	0	0
test/01_unit/compiler/linker/smf_header_spec.spl	0	OK	4	4	0	0
test/01_unit/compiler/linker/smf_integration_spec.spl	0	OK	3	3	0	0
test/01_unit/compiler/linker/smf_enum_def_source_round_trip_spec.spl	0	OK	11	11	0	0
test/01_unit/compiler/linker/linker_wrapper_lib_support_spec.spl	0	OK	3	3	0	0
test/01_unit/compiler/linker/smf_reader_bridge_parity_class_spec.spl	0	OK	7	7	0	0
test/01_unit/compiler/linker/smf_reader_ffi_bridge_silent_empty_spec.spl	0	OK	8	8	0	0
test/01_unit/compiler/linker/linker_wrapper_smf_spec.spl	1	ERROR	0	0	0	0
test/01_unit/compiler/linker/smf_reader_memory_spec.spl	0	OK	4	4	0	0
test/01_unit/compiler/linker/smf_reader_open_fails_closed_spec.spl	0	OK	2	2	0	0
test/01_unit/compiler/linker/link_with_libraries_integration_spec.spl	0	OK	4	4	0	0
test/01_unit/compiler/linker/smf_reloc_read_spec.spl	0	OK	11	11	0	0
test/01_unit/compiler/linker/smf_reloc_write_spec.spl	0	OK	8	8	0	0
test/01_unit/compiler/linker/smf_reader_spec.spl	1	ERROR	3	2	1	0
test/01_unit/compiler/linker/swa_zip_spec.spl	0	OK	33	33	0	0
test/01_unit/compiler/lint_allow_attribute_spec.spl	0	OK	6	6	0	0
test/01_unit/compiler/linker/smf_template_loading_spec.spl	0	OK	20	20	0	0
test/01_unit/compiler/lint/collection_array_rebuild_spec.spl	0	OK	5	5	0	0
test/01_unit/compiler/lint/bare_primitive_internal_spec.spl	0	OK	19	19	0	0
test/01_unit/compiler/lint/const_ref_default_spec.spl	0	OK	14	14	0	0
test/01_unit/compiler/linker/smf_writer_write_spec.spl	1	ERROR	8	2	6	0
test/01_unit/compiler/linker/object_resolver_spec.spl	0	OK	3	3	0	0
test/01_unit/compiler/linker/object_provider_spec.spl	1	ERROR	4	2	2	0
test/01_unit/compiler/lint/critical_file_guard_spec.spl	0	OK	9	9	0	0
test/01_unit/compiler/lint/collection_easy_fix_spec.spl	0	OK	4	4	0	0
test/01_unit/compiler/lint/collection_index_mutation_spec.spl	0	OK	6	6	0	0
test/01_unit/compiler/lint/dynamic_capability_acquire_spec.spl	0	OK	28	28	0	0
test/01_unit/compiler/lint/lint_still_bites_prevention_spec.spl	1	ERROR	2	0	2	0
test/01_unit/compiler/lint/lint_string_utils_spec.spl	0	OK	9	9	0	0
test/01_unit/compiler/lint/lint_terminates_with_verdict_spec.spl	1	ERROR	2	0	2	0
test/01_unit/compiler/lint/mcp_perf_lint_spec.spl	0	OK	7	7	0	0
test/01_unit/compiler/lint/module_init_literal_spec.spl	0	OK	22	22	0	0
test/01_unit/compiler/lint/feature_tracking_done_gate_spec.spl	0	OK	5	5	0	0
test/01_unit/compiler/lint/option_me_call_spec.spl	0	OK	15	15	0	0
test/01_unit/compiler/lint/lint_profile_spec.spl	0	OK	17	17	0	0
test/01_unit/compiler/lint/llvm_backend_type_safety_spec.spl	0	OK	10	10	0	0
test/01_unit/compiler/lint/primitive_types_parity_spec.spl	0	OK	4	4	0	0
test/01_unit/compiler/lint/public_doc_spec.spl	0	OK	9	9	0	0
test/01_unit/compiler/lint/remote_exec_lint_spec.spl	0	OK	25	25	0	0
test/01_unit/compiler/lint/required_comment_admission_spec.spl	0	OK	3	3	0	0
test/01_unit/compiler/lint/parse001_spec_files_spec.spl	0	OK	6	6	0	0
test/01_unit/compiler/lint/script_language_spec.spl	0	OK	43	43	0	0
test/01_unit/compiler/lint/raw_rt_access_spec.spl	0	OK	36	36	0	0
test/01_unit/compiler/lint/raw_sffi_call_spec.spl	0	OK	12	12	0	0
test/01_unit/compiler/lint/required_comment_cli_spec.spl	0	OK	5	5	0	0
test/01_unit/compiler/lint/silent_default_detection_spec.spl	0	OK	15	15	0	0
test/01_unit/compiler/lint/semantic_api_checker_spec.spl	0	OK	17	17	0	0
test/01_unit/compiler/lint/riscv_rtl_debuggability_spec.spl	1	ERROR	13	10	3	0
test/01_unit/compiler/lint/star_export_lint_spec.spl	0	OK	10	10	0	0
test/01_unit/compiler/lint/simd_opportunity_lint_spec.spl	0	OK	70	70	0	0
test/01_unit/compiler/lint/test_lint_fn_spec.spl	0	OK	2	2	0	0
test/01_unit/compiler/lint/stub_impl_spec.spl	0	OK	60	60	0	0
test/01_unit/compiler/lint/silent_default_reproducer_spec.spl	0	OK	6	6	0	0
test/01_unit/compiler/lint/use_resolution_w0407_severity_spec.spl	0	OK	5	5	0	0
test/01_unit/compiler/lint_ui_rules_spec.spl	0	OK	22	22	0	0
test/01_unit/compiler/loader/aspect_pack_declared_size_bound_defect_class_spec.spl	0	OK	6	6	0	0
test/01_unit/compiler/loader/aspect_pack_io_spec.spl	0	OK	6	6	0	0
test/01_unit/compiler/lint/wide_public_spec.spl	0	OK	14	14	0	0
test/01_unit/compiler/loader/bootstrap_ffi_spec.spl	0	OK	3	3	0	0
test/01_unit/compiler/loader/compiler_ffi_spec.spl	1	ERROR	3	1	2	0
test/01_unit/compiler/lint/unwrapped_foreign_resource_spec.spl	0	OK	22	22	0	0
test/01_unit/compiler/loader/compiler_sffi_no_shadow_types_spec.spl	0	OK	5	5	0	0
test/01_unit/compiler/loader/completeness_seal/completeness_seal_spec.spl	0	OK	11	11	0	0
test/01_unit/compiler/loader/jit_compilation_context_spec.spl	0	OK	4	4	0	0
test/01_unit/compiler/loader/generation_sweeper_spec.spl	0	OK	11	11	0	0
test/01_unit/compiler/loader/completeness_seal/loader_admission_spec.spl	0	OK	11	11	0	0
test/01_unit/compiler/loader/exec_memory_bulk_write_spec.spl	0	OK	4	4	0	0
test/01_unit/compiler/loader/jit_context_spec.spl	0	OK	28	28	0	0
test/01_unit/compiler/loader/jit_instantiator_spec.spl	1	ERROR	6	5	1	0
test/01_unit/compiler/loader/joinpoint_patchpoint_execution_spec.spl	0	OK	1	1	0	0
test/01_unit/compiler/loader/aspect_pack_smf_section_wiring_spec.spl	1	ERROR	7	0	7	0
test/01_unit/compiler/loader/joinpoint_patchpoint_spec.spl	0	OK	9	9	0	0
test/01_unit/compiler/loader/leak_check_spec.spl	0	OK	19	19	0	0
test/01_unit/compiler/loader/loader_shared_core_spec.spl	0	OK	6	6	0	0
test/01_unit/compiler/loader/metadata_symbols_spec.spl	1	ERROR	6	4	2	0
test/01_unit/compiler/loader/completeness_seal/source_manifest_spec.spl	0	OK	11	11	0	0
test/01_unit/compiler/loader/native_mmap_byte_read_spec.spl	1	ERROR	3	1	2	0
test/01_unit/compiler/loader/object_mapper_no_fabrication_spec.spl	1	ERROR	2	1	1	0
test/01_unit/compiler/loader/object_mapper_spec.spl	0	OK	6	6	0	0
test/01_unit/compiler/loader/reloc_apply_spec.spl	0	OK	11	11	0	0
test/01_unit/compiler/loader/resource_lifecycle_spec.spl	0	OK	16	16	0	0
test/01_unit/compiler/loader/runtime_surface_spec.spl	1	ERROR	3	2	1	0
test/01_unit/compiler/loader/segment_mapping_count_spec.spl	0	OK	6	6	0	0
test/01_unit/compiler/loader/module_loader_crash_fix_spec.spl	0	OK	3	3	0	0
test/01_unit/compiler/loader/module_loader_lazy_services_spec.spl	0	OK	6	6	0	0
test/01_unit/compiler/loader/segment_symbol_resolution_spec.spl	0	OK	8	8	0	0
test/01_unit/compiler/loader/module_loader_semantic_cache_spec.spl	0	OK	3	3	0	0
test/01_unit/compiler/loader/module_loader_relocation_spec.spl	1	ERROR	1	0	1	0
test/01_unit/compiler/loader/settlement_exports_contract_spec.spl	0	OK	11	11	0	0
test/01_unit/compiler/loader/module_loader_spec.spl	1	ERROR	22	19	3	0
test/01_unit/compiler/loader/smf_cache_offset_spec.spl	0	OK	3	3	0	0
test/01_unit/compiler/loader/smf_mmap_native_byte_text_spec.spl	0	OK	1	1	0	0
test/01_unit/compiler/macros/macro_integration_spec.spl	0	OK	1	1	0	0
test/01_unit/compiler/macros/macro_check_spec.spl	0	OK	6	6	0	0
test/01_unit/compiler/loader/use_lazy_spec.spl	0	OK	4	4	0	0
test/01_unit/compiler/mdsoc/aop_proceed_spec.spl	0	OK	4	4	0	0
test/01_unit/compiler/macros/template_kind_can_follow_spec.spl	0	OK	6	6	0	0
test/01_unit/compiler/mdsoc/config_multi_dim_spec.spl	0	OK	1	1	0	0
test/01_unit/compiler/mdsoc/construct_checker_spec.spl	0	OK	1	1	0	0
test/01_unit/compiler/mdsoc/config_spec.spl	0	OK	33	33	0	0
test/01_unit/compiler/mdsoc/cross_query_spec.spl	0	OK	1	1	0	0
test/01_unit/compiler/mdsoc/construct_types_spec.spl	0	OK	1	1	0	0
test/01_unit/compiler/mdsoc/doc_validation_spec.spl	0	OK	1	1	0	0
test/01_unit/compiler/mdsoc/feature_ports_spec.spl	0	OK	35	35	0	0
test/01_unit/compiler/mdsoc/layer_checker_spec.spl	1	ERROR	43	37	6	0
test/01_unit/compiler/mdsoc/layer_ci_spec.spl	0	OK	15	15	0	0
test/01_unit/compiler/mdsoc/layer_enforcement_spec.spl	0	OK	13	13	0	0
test/01_unit/compiler/loader/unload_ownership_spec.spl	0	OK	2	2	0	0
test/01_unit/compiler/mdsoc/transform_adapters_spec.spl	1	ERROR	67	35	32	0
test/01_unit/compiler/mdsoc/vc_static_spec.spl	0	OK	1	1	0	0
test/01_unit/compiler/mdsoc/vc_import_spec.spl	0	OK	1	1	0	0
test/01_unit/compiler/mdsoc/types_spec.spl	0	OK	90	90	0	0
test/01_unit/compiler/mdsoc/weaving_support_spec.spl	0	OK	3	3	0	0
test/01_unit/compiler/mir/aop_injection_spec.spl	0	OK	6	6	0	0
test/01_unit/compiler/mir/bitfield_mir_spec.spl	0	OK	6	6	0	0
test/01_unit/compiler/mir/bootstrap_len_fallback_source_spec.spl	1	ERROR	1	0	1	0
test/01_unit/compiler/mir/bootstrap_binary_lowering_source_spec.spl	1	ERROR	11	5	6	0
test/01_unit/compiler/mir/bootstrap_real_body_guard_source_spec.spl	1	ERROR	1	0	1	0
test/01_unit/compiler/mdsoc/pipeline_integration_spec.spl	0	ERROR	13	13	0	0
test/01_unit/compiler/mir/boxed_text_extern_abi_source_spec.spl	0	OK	1	1	0	0
test/01_unit/compiler/mir/builtin_is_empty_source_spec.spl	1	ERROR	1	0	1	0
test/01_unit/compiler/mir/bootstrap_signature_source_spec.spl	0	OK	2	2	0	0
test/01_unit/compiler/mir/chr_native_lowering_contract_spec.spl	0	OK	5	5	0	0
test/01_unit/compiler/mir/default_trait_is_empty_source_spec.spl	1	ERROR	1	0	1	0
test/01_unit/compiler/mir/dict_typed_method_lowering_source_spec.spl	1	ERROR	3	2	1	0
test/01_unit/compiler/mir/cross_module_field_layout_source_spec.spl	1	ERROR	2	1	1	0
test/01_unit/compiler/mir/collection_opt_spec.spl	0	OK	5	5	0	0
test/01_unit/compiler/mir/emit_call_nil_debug_spec.spl	0	OK	1	1	0	0
test/01_unit/compiler/mir/enum_match_after_force_unwrap_mir_spec.spl	0	OK	6	6	0	0
test/01_unit/compiler/mir/erased_dict_views_source_spec.spl	1	ERROR	1	0	1	0
test/01_unit/compiler/mir/folded_const_type_classification_spec.spl	1	ERROR	2	1	1	0
test/01_unit/compiler/mir/hir_param_native_regression_spec.spl	0	OK	1	1	0	0
test/01_unit/compiler/mir/hir_type_coverage/any_critical_profile_spec.spl	0	OK	3	3	0	0
test/01_unit/compiler/mir/hir_type_coverage/any_spec.spl	0	OK	1	1	0	0
test/01_unit/compiler/mir/hir_type_coverage/dyn_trait_spec.spl	0	OK	1	1	0	0
test/01_unit/compiler/mir/enum_bare_name_collision_dual_key_spec.spl	1	ERROR	16	15	1	0
test/01_unit/compiler/mir/hir_type_coverage/function_spec.spl	0	OK	1	1	0	0
test/01_unit/compiler/mir/hir_type_coverage/handled_variants_neighbour_spec.spl	0	OK	2	2	0	0
test/01_unit/compiler/mir/enum_bare_name_collision_loud_miss_spec.spl	0	OK	11	11	0	0
test/01_unit/compiler/mir/enum_variant_owner_inverse_index_spec.spl	0	OK	4	4	0	0
test/01_unit/compiler/mir/hir_type_coverage/isolated_spec.spl	0	OK	1	1	0	0
test/01_unit/compiler/mir/hir_type_coverage/layer_spec.spl	0	OK	1	1	0	0
test/01_unit/compiler/mir/force_unwrap_class_method_provenance_spec.spl	0	OK	2	2	0	0
test/01_unit/compiler/mir/gpu_target_metadata_spec.spl	1	ERROR	9	8	1	0
test/01_unit/compiler/mir/hir_type_coverage/projection_spec.spl	0	OK	1	1	0	0
test/01_unit/compiler/mir/hir_type_coverage/tensor_spec.spl	0	OK	1	1	0	0
test/01_unit/compiler/mir/hir_type_coverage/slice_spec.spl	0	OK	1	1	0	0
test/01_unit/compiler/mir/hir_type_coverage/type_param_spec.spl	0	OK	1	1	0	0
test/01_unit/compiler/mir/indexed_mutation_spec.spl	0	OK	6	6	0	0
test/01_unit/compiler/mir/inline_asm_bare_template_placeholder_spec.spl	1	ERROR	6	3	3	0
test/01_unit/compiler/mir/inline_asm_output_writeback_spec.spl	0	OK	5	5	0	0
test/01_unit/compiler/mir/enum_match_unknown_variant_diagnostic_spec.spl	0	OK	3	3	0	0
test/01_unit/compiler/mir/local_float_type_source_spec.spl	0	OK	1	1	0	0
test/01_unit/compiler/mir/method_receiver_local_selection_spec.spl	0	OK	2	2	0	0
test/01_unit/compiler/mir/mir_construct_matrix_spec.spl	1	ERROR	19	16	3	0
test/01_unit/compiler/mir/mir_data_spec.spl	0	OK	1	1	0	0
test/01_unit/compiler/mir/host_gpu_lane_queue_evidence_spec.spl	1	ERROR	2	0	2	0
test/01_unit/compiler/mir/host_gpu_lane_mir_marker_spec.spl	1	ERROR	1	0	1	0
test/01_unit/compiler/mir/mir_enum_access_spec.spl	0	OK	1	1	0	0
test/01_unit/compiler/mir/mir_coverage_opcode_admission_spec.spl	0	OK	12	12	0	0
test/01_unit/compiler/mir/mir_enum_variant_references_exist_spec.spl	0	OK	2	2	0	0
test/01_unit/compiler/mir/mir_json_signature_source_spec.spl	0	OK	2	2	0	0
test/01_unit/compiler/mir/logical_short_circuit_lowering_spec.spl	1	ERROR	6	0	6	0
test/01_unit/compiler/mir/mir_instruction_split_contract_spec.spl	1	ERROR	2	1	1	0
test/01_unit/compiler/mir/mir_lowering_new_spec.spl	1	ERROR	34	12	22	0
test/01_unit/compiler/mir/mir_lowering_no_stray_debug_marker_spec.spl	0	OK	4	4	0	0
test/01_unit/compiler/mir/local_mir_type_nilable_contract_spec.spl	0	OK	1	1	0	0
test/01_unit/compiler/mir/mir_opt_benchmark_spec.spl	0	OK	6	6	0	0
test/01_unit/compiler/mir/mir_opt_spec.spl	0	OK	1	1	0	0
test/01_unit/compiler/mir/mir_lowering_silent_fallback_spec.spl	0	OK	9	9	0	0
test/01_unit/compiler/mir/mir_owns_its_name_strings_spec.spl	0	OK	6	6	0	0
test/01_unit/compiler/mir/mir_serialization_spec.spl	0	OK	1	1	0	0
test/01_unit/compiler/mir/mir_target_context_spec.spl	0	OK	6	6	0	0
test/01_unit/compiler/mir/mir_target_context_wiring_source_spec.spl	0	OK	5	5	0	0
test/01_unit/compiler/mir/mir_exported_types_spec.spl	0	OK	3	3	0	0
test/01_unit/compiler/mir/mir_lowering_module_isolation_spec.spl	0	OK	4	4	0	0
test/01_unit/compiler/mir/mir_pattern_idiom_benchmark_spec.spl	0	OK	11	11	0	0
test/01_unit/compiler/mir/mir_terminator_variant_name_spec.spl	0	OK	2	2	0	0
test/01_unit/compiler/mir/mir_transfer_operations_spec.spl	0	OK	5	5	0	0
test/01_unit/compiler/mir/module_global_link_identity_source_spec.spl	0	OK	2	2	0	0
test/01_unit/compiler/mir/fn_typed_parameter_indirect_call_spec.spl	0	OK	8	8	0	0
test/01_unit/compiler/mir/mir_lowering_repair_contract_spec.spl	0	OK	2	2	0	0
test/01_unit/compiler/mir/nested_same_named_value_copy_spread_spec.spl	0	OK	3	3	0	0
test/01_unit/compiler/mir/null_coalesce_lowering_spec.spl	0	OK	2	2	0	0
test/01_unit/compiler/mir_opt/bounds_check_elim_spec.spl	0	OK	7	7	0	0
test/01_unit/compiler/mir_opt/cipher/cipher_intrinsics_spec.spl	1	ERROR	30	27	3	0
test/01_unit/compiler/mir_opt/auto_vectorize_spec.spl	0	OK	64	64	0	0
test/01_unit/compiler/mir_opt/cipher/cipher_parity_spec.spl	0	OK	12	12	0	0
test/01_unit/compiler/mir_opt/cipher/cipher_rewrite_integration_spec.spl	0	OK	27	27	0	0
test/01_unit/compiler/mir/mir_span_thread_spec.spl	0	OK	1	1	0	0
test/01_unit/compiler/mir_opt/cipher/opt_remark_spec.spl	0	OK	10	10	0	0
test/01_unit/compiler/mir_opt/cipher/pattern_dispatch_spec.spl	0	OK	22	22	0	0
test/01_unit/compiler/mir_opt/cipher/pattern_engine_spec.spl	0	OK	25	25	0	0
test/01_unit/compiler/mir_opt/clib_parity_hotspot_spec.spl	0	OK	70	70	0	0
test/01_unit/compiler/mir_opt/copy_propagation_spec.spl	0	OK	6	6	0	0
test/01_unit/compiler/mir/module_global_function_pointer_lowering_spec.spl	0	OK	3	3	0	0
test/01_unit/compiler/mir_opt/collection_opt_spec.spl	0	OK	31	31	0	0
test/01_unit/compiler/mir_opt/cipher/target_opt_context_spec.spl	0	OK	25	25	0	0
test/01_unit/compiler/mir/native_capturing_lambda_closure_conversion_spec.spl	1	ERROR	6	5	1	0
test/01_unit/compiler/mir_opt/constant_folding_spec.spl	0	OK	3	3	0	0
test/01_unit/compiler/mir_opt/dead_code_spec.spl	0	OK	4	4	0	0
test/01_unit/compiler/mir_opt/fs_optimization_spec.spl	0	OK	27	27	0	0
test/01_unit/compiler/mir/option_text_unwrap_pointer_spec.spl	0	OK	1	1	0	0
test/01_unit/compiler/mir_opt/loop_invariant_motion_spec.spl	0	OK	9	9	0	0
test/01_unit/compiler/mir/option_variant_order_source_spec.spl	0	OK	10	10	0	0
test/01_unit/compiler/mir_opt/optimization_pipeline_aggregate_transport_source_spec.spl	0	OK	1	1	0	0
test/01_unit/compiler/mir_opt/general_patterns_backend_recommendation_spec.spl	0	OK	22	22	0	0
test/01_unit/compiler/mir/optimizer_manifest_dynamic_routing_spec.spl	0	OK	9	9	0	0
test/01_unit/compiler/mir_opt/inlining_spec.spl	0	OK	22	22	0	0
test/01_unit/compiler/mir/optimizer_plugin_passkind_fail_closed_spec.spl	0	OK	7	7	0	0
test/01_unit/compiler/mir/optimizer_plugin_spec.spl	0	OK	56	56	0	0
test/01_unit/compiler/mir_opt/pattern_rule_spec.spl	0	OK	7	7	0	0
test/01_unit/compiler/mir_opt/storage_simd_admission_spec.spl	0	OK	5	5	0	0
test/01_unit/compiler/mir_opt/predicate_promote_spec.spl	0	OK	11	11	0	0
test/01_unit/compiler/mir_opt/optimizer_manifest_backend_policy_spec.spl	1	ERROR	7	6	1	0
test/01_unit/compiler/mir_opt/storage_simd_codegen_spec.spl	0	OK	6	6	0	0
test/01_unit/compiler/mir_opt/storage_layout_access_advisory_spec.spl	0	OK	5	5	0	0
test/01_unit/compiler/mir_opt/pass_descriptor_spec.spl	0	OK	10	10	0	0
test/01_unit/compiler/mir_opt/ssa_alloca_value_return_slotting_spec.spl	0	OK	6	6	0	0
test/01_unit/compiler/mir_opt/runtime_array_assignment_ssa_spec.spl	0	OK	7	7	0	0
test/01_unit/compiler/mir_opt/ssa_alloca_terminator_use_coverage_spec.spl	0	OK	7	7	0	0
test/01_unit/compiler/mir_opt/storage_simd_schedule_spec.spl	0	OK	6	6	0	0
test/01_unit/compiler/mir_opt/strength_reduction_spec.spl	0	OK	14	14	0	0
test/01_unit/compiler/mir_opt/typed_storage_view_declaration_spec.spl	0	OK	4	4	0	0
test/01_unit/compiler/mir/storage_access_analysis_spec.spl	0	OK	6	6	0	0
test/01_unit/compiler/mir_opt/typed_byte_canon_spec.spl	0	OK	10	10	0	0
test/01_unit/compiler/mir_opt/target_family_package_surface_spec.spl	0	OK	3	3	0	0
test/01_unit/compiler/mir_opt/var_reassign_analysis_spec.spl	0	OK	20	20	0	0
test/01_unit/compiler/mir/struct_text_field_interpolation_source_spec.spl	1	ERROR	2	1	1	0
test/01_unit/compiler/mir/synthetic_driver_registration_spec.spl	1	ERROR	6	4	2	0
test/01_unit/compiler/mir/text_bool_result_type_source_spec.spl	1	ERROR	3	2	1	0
test/01_unit/compiler/mir/text_bytes_declared_owner_source_spec.spl	0	OK	2	2	0	0
test/01_unit/compiler/mir/text_for_iteration_lowering_source_spec.spl	1	ERROR	4	3	1	0
test/01_unit/compiler/mir/result_unwrap_struct_provenance_spec.spl	1	ERROR	3	0	3	0
test/01_unit/compiler/mir/text_method_erased_receiver_parity_spec.spl	0	OK	6	6	0	0
test/01_unit/compiler/mir/typed_storage_allocation_owner_spec.spl	0	OK	1	1	0	0
test/01_unit/compiler/mir/unresolved_method_fatal_guard_source_spec.spl	1	ERROR	1	0	1	0
test/01_unit/compiler/mir/verification_contract_spec.spl	0	OK	10	10	0	0
test/01_unit/compiler/mir/struct_field_order_module_qualified_spec.spl	1	ERROR	4	3	1	0
test/01_unit/compiler/mir/verification_call_identity_spec.spl	1	ERROR	3	2	1	0
test/01_unit/compiler/mir/verification_ir_spec.spl	0	OK	12	12	0	0
test/01_unit/compiler/mir/text_builtin_rfind_lowering_spec.spl	1	ERROR	6	0	6	0
test/01_unit/compiler/mir/verification_obligation_module_spec.spl	1	ERROR	4	0	4	0
test/01_unit/compiler/mir/verification_obligation_closure_spec.spl	0	OK	10	10	0	0
test/01_unit/compiler/module_global_stale_shadow_class_spec.spl	0	OK	8	8	0	0
test/01_unit/compiler/mir/verification_region_effects_spec.spl	1	ERROR	9	8	1	0
test/01_unit/compiler/mission_critical/compiler_admission_spec.spl	0	OK	10	10	0	0
test/01_unit/compiler/module_resolution/dotted_package_dir_convention_prevention_spec.spl	0	OK	3	3	0	0
test/01_unit/compiler/module_resolver/allowed_families_spec.spl	0	OK	3	3	0	0
test/01_unit/compiler/module_resolution/dotted_package_dir_resolution_spec.spl	0	OK	2	2	0	0
test/01_unit/compiler/mir_opt/typed_storage_view_producer_spec.spl	0	OK	5	5	0	0
test/01_unit/compiler/module_resolver/group_import_self_named_module_spec.spl	1	ERROR	2	1	1	0
test/01_unit/compiler/module_resolver/group_import_shadowing_generalization_spec.spl	1	ERROR	3	2	1	0
test/01_unit/compiler/module_resolver/numbered_dir_spec.spl	0	OK	8	8	0	0
test/01_unit/compiler/module_resolver/root_lib_shadow_ambiguity_spec.spl	0	OK	3	3	0	0
test/01_unit/compiler/module_resolver/tier_ambiguity_warning_spec.spl	0	OK	5	5	0	0
test/01_unit/compiler/module_resolver/tierless_std_import_order_spec.spl	0	OK	12	12	0	0
test/01_unit/compiler/module_resolver/type_domain_resolver_spec.spl	1	ERROR	4	3	1	0
test/01_unit/compiler/module_resolver/var_resolution_spec.spl	0	OK	25	25	0	0
test/01_unit/compiler/mono/generic_template_spec.spl	0	OK	6	6	0	0
test/01_unit/compiler/mono/mono_cache_efficiency_spec.spl	0	OK	1	1	0	0
test/01_unit/compiler/mono/mono_key_spec.spl	0	OK	11	11	0	0
test/01_unit/compiler/module_resolver/import_shadow_source_coverage_spec.spl	0	OK	7	7	0	0
test/01_unit/compiler/mono/free_generic_fn_two_module_native_spec.spl	0	OK	4	4	0	0
test/01_unit/compiler/mono/monomorphization_native_build_regression_spec.spl	0	OK	2	2	0	0
test/01_unit/compiler/mono/monomorphize/deferred_deserialize_byte_text_spec.spl	0	OK	3	3	0	0
test/01_unit/compiler/mono/monomorphize_integration_spec.spl	0	OK	18	18	0	0
test/01_unit/compiler/mono/generic_class_impl_template_lowering_spec.spl	0	OK	5	5	0	0
test/01_unit/compiler/mono/hir_monomorphization_body_subst_spec.spl	0	OK	3	3	0	0
test/01_unit/compiler/mono/hir_monomorphization_rewrite_spec.spl	0	OK	3	3	0	0
test/01_unit/compiler/mono/hir_subst_body_spec.spl	0	OK	8	8	0	0
test/01_unit/compiler/mono/monomorphize_spec.spl	0	OK	1	1	0	0
test/01_unit/compiler/mono/note_sdn_bdd_spec.spl	0	OK	1	1	0	0
test/01_unit/compiler/mono/note_sdn_spec.spl	0	OK	1	1	0	0
test/01_unit/compiler/multiline_or_pattern_case_arm_spec.spl	0	OK	6	6	0	0
test/01_unit/compiler/naked_struct_pattern_match_arm_spec.spl	0	OK	6	6	0	0
test/01_unit/compiler/native/arm_neon_spec.spl	0	OK	1	1	0	0
test/01_unit/compiler/mono/mold_pure_spec.spl	0	OK	21	21	0	0
test/01_unit/compiler/native/asm_match_spec.spl	0	OK	6	6	0	0
test/01_unit/compiler/native/auto_vectorize_spec.spl	0	OK	1	1	0	0
test/01_unit/compiler/native/baremetal_syntax_spec.spl	0	OK	6	6	0	0
test/01_unit/compiler/mono/mono_template_pruning_spec.spl	0	OK	4	4	0	0
test/01_unit/compiler/native/bitfield_codegen_spec.spl	0	OK	2	2	0	0
test/01_unit/compiler/mono/mono_source_inference_fixed_point_spec.spl	0	OK	5	5	0	0
test/01_unit/compiler/mono/mono_pattern_bound_type_arg_inference_spec.spl	0	OK	3	3	0	0
test/01_unit/compiler/mono/verify/post_mono_verify_spec.spl	1	ERROR	9	8	1	0
test/01_unit/compiler/native/callconv_bridge_spec.spl	0	OK	21	21	0	0
test/01_unit/compiler/native/dict_get_struct_value_spec.spl	0	OK	6	6	0	0
test/01_unit/compiler/native/cli_interpreter_path_spec.spl	0	OK	1	1	0	0
test/01_unit/compiler/native_enum_u8_regression_spec.spl	0	OK	1	1	0	0
test/01_unit/compiler/native/inline_asm_constraints_spec.spl	0	OK	6	6	0	0
test/01_unit/compiler/native/inline_asm_spec.spl	0	OK	6	6	0	0
test/01_unit/compiler/native/inline_asm_matrix_spec.spl	0	OK	6	6	0	0
test/01_unit/compiler/native/native_compile_spec.spl	0	OK	1	1	0	0
test/01_unit/compiler/native/build_native_min_spec.spl	1	ERROR	0	0	0	0
test/01_unit/compiler/native/inline_asm_core_parser_spec.spl	1	ERROR	10	9	1	0
test/01_unit/compiler/native/native_interpreter_owner_resolution_parity_spec.spl	0	OK	6	6	0	0
test/01_unit/compiler/native/native_static_method_owner_resolution_spec.spl	0	OK	6	6	0	0
test/01_unit/compiler/native/simd_capabilities_spec.spl	0	OK	14	14	0	0
test/01_unit/compiler/native/simd_check_spec.spl	0	OK	6	6	0	0
test/01_unit/compiler/native/struct_dict_field_map_copy_spec.spl	0	OK	2	2	0	0
test/01_unit/compiler/native/x86_simd_register_contract_spec.spl	0	OK	7	7	0	0
test/01_unit/compiler/newtype_ops_spec.spl	0	OK	24	24	0	0
test/01_unit/compiler/native/x86_64_simd_spec.spl	0	OK	38	38	0	0
test/01_unit/compiler/packed_struct_e2e_spec.spl	0	OK	2	2	0	0
test/01_unit/compiler/packed_struct_bitfield_spec.spl	0	OK	4	4	0	0
test/01_unit/compiler/or_pattern_mixed_arity_binding_spec.spl	0	OK	6	6	0	0
test/01_unit/compiler/paren_less_length_accessor_guard_spec.spl	0	OK	8	8	0	0
test/01_unit/compiler/parser_admit_assume_contextual_keyword_spec.spl	0	OK	4	4	0	0
test/01_unit/compiler/parser/alloc_attr_spec.spl	0	OK	10	10	0	0
test/01_unit/compiler/parser/atom_spec.spl	0	OK	5	5	0	0
test/01_unit/compiler/parser/associated_types_spec.spl	0	OK	5	5	0	0
test/01_unit/compiler/parser/ast_debug_spec.spl	0	OK	1	1	0	0
test/01_unit/compiler/parser/bitfield_pure_simple_spec.spl	0	OK	4	4	0	0
test/01_unit/compiler/parser/asm_volatile_indented_block_spec.spl	1	ERROR	4	2	2	0
test/01_unit/compiler/parser/ce_block_spec.spl	0	OK	12	12	0	0
test/01_unit/compiler/parser/ce_syntax_spec.spl	0	OK	9	9	0	0
test/01_unit/compiler/parser/cli_spec.spl	0	OK	6	6	0	0
test/01_unit/compiler/parser/cast_less_than_spec.spl	0	OK	2	2	0	0
test/01_unit/compiler/parser/common_mistake_function_identifier_spec.spl	1	ERROR	3	1	2	0
test/01_unit/compiler/parser/bare_assert_desugars_to_raising_builtin_spec.spl	0	OK	3	3	0	0
test/01_unit/compiler/parser/comparison_chain_then_paren_group_spec.spl	0	OK	6	6	0	0
test/01_unit/compiler/parser/comparison_then_bracket_index_class_spec.spl	0	OK	5	5	0	0
test/01_unit/compiler/parser/comptime_spec.spl	0	OK	6	6	0	0
test/01_unit/compiler/parser_contextual_keyword_named_arg_spec.spl	0	OK	6	6	0	0
test/01_unit/compiler/parser/const_spec.spl	0	OK	2	2	0	0
test/01_unit/compiler/parser/decl_prefix_keyword_as_identifier_spec.spl	0	OK	6	6	0	0
test/01_unit/compiler/parser/defer_spec.spl	0	OK	1	1	0	0
test/01_unit/compiler/parser/default_trait_method_spec.spl	0	OK	6	6	0	0
test/01_unit/compiler/parser/derive_spec.spl	0	OK	3	3	0	0
test/01_unit/compiler/parser_describe_fn_literal_spec.spl	0	OK	2	2	0	0
test/01_unit/compiler/parser/dangerous_comment_grammar_spec.spl	0	OK	5	5	0	0
test/01_unit/compiler/parser/desugaring_spec.spl	0	OK	23	23	0	0
test/01_unit/compiler/parser/do_block_spec.spl	0	OK	1	1	0	0
test/01_unit/compiler/parser/dedent_continuation_spec.spl	1	ERROR	13	12	1	0
test/01_unit/compiler/parser_dot_number_boundary_class_spec.spl	0	OK	4	4	0	0
test/01_unit/compiler/parser/dyn_trait_spec.spl	0	OK	1	1	0	0
test/01_unit/compiler/parser/error_recovery_intensive_spec.spl	0	OK	2	2	0	0
test/01_unit/compiler/parser/error_recovery_simple_spec.spl	0	OK	2	2	0	0
test/01_unit/compiler/parser/extend_spec.spl	0	OK	4	4	0	0
test/01_unit/compiler/parser/errdefer_spec.spl	0	OK	2	2	0	0
test/01_unit/compiler/parser_gap_array_repeat_mut_param_spec.spl	0	OK	8	8	0	0
test/01_unit/compiler/parser/expression_primary_parity_spec.spl	1	ERROR	12	11	1	0
test/01_unit/compiler/parser/grammar_compile_spec.spl	0	OK	1	1	0	0
test/01_unit/compiler/parser/flat_ast_pub_decl_spec.spl	0	OK	6	6	0	0
test/01_unit/compiler/parser/grammar_python_spec.spl	0	OK	6	6	0	0
test/01_unit/compiler/parser/grammar_rust_spec.spl	0	OK	6	6	0	0
test/01_unit/compiler/parser/grammar_simple_spec.spl	0	OK	6	6	0	0
test/01_unit/compiler/parser/grammar_test_spec.spl	0	OK	6	6	0	0
test/01_unit/compiler/parser/guard_clause_spec.spl	0	OK	4	4	0	0
test/01_unit/compiler/parser/generic_dict_struct_adjacency_spec.spl	0	OK	3	3	0	0
test/01_unit/compiler/parser_inline_match_in_argument_list_spec.spl	0	OK	6	6	0	0
test/01_unit/compiler/parser/keyword_only_params_spec.spl	0	OK	5	5	0	0
test/01_unit/compiler/parser/labeled_break_spec.spl	0	OK	5	5	0	0
test/01_unit/compiler/parser/language_detect_spec.spl	0	OK	6	6	0	0
test/01_unit/compiler/parser/lazy_val_spec.spl	0	OK	5	5	0	0
test/01_unit/compiler/parser/impl_method_mut_param_spec.spl	0	OK	1	1	0	0
test/01_unit/compiler/parser_leading_operator_continuation_spec.spl	0	OK	6	6	0	0
test/01_unit/compiler/parser_line_continuation_assign_elif_spec.spl	0	OK	6	6	0	0
test/01_unit/compiler/parser/lexer_contextual_keywords_spec.spl	0	OK	1	1	0	0
test/01_unit/compiler/parser/large_collection_literal_spec.spl	0	OK	2	2	0	0
test/01_unit/compiler/parser/lt_then_bracket_index_repro_spec.spl	0	OK	2	2	0	0
test/01_unit/compiler/parser_literal_soft_keyword_spec.spl	0	OK	3	3	0	0
test/01_unit/compiler/parser/match_empty_array_bug_spec.spl	0	OK	2	2	0	0
test/01_unit/compiler/parser/module_alias_spec.spl	0	OK	5	5	0	0
test/01_unit/compiler/parser_move_contextual_keyword_spec.spl	0	OK	4	4	0	0
test/01_unit/compiler/parser/multiline_bool_parens_spec.spl	0	OK	6	6	0	0
test/01_unit/compiler/parser/multiline_bool_spec.spl	0	OK	18	18	0	0
test/01_unit/compiler/parser/new_alloc_spec.spl	0	OK	9	9	0	0
test/01_unit/compiler/parser/newtype_spec.spl	0	OK	5	5	0	0
test/01_unit/compiler/parser_nonempty_if_assignment_spec.spl	0	OK	2	2	0	0
test/01_unit/compiler/parser/optimize_spec.spl	0	OK	6	6	0	0
test/01_unit/compiler/parser/or_pattern_spec.spl	0	OK	7	7	0	0
test/01_unit/compiler/parser_out_param_statement_leading_call_spec.spl	0	OK	3	3	0	0
test/01_unit/compiler/parser/paren_call_block_spec.spl	0	OK	3	3	0	0
test/01_unit/compiler/parser/parse_error_spec.spl	0	OK	1	1	0	0
test/01_unit/compiler/parser/no_statement_form_discards_its_condition_class_spec.spl	0	OK	2	2	0	0
test/01_unit/compiler/parser/parse_formats_spec.spl	0	OK	1	1	0	0
test/01_unit/compiler/parser/parser_actor_spec.spl	0	OK	16	16	0	0
test/01_unit/compiler/parser/parser_factory_spec.spl	0	OK	1	1	0	0
test/01_unit/compiler/parser/parser_new_spec.spl	0	OK	1	1	0	0
test/01_unit/compiler/parser/parser_anonymous_fn_block_call_arg_spec.spl	0	OK	6	6	0	0
test/01_unit/compiler/parser/parser_outline_spec.spl	0	OK	1	1	0	0
test/01_unit/compiler/parser/parser_step_spec.spl	0	OK	1	1	0	0
test/01_unit/compiler/parser/parser_attribute_spec.spl	0	OK	19	19	0	0
test/01_unit/compiler/parser/parser_declaration_header_parity_spec.spl	0	OK	7	7	0	0
test/01_unit/compiler/parser/parser_await_spawn_spec.spl	0	OK	3	3	0	0
test/01_unit/compiler/parser/parser_category_c_spec.spl	1	ERROR	11	8	3	0
test/01_unit/compiler/parser/pattern_binding_spec.spl	0	OK	5	5	0	0
test/01_unit/compiler/parser/pub_enum_with_attribute_spec.spl	0	OK	3	3	0	0
test/01_unit/compiler/parser/print_log_policy_spec.spl	1	ERROR	2	1	1	0
test/01_unit/compiler/parser/parser_source_path_desync_spec.spl	0	OK	2	2	0	0
test/01_unit/compiler/parser/refutable_val_else_spec.spl	0	OK	2	2	0	0
test/01_unit/compiler/parser/receive_spec.spl	0	OK	11	11	0	0
test/01_unit/compiler/parser/struct_update_spec.spl	0	OK	1	1	0	0
test/01_unit/compiler/parser/test_debug_block_spec.spl	0	OK	13	13	0	0
test/01_unit/compiler/parser/pub_mod_visibility_spec.spl	0	OK	1	1	0	0
test/01_unit/compiler/parser_trailing_operator_continuation_spec.spl	0	OK	6	6	0	0
test/01_unit/compiler/parser/trait_with_argumented_attribute_spec.spl	0	OK	1	1	0	0
test/01_unit/compiler/parser/return_multiline_literal_spec.spl	0	OK	9	9	0	0
test/01_unit/compiler/parser/treesitter_error_recovery_spec.spl	1	ERROR	4	0	4	0
test/01_unit/compiler/parser/rv64_boot_call_parser_spec.spl	0	OK	2	2	0	0
test/01_unit/compiler/parser/treesitter_lexer_real_spec.spl	0	OK	2	2	0	0
test/01_unit/compiler/parser/treesitter_highlights_spec.spl	1	ERROR	5	0	5	0
test/01_unit/compiler/parser/treesitter_incremental_spec.spl	1	ERROR	4	0	4	0
test/01_unit/compiler/parser/treesitter_parser_real_spec.spl	0	OK	2	2	0	0
test/01_unit/compiler/parser/treesitter_lexer_spec.spl	0	OK	6	6	0	0
test/01_unit/compiler/parser/treesitter_parser_spec.spl	0	OK	6	6	0	0
test/01_unit/compiler/parser/treesitter_query_spec.spl	0	OK	6	6	0	0
test/01_unit/compiler/parser/treesitter_spec.spl	1	ERROR	11	0	11	0
test/01_unit/compiler/parser/treesitter_tokenkind_real_spec.spl	0	OK	2	2	0	0
test/01_unit/compiler/parser/treesitter_tree_real_spec.spl	0	OK	2	2	0	0
test/01_unit/compiler/parser_true_false_prefixed_call_arg_spec.spl	0	OK	6	6	0	0
test/01_unit/compiler/parser_tuple_index_nested_spec.spl	0	OK	3	3	0	0
test/01_unit/compiler/parser/treesitter_visibility_spec.spl	1	ERROR	2	0	2	0
test/01_unit/compiler/parser/unsafe_union_spec.spl	0	OK	5	5	0	0
test/01_unit/compiler/parser/union_type_spec.spl	0	OK	5	5	0	0
test/01_unit/compiler/parser/type_domain_import_spec.spl	0	OK	4	4	0	0
test/01_unit/compiler/pipeline/cross_module_symbol_collision_spec.spl	1	ERROR	2	0	2	0
test/01_unit/compiler/platform_layout_attr_spec.spl	0	OK	6	6	0	0
test/01_unit/compiler/parser/type_grammar_parity_spec.spl	0	OK	10	10	0	0
test/01_unit/compiler/r1_class_in_it_spec.spl	0	OK	2	2	0	0
test/01_unit/compiler/qualified_result_option_no_import_spec.spl	0	OK	6	6	0	0
test/01_unit/compiler/parser/where_clause_spec.spl	1	ERROR	8	7	1	0
test/01_unit/compiler/r2_lang_probe_spec.spl	0	OK	6	6	0	0
test/01_unit/compiler/r2_matchers_compile_spec.spl	0	OK	2	2	0	0
test/01_unit/compiler/portable_numeric_capabilities_spec.spl	1	ERROR	9	5	4	0
test/01_unit/compiler/r2_matchers_red_probe_spec.spl	1	ERROR	2	0	2	0
test/01_unit/compiler/r2_pending_helper_spec.spl	0	OK	6	6	0	0
test/01_unit/compiler/portable_numeric_plan_threading_spec.spl	1	ERROR	2	0	2	0
test/01_unit/compiler/r2_probe_fail_spec.spl	0	OK	6	6	0	0
test/01_unit/compiler/regression/entry_closure_defect_semantics_spec.spl	0	OK	13	13	0	0
test/01_unit/compiler/regression/struct_init_omitted_field_nil_fill_spec.spl	1	ERROR	7	4	3	0
test/01_unit/compiler/regression/short_circuit_semantics_spec.spl	0	OK	7	7	0	0
test/01_unit/compiler/regression/try_operator_preservation_spec.spl	0	OK	4	4	0	0
test/01_unit/compiler/reserved_keyword_param_spec.spl	0	OK	2	2	0	0
test/01_unit/compiler/resource/resource_family_inference_spec.spl	0	OK	17	17	0	0
test/01_unit/compiler/resource/resource_borrow_pinning_spec.spl	0	OK	1	1	0	0
test/01_unit/compiler/resource/resource_drop_exactly_once_spec.spl	0	OK	6	6	0	0
test/01_unit/compiler/resource/resource_decl_spec.spl	0	OK	18	18	0	0
test/01_unit/compiler/resource/resource_sffi_pilot_spec.spl	1	NOVERDICT	0	0	1	0
test/01_unit/compiler/resource/resource_hir_metadata_spec.spl	0	OK	8	8	0	0
test/01_unit/compiler/resource/resource_ownership_sigil_spec.spl	0	OK	6	6	0	0
test/01_unit/compiler/resource/resource_wrapper_gen_spec.spl	0	OK	7	7	0	0
test/01_unit/compiler/resource/resource_with_scoped_spec.spl	0	OK	5	5	0	0
test/01_unit/compiler/return_terminates_spec.spl	0	OK	6	6	0	0
test/01_unit/compiler/runtime/hosted_extern_mode_agreement_class_spec.spl	1	ERROR	1	0	1	0
test/01_unit/compiler/runtime/simd_f32_field_accepts_float32_spec.spl	0	OK	2	2	0	0
test/01_unit/compiler/scalar_metadata_copy_spec.spl	1	ERROR	1	0	1	0
test/01_unit/compiler/resource/resource_mir_drop_spec.spl	0	OK	5	5	0	0
test/01_unit/compiler/schema_contract_spec.spl	0	OK	5	5	0	0
test/01_unit/compiler/resource/resource_interp_drop_spec.spl	0	OK	3	3	0	0
test/01_unit/compiler/schema/generated_visitor_coverage_spec.spl	1	ERROR	11	9	2	0
test/01_unit/compiler/resource/resource_shared_mut_method_spec.spl	0	OK	3	3	0	0
test/01_unit/compiler/scalable_vec_mir_scaffolding_spec.spl	1	ERROR	3	1	2	0
test/01_unit/compiler/semantics/alloc_checker_spec.spl	1	ERROR	28	27	1	0
test/01_unit/compiler/resource/resource_with_scoped_mir_drop_spec.spl	1	ERROR	4	0	4	0
test/01_unit/compiler/resource/resource_use_after_move_spec.spl	0	OK	3	3	0	0
test/01_unit/compiler/semantics/alloc_inference_spec.spl	0	OK	1	1	0	0
test/01_unit/compiler/semantics/any_escape/absent_declared_types_spec.spl	0	OK	6	6	0	0
test/01_unit/compiler/semantics/arch_rules_syntax_spec.spl	0	OK	1	1	0	0
test/01_unit/compiler/semantics/auto_defer_spec.spl	0	OK	21	21	0	0
test/01_unit/compiler/semantics/aspect_seal/aspect_seal_spec.spl	0	OK	19	19	0	0
test/01_unit/compiler/semantics/borrow_check_conflict_spec.spl	0	OK	21	21	0	0
test/01_unit/compiler/semantics/borrow_check_spec.spl	0	OK	1	1	0	0
test/01_unit/compiler/semantics/call_graph_spec.spl	0	OK	1	1	0	0
test/01_unit/compiler/semantics/cast_rules_truncation_spec.spl	0	OK	4	4	0	0
test/01_unit/compiler/semantics/any_escape/unsafe_block_capabilities_spec.spl	0	OK	6	6	0	0
test/01_unit/compiler/semantics/closure_capture_warning_spec.spl	0	OK	1	1	0	0
test/01_unit/compiler/semantics/comptime_checker_spec.spl	0	OK	37	37	0	0
test/01_unit/compiler/semantics/comptime_spec.spl	0	OK	1	1	0	0
test/01_unit/compiler/semantics/any_escape/any_escape_spec.spl	0	OK	9	9	0	0
test/01_unit/compiler/semantics/conditional_compilation_spec.spl	0	OK	5	5	0	0
test/01_unit/compiler/semantics/const_eval_spec.spl	0	OK	2	2	0	0
test/01_unit/compiler/semantics/collection_patterns_lint_spec.spl	0	OK	14	14	0	0
test/01_unit/compiler/semantics/aspect_join_point_spec.spl	0	OK	11	11	0	0
test/01_unit/compiler/semantics/const_keys_spec.spl	0	OK	6	6	0	0
test/01_unit/compiler/semantics/effect_verifier_spec.spl	0	OK	16	16	0	0
test/01_unit/compiler/semantics/effect_inference_spec.spl	0	OK	1	1	0	0
test/01_unit/compiler/semantic/self_field_method_resolution_spec.spl	0	OK	3	3	0	0
test/01_unit/compiler/semantics/enum_contract/closed_contract_spec.spl	0	OK	14	14	0	0
test/01_unit/compiler/semantics/enum_contract/closed_discriminant_roundtrip_spec.spl	0	OK	10	10	0	0
test/01_unit/compiler/semantics/exhaustiveness_spec.spl	0	OK	5	5	0	0
test/01_unit/compiler/semantics/enum_contract/evolving_contract_spec.spl	0	OK	18	18	0	0
test/01_unit/compiler/semantics/forbidden_io_checker_spec.spl	0	OK	13	13	0	0
test/01_unit/compiler/semantics/gc_boundary_check_spec.spl	0	OK	17	17	0	0
test/01_unit/compiler/semantics/gc_boundary_enforcement_spec.spl	0	OK	30	30	0	0
test/01_unit/compiler/semantics/gc_roots_barriers_spec.spl	0	OK	39	39	0	0
test/01_unit/compiler/semantics/effect_attribute_end_to_end_spec.spl	0	OK	10	10	0	0
test/01_unit/compiler/semantics/gc_safety_spec.spl	0	OK	35	35	0	0
test/01_unit/compiler/semantics/gpu_target_contract_spec.spl	0	OK	6	6	0	0
test/01_unit/compiler/semantics/gc_strategy_naming_spec.spl	0	OK	2	2	0	0
test/01_unit/compiler/semantics/layer_call_direction_checker_spec.spl	0	OK	8	8	0	0
test/01_unit/compiler/semantics/layer_call_wiring_spec.spl	0	OK	9	9	0	0
test/01_unit/compiler/semantics/aspect_weave_spec.spl	0	OK	5	5	0	0
test/01_unit/compiler/semantics/layer_dag_checker_spec.spl	0	OK	6	6	0	0
test/01_unit/compiler/semantics/flat_imported_method_resolution_spec.spl	1	ERROR	1	0	1	0
test/01_unit/compiler/semantics/enum_contract_hir_wiring_spec.spl	0	OK	10	10	0	0
test/01_unit/compiler/semantics/layer_eq_checker_spec.spl	0	OK	19	19	0	0
test/01_unit/compiler/semantics/layer_eq_checker_real_layout_spec.spl	0	OK	6	6	0	0
test/01_unit/compiler/semantics/lint/closure_capture_spec.spl	0	OK	6	6	0	0
test/01_unit/compiler/semantics/lint/concurrency_share_nothing_spec.spl	0	OK	9	9	0	0
test/01_unit/compiler/semantics/iterator_invalidation_spec.spl	0	OK	5	5	0	0
test/01_unit/compiler/semantics/lint/concurrency_api_misuse_lint_spec.spl	0	OK	44	44	0	0
test/01_unit/compiler/semantics/lint/agent_signing_spec.spl	0	OK	21	21	0	0
test/01_unit/compiler/semantics/lint/deprecated_spec.spl	0	OK	6	6	0	0
test/01_unit/compiler/semantics/lint/ignored_return_spec.spl	0	OK	6	6	0	0
test/01_unit/compiler/semantics/lint/lint_cache_spec.spl	0	OK	20	20	0	0
test/01_unit/compiler/semantics/lint/lint_text_spec.spl	0	OK	9	9	0	0
test/01_unit/compiler/semantics/lint/match_exhaustiveness_spec.spl	0	OK	4	4	0	0
test/01_unit/compiler/semantics/layer_eq_attribute_end_to_end_spec.spl	0	OK	7	7	0	0
test/01_unit/compiler/semantics/lint/multiline_bool_spec.spl	0	OK	6	6	0	0
test/01_unit/compiler/semantics/lint/safety_visibility_spec.spl	0	OK	5	5	0	0
test/01_unit/compiler/semantics/lint/unused_vars_spec.spl	0	OK	6	6	0	0
test/01_unit/compiler/semantics/match_coverage_critical_spec.spl	0	OK	11	11	0	0
test/01_unit/compiler/semantics/lint/required_comment_lint_spec.spl	0	OK	28	28	0	0
test/01_unit/compiler/semantics/lint/unreachable_code_spec.spl	0	OK	7	7	0	0
test/01_unit/compiler/semantics/noalloc_alloc_class_spec.spl	0	OK	9	9	0	0
test/01_unit/compiler/semantics/noalloc_checker_spec.spl	0	OK	43	43	0	0
test/01_unit/compiler/semantics/noalloc_family_manifest_regression_spec.spl	0	OK	4	4	0	0
test/01_unit/compiler/semantics/safety_checker_spec.spl	0	OK	1	1	0	0
test/01_unit/compiler/semantics/resolve_spec.spl	0	OK	1	1	0	0
test/01_unit/compiler/semantics/narrowing_spec.spl	0	OK	31	31	0	0
test/01_unit/compiler/semantics/semantic_alias_registry_spec.spl	0	OK	10	10	0	0
test/01_unit/compiler/semantics/preprocessor_when_cfg_spec.spl	1	ERROR	19	18	1	0
test/01_unit/compiler/semantics/sffi_driver_shim_spec.spl	0	OK	3	3	0	0
test/01_unit/compiler/semantics/simd_check_int_float_compat_spec.spl	0	OK	2	2	0	0
test/01_unit/compiler/semantics/sffi_lint_spec.spl	0	OK	23	23	0	0
test/01_unit/compiler/semantics/param_mutability_semantic_spec.spl	0	OK	4	4	0	0
test/01_unit/compiler/semantics/symbol_id_spec.spl	0	OK	18	18	0	0
test/01_unit/compiler/semantics/nested_method_resolution_transport_spec.spl	1	ERROR	1	0	1	0
test/01_unit/compiler/semantics/tailrec_spec.spl	0	OK	4	4	0	0
test/01_unit/compiler/semantics/transfer_share_semantic_spec.spl	0	OK	8	8	0	0
test/01_unit/compiler/semantics/uncovered_branches_spec.spl	0	OK	29	29	0	0
test/01_unit/compiler/semantics/safety_checker_unsafe_boundary_spec.spl	0	OK	7	7	0	0
test/01_unit/compiler/semantics/value_struct_layout_spec.spl	0	OK	12	12	0	0
test/01_unit/compiler/semantics/zero_forward_path_gate_spec.spl	0	OK	29	29	0	0
test/01_unit/compiler/semantics/resolve_nil_guard_spec.spl	1	ERROR	11	6	5	0
test/01_unit/compiler/semantic/typed_empty_array_constructor_general_spec.spl	0	OK	6	6	0	0
test/01_unit/compiler/semantic/typed_empty_array_constructor_spec.spl	0	OK	3	3	0	0
test/01_unit/compiler/sequential_if_return_spec.spl	0	OK	8	8	0	0
test/01_unit/compiler/sffi_byte_array_return_class_spec.spl	0	OK	4	4	0	0
test/01_unit/compiler/sffi_byte_array_return_not_option_spec.spl	0	OK	4	4	0	0
test/01_unit/compiler/sffi_gen/io_env_text_abi_spec.spl	0	OK	1	1	0	0
test/01_unit/compiler_shared/diagnostics/diagnostic_spec.spl	0	OK	2	2	0	0
test/01_unit/compiler_shared/diagnostics/severity_spec.spl	0	OK	2	2	0	0
test/01_unit/compiler_shared/diagnostics/diagnostic_v1_spec.spl	0	OK	3	3	0	0
test/01_unit/compiler_shared/diagnostics/label_spec.spl	0	OK	2	2	0	0
test/01_unit/compiler/semantics/union_narrowing_spec.spl	0	OK	10	10	0	0
test/01_unit/compiler_shared/diagnostics/span_spec.spl	0	OK	2	2	0	0
test/01_unit/compiler/shb/shb_extractor_spec.spl	0	OK	21	21	0	0
test/01_unit/compiler/shb/shb_cache_spec.spl	0	OK	26	26	0	0
test/01_unit/compiler/shb/shb_import_test_spec.spl	0	OK	6	6	0	0
test/01_unit/compiler/shb/shb_roundtrip_spec.spl	0	OK	26	26	0	0
test/01_unit/compiler/shr_signedness_param_callret_spec.spl	0	OK	4	4	0	0
test/01_unit/compiler/simd_auto_apply_spec.spl	0	OK	6	6	0	0
test/01_unit/compiler/simpleos_host_link_plan_spec.spl	0	OK	12	12	0	0
test/01_unit/compiler/soft_keyword_identifier_corpus_spec.spl	1	NOVERDICT	0	0	1	0
test/01_unit/compiler/simpleos_host_cfg_spec.spl	0	OK	5	5	0	0
test/01_unit/compiler/spec_module_var_live_read_spec.spl	0	OK	4	4	0	0
test/01_unit/compiler/static_factory_receiver_identity_spec.spl	0	OK	2	2	0	0
test/01_unit/compiler/.sspec_wrapped_entry_target_spec_spec.spl	0	OK	6	6	0	0
test/01_unit/compiler/stats_bug_schema_spec.spl	1	ERROR	1	0	1	0
test/01_unit/compiler/stats_dynamic_numeric_guard_spec.spl	0	OK	1	1	0	0
test/01_unit/compiler/struct_init_field_order_fill_spec.spl	1	ERROR	7	6	1	0
test/01_unit/compiler/target_presets_spec.spl	0	OK	23	23	0	0
test/01_unit/compiler/target_spec_spec.spl	0	OK	6	6	0	0
test/01_unit/compiler/target/riscv32_spec.spl	0	OK	101	101	0	0
test/01_unit/compiler/target/target_spec_spec.spl	0	OK	1	1	0	0
test/01_unit/compiler/target/target_presets_spec.spl	0	OK	16	16	0	0
test/01_unit/compiler/tools/api_surface_spec.spl	0	OK	22	22	0	0
test/01_unit/compiler/test_mir_parse_spec.spl	0	OK	6	6	0	0
test/01_unit/compiler/tools/duplicate_check_config_validation_spec.spl	0	OK	1	1	0	0
test/01_unit/compiler/tools/duplicate_check_debug_spec.spl	0	OK	5	5	0	0
test/01_unit/compiler/tools/fix/dummy_accessor_fix_spec.spl	0	OK	8	8	0	0
test/01_unit/compiler/tools/fix/rewriter_atomic_write_contract_spec.spl	0	OK	2	2	0	0
test/01_unit/compiler/tools/lint_checks_spec.spl	1	ERROR	7	6	1	0
test/01_unit/compiler/tools/perf/trace_spec.spl	0	OK	3	3	0	0
test/01_unit/compiler/tools/verify/allocator_symbol_scan_spec.spl	1	ERROR	13	12	1	0
test/01_unit/compiler/tools/header_gen_spec.spl	0	OK	28	28	0	0
test/01_unit/compiler/tools/query_spec.spl	0	OK	6	6	0	0
test/01_unit/compiler/tools/verify/forward_hop_scan_spec.spl	0	OK	6	6	0	0
test/01_unit/compiler/tools/verify/layer_call_scan_spec.spl	0	OK	4	4	0	0
test/01_unit/compiler/tools/formatter_core_spec.spl	0	OK	5	5	0	0
test/01_unit/compiler/traits/associated_types_trait_spec.spl	0	OK	1	1	0	0
test/01_unit/compiler/traits/cross_module_trait_default_dispatch3_spec.spl	0	OK	3	3	0	0
test/01_unit/compiler/traits/default_trait_dispatch_spec.spl	0	OK	3	3	0	0
test/01_unit/compiler/traits/cross_module_trait_default_dispatch_spec.spl	0	OK	2	2	0	0
test/01_unit/compiler/traits/trait_validation_symbol_shape_spec.spl	0	OK	1	1	0	0
test/01_unit/compiler/transition/coverage_state_spec.spl	0	OK	9	9	0	0
test/01_unit/compiler/traits/trait_conformance_param_type_spec.spl	0	OK	7	7	0	0
test/01_unit/compiler/traits/trait_conformance_signature_drift_class_spec.spl	0	OK	4	4	0	0
test/01_unit/compiler/transition/hir_expr_to_mir_coverage_spec.spl	0	OK	6	6	0	0
test/01_unit/compiler/transition/hir_stmt_to_mir_coverage_spec.spl	0	OK	5	5	0	0
test/01_unit/compiler/transition/hir_type_to_mir_type_coverage_spec.spl	0	OK	5	5	0	0
test/01_unit/compiler/transition/mir_inst_to_llvm_coverage_spec.spl	0	OK	4	4	0	0
test/01_unit/compiler/transition/mir_inst_to_c_backend_coverage_spec.spl	0	OK	4	4	0	0
test/01_unit/compiler/transition/mir_inst_to_interp_coverage_spec.spl	0	OK	5	5	0	0
test/01_unit/compiler/transition/mir_terminator_to_c_backend_coverage_spec.spl	0	OK	4	4	0	0
test/01_unit/compiler/transition/mir_inst_to_native_isel_coverage_spec.spl	0	OK	4	4	0	0
test/01_unit/compiler/transition/mir_terminator_to_interp_coverage_spec.spl	0	OK	4	4	0	0
test/01_unit/compiler/transition/mir_terminator_to_llvm_coverage_spec.spl	0	OK	4	4	0	0
test/01_unit/compiler/transition/mir_terminator_to_native_isel_coverage_spec.spl	0	OK	4	4	0	0
test/01_unit/compiler/transition/mir_type_to_c_backend_coverage_spec.spl	0	OK	4	4	0	0
test/01_unit/compiler/transition/transition_table_validator_spec.spl	0	OK	13	13	0	0
test/01_unit/compiler/tuple_destructuring_spec.spl	0	OK	7	7	0	0
test/01_unit/compiler/type/basic_type_check_spec.spl	0	OK	18	18	0	0
test/01_unit/compiler/two_hop_field_method_mutation_spec.spl	0	OK	5	5	0	0
test/01_unit/compiler/type_checker/type_inference_executable_spec.spl	0	OK	1	1	0	0
test/01_unit/compiler/typed_array_variable_binding_spec.spl	0	OK	6	6	0	0
test/01_unit/compiler/type_checker/occurs_check_structural_spec.spl	0	OK	24	24	0	0
test/01_unit/compiler/type_checker/type_inference_v2_spec.spl	0	OK	27	27	0	0
test/01_unit/compiler/type_inference/bidir_check_spec.spl	0	OK	6	6	0	0
test/01_unit/compiler/type_inference/bidir_type_check_spec.spl	0	OK	1	1	0	0
test/01_unit/compiler/type_inference/dim_constraints_spec.spl	0	OK	2	2	0	0
test/01_unit/compiler/type_inference/integration_simple_spec.spl	0	OK	2	2	0	0
test/01_unit/compiler/type_inference/type_infer_comprehensive_spec.spl	0	OK	1	1	0	0
test/01_unit/compiler/type_inference/variance_inference_spec.spl	0	OK	1	1	0	0
test/01_unit/compiler/type/runtime_type_check_spec.spl	0	OK	1	1	0	0
test/01_unit/compiler/types/fail_open_diagnostic_pass_detection_spec.spl	0	OK	3	3	0	0
test/01_unit/compiler/types/platform_layout_attribute_spec.spl	0	OK	7	7	0	0
test/01_unit/compiler/types/runtime_layout_verification_spec.spl	0	OK	9	9	0	0
test/01_unit/compiler/types/layout_verification_spec.spl	0	OK	30	30	0	0
test/01_unit/compiler/types/type_inference_spec.spl	0	OK	6	6	0	0
test/01_unit/compiler/types/type_system_spec.spl	0	OK	6	6	0	0
test/01_unit/compiler/type_inference/hm_source_diagnostics_spec.spl	1	ERROR	4	0	4	0
test/01_unit/compiler/types/units_newunit_registry_spec.spl	0	OK	5	5	0	0
test/01_unit/compiler/type_infer_link_contract_spec.spl	1	ERROR	2	0	2	0
test/01_unit/compiler/u128_lowering_spec.spl	0	OK	11	11	0	0
test/01_unit/compiler/u32_array_index_shr_spec.spl	0	OK	6	6	0	0
test/01_unit/compiler/type_infer/type_infer_correctness_spec.spl	0	OK	20	20	0	0
test/01_unit/compiler/u64_hex_literal_precision_spec.spl	0	OK	5	5	0	0
test/01_unit/compiler/u64_shift_param_spec.spl	0	OK	8	8	0	0
test/01_unit/compiler/u64_to_f64_comparison_spec.spl	1	ERROR	6	4	2	0
test/01_unit/compiler/type_infer/method_call_inference_spec.spl	1	ERROR	4	2	2	0
test/01_unit/compiler/unsigned_to_i64_spec.spl	0	OK	2	2	0	0
test/01_unit/compiler/u8_push_literal_spec.spl	0	OK	6	6	0	0
test/01_unit/compiler/verification/cache_correctness_spec.spl	0	OK	17	17	0	0
test/01_unit/compiler/verification/deterministic_emission_spec.spl	0	OK	4	4	0	0
test/01_unit/compiler/verification/lean_basic_spec.spl	1	ERROR	5	4	1	0
test/01_unit/compiler/verification/formal_gate_collectors_spec.spl	0	OK	9	9	0	0
test/01_unit/compiler/verification/lean_block_integration_spec.spl	1	ERROR	10	9	1	0
test/01_unit/compiler/verification/exact_core_gate_collector_spec.spl	1	ERROR	14	11	3	0
test/01_unit/compiler/verification/lean_codegen_spec.spl	1	ERROR	5	4	1	0
test/01_unit/compiler/verification/memory_capabilities_spec.spl	0	OK	6	6	0	0
test/01_unit/compiler/verification/naming_spec.spl	0	OK	9	9	0	0
test/01_unit/compiler/verification/lean_workflow_spec.spl	1	ERROR	9	2	7	0
test/01_unit/compiler/verification/proof_reference_spec.spl	1	ERROR	11	9	2	0
test/01_unit/compiler/verification/regeneration_spec.spl	0	OK	4	4	0	0
test/01_unit/compiler/verification/regeneration_theorem_emission_class_spec.spl	0	OK	5	5	0	0
test/01_unit/compiler/verification/report_rendering_spec.spl	1	ERROR	18	16	2	0
test/01_unit/compiler/verification/replay_receipt_spec.spl	0	OK	13	13	0	0
test/01_unit/compiler/verification/rv32i_delivery_gate_spec.spl	1	ERROR	3	2	1	0
test/01_unit/compiler/verification/rv64_delivery_gate_spec.spl	1	ERROR	3	2	1	0
test/01_unit/compiler/verification/trust_audit_spec.spl	0	OK	11	11	0	0
test/01_unit/compiler/verification/tool_checker_spec.spl	0	OK	3	3	0	0
test/01_unit/compiler/verification/unified_attrs_spec.spl	1	ERROR	6	5	1	0
test/01_unit/compiler/verification/simpleos_vertical_slice_gate_spec.spl	0	OK	3	3	0	0
test/01_unit/compiler/verification/unsupported_construct_spec.spl	1	ERROR	15	13	2	0
test/01_unit/compiler/verification/verification_diagnostics_spec.spl	1	ERROR	5	4	1	0
test/01_unit/compiler/verification/toolchain_detection_spec.spl	0	OK	9	9	0	0
test/01_unit/compiler/verify/baremetal_noalloc_constraints_spec.spl	0	OK	7	7	0	0
test/01_unit/compiler/vhdl_riscv_gap_spec.spl	0	OK	6	6	0	0
test/01_unit/compiler/vhdl/hardware_spawn_lower_spec.spl	0	OK	6	6	0	0
test/01_unit/compiler/verification/verified_release_delivery_gate_spec.spl	0	OK	3	3	0	0
test/01_unit/compiler/vhdl_subprogram_spec.spl	0	OK	6	6	0	0
test/01_unit/compiler/vhdl_testbench_spec.spl	0	OK	6	6	0	0
test/01_unit/compiler/vhdl/vhdl_subprogram_spec.spl	0	OK	6	6	0	0
test/01_unit/compiler/vhdl/vhdl_testbench_spec.spl	0	OK	46	46	0	0
test/01_unit/compiler/visibility_spec.spl	0	OK	2	2	0	0
test/01_unit/compiler/watcher/smf_manifest_spec.spl	0	OK	16	16	0	0
test/01_unit/compiler/watcher/watcher_client_spec.spl	0	OK	11	11	0	0
test/01_unit/compiler/watcher/watcher_daemon_spec.spl	0	OK	9	9	0	0
test/01_unit/compiler/watcher/watcher_protocol_spec.spl	0	OK	8	8	0	0
test/01_unit/compiler/watcher/watcher_types_spec.spl	0	OK	7	7	0	0
test/01_unit/compiler/watcher/watcher_lock_spec.spl	0	OK	11	11	0	0
test/01_unit/core/complete/compiler_c_codegen_complete_spec.spl	0	OK	6	6	0	0
test/01_unit/core/complete/compiler_driver_complete_spec.spl	0	OK	6	6	0	0
test/01_unit/core/complete/hir_types_complete_spec.spl	0	OK	6	6	0	0
test/01_unit/core/complete/interpreter_env_complete_spec.spl	0	OK	6	6	0	0
test/01_unit/core/complete/interpreter_eval_complete_spec.spl	0	OK	6	6	0	0
test/01_unit/core/complete/interpreter_jit_complete_spec.spl	0	OK	6	6	0	0
test/01_unit/core/complete/interpreter_mod_complete_spec.spl	0	OK	6	6	0	0
test/01_unit/core/complete/interpreter_value_complete_spec.spl	0	OK	6	6	0	0
test/01_unit/core/complete/interpreter_ops_complete_spec.spl	0	OK	6	6	0	0
test/01_unit/core/complete/lexer_complete_spec.spl	0	OK	6	6	0	0
test/01_unit/core/complete/lexer_struct_complete_spec.spl	0	OK	6	6	0	0
test/01_unit/core/complete/lexer_types_complete_spec.spl	0	OK	6	6	0	0
test/01_unit/core/complete/mir_complete_spec.spl	0	OK	6	6	0	0
test/01_unit/core/complete/parser_complete_spec.spl	0	OK	6	6	0	0
test/01_unit/core/complete/mir_types_complete_spec.spl	0	OK	6	6	0	0
test/01_unit/core/complete/types_complete_spec.spl	0	OK	6	6	0	0
test/01_unit/core/parser_unsafe_block_spec.spl	0	OK	3	3	0	0
test/01_unit/core/parser_ce_keyword_identifier_spec.spl	0	OK	1	1	0	0
test/01_unit/doctest/parser_spec.spl	0	OK	18	18	0	0
test/01_unit/lib/async/runtime_timer_sleep_spec.spl	0	OK	4	4	0	0
test/01_unit/lib/common/compress/typed/types_spec.spl	0	OK	25	25	0	0
test/01_unit/lib/common/feature_validation/codegen_spec.spl	1	ERROR	33	32	1	0
test/01_unit/lib/common/feature_validation/types_spec.spl	0	OK	32	32	0	0
test/01_unit/lib/common/interpreter_float_division_by_zero_ieee_spec.spl	0	OK	6	6	0	0
test/01_unit/lib/common/parser_spec.spl	0	OK	10	10	0	0
test/01_unit/compiler/wasm_codegen_spec.spl	0	OK	33	33	0	0
test/01_unit/lib/common/runtime_parser_bugs_spec.spl	0	OK	21	21	0	0
test/01_unit/lib/common/search/types_spec.spl	0	OK	20	20	0	0
test/01_unit/lib/editor/extensions/runtime_security_spec.spl	0	OK	19	19	0	0
test/01_unit/lib/gc_async_mut/driver/driver_facade_spec.spl	1	ERROR	0	0	0	0
test/01_unit/lib/driver/fat32_file_io_spec.spl	1	ERROR	14	12	2	0
test/01_unit/lib/gc_async_mut/smtp/types_spec.spl	0	OK	5	5	0	0
test/01_unit/lib/gc_async_mut/js/interpreter_native_buffer_guard_spec.spl	0	OK	3	3	0	0
test/01_unit/lib/http_server/parser_limits_spec.spl	0	OK	23	23	0	0
test/01_unit/lib/nogc_async_mut/driver/driver_facade_spec.spl	0	OK	1	1	0	0
test/01_unit/lib/nogc_async_mut/runtime_completed_result_spec.spl	0	OK	1	1	0	0
test/01_unit/lib/play/types_spec.spl	0	OK	28	28	0	0
test/01_unit/lib/skia/runtime_effect_spec.spl	0	OK	5	5	0	0
test/01_unit/lib/std/compiler/lexer_spec.spl	1	ERROR	0	0	0	0
test/01_unit/lib/std/compiler/loader/jit_instantiator_spec.spl	1	ERROR	0	0	0	0
test/01_unit/lib/std/parser/error_recovery_spec.spl	0	OK	6	6	0	0
test/01_unit/lib/std/type_checker/type_inference_spec.spl	1	ERROR	14	11	3	0
test/01_unit/lib/std/type_checker/type_inference_v2_spec.spl	0	OK	27	27	0	0
test/01_unit/os/driver_platform_spec.spl	0	OK	6	6	0	0
test/01_unit/os/drivers/driver_platform_contract_spec.spl	0	OK	9	9	0	0
test/01_unit/os/drivers/driver_platform_report_spec.spl	0	OK	6	6	0	0
test/01_unit/os/kernel/arch/arm64/compiler_filesystem_metadata_source_v2_spec.spl	1	ERROR	0	0	0	0
test/01_unit/os/drivers/mdsoc_plus/driver_mdsoc_plus_platform_spec.spl	0	OK	34	34	0	0
test/01_unit/os/kernel/arch/x86_64/compiler_filesystem_fw_cfg_metadata_v2_spec.spl	1	ERROR	0	0	0	0
test/01_unit/os/kernel/arch/riscv64/compiler_filesystem_fw_cfg_metadata_v2_spec.spl	0	OK	4	4	0	0
test/01_unit/os/kernel/loader/app_discovery_spec.spl	1	ERROR	16	15	1	0
test/01_unit/os/kernel/loader/app_namespace_spec.spl	0	OK	6	6	0	0
test/01_unit/os/kernel/loader/app_registry_spec.spl	0	OK	25	25	0	0
test/01_unit/os/kernel/loader/arm64_fs_exec_launch_capability_spec.spl	1	ERROR	0	0	0	0
test/01_unit/os/kernel/loader/artifact_manifest_spec.spl	0	OK	31	31	0	0
test/01_unit/os/kernel/loader/authenticated_media_parser_spec.spl	0	OK	5	5	0	0
test/01_unit/os/kernel/loader/authenticated_command_evidence_adapter_spec.spl	0	OK	3	3	0	0
test/01_unit/os/kernel/loader/cap_exec_gate_spec.spl	0	OK	8	8	0	0
test/01_unit/os/kernel/loader/container_namespace_spec.spl	0	OK	4	4	0	0
test/01_unit/os/kernel/loader/byte_utils_spec.spl	1	ERROR	10	6	4	0
test/01_unit/os/kernel/loader/disk_launch_manifest_spec.spl	0	OK	14	14	0	0
test/01_unit/os/kernel/loader/dylib_registry_spec.spl	0	OK	8	8	0	0
test/01_unit/os/kernel/loader/exec_from_fs_spec.spl	0	OK	16	16	0	0
test/01_unit/lib/gc_async_mut/js/interpreter_native_fetch_credentials_spec.spl	0	OK	5	5	0	0
test/01_unit/os/kernel/loader/elf_loader_spec.spl	0	OK	10	10	0	0
test/01_unit/os/kernel/loader/elf64_dynsym_spec.spl	0	OK	7	7	0	0
test/01_unit/os/kernel/loader/elf64_spec.spl	0	OK	4	4	0	0
test/01_unit/os/kernel/loader/executable_admission_pipeline_spec.spl	1	ERROR	6	3	3	0
test/01_unit/os/kernel/loader/executable_launch_arguments_v1_spec.spl	0	OK	16	16	0	0
test/01_unit/os/kernel/loader/executable_load_consumer_spec.spl	1	ERROR	0	0	0	0
test/01_unit/os/kernel/loader/executable_manifest_signature_verifier_spec.spl	1	ERROR	2	0	2	0
test/01_unit/os/kernel/loader/fs_exec_resolve_hardening_spec.spl	0	OK	2	2	0	0
test/01_unit/os/kernel/loader/guest_toolchain_execution_authority_spec.spl	1	NOVERDICT	0	0	1	0
test/01_unit/os/kernel/loader/fs_exec_authenticated_gate_spec.spl	1	ERROR	0	0	0	0
test/01_unit/os/kernel/loader/fs_exec_blob_coherence_spec.spl	1	ERROR	0	0	0	0
test/01_unit/os/kernel/loader/loader_api_spec.spl	0	OK	8	8	0	0
test/01_unit/os/kernel/loader/fork_exec_spec.spl	0	OK	5	5	0	0
test/01_unit/os/kernel/loader/executable_source_spec.spl	1	ERROR	8	5	3	0
test/01_unit/os/kernel/loader/riscv64_fs_exec_spawn_spec.spl	1	ERROR	1	0	1	0
test/01_unit/os/kernel/loader/executable_source_vfs_spec.spl	0	OK	15	15	0	0
test/01_unit/os/kernel/loader/rv64_authenticated_media_policy_spec.spl	1	ERROR	3	2	1	0
test/01_unit/os/kernel/loader/process_image_spec.spl	1	ERROR	8	3	5	0
test/01_unit/os/kernel/loader/segment_mapper_spec.spl	0	OK	9	9	0	0
test/01_unit/os/kernel/loader/rv64_real_fs_exec_spec.spl	1	ERROR	0	0	0	0
test/01_unit/os/kernel/loader/server_launch_grants_spec.spl	0	OK	3	3	0	0
test/01_unit/os/kernel/loader/smf_bounds_spec.spl	0	OK	13	13	0	0
test/01_unit/os/kernel/loader/executable_crypto_authority_spec.spl	1	ERROR	2	1	1	0
test/01_unit/os/kernel/loader/smf_executable_entry_spec.spl	0	OK	3	3	0	0
test/01_unit/os/kernel/loader/smf_dyload_spec.spl	0	OK	6	6	0	0
test/01_unit/os/kernel/loader/smf_loader_hardening_spec.spl	0	OK	17	17	0	0
test/01_unit/os/kernel/loader/smf_spec.spl	0	OK	18	18	0	0
test/01_unit/os/kernel/loader/spawn_authority_contract_spec.spl	0	OK	16	16	0	0
test/01_unit/os/kernel/loader/spawn_enforcement_wiring_spec.spl	1	ERROR	7	6	1	0
test/01_unit/os/kernel/loader/spawn_pipeline_spec.spl	0	OK	16	16	0	0
test/01_unit/os/kernel/loader/spawn_seal_readiness_spec.spl	0	OK	15	15	0	0
test/01_unit/os/kernel/loader/stack_builder_spec.spl	1	ERROR	19	11	8	0
test/01_unit/os/kernel/loader/x86_64_fs_exec_spawn_spec.spl	1	ERROR	0	0	0	0
test/01_unit/os/kernel/types/device_mem_types_spec.spl	0	OK	3	3	0	0
test/01_unit/os/kernel/types/capability_types_spec.spl	1	ERROR	45	44	1	0
test/01_unit/os/kernel/types/memory_types_spec.spl	0	OK	42	42	0	0
test/01_unit/os/kernel/loader/zstd_decompress_spec.spl	1	ERROR	2	1	1	0
test/01_unit/os/kernel/types/task_types_spec.spl	0	OK	28	28	0	0
test/01_unit/os/port/init/compiler_filesystem_metadata_v2_spec.spl	0	OK	7	7	0	0
test/01_unit/os/services/driver_supervisor/resource_grant_spec.spl	0	OK	2	2	0	0
test/01_unit/os/services/driver_supervisor/grant_broker_spec.spl	0	OK	3	3	0	0
test/01_unit/os/sosix/compiler_filesystem_guest_protocol_v2_spec.spl	0	OK	3	3	0	0
test/01_unit/runtime/argv_provider_source_contract_spec.spl	1	ERROR	2	1	1	0
test/01_unit/runtime/array_free_deep_spec.spl	0	OK	6	6	0	0
test/01_unit/runtime/c_runtime_unwrap_entrypoints_spec.spl	0	OK	21	21	0	0
test/01_unit/runtime/dir_walk_runtime_parity_source_spec.spl	1	ERROR	3	2	1	0
test/01_unit/runtime/dynload_probe_spec.spl	0	OK	4	4	0	0
test/01_unit/runtime/env_get_native_abi_source_spec.spl	0	OK	1	1	0	0
test/01_unit/runtime/gpu_destroy_bool_abi_contract_spec.spl	0	OK	1	1	0	0
test/01_unit/runtime/generic_runtime_spec.spl	1	ERROR	26	25	1	0
test/01_unit/runtime/heap_ref_wellformed_probe_spec.spl	0	OK	13	13	0	0
test/01_unit/runtime/http_runtime_abi_source_spec.spl	1	ERROR	4	2	2	0
test/01_unit/runtime/mem_attr_gate_spec.spl	0	OK	6	6	0	0
test/01_unit/runtime/mem_extern_parity_spec.spl	0	OK	7	7	0	0
test/01_unit/runtime/module_closure_spec.spl	0	OK	10	10	0	0
test/01_unit/runtime/module_init_spec.spl	0	OK	2	2	0	0
test/01_unit/os/port/compiler_filesystem_guest_workflow_v2_spec.spl	0	OK	9	9	0	0
test/01_unit/runtime/opencl_honesty_spec.spl	0	OK	5	5	0	0
test/01_unit/runtime/renderdoc_honesty_spec.spl	0	OK	8	8	0	0
test/01_unit/runtime/process_run_timeout_provider_source_spec.spl	1	ERROR	7	5	2	0
test/01_unit/runtime/process_is_running_spec.spl	0	OK	8	8	0	0
test/01_unit/runtime/rt_dir_list_header_no_collision_spec.spl	0	OK	4	4	0	0
test/01_unit/runtime/rt_free_abi_contract_spec.spl	0	OK	1	1	0	0
test/01_unit/runtime/rt_string_raw_receiver_degradation_class_spec.spl	0	OK	3	3	0	0
test/01_unit/runtime/shell_exec_extern_dispatch_spec.spl	0	OK	5	5	0	0
test/01_unit/runtime/simple_core_process_contract_spec.spl	1	ERROR	2	1	1	0
test/01_unit/runtime/terminal_runtime_abi_source_spec.spl	1	ERROR	3	2	1	0
test/01_unit/runtime/transient_text_alloc_reclaim_spec.spl	0	OK	6	6	0	0
test/01_unit/runtime/time_epoch_convergence_spec.spl	0	OK	6	6	0	0
test/01_unit/runtime/transient_alloc_reclaim_family_class_spec.spl	0	OK	6	6	0	0
test/01_unit/runtime/vulkan_compute_entry_provider_contract_spec.spl	1	ERROR	3	2	1	0
test/01_unit/runtime/vulkan_compute_descriptor_provider_contract_spec.spl	0	OK	1	1	0	0
test/01_unit/runtime/winit_buffer_honesty_spec.spl	1	ERROR	9	0	9	0
test/01_unit/std/feature_validation/codegen_spec.spl	1	ERROR	33	32	1	0
test/01_unit/std/feature_validation/types_spec.spl	0	OK	32	32	0	0
test/01_unit/std/improved/codegen_edge_spec.spl	0	OK	8	8	0	0
test/01_unit/std/improved/codegen_error_spec.spl	0	OK	8	8	0	0
test/01_unit/std/improved/codegen_integration_spec.spl	0	OK	8	8	0	0
test/01_unit/std/parser_spec.spl	0	OK	10	10	0	0
test/01_unit/std/improved/codegen_unit_spec.spl	0	OK	8	8	0	0
test/01_unit/std/parser/treesitter_node_spec.spl	1	ERROR	0	0	0	0
test/01_unit/std/runtime_parser_bugs_spec.spl	0	OK	30	30	0	0
test/02_integration/app/loader_exec_memory_spec.spl	1	ERROR	2	1	1	0
test/02_integration/compiler/backend/array_value_copy_native_spec.spl	1	ERROR	1	0	1	0
test/02_integration/compiler/c_backend_e2e_spec.spl	0	OK	15	15	0	0
test/02_integration/compiler/bootstrap_intensive_spec.spl	1	ERROR	36	35	1	0
test/02_integration/compiler/compiler_interpreter_integration_spec.spl	0	OK	30	30	0	0
test/02_integration/compiler/compiler_intensive_spec.spl	0	OK	8	8	0	0
test/02_integration/compiler/core_interpreter_intensive_spec.spl	0	OK	6	6	0	0
test/02_integration/compiler/core_intensive_spec.spl	1	ERROR	32	29	3	0
test/02_integration/compiler/driver/hir_entry_payload_formation_guard_spec.spl	0	OK	8	8	0	0
test/02_integration/compiler/cpu_backend_artifact_environment_spec.spl	0	OK	1	1	0	0
test/02_integration/compiler/driver/native_build_frontend_cache_second_build_hits_spec.spl	1	ERROR	5	0	5	0
test/02_integration/compiler/driver/native_build_hir_sharding_spec.spl	1	ERROR	2	0	2	0
test/02_integration/compiler/driver/native_build_hir_streaming_sharding_spec.spl	1	ERROR	1	0	1	0
test/02_integration/compiler/driver/native_build_parse_sharding_spec.spl	1	ERROR	4	0	4	0
test/02_integration/compiler/lexer_integration_spec.spl	0	OK	42	42	0	0
test/02_integration/compiler/llvm_aarch64_closure_spec.spl	0	OK	3	3	0	0
test/02_integration/compiler/llvm_armv7_closure_spec.spl	0	OK	3	3	0	0
test/02_integration/compiler/hir_method_call_receiver_payload_spec.spl	1	ERROR	2	0	2	0
test/02_integration/compiler/bootstrap_llvm_call_dest_definition_spec.spl	1	ERROR	3	2	1	0
test/02_integration/compiler/llvm_i686_closure_spec.spl	0	OK	4	4	0	0
test/02_integration/compiler/llvm_riscv_closure_spec.spl	0	OK	6	6	0	0
test/02_integration/compiler/backend_debug_dump_driver_spec.spl	0	OK	5	5	0	0
test/02_integration/compiler/advanced_types_spec.spl	1	ERROR	12	4	8	0
test/02_integration/compiler/llvm_backend_e2e_spec.spl	1	ERROR	26	24	2	0
test/02_integration/compiler/llvm_text_bitcode_debug_spec.spl	0	OK	1	1	0	0
test/02_integration/app/loader_run_function_spec.spl	0	OK	1	1	0	0
test/02_integration/compiler/llvm_parity_spec.spl	1	ERROR	7	0	7	0
test/02_integration/compiler/llvm_compiled_proof_spec.spl	1	ERROR	53	50	3	0
test/02_integration/compiler/mir/array_concat_assign_merge_native_spec.spl	1	ERROR	1	0	1	0
test/02_integration/compiler/native_crossmodule_static_error_factory_spec.spl	1	ERROR	1	0	1	0
test/02_integration/compiler/native_io_typed_u8_spec.spl	0	OK	2	2	0	0
test/02_integration/compiler/native_method_resolution_payload_enum_spec.spl	1	ERROR	1	0	1	0
test/02_integration/compiler/native_scalar_metadata_copy_spec.spl	1	ERROR	1	0	1	0
test/02_integration/compiler/parser_integration_spec.spl	0	OK	45	45	0	0
test/02_integration/compiler/phase2_low_memory_source_reclaim_probe_spec.spl	1	ERROR	2	1	1	0
test/02_integration/compiler/static_method_desugar_spec.spl	1	ERROR	3	2	1	0
test/02_integration/compiler/driver/native_build_cache_second_build_hits_spec.spl	1	ERROR	1	0	1	0
test/02_integration/compiler/zig_embedded_features_spec.spl	0	OK	29	29	0	0
test/02_integration/e2e/lexer_parser_integration_10_spec.spl	0	OK	8	8	0	0
test/02_integration/compiler/wasm_e2e_spec.spl	1	ERROR	4	0	4	0
test/02_integration/compiler/import_syntax_spec.spl	0	OK	5	5	0	0
test/02_integration/compiler/vhdl_backend_e2e_spec.spl	1	ERROR	41	21	20	0
test/02_integration/e2e/lexer_parser_integration_1_spec.spl	0	OK	8	8	0	0
test/02_integration/e2e/lexer_parser_integration_2_spec.spl	0	OK	8	8	0	0
test/02_integration/e2e/lexer_parser_integration_3_spec.spl	0	OK	8	8	0	0
test/02_integration/e2e/lexer_parser_integration_4_spec.spl	0	OK	8	8	0	0
test/02_integration/e2e/lexer_parser_integration_5_spec.spl	0	OK	8	8	0	0
test/02_integration/compiler/unresolved_import_is_hard_error_spec.spl	1	ERROR	3	1	2	0
test/02_integration/e2e/lexer_parser_integration_6_spec.spl	0	OK	8	8	0	0
test/02_integration/e2e/lexer_parser_integration_7_spec.spl	0	OK	8	8	0	0
test/02_integration/e2e/lexer_parser_integration_8_spec.spl	0	OK	8	8	0	0
test/02_integration/e2e/lexer_parser_integration_9_spec.spl	0	OK	8	8	0	0
test/02_integration/e2e/mir_backend_integration_10_spec.spl	0	OK	8	8	0	0
test/02_integration/e2e/mir_backend_integration_1_spec.spl	0	OK	8	8	0	0
test/02_integration/e2e/mir_backend_integration_2_spec.spl	0	OK	8	8	0	0
test/02_integration/e2e/mir_backend_integration_3_spec.spl	0	OK	8	8	0	0
test/02_integration/e2e/mir_backend_integration_4_spec.spl	0	OK	8	8	0	0
test/02_integration/compiler/stage3_aggregate_receiver_spec.spl	0	OK	2	2	0	0
test/02_integration/e2e/mir_backend_integration_5_spec.spl	0	OK	8	8	0	0
test/02_integration/e2e/mir_backend_integration_6_spec.spl	0	OK	8	8	0	0
test/02_integration/e2e/mir_backend_integration_7_spec.spl	0	OK	8	8	0	0
test/02_integration/e2e/parser_ast_integration_10_spec.spl	0	OK	8	8	0	0
test/02_integration/e2e/mir_backend_integration_8_spec.spl	0	OK	8	8	0	0
test/02_integration/compiler/storage_layout_owned_view_compile_chain_spec.spl	0	OK	3	3	0	0
test/02_integration/e2e/mir_backend_integration_9_spec.spl	0	OK	8	8	0	0
test/02_integration/e2e/parser_ast_integration_1_spec.spl	0	OK	8	8	0	0
test/02_integration/e2e/parser_ast_integration_2_spec.spl	0	OK	8	8	0	0
test/02_integration/e2e/parser_ast_integration_3_spec.spl	0	OK	8	8	0	0
test/02_integration/e2e/parser_ast_integration_4_spec.spl	0	OK	8	8	0	0
test/02_integration/e2e/parser_ast_integration_5_spec.spl	0	OK	8	8	0	0
test/02_integration/e2e/parser_ast_integration_7_spec.spl	0	OK	8	8	0	0
test/02_integration/e2e/parser_ast_integration_6_spec.spl	0	OK	8	8	0	0
test/02_integration/e2e/parser_ast_integration_8_spec.spl	0	OK	8	8	0	0
test/02_integration/e2e/type_check_inference_integration_10_spec.spl	0	OK	8	8	0	0
test/02_integration/e2e/parser_ast_integration_9_spec.spl	0	OK	8	8	0	0
test/02_integration/e2e/type_check_inference_integration_1_spec.spl	0	OK	8	8	0	0
test/02_integration/e2e/type_check_inference_integration_2_spec.spl	0	OK	8	8	0	0
test/02_integration/e2e/type_check_inference_integration_3_spec.spl	0	OK	8	8	0	0
test/02_integration/e2e/type_check_inference_integration_4_spec.spl	0	OK	8	8	0	0
test/02_integration/e2e/type_check_inference_integration_5_spec.spl	0	OK	8	8	0	0
test/02_integration/e2e/type_check_inference_integration_6_spec.spl	0	OK	8	8	0	0
test/02_integration/compiler/native_backend_e2e_spec.spl	0	OK	12	12	0	0
test/02_integration/e2e/type_check_inference_integration_7_spec.spl	0	OK	8	8	0	0
test/02_integration/e2e/type_check_inference_integration_8_spec.spl	0	OK	8	8	0	0
test/02_integration/e2e/type_check_inference_integration_9_spec.spl	0	OK	8	8	0	0
test/02_integration/runtime_family_spec.spl	0	OK	29	29	0	0
test/03_system/app/compiler/feature/all_regions_spec.spl	0	OK	3	3	0	0
test/02_integration/os/port/runtime_bundle_policy_spec.spl	0	OK	1	1	0	0
test/02_integration/runtime/cli_scalar_args_spec.spl	1	ERROR	3	2	1	0
test/03_system/app/compiler/feature/driver_synthetic_registration_live_spec.spl	1	ERROR	2	0	2	0
test/03_system/app/compiler/feature/general_io_optimization_passes_spec.spl	0	OK	20	20	0	0
test/03_system/app/compiler/feature/host_cpu_runtime_variants_spec.spl	1	ERROR	11	10	1	0
test/03_system/app/compiler/feature/mcpgdb_spec.spl	0	OK	3	3	0	0
test/03_system/app/compiler/feature/parser_framework_spec.spl	1	NOVERDICT	0	0	1	0
test/02_integration/compiler/llvm_native_link_spec.spl	1	ERROR	6	5	1	0
test/03_system/app/compiler/feature/kairos_like_simple_mcp_llm_dashboard_spec.spl	1	ERROR	14	1	13	0
test/03_system/app/compiler/feature/scheduler_process_isolation_spec.spl	0	OK	4	4	0	0
test/03_system/app/compiler/feature/target_instruction_optimization_32bit_spec.spl	0	OK	29	29	0	0
test/03_system/app/compiler/feature/optimization_plugin_jit_hotspot_system_spec.spl	0	OK	9	9	0	0
test/03_system/app/compiler/feature/world_units_newunit_spec.spl	0	OK	3	3	0	0
test/03_system/compiler/ast_system_spec.spl	0	OK	8	8	0	0
test/03_system/compiler/backend_port_system_spec.spl	0	OK	16	16	0	0
test/03_system/compiler/backend_system_spec.spl	1	ERROR	6	0	6	0
test/03_system/compiler/backend/backend_layer_artifact_matrix_spec.spl	0	OK	1	1	0	0
test/03_system/app/compiler/feature/vhdl_python_hdl_parity_spec.spl	1	ERROR	4	3	1	0
test/03_system/compiler/bitfield_reorder_spec.spl	0	OK	16	16	0	0
test/03_system/compiler/bootstrap_stage3_real_body_spec.spl	1	ERROR	1	0	1	0
test/03_system/compiler/compiler_compile_options_field_access_spec.spl	0	OK	2	2	0	0
test/03_system/compiler/code_gen_system_spec.spl	0	OK	8	8	0	0
test/03_system/compiler/compiler_driver_system_spec.spl	0	OK	8	8	0	0
test/03_system/compiler/compiler_sample_spec.spl	1	ERROR	5	4	1	0
test/03_system/compiler/comprehensive/compiler_comprehensive_10_system_spec.spl	0	OK	8	8	0	0
test/03_system/compiler/compiler_services_system_spec.spl	1	ERROR	29	25	4	0
test/03_system/compiler/comprehensive/compiler_comprehensive_11_system_spec.spl	0	OK	8	8	0	0
test/03_system/compiler/compiler_import_alias_resolution_spec.spl	1	ERROR	2	0	2	0
test/03_system/compiler/comprehensive/compiler_comprehensive_12_system_spec.spl	0	OK	8	8	0	0
test/03_system/compiler/compiler_module_scoped_hir_lowering_spec.spl	1	ERROR	2	1	1	0
test/03_system/compiler/comprehensive/compiler_comprehensive_13_system_spec.spl	0	OK	8	8	0	0
test/03_system/compiler/comprehensive/compiler_comprehensive_14_system_spec.spl	0	OK	8	8	0	0
test/03_system/compiler/comprehensive/compiler_comprehensive_15_system_spec.spl	0	OK	8	8	0	0
test/03_system/compiler/comprehensive/compiler_comprehensive_16_system_spec.spl	0	OK	8	8	0	0
test/03_system/compiler/comprehensive/compiler_comprehensive_17_system_spec.spl	0	OK	8	8	0	0
test/03_system/compiler/comprehensive/compiler_comprehensive_18_system_spec.spl	0	OK	8	8	0	0
test/03_system/compiler/comprehensive/compiler_comprehensive_19_system_spec.spl	0	OK	8	8	0	0
test/03_system/compiler/comprehensive/compiler_comprehensive_1_system_spec.spl	0	OK	8	8	0	0
test/03_system/compiler/comprehensive/compiler_comprehensive_20_system_spec.spl	0	OK	8	8	0	0
test/03_system/compiler/comprehensive/compiler_comprehensive_21_system_spec.spl	0	OK	8	8	0	0
test/03_system/compiler/comprehensive/compiler_comprehensive_22_system_spec.spl	0	OK	8	8	0	0
test/03_system/compiler/comprehensive/compiler_comprehensive_23_system_spec.spl	0	OK	8	8	0	0
test/03_system/compiler/comprehensive/compiler_comprehensive_24_system_spec.spl	0	OK	8	8	0	0
test/03_system/compiler/comprehensive/compiler_comprehensive_25_system_spec.spl	0	OK	8	8	0	0
test/03_system/compiler/comprehensive/compiler_comprehensive_26_system_spec.spl	0	OK	8	8	0	0
test/03_system/compiler/comprehensive/compiler_comprehensive_27_system_spec.spl	0	OK	8	8	0	0
test/03_system/compiler/comprehensive/compiler_comprehensive_28_system_spec.spl	0	OK	8	8	0	0
test/03_system/compiler/comprehensive/compiler_comprehensive_29_system_spec.spl	0	OK	8	8	0	0
test/03_system/compiler/comprehensive/compiler_comprehensive_2_system_spec.spl	0	OK	8	8	0	0
test/03_system/compiler/comprehensive/compiler_comprehensive_30_system_spec.spl	0	OK	8	8	0	0
test/03_system/compiler/comprehensive/compiler_comprehensive_31_system_spec.spl	0	OK	8	8	0	0
test/03_system/compiler/comprehensive/compiler_comprehensive_32_system_spec.spl	0	OK	8	8	0	0
test/02_integration/t32_hw/modes/interpreter_spec.spl	1	ERROR	5	0	5	0
test/03_system/compiler/comprehensive/compiler_comprehensive_33_system_spec.spl	0	OK	8	8	0	0
test/03_system/compiler/comprehensive/compiler_comprehensive_34_system_spec.spl	0	OK	8	8	0	0
test/03_system/compiler/comprehensive/compiler_comprehensive_35_system_spec.spl	0	OK	8	8	0	0
test/03_system/compiler/comprehensive/compiler_comprehensive_36_system_spec.spl	0	OK	8	8	0	0
test/03_system/compiler/comprehensive/compiler_comprehensive_37_system_spec.spl	0	OK	8	8	0	0
test/03_system/compiler/comprehensive/compiler_comprehensive_38_system_spec.spl	0	OK	8	8	0	0
test/03_system/compiler/comprehensive/compiler_comprehensive_39_system_spec.spl	0	OK	8	8	0	0
test/03_system/compiler/comprehensive/compiler_comprehensive_3_system_spec.spl	0	OK	8	8	0	0
test/03_system/compiler/comprehensive/compiler_comprehensive_40_system_spec.spl	0	OK	8	8	0	0
test/03_system/compiler/comprehensive/compiler_comprehensive_41_system_spec.spl	0	OK	8	8	0	0
test/03_system/compiler/comprehensive/compiler_comprehensive_42_system_spec.spl	0	OK	8	8	0	0
test/03_system/compiler/comprehensive/compiler_comprehensive_43_system_spec.spl	0	OK	8	8	0	0
test/03_system/compiler/comprehensive/compiler_comprehensive_44_system_spec.spl	0	OK	8	8	0	0
test/03_system/compiler/comprehensive/compiler_comprehensive_45_system_spec.spl	0	OK	8	8	0	0
test/03_system/compiler/comprehensive/compiler_comprehensive_47_system_spec.spl	0	OK	8	8	0	0
test/03_system/compiler/comprehensive/compiler_comprehensive_46_system_spec.spl	0	OK	8	8	0	0
test/03_system/compiler/comprehensive/compiler_comprehensive_48_system_spec.spl	0	OK	8	8	0	0
test/03_system/compiler/compiler_full_spec.spl	1	ERROR	13	8	5	0
test/03_system/compiler/comprehensive/compiler_comprehensive_49_system_spec.spl	0	OK	8	8	0	0
test/03_system/compiler/compiler_interpret_pipeline_spec.spl	1	ERROR	7	0	7	0
test/03_system/compiler/comprehensive/compiler_comprehensive_4_system_spec.spl	0	OK	8	8	0	0
test/03_system/compiler/comprehensive/compiler_comprehensive_50_system_spec.spl	0	OK	8	8	0	0
test/03_system/compiler/comprehensive/compiler_comprehensive_5_system_spec.spl	0	OK	8	8	0	0
test/03_system/compiler/comprehensive/compiler_comprehensive_6_system_spec.spl	0	OK	8	8	0	0
test/03_system/compiler/comprehensive/compiler_comprehensive_8_system_spec.spl	0	OK	8	8	0	0
test/03_system/compiler/comprehensive/compiler_comprehensive_7_system_spec.spl	0	OK	8	8	0	0
test/03_system/compiler/comprehensive/compiler_comprehensive_9_system_spec.spl	0	OK	8	8	0	0
test/03_system/compiler/controlflow_bool_codegen_regression_spec.spl	1	ERROR	2	0	2	0
test/03_system/compiler/c_parser_spec.spl	1	ERROR	35	0	35	0
test/03_system/compiler/debug_sidecar_json_order_spec.spl	1	ERROR	22	4	10	8
test/03_system/compiler/diagnostics_system_spec.spl	0	OK	8	8	0	0
test/03_system/compiler/driver_api_tier_policy_spec.spl	1	ERROR	22	17	5	0
test/03_system/compiler/driver_synthetic_registration_live_spec.spl	1	ERROR	2	0	2	0
test/03_system/compiler/dynamic_driver_lsm_packaging_spec.spl	1	ERROR	1	0	1	0
test/03_system/compiler/effects_core_spec.spl	0	OK	38	38	0	0
test/03_system/compiler/fpga_linux_split_spec.spl	1	ERROR	16	4	12	0
test/03_system/app/compiler/feature/native_capsule_symbol_sort_spec.spl	0	OK	9	9	0	0
test/03_system/compiler/formal_verification_2_0_spec.spl	1	NOVERDICT	0	0	1	0
test/03_system/compiler/fv2_riscv_dual_track_readiness_spec.spl	1	ERROR	6	4	2	0
test/03_system/compiler/graph_utils_spec.spl	1	ERROR	0	0	0	0
test/03_system/compiler/gpu_lane_common_spec.spl	0	OK	19	19	0	0
test/03_system/compiler/hip_backend_cli_smoke_spec.spl	1	ERROR	2	0	2	0
test/03_system/compiler/i64_interpolation_engine_parity_spec.spl	1	ERROR	7	2	5	0
test/03_system/compiler/i64_print_range_spec.spl	0	OK	6	6	0	0
test/03_system/compiler/implicit_self_assignment_characterization_spec.spl	0	OK	2	2	0	0
test/03_system/compiler/import_c_defines_spec.spl	1	ERROR	19	2	17	0
test/03_system/compiler/import_c_match_spec.spl	1	ERROR	14	10	4	0
test/03_system/compiler/import_c_spec.spl	0	OK	23	23	0	0
test/03_system/compiler/lean_auto_gen_spec.spl	0	OK	9	9	0	0
test/03_system/compiler/lean_verification_workflow_spec.spl	1	ERROR	2	1	1	0
test/03_system/compiler/lexer_system_spec.spl	0	OK	8	8	0	0
test/03_system/compiler/link_dependency_manager_spec.spl	0	OK	11	11	0	0
test/03_system/compiler/mir_system_spec.spl	0	OK	8	8	0	0
test/03_system/compiler/mir_types_spec.spl	1	ERROR	0	0	0	0
test/03_system/compiler/mixin_spec.spl	0	OK	14	14	0	0
test/03_system/compiler/module_import/module_import_new_submodule_spec.spl	0	OK	11	11	0	0
test/03_system/compiler/module_import/import_system_spec.spl	0	OK	8	8	0	0
test/03_system/compiler/module_import/module_loader_coverage_spec.spl	0	OK	6	6	0	0
test/03_system/compiler/module_import/module_loader_e2e_spec.spl	1	ERROR	7	0	7	0
test/03_system/compiler/module_import/module_system_spec.spl	1	ERROR	6	0	6	0
test/03_system/compiler/module_import/module_var_len_corruption_spec.spl	0	OK	13	13	0	0
test/03_system/compiler/native_backend_coverage_spec.spl	0	OK	5	5	0	0
test/03_system/compiler/native_backend_e2e_system_spec.spl	1	ERROR	7	0	7	0
test/03_system/compiler/native_cli_mode_transport_regression_spec.spl	1	ERROR	1	0	1	0
test/03_system/compiler/native_cross_module_class_field_layout_regression_spec.spl	1	ERROR	3	1	2	0
test/03_system/compiler/native_crossmodule_static_error_factory_spec.spl	1	ERROR	3	0	3	0
test/03_system/compiler/native_method_resolution_payload_enum_spec.spl	1	ERROR	5	0	5	0
test/03_system/compiler/native_module_namespace_call_regression_spec.spl	1	ERROR	1	0	1	0
test/03_system/compiler/native_platform_path_owner_regression_spec.spl	1	ERROR	1	0	1	0
test/03_system/compiler/native_same_name_has_dispatch_regression_spec.spl	1	ERROR	1	0	1	0
test/03_system/compiler/native_scalar_metadata_copy_spec.spl	1	ERROR	3	0	3	0
test/03_system/compiler/native_struct_field_access_regression_spec.spl	1	ERROR	1	0	1	0
test/03_system/compiler/optimizer_system_spec.spl	0	OK	8	8	0	0
test/03_system/compiler/opencl_backend_cli_smoke_spec.spl	1	ERROR	2	0	2	0
test/03_system/compiler/parser_improvements_spec.spl	1	ERROR	19	18	1	0
test/03_system/compiler/parser_spec.spl	1	ERROR	2	1	1	0
test/03_system/compiler/parser_system_spec.spl	0	OK	8	8	0	0
test/03_system/compiler/phase2_low_memory_bridge_admission_contract_spec.spl	1	ERROR	4	2	2	0
test/03_system/compiler/remote_interpreter_backend_spec.spl	0	OK	22	22	0	0
test/03_system/compiler/pure_simple_vhdl_source_of_truth_spec.spl	1	ERROR	24	4	20	0
test/03_system/compiler/rtl_mdsoc_byte_equal_spec.spl	1	ERROR	12	5	4	3
test/03_system/compiler/rtl_mdsoc_capsule_boundary_spec.spl	1	ERROR	22	1	21	0
test/03_system/compiler/rtl_mdsoc_plugin_stubs_spec.spl	1	ERROR	20	0	20	0
test/03_system/compiler/runtime_comprehensive/runtime_comprehensive_10_system_spec.spl	0	OK	8	8	0	0
test/03_system/compiler/runtime_comprehensive/runtime_comprehensive_11_system_spec.spl	0	OK	8	8	0	0
test/03_system/compiler/runtime_comprehensive/runtime_comprehensive_12_system_spec.spl	0	OK	8	8	0	0
test/03_system/compiler/runtime_comprehensive/runtime_comprehensive_13_system_spec.spl	0	OK	8	8	0	0
test/03_system/compiler/runtime_comprehensive/runtime_comprehensive_15_system_spec.spl	0	OK	8	8	0	0
test/03_system/compiler/driver_api_heavy_path_spec.spl	1	ERROR	26	24	2	0
test/03_system/compiler/runtime_comprehensive/runtime_comprehensive_14_system_spec.spl	0	OK	8	8	0	0
test/03_system/compiler/runtime_comprehensive/runtime_comprehensive_16_system_spec.spl	0	OK	8	8	0	0
test/03_system/compiler/runtime_comprehensive/runtime_comprehensive_17_system_spec.spl	0	OK	8	8	0	0
test/03_system/compiler/driver_api_external_facade_spec.spl	1	ERROR	9	6	3	0
test/03_system/compiler/runtime_comprehensive/runtime_comprehensive_18_system_spec.spl	0	OK	8	8	0	0
test/03_system/compiler/runtime_comprehensive/runtime_comprehensive_19_system_spec.spl	0	OK	8	8	0	0
test/03_system/compiler/runtime_comprehensive/runtime_comprehensive_1_system_spec.spl	0	OK	8	8	0	0
test/03_system/compiler/runtime_comprehensive/runtime_comprehensive_20_system_spec.spl	0	OK	8	8	0	0
test/03_system/compiler/runtime_comprehensive/runtime_comprehensive_21_system_spec.spl	0	OK	8	8	0	0
test/03_system/compiler/runtime_comprehensive/runtime_comprehensive_22_system_spec.spl	0	OK	8	8	0	0
test/03_system/compiler/runtime_comprehensive/runtime_comprehensive_23_system_spec.spl	0	OK	8	8	0	0
test/03_system/compiler/runtime_comprehensive/runtime_comprehensive_24_system_spec.spl	0	OK	8	8	0	0
test/03_system/compiler/runtime_comprehensive/runtime_comprehensive_25_system_spec.spl	0	OK	8	8	0	0
test/03_system/compiler/runtime_comprehensive/runtime_comprehensive_26_system_spec.spl	0	OK	8	8	0	0
test/03_system/compiler/runtime_comprehensive/runtime_comprehensive_27_system_spec.spl	0	OK	8	8	0	0
test/03_system/compiler/runtime_comprehensive/runtime_comprehensive_28_system_spec.spl	0	OK	8	8	0	0
test/03_system/compiler/runtime_comprehensive/runtime_comprehensive_29_system_spec.spl	0	OK	8	8	0	0
test/03_system/compiler/runtime_comprehensive/runtime_comprehensive_2_system_spec.spl	0	OK	8	8	0	0
test/03_system/compiler/runtime_comprehensive/runtime_comprehensive_30_system_spec.spl	0	OK	8	8	0	0
test/03_system/compiler/runtime_comprehensive/runtime_comprehensive_31_system_spec.spl	0	OK	8	8	0	0
test/03_system/compiler/runtime_comprehensive/runtime_comprehensive_32_system_spec.spl	0	OK	8	8	0	0
test/03_system/compiler/runtime_comprehensive/runtime_comprehensive_33_system_spec.spl	0	OK	8	8	0	0
test/03_system/compiler/runtime_comprehensive/runtime_comprehensive_34_system_spec.spl	0	OK	8	8	0	0
test/03_system/compiler/runtime_comprehensive/runtime_comprehensive_35_system_spec.spl	0	OK	8	8	0	0
test/03_system/compiler/runtime_comprehensive/runtime_comprehensive_36_system_spec.spl	0	OK	8	8	0	0
test/03_system/compiler/runtime_comprehensive/runtime_comprehensive_37_system_spec.spl	0	OK	8	8	0	0
test/03_system/compiler/runtime_comprehensive/runtime_comprehensive_38_system_spec.spl	0	OK	8	8	0	0
test/03_system/compiler/runtime_comprehensive/runtime_comprehensive_39_system_spec.spl	0	OK	8	8	0	0
test/03_system/compiler/runtime_comprehensive/runtime_comprehensive_3_system_spec.spl	0	OK	8	8	0	0
test/03_system/compiler/runtime_comprehensive/runtime_comprehensive_41_system_spec.spl	0	OK	8	8	0	0
test/03_system/compiler/runtime_comprehensive/runtime_comprehensive_40_system_spec.spl	0	OK	8	8	0	0
test/03_system/compiler/runtime_comprehensive/runtime_comprehensive_42_system_spec.spl	0	OK	8	8	0	0
test/03_system/compiler/runtime_comprehensive/runtime_comprehensive_43_system_spec.spl	0	OK	8	8	0	0
test/03_system/compiler/runtime_comprehensive/runtime_comprehensive_44_system_spec.spl	0	OK	8	8	0	0
test/03_system/compiler/runtime_comprehensive/runtime_comprehensive_45_system_spec.spl	0	OK	8	8	0	0
test/03_system/compiler/runtime_comprehensive/runtime_comprehensive_46_system_spec.spl	0	OK	8	8	0	0
test/03_system/compiler/runtime_comprehensive/runtime_comprehensive_47_system_spec.spl	0	OK	8	8	0	0
test/03_system/compiler/runtime_comprehensive/runtime_comprehensive_48_system_spec.spl	0	OK	8	8	0	0
test/03_system/compiler/runtime_comprehensive/runtime_comprehensive_49_system_spec.spl	0	OK	8	8	0	0
test/03_system/compiler/runtime_comprehensive/runtime_comprehensive_4_system_spec.spl	0	OK	8	8	0	0
test/03_system/compiler/runtime_comprehensive/runtime_comprehensive_50_system_spec.spl	0	OK	8	8	0	0
test/03_system/compiler/runtime_comprehensive/runtime_comprehensive_5_system_spec.spl	0	OK	8	8	0	0
test/03_system/compiler/runtime_comprehensive/runtime_comprehensive_6_system_spec.spl	0	OK	8	8	0	0
test/03_system/compiler/runtime_comprehensive/runtime_comprehensive_7_system_spec.spl	0	OK	8	8	0	0
test/03_system/compiler/runtime_comprehensive/runtime_comprehensive_8_system_spec.spl	0	OK	8	8	0	0
test/03_system/compiler/runtime_comprehensive/runtime_comprehensive_9_system_spec.spl	0	OK	8	8	0	0
test/03_system/compiler/scalar_interpolation_engine_parity_sweep_spec.spl	1	ERROR	4	1	3	0
test/03_system/compiler/severity_spec.spl	1	ERROR	23	22	1	0
test/03_system/compiler/sffi_bidirectional_interop_spec.spl	0	OK	4	4	0	0
test/03_system/compiler/sffi_v2_p0_fail_closed_spec.spl	1	ERROR	4	0	4	0
test/03_system/compiler/stage3_segfault_fix_spec.spl	0	OK	18	18	0	0
test/03_system/compiler/static_polymorphism_spec.spl	0	OK	15	15	0	0
test/03_system/compiler/stage4_streaming_live_slope_gate_spec.spl	0	OK	6	6	0	0
test/03_system/compiler/string_codegen_regression_spec.spl	1	ERROR	12	1	11	0
test/03_system/compiler/struct_reorder_spec.spl	0	OK	12	12	0	0
test/03_system/compiler/string_escape_spec.spl	0	OK	32	32	0	0
test/03_system/compiler/symbol_analysis_spec.spl	0	OK	1	1	0	0
test/03_system/compiler/symbol_hash_spec.spl	1	ERROR	0	0	0	0
test/03_system/compiler/symbol_table_system_spec.spl	0	OK	8	8	0	0
test/03_system/compiler/simple_smf_format_validity_spec.spl	1	ERROR	14	0	14	0
test/03_system/compiler/trait_default_cross_module_codegen_regression_spec.spl	1	ERROR	3	0	3	0
test/03_system/compiler/type_checker_system_spec.spl	0	OK	8	8	0	0
test/03_system/compiler/types_system_spec.spl	0	OK	8	8	0	0
test/03_system/compiler/user_option_enum_match_lowering_system_spec.spl	1	ERROR	0	0	0	0
test/03_system/compiler/vhdl_backend_cli_smoke_spec.spl	1	ERROR	2	0	2	0
test/03_system/compiler/vhdl_mir_backend_call_port_map_spec.spl	1	NOVERDICT	0	0	1	0
test/03_system/compiler/vhdl_clocked_testbench_conversion_spec.spl	0	OK	46	46	0	0
test/03_system/compiler/vhdl_mir_backend_multi_output_spec.spl	1	NOVERDICT	0	0	1	0
test/03_system/compiler/vhdl_sim_runner_integration_spec.spl	0	OK	41	41	0	0
test/03_system/feature/app/codegen_parity_completion_spec.spl	0	OK	8	8	0	0
test/03_system/compiler/vhdl_testbench_conversion_spec.spl	0	OK	39	39	0	0
test/03_system/feature/app/compiler_services_error_cases_spec.spl	0	OK	30	30	0	0
test/03_system/feature/app/compiler_services_feature_spec.spl	0	OK	41	41	0	0
test/03_system/compiler/vhdl_backend_system_spec.spl	0	OK	10	10	0	0
test/03_system/feature/compiler/backend/native/got_plt_spec.spl	0	OK	17	17	0	0
test/03_system/feature/compiler/bootstrap_spec.spl	1	NOVERDICT	1	0	1	0
test/03_system/feature/compiler/backend/differential_llvm_spec.spl	0	OK	56	56	0	0
test/03_system/feature/compiler/bootstrap_system_spec.spl	0	OK	8	8	0	0
test/03_system/feature/compiler/compiler_basics_spec.spl	0	OK	34	34	0	0
test/03_system/feature/compiler/linker/direct_elf_basic_spec.spl	0	OK	1	1	0	0
test/03_system/feature/compiler/linker/direct_elf_spec.spl	0	OK	15	15	0	0
test/03_system/feature/compiler/native_compile_elf_spec.spl	0	OK	2	2	0	0
test/03_system/feature/compiler/mir_complex_spec.spl	0	OK	1	1	0	0
test/03_system/feature/compiler/mir_builder_spec.spl	0	OK	2	2	0	0
test/03_system/feature/compiler/mir_native_spec.spl	0	OK	3	3	0	0
test/03_system/feature/compiler/pipeline_multi_spec.spl	0	OK	51	51	0	0
test/03_system/feature/compiler/pipeline_native_spec.spl	0	OK	2	2	0	0
test/03_system/feature/compiler/pure_simple_stage_sanity_spec.spl	1	ERROR	2	0	2	0
test/03_system/feature/compiler/sample/python_inspired_sample/classes_spec.spl	0	OK	4	4	0	0
test/03_system/feature/compiler/sample/python_inspired_sample/basic_expressions_spec.spl	0	OK	12	12	0	0
test/03_system/feature/compiler/sample/python_inspired_sample/collections_spec.spl	0	OK	8	8	0	0
test/03_system/feature/compiler/sample/python_inspired_sample/control_flow_spec.spl	0	OK	7	7	0	0
test/03_system/feature/compiler/sample/python_inspired_sample/functions_spec.spl	1	ERROR	9	7	2	0
test/03_system/feature/compiler/type_inference_string_slice_spec.spl	0	OK	8	8	0	0
test/03_system/feature/compiler/storage_layout_custom_native_execution_spec.spl	1	ERROR	1	0	1	0
test/03_system/feature/compiler/x86_avx2_custom_native_execution_spec.spl	1	NOVERDICT	0	0	1	0
test/03_system/feature/features/parser/parser_deprecation_warnings_spec.spl	1	ERROR	31	16	15	0
test/03_system/feature/features/parser/parser_type_annotations_spec.spl	0	OK	33	33	0	0
test/03_system/feature/features/runtime_system_spec.spl	0	OK	8	8	0	0
test/03_system/feature/features/type_checker/dyn_trait_coverage_spec.spl	0	OK	5	5	0	0
test/03_system/feature/features/type_checker/type_checker_basic_spec.spl	0	OK	4	4	0	0
test/03_system/feature/features/type_inference/dyn_trait_spec.spl	0	OK	10	10	0	0
test/03_system/feature/features/type_inference/transitive_mixin_spec.spl	0	OK	11	11	0	0
test/03_system/feature/interpreter/control_flow_spec.spl	0	OK	24	24	0	0
test/03_system/feature/interpreter/interpreter_basics_spec.spl	0	OK	5	5	0	0
test/03_system/feature/interpreter/interpreter_sample_spec.spl	0	OK	5	5	0	0
test/03_system/feature/interpreter/runtime_error_stack_spec.spl	1	ERROR	1	0	1	0
test/03_system/feature/interpreter/sample/python_inspired_sample/basic_expressions_spec.spl	0	OK	15	15	0	0
test/03_system/feature/interpreter/sample/python_inspired_sample/collections_spec.spl	0	OK	10	10	0	0
test/03_system/feature/interpreter/sample/python_inspired_sample/control_flow_spec.spl	1	ERROR	7	6	1	0
test/03_system/feature/interpreter/sample/python_inspired_sample/functions_mixed_spec.spl	0	OK	5	5	0	0
test/03_system/feature/interpreter/sample/python_inspired_sample/functions_print_spec.spl	0	OK	4	4	0	0
test/03_system/feature/interpreter/sample/python_inspired_sample/none_nil_handling_spec.spl	0	OK	6	6	0	0
test/03_system/feature/interpreter/sample/python_inspired_sample/functions_return_spec.spl	0	OK	5	5	0	0
test/03_system/feature/interpreter/sample/python_inspired_sample/variables_assignment_spec.spl	0	OK	7	7	0	0
test/03_system/feature/language/fuzz/parser_roundtrip_fuzz_spec.spl	0	OK	10	10	0	0
test/03_system/feature/language/type_inference_spec.spl	0	OK	16	16	0	0
test/03_system/feature/mode_filter/interpreter_only_spec.spl	0	OK	1	1	0	0
test/03_system/feature/usage/interpreter_interface_spec.spl	0	OK	9	9	0	0
test/03_system/feature/plugin/runtime_api_plugin_spec.spl	1	ERROR	8	1	7	0
test/03_system/feature/usage/parser_contextual_keywords_simple_spec.spl	0	OK	12	12	0	0
test/03_system/feature/usage/parser_declarations_spec.spl	0	OK	38	38	0	0
test/03_system/compiler/vhdl_source_facade_spec.spl	1	ERROR	40	34	6	0
test/03_system/feature/usage/parser_default_keyword_spec.spl	0	OK	18	18	0	0
test/03_system/feature/usage/parser_deprecation_warnings_spec.spl	0	OK	31	31	0	0
test/03_system/feature/usage/parser_dual_argument_syntax_spec.spl	0	OK	32	32	0	0
test/03_system/feature/usage/parser_edge_cases_spec.spl	0	OK	9	9	0	0
test/03_system/feature/usage/parser_error_recovery_spec.spl	1	ERROR	38	36	2	0
test/03_system/feature/usage/parser_expressions_spec.spl	0	OK	55	55	0	0
test/03_system/feature/usage/parser_functions_spec.spl	0	OK	33	33	0	0
test/03_system/feature/usage/parser_keywords_spec.spl	0	OK	22	22	0	0
test/03_system/feature/usage/parser_literals_spec.spl	0	OK	55	55	0	0
test/03_system/feature/usage/parser_match_expression_spec.spl	0	OK	9	9	0	0
test/03_system/feature/compiler/driver_native_spec.spl	0	OK	1	1	0	0
test/03_system/feature/usage/parser_skip_basic_spec.spl	0	OK	10	10	0	0
test/03_system/feature/usage/parser_operators_spec.spl	1	ERROR	48	47	1	0
test/03_system/feature/usage/parser_skip_keyword_spec.spl	0	OK	42	42	0	0
test/03_system/feature/usage/parser_syntax_validation_spec.spl	0	OK	36	36	0	0
test/03_system/feature/usage/parser_type_annotations_spec.spl	1	ERROR	33	32	1	0
test/03_system/feature/usage/parser_static_keyword_spec.spl	0	OK	21	21	0	0
test/03_system/feature/usage/type_aliases_spec.spl	0	OK	11	11	0	0
test/03_system/feature/usage/type_conversion_spec.spl	0	OK	1	1	0	0
test/03_system/feature/usage/types_spec.spl	0	OK	5	5	0	0
test/03_system/feature/usage/type_inference_spec.spl	0	OK	29	29	0	0
test/03_system/hardware/driver_display_acceleration_boundary_spec.spl	0	OK	5	5	0	0
test/03_system/hardware/driver_dma_direct_io_spec.spl	0	OK	8	8	0	0
test/03_system/interpreter/char_from_code_non_ascii_system_spec.spl	0	OK	1	1	0	0
test/03_system/interpreter/exists_check_consumer_class_spec.spl	0	OK	13	13	0	0
test/03_system/interpreter/for_in_text_jit_system_spec.spl	0	OK	3	3	0	0
test/03_system/hardware/driver_shared_dma_contract_spec.spl	0	OK	5	5	0	0
test/03_system/interpreter/interp_dispatch_77_ufcs_spec.spl	0	OK	4	4	0	0
test/03_system/feature/js/interpreter_vars_spec.spl	1	ERROR	21	14	7	0
test/03_system/interpreter/interpreter_bugs_spec.spl	1	ERROR	20	19	1	0
test/03_system/interpreter/interp_dispatch_78_qualified_spec.spl	0	OK	4	4	0	0
test/03_system/interpreter/interpreter_regression_spec.spl	1	ERROR	26	25	1	0
test/03_system/interpreter/interpreter_system_spec.spl	0	OK	5	5	0	0
test/03_system/interpreter/nested_fn_capture_class_spec.spl	1	NOVERDICT	0	0	1	0
test/03_system/interpreter/lazy_shb_system_spec.spl	1	ERROR	0	0	0	0
test/03_system/interpreter/interp_value_semantics_b35_spec.spl	1	ERROR	12	10	2	0
test/03_system/interpreter/option_exists_check_falsy_payload_spec.spl	0	OK	10	10	0	0
test/03_system/interpreter/nested_fn_captures_block_local_spec.spl	1	ERROR	4	1	3	0
test/03_system/os/simpleos/driver_acceleration_perf_spec.spl	0	OK	3	3	0	0
test/03_system/quality/code_quality/runtime_backend_boundaries_audit_spec.spl	1	ERROR	1	0	1	0
test/03_system/tools/lint/compiler_lint_spec.spl	0	OK	1	1	0	0
test/03_system/tools/llm/claude_full/bridge/types_spec.spl	0	OK	6	6	0	0
test/03_system/tools/llm/claude_full/buddy/types_spec.spl	0	OK	4	4	0	0
test/03_system/tools/llm/claude_full/utils/memory/types_spec.spl	0	OK	2	2	0	0
test/03_system/tools/llm/claude_full/utils/powershell/parser_spec.spl	0	OK	2	2	0	0
test/03_system/tools/llm/claude_full/ink/termio/parser_spec.spl	0	OK	10	10	0	0
test/05_perf/compiler_loader_script_crosslang_perf_spec.spl	1	ERROR	12	11	1	0
test/05_perf/compiler_perf_baseline_spec.spl	0	OK	5	5	0	0
test/feature/mode_filter/interpreter_only_spec.spl	0	OK	1	1	0	0
test/feature/plugin/runtime_api_plugin_spec.spl	1	ERROR	8	1	7	0
test/feature/usage/interpreter_interface_spec.spl	0	OK	9	9	0	0
test/feature/usage/parser_declarations_spec.spl	1	ERROR	38	0	38	0
test/feature/usage/parser_contextual_keywords_simple_spec.spl	0	OK	12	12	0	0
test/feature/usage/parser_default_keyword_spec.spl	0	OK	18	18	0	0
test/05_perf/frontend_interpolation_scaling_spec.spl	0	OK	2	2	0	0
test/feature/usage/parser_deprecation_warnings_spec.spl	0	OK	31	31	0	0
test/feature/usage/parser_edge_cases_spec.spl	0	OK	9	9	0	0
test/feature/usage/parser_dual_argument_syntax_spec.spl	0	OK	32	32	0	0
test/feature/usage/parser_error_recovery_spec.spl	1	ERROR	38	36	2	0
test/feature/usage/parser_expressions_spec.spl	0	OK	55	55	0	0
test/feature/usage/parser_functions_spec.spl	0	OK	33	33	0	0
test/feature/usage/parser_keywords_spec.spl	0	OK	22	22	0	0
test/feature/usage/parser_match_expression_spec.spl	0	OK	9	9	0	0
test/feature/usage/parser_literals_spec.spl	0	OK	55	55	0	0
test/feature/usage/parser_operators_spec.spl	0	OK	48	48	0	0
test/feature/usage/parser_skip_basic_spec.spl	0	OK	10	10	0	0
test/feature/usage/parser_skip_keyword_spec.spl	0	OK	42	42	0	0
test/feature/usage/parser_static_keyword_spec.spl	0	OK	21	21	0	0
test/feature/usage/parser_syntax_validation_spec.spl	0	OK	36	36	0	0
test/feature/usage/parser_type_annotations_spec.spl	1	ERROR	33	32	1	0
test/feature/usage/type_aliases_spec.spl	0	OK	11	11	0	0
test/feature/usage/type_conversion_spec.spl	0	OK	1	1	0	0
test/feature/usage/type_inference_spec.spl	0	OK	29	29	0	0
test/feature/usage/types_spec.spl	0	OK	5	5	0	0
test/integration/app/loader_exec_memory_spec.spl	1	ERROR	2	1	1	0
test/integration/compiler/bootstrap_intensive_spec.spl	1	ERROR	36	35	1	0
test/integration/compiler/compiler_intensive_spec.spl	0	OK	8	8	0	0
test/integration/compiler/c_backend_e2e_spec.spl	0	OK	15	15	0	0
test/integration/compiler/compiler_interpreter_integration_spec.spl	0	OK	30	30	0	0
test/integration/compiler/core_interpreter_intensive_spec.spl	0	OK	6	6	0	0
test/integration/compiler/core_intensive_spec.spl	1	ERROR	32	29	3	0
test/integration/compiler/driver/native_build_frontend_cache_second_build_hits_spec.spl	1	ERROR	5	0	5	0
test/integration/compiler/driver/native_build_hir_sharding_spec.spl	1	ERROR	2	0	2	0
test/integration/compiler/driver/native_build_hir_streaming_sharding_spec.spl	1	ERROR	1	0	1	0
test/03_system/tools/lsp/compiler_70_lsp_spec.spl	1	ERROR	8	7	1	0
test/integration/compiler/driver/native_build_parse_sharding_spec.spl	1	ERROR	4	0	4	0
test/03_system/tools/lsp/compiler_20_35_lsp_spec.spl	1	ERROR	8	5	3	0
test/03_system/tools/lsp/compiler_00_15_lsp_spec.spl	1	ERROR	8	5	3	0
test/integration/compiler/lexer_integration_spec.spl	0	OK	42	42	0	0
test/03_system/tools/lsp/compiler_80_99_lsp_spec.spl	1	ERROR	8	5	3	0
test/03_system/tools/lsp/compiler_40_60_lsp_spec.spl	1	ERROR	8	5	3	0
test/integration/compiler/llvm_armv7_closure_spec.spl	0	OK	3	3	0	0
test/integration/compiler/llvm_aarch64_closure_spec.spl	0	OK	3	3	0	0
test/integration/compiler/llvm_i686_closure_spec.spl	0	OK	4	4	0	0
test/integration/compiler/llvm_riscv_closure_spec.spl	0	OK	6	6	0	0
test/integration/compiler/parser_integration_spec.spl	0	OK	45	45	0	0
test/integration/compiler/static_method_desugar_spec.spl	0	OK	1	1	0	0
test/integration/compiler/vhdl_backend_e2e_spec.spl	1	ERROR	41	21	20	0
test/integration/compiler/wasm_e2e_spec.spl	1	ERROR	4	0	4	0
test/integration/compiler/advanced_types_spec.spl	1	ERROR	10	4	6	0
test/integration/compiler/llvm_backend_e2e_spec.spl	1	ERROR	26	24	2	0
test/integration/compiler/llvm_parity_spec.spl	1	ERROR	7	0	7	0
test/integration/compiler/llvm_compiled_proof_spec.spl	1	ERROR	53	50	3	0
test/integration/app/loader_run_function_spec.spl	0	OK	1	1	0	0
test/integration/e2e/lexer_parser_integration_10_spec.spl	0	OK	8	8	0	0
test/integration/compiler/zig_embedded_features_spec.spl	0	OK	29	29	0	0
test/integration/e2e/lexer_parser_integration_1_spec.spl	0	OK	8	8	0	0
test/integration/e2e/lexer_parser_integration_2_spec.spl	0	OK	8	8	0	0
test/integration/e2e/lexer_parser_integration_3_spec.spl	0	OK	8	8	0	0
test/integration/e2e/lexer_parser_integration_4_spec.spl	0	OK	8	8	0	0
test/integration/e2e/lexer_parser_integration_5_spec.spl	0	OK	8	8	0	0
test/integration/compiler/llvm_native_link_spec.spl	1	ERROR	5	4	1	0
test/integration/e2e/lexer_parser_integration_6_spec.spl	0	OK	8	8	0	0
test/integration/e2e/lexer_parser_integration_8_spec.spl	0	OK	8	8	0	0
test/integration/e2e/lexer_parser_integration_7_spec.spl	0	OK	8	8	0	0
test/integration/e2e/lexer_parser_integration_9_spec.spl	0	OK	8	8	0	0
test/integration/e2e/mir_backend_integration_10_spec.spl	0	OK	8	8	0	0
test/integration/e2e/mir_backend_integration_1_spec.spl	0	OK	8	8	0	0
test/integration/e2e/mir_backend_integration_2_spec.spl	0	OK	8	8	0	0
test/integration/e2e/mir_backend_integration_3_spec.spl	0	OK	8	8	0	0
test/integration/e2e/mir_backend_integration_5_spec.spl	0	OK	8	8	0	0
test/integration/e2e/mir_backend_integration_4_spec.spl	0	OK	8	8	0	0
test/integration/e2e/mir_backend_integration_6_spec.spl	0	OK	8	8	0	0
test/integration/e2e/mir_backend_integration_9_spec.spl	0	OK	8	8	0	0
test/integration/e2e/mir_backend_integration_8_spec.spl	0	OK	8	8	0	0
test/integration/e2e/mir_backend_integration_7_spec.spl	0	OK	8	8	0	0
test/integration/compiler/import_syntax_spec.spl	0	OK	5	5	0	0
test/integration/e2e/parser_ast_integration_10_spec.spl	0	OK	8	8	0	0
test/integration/e2e/parser_ast_integration_1_spec.spl	0	OK	8	8	0	0
test/integration/e2e/parser_ast_integration_2_spec.spl	0	OK	8	8	0	0
test/integration/e2e/parser_ast_integration_3_spec.spl	0	OK	8	8	0	0
test/integration/e2e/parser_ast_integration_4_spec.spl	0	OK	8	8	0	0
test/integration/e2e/parser_ast_integration_6_spec.spl	0	OK	8	8	0	0
test/integration/e2e/parser_ast_integration_5_spec.spl	0	OK	8	8	0	0
test/integration/e2e/parser_ast_integration_8_spec.spl	0	OK	8	8	0	0
test/integration/e2e/parser_ast_integration_7_spec.spl	0	OK	8	8	0	0
test/integration/e2e/parser_ast_integration_9_spec.spl	0	OK	8	8	0	0
test/integration/e2e/type_check_inference_integration_1_spec.spl	0	OK	8	8	0	0
test/integration/e2e/type_check_inference_integration_2_spec.spl	0	OK	8	8	0	0
test/integration/e2e/type_check_inference_integration_10_spec.spl	0	OK	8	8	0	0
test/integration/e2e/type_check_inference_integration_3_spec.spl	0	OK	8	8	0	0
test/integration/e2e/type_check_inference_integration_5_spec.spl	0	OK	8	8	0	0
test/integration/e2e/type_check_inference_integration_4_spec.spl	0	OK	8	8	0	0
test/integration/e2e/type_check_inference_integration_7_spec.spl	0	OK	8	8	0	0
test/integration/e2e/type_check_inference_integration_6_spec.spl	0	OK	8	8	0	0
test/integration/e2e/type_check_inference_integration_8_spec.spl	0	OK	8	8	0	0
test/integration/e2e/type_check_inference_integration_9_spec.spl	0	OK	8	8	0	0
test/integration/runtime_family_spec.spl	0	OK	29	29	0	0
test/perf/compiler_perf_baseline_spec.spl	0	OK	5	5	0	0
test/integration/compiler/native_backend_e2e_spec.spl	0	OK	12	12	0	0
test/shared/types/option_utils_inline_spec.spl	0	OK	23	23	0	0
test/shared/types/try_operator_nil_none_class_spec.spl	0	OK	6	6	0	0
test/shared/types/try_operator_nil_none_spec.spl	0	OK	1	1	0	0
test/shared/types/try_operator_spec.spl	0	OK	12	12	0	0
test/system/app/compiler/feature/all_regions_spec.spl	1	ERROR	0	0	0	0
test/shared/types/pattern_matching_spec.spl	0	OK	79	79	0	0
test/system/app/compiler/feature/driver_synthetic_registration_live_spec.spl	1	ERROR	2	0	2	0
test/shared/types/union_impl_spec.spl	0	OK	31	31	0	0
test/system/app/compiler/feature/general_io_optimization_passes_spec.spl	0	OK	20	20	0	0
test/system/app/compiler/feature/host_cpu_runtime_variants_spec.spl	1	ERROR	11	10	1	0
test/system/app/compiler/feature/kairos_like_simple_mcp_llm_dashboard_spec.spl	1	ERROR	0	0	0	0
test/system/app/compiler/feature/mcpgdb_spec.spl	0	OK	3	3	0	0
test/system/app/compiler/feature/target_instruction_optimization_32bit_spec.spl	1	ERROR	0	0	0	0
test/system/app/compiler/feature/world_units_newunit_spec.spl	1	ERROR	0	0	0	0
test/system/app/compiler/feature/scheduler_process_isolation_spec.spl	0	OK	4	4	0	0
test/system/compiler/ast_system_spec.spl	0	OK	5	5	0	0
test/system/app/compiler/feature/optimization_plugin_jit_hotspot_system_spec.spl	0	OK	9	9	0	0
test/system/compiler/backend_port_system_spec.spl	0	OK	16	16	0	0
test/system/compiler/code_gen_system_spec.spl	0	OK	5	5	0	0
test/system/compiler/backend_system_spec.spl	1	ERROR	6	0	6	0
test/system/compiler_compile_options_field_access_spec.spl	0	OK	2	2	0	0
test/system/app/compiler/feature/vhdl_python_hdl_parity_spec.spl	1	ERROR	4	3	1	0
test/system/compiler/compiler_driver_system_spec.spl	0	OK	5	5	0	0
test/system/compiler/compiler_sample_spec.spl	1	ERROR	5	4	1	0
test/system/compiler/compiler_services_system_spec.spl	1	ERROR	29	25	4	0
test/system/compiler_comprehensive/compiler_comprehensive_10_system_spec.spl	0	OK	5	5	0	0
test/system/compiler_comprehensive/compiler_comprehensive_12_system_spec.spl	0	OK	5	5	0	0
test/system/compiler_comprehensive/compiler_comprehensive_11_system_spec.spl	0	OK	5	5	0	0
test/system/compiler_comprehensive/compiler_comprehensive_14_system_spec.spl	0	OK	5	5	0	0
test/system/compiler_comprehensive/compiler_comprehensive_13_system_spec.spl	0	OK	5	5	0	0
test/system/compiler_comprehensive/compiler_comprehensive_15_system_spec.spl	0	OK	5	5	0	0
test/system/compiler_comprehensive/compiler_comprehensive_16_system_spec.spl	0	OK	5	5	0	0
test/system/compiler_comprehensive/compiler_comprehensive_18_system_spec.spl	0	OK	5	5	0	0
test/system/compiler_comprehensive/compiler_comprehensive_17_system_spec.spl	0	OK	5	5	0	0
test/system/compiler_comprehensive/compiler_comprehensive_19_system_spec.spl	0	OK	5	5	0	0
test/system/compiler_comprehensive/compiler_comprehensive_20_system_spec.spl	0	OK	5	5	0	0
test/system/compiler_comprehensive/compiler_comprehensive_1_system_spec.spl	0	OK	5	5	0	0
test/system/compiler_comprehensive/compiler_comprehensive_21_system_spec.spl	0	OK	5	5	0	0
test/system/compiler_comprehensive/compiler_comprehensive_22_system_spec.spl	0	OK	5	5	0	0
test/system/compiler_comprehensive/compiler_comprehensive_23_system_spec.spl	0	OK	5	5	0	0
test/system/compiler_comprehensive/compiler_comprehensive_24_system_spec.spl	0	OK	5	5	0	0
test/system/compiler_comprehensive/compiler_comprehensive_27_system_spec.spl	0	OK	5	5	0	0
test/system/compiler_comprehensive/compiler_comprehensive_25_system_spec.spl	0	OK	5	5	0	0
test/system/compiler_comprehensive/compiler_comprehensive_26_system_spec.spl	0	OK	5	5	0	0
test/system/compiler_comprehensive/compiler_comprehensive_28_system_spec.spl	0	OK	5	5	0	0
test/system/compiler_comprehensive/compiler_comprehensive_29_system_spec.spl	0	OK	5	5	0	0
test/system/compiler_comprehensive/compiler_comprehensive_2_system_spec.spl	0	OK	5	5	0	0
test/system/compiler_comprehensive/compiler_comprehensive_33_system_spec.spl	0	OK	5	5	0	0
test/system/compiler_comprehensive/compiler_comprehensive_30_system_spec.spl	0	OK	5	5	0	0
test/system/compiler_comprehensive/compiler_comprehensive_31_system_spec.spl	0	OK	5	5	0	0
test/system/compiler_comprehensive/compiler_comprehensive_32_system_spec.spl	0	OK	5	5	0	0
test/system/compiler_comprehensive/compiler_comprehensive_34_system_spec.spl	0	OK	5	5	0	0
test/system/compiler_comprehensive/compiler_comprehensive_36_system_spec.spl	0	OK	5	5	0	0
test/system/compiler_comprehensive/compiler_comprehensive_35_system_spec.spl	0	OK	5	5	0	0
test/system/compiler_comprehensive/compiler_comprehensive_38_system_spec.spl	0	OK	5	5	0	0
test/system/compiler_comprehensive/compiler_comprehensive_37_system_spec.spl	0	OK	5	5	0	0
test/system/compiler_comprehensive/compiler_comprehensive_3_system_spec.spl	0	OK	5	5	0	0
test/system/compiler_comprehensive/compiler_comprehensive_39_system_spec.spl	0	OK	5	5	0	0
test/system/compiler_comprehensive/compiler_comprehensive_40_system_spec.spl	0	OK	5	5	0	0
test/system/compiler_comprehensive/compiler_comprehensive_41_system_spec.spl	0	OK	5	5	0	0
test/system/compiler_comprehensive/compiler_comprehensive_42_system_spec.spl	0	OK	5	5	0	0
test/integration/t32_hw/modes/interpreter_spec.spl	1	ERROR	5	0	5	0
test/system/compiler_comprehensive/compiler_comprehensive_44_system_spec.spl	0	OK	5	5	0	0
test/system/compiler_comprehensive/compiler_comprehensive_43_system_spec.spl	0	OK	5	5	0	0
test/system/compiler_comprehensive/compiler_comprehensive_46_system_spec.spl	0	OK	5	5	0	0
test/system/compiler_comprehensive/compiler_comprehensive_45_system_spec.spl	0	OK	5	5	0	0
test/system/compiler_comprehensive/compiler_comprehensive_47_system_spec.spl	0	OK	5	5	0	0
test/system/compiler_comprehensive/compiler_comprehensive_48_system_spec.spl	0	OK	5	5	0	0
test/system/compiler_comprehensive/compiler_comprehensive_49_system_spec.spl	0	OK	5	5	0	0
test/system/compiler_comprehensive/compiler_comprehensive_4_system_spec.spl	0	OK	5	5	0	0
test/system/compiler_comprehensive/compiler_comprehensive_50_system_spec.spl	0	OK	5	5	0	0
test/system/compiler_comprehensive/compiler_comprehensive_5_system_spec.spl	0	OK	5	5	0	0
test/system/compiler_comprehensive/compiler_comprehensive_7_system_spec.spl	0	OK	5	5	0	0
test/system/compiler_comprehensive/compiler_comprehensive_6_system_spec.spl	0	OK	5	5	0	0
test/system/compiler_comprehensive/compiler_comprehensive_8_system_spec.spl	0	OK	5	5	0	0
test/system/compiler_comprehensive/compiler_comprehensive_9_system_spec.spl	0	OK	5	5	0	0
test/system/compiler/debug_sidecar_json_order_spec.spl	1	ERROR	22	4	10	8
test/system/compiler/diagnostics_system_spec.spl	0	OK	5	5	0	0
test/system/compiler/driver_api_tier_policy_spec.spl	0	OK	22	22	0	0
test/system/compiler/driver_synthetic_registration_live_spec.spl	1	ERROR	2	0	2	0
test/system/compiler/compiler_full_spec.spl	1	ERROR	13	8	5	0
test/system/compiler/dynamic_driver_lsm_packaging_spec.spl	1	ERROR	1	0	1	0
test/system/compiler/compiler_interpret_pipeline_spec.spl	1	ERROR	6	0	6	0
test/system/compiler/fpga_linux_split_spec.spl	1	ERROR	16	4	12	0
test/system/compiler/effects_core_spec.spl	0	OK	38	38	0	0
test/system/compiler/graph_utils_spec.spl	1	ERROR	0	0	0	0
test/system/compiler/lean_auto_gen_spec.spl	0	OK	9	9	0	0
test/system/compiler/lexer_system_spec.spl	0	OK	5	5	0	0
test/system/compiler/lean_verification_workflow_spec.spl	1	ERROR	2	1	1	0
test/system/compiler/mir_system_spec.spl	0	OK	5	5	0	0
test/system/compiler/mir_types_spec.spl	1	ERROR	0	0	0	0
test/system/compiler_import_alias_resolution_spec.spl	1	ERROR	2	0	2	0
test/system/compiler/native_backend_coverage_spec.spl	0	OK	5	5	0	0
test/system/compiler/optimizer_system_spec.spl	0	OK	5	5	0	0
test/system/compiler/parser_improvements_spec.spl	1	ERROR	19	18	1	0
test/system/compiler/native_backend_e2e_system_spec.spl	1	ERROR	7	0	7	0
test/system/compiler/parser_spec.spl	0	OK	2	2	0	0
test/system/compiler/parser_system_spec.spl	0	OK	5	5	0	0
test/system/compiler/rtl_mdsoc_byte_equal_spec.spl	1	ERROR	12	5	4	3
test/system/compiler/pure_simple_vhdl_source_of_truth_spec.spl	1	ERROR	24	4	20	0
test/system/compiler_module_scoped_hir_lowering_spec.spl	1	ERROR	2	1	1	0
test/system/compiler/rtl_mdsoc_capsule_boundary_spec.spl	1	ERROR	22	1	21	0
test/system/compiler/rtl_mdsoc_plugin_stubs_spec.spl	1	ERROR	20	0	20	0
test/system/compiler/severity_spec.spl	1	ERROR	23	22	1	0
test/system/compiler/symbol_analysis_spec.spl	0	OK	1	1	0	0
test/system/compiler/string_escape_spec.spl	0	OK	32	32	0	0
test/system/compiler/symbol_table_system_spec.spl	0	OK	5	5	0	0
test/system/compiler/type_checker_system_spec.spl	0	OK	5	5	0	0
test/system/compiler/symbol_hash_spec.spl	1	ERROR	0	0	0	0
test/system/compiler/types_system_spec.spl	0	OK	5	5	0	0
test/system/compiler/vhdl_backend_cli_smoke_spec.spl	1	ERROR	2	0	2	0
test/system/compiler/vhdl_mir_backend_call_port_map_spec.spl	1	NOVERDICT	0	0	1	0
test/system/compiler/vhdl_clocked_testbench_conversion_spec.spl	0	OK	46	46	0	0
test/system/compiler/vhdl_mir_backend_multi_output_spec.spl	1	NOVERDICT	0	0	1	0
test/system/compiler/vhdl_sim_runner_integration_spec.spl	0	OK	41	41	0	0
test/system/compiler/vhdl_testbench_conversion_spec.spl	0	OK	39	39	0	0
test/system/driver_display_acceleration_boundary_spec.spl	0	OK	5	5	0	0
test/system/driver_shared_dma_contract_spec.spl	0	OK	5	5	0	0
test/system/driver_dma_direct_io_spec.spl	0	OK	8	8	0	0
test/system/compiler/vhdl_backend_system_spec.spl	0	OK	10	10	0	0
test/system/features/parser/parser_declarations_spec.spl	0	OK	38	38	0	0
test/system/features/parser/parser_deprecation_warnings_spec.spl	0	OK	3	3	0	0
test/system/features/runtime_system_spec.spl	0	OK	3	3	0	0
test/system/features/parser/parser_type_annotations_spec.spl	0	OK	3	3	0	0
test/system/features/type_checker/dyn_trait_coverage_spec.spl	0	OK	5	5	0	0
test/system/features/type_checker/type_checker_basic_spec.spl	0	OK	4	4	0	0
test/system/features/type_inference/dyn_trait_spec.spl	0	OK	3	3	0	0
test/system/features/type_inference/transitive_mixin_spec.spl	0	OK	11	11	0	0
test/system/interpreter/interpreter_bugs_spec.spl	1	ERROR	20	19	1	0
test/system/interpreter/lazy_shb_system_spec.spl	0	OK	6	6	0	0
test/system/interpreter/interpreter_system_spec.spl	0	OK	3	3	0	0
test/system/lint/compiler_lint_spec.spl	0	OK	1	1	0	0
test/system/interpreter_regression_spec.spl	1	ERROR	26	25	1	0
test/system/compiler/driver_api_external_facade_spec.spl	1	ERROR	9	7	2	0
test/system/compiler/driver_api_heavy_path_spec.spl	0	OK	26	26	0	0
test/system/runtime_comprehensive/runtime_comprehensive_10_system_spec.spl	0	OK	3	3	0	0
test/system/runtime_comprehensive/runtime_comprehensive_11_system_spec.spl	0	OK	3	3	0	0
test/system/runtime_comprehensive/runtime_comprehensive_12_system_spec.spl	0	OK	3	3	0	0
test/system/runtime_comprehensive/runtime_comprehensive_13_system_spec.spl	0	OK	3	3	0	0
test/system/runtime_comprehensive/runtime_comprehensive_14_system_spec.spl	0	OK	3	3	0	0
test/system/runtime_comprehensive/runtime_comprehensive_15_system_spec.spl	0	OK	3	3	0	0
test/system/runtime_comprehensive/runtime_comprehensive_16_system_spec.spl	0	OK	3	3	0	0
test/system/runtime_comprehensive/runtime_comprehensive_17_system_spec.spl	0	OK	3	3	0	0
test/system/runtime_comprehensive/runtime_comprehensive_19_system_spec.spl	0	OK	3	3	0	0
test/system/runtime_comprehensive/runtime_comprehensive_18_system_spec.spl	0	OK	3	3	0	0
test/system/runtime_comprehensive/runtime_comprehensive_20_system_spec.spl	0	OK	3	3	0	0
test/system/runtime_comprehensive/runtime_comprehensive_1_system_spec.spl	0	OK	3	3	0	0
test/system/runtime_comprehensive/runtime_comprehensive_21_system_spec.spl	0	OK	3	3	0	0
test/system/runtime_comprehensive/runtime_comprehensive_22_system_spec.spl	0	OK	3	3	0	0
test/system/runtime_comprehensive/runtime_comprehensive_23_system_spec.spl	0	OK	3	3	0	0
test/system/runtime_comprehensive/runtime_comprehensive_24_system_spec.spl	0	OK	3	3	0	0
test/system/runtime_comprehensive/runtime_comprehensive_25_system_spec.spl	0	OK	3	3	0	0
test/system/runtime_comprehensive/runtime_comprehensive_26_system_spec.spl	0	OK	3	3	0	0
test/system/runtime_comprehensive/runtime_comprehensive_27_system_spec.spl	0	OK	3	3	0	0
test/system/runtime_comprehensive/runtime_comprehensive_28_system_spec.spl	0	OK	3	3	0	0
test/system/compiler/vhdl_source_facade_spec.spl	1	ERROR	40	34	6	0
test/system/runtime_comprehensive/runtime_comprehensive_29_system_spec.spl	0	OK	3	3	0	0
test/system/runtime_comprehensive/runtime_comprehensive_2_system_spec.spl	0	OK	3	3	0	0
test/system/runtime_comprehensive/runtime_comprehensive_30_system_spec.spl	0	OK	3	3	0	0
test/system/runtime_comprehensive/runtime_comprehensive_31_system_spec.spl	0	OK	3	3	0	0
test/system/runtime_comprehensive/runtime_comprehensive_32_system_spec.spl	0	OK	3	3	0	0
test/system/runtime_comprehensive/runtime_comprehensive_33_system_spec.spl	0	OK	3	3	0	0
test/system/runtime_comprehensive/runtime_comprehensive_34_system_spec.spl	0	OK	3	3	0	0
test/system/runtime_comprehensive/runtime_comprehensive_35_system_spec.spl	0	OK	3	3	0	0
test/system/runtime_comprehensive/runtime_comprehensive_36_system_spec.spl	0	OK	3	3	0	0
test/system/runtime_comprehensive/runtime_comprehensive_37_system_spec.spl	0	OK	3	3	0	0
test/system/runtime_comprehensive/runtime_comprehensive_38_system_spec.spl	0	OK	3	3	0	0
test/system/runtime_comprehensive/runtime_comprehensive_39_system_spec.spl	0	OK	3	3	0	0
test/system/runtime_comprehensive/runtime_comprehensive_40_system_spec.spl	0	OK	3	3	0	0
test/system/runtime_comprehensive/runtime_comprehensive_3_system_spec.spl	0	OK	3	3	0	0
test/system/runtime_comprehensive/runtime_comprehensive_41_system_spec.spl	0	OK	3	3	0	0
test/system/runtime_comprehensive/runtime_comprehensive_42_system_spec.spl	0	OK	3	3	0	0
test/system/runtime_comprehensive/runtime_comprehensive_43_system_spec.spl	0	OK	3	3	0	0
test/system/runtime_comprehensive/runtime_comprehensive_44_system_spec.spl	0	OK	3	3	0	0
test/system/runtime_comprehensive/runtime_comprehensive_45_system_spec.spl	0	OK	3	3	0	0
test/system/runtime_comprehensive/runtime_comprehensive_47_system_spec.spl	0	OK	3	3	0	0
test/system/runtime_comprehensive/runtime_comprehensive_46_system_spec.spl	0	OK	3	3	0	0
test/system/lsp/compiler_70_lsp_spec.spl	1	ERROR	8	7	1	0
test/system/runtime_comprehensive/runtime_comprehensive_48_system_spec.spl	0	OK	3	3	0	0
test/system/lsp/compiler_00_15_lsp_spec.spl	1	ERROR	8	5	3	0
test/system/runtime_comprehensive/runtime_comprehensive_49_system_spec.spl	0	OK	3	3	0	0
test/system/runtime_comprehensive/runtime_comprehensive_4_system_spec.spl	0	OK	3	3	0	0
test/system/runtime_comprehensive/runtime_comprehensive_50_system_spec.spl	0	OK	3	3	0	0
test/system/runtime_comprehensive/runtime_comprehensive_5_system_spec.spl	0	OK	3	3	0	0
test/system/runtime_comprehensive/runtime_comprehensive_7_system_spec.spl	0	OK	3	3	0	0
test/system/runtime_comprehensive/runtime_comprehensive_6_system_spec.spl	0	OK	3	3	0	0
test/system/runtime_comprehensive/runtime_comprehensive_8_system_spec.spl	0	OK	3	3	0	0
test/system/runtime_comprehensive/runtime_comprehensive_9_system_spec.spl	0	OK	3	3	0	0
test/system/simpleos/driver_acceleration_perf_spec.spl	0	OK	3	3	0	0
test/system/lsp/compiler_20_35_lsp_spec.spl	1	ERROR	8	5	3	0
test/unit/app/compiler_schema/compiler_schema_extract_spec.spl	0	OK	16	16	0	0
test/system/lsp/compiler_80_99_lsp_spec.spl	1	ERROR	8	5	3	0
test/unit/app/dap/interpreter_hooks_spec.spl	0	OK	1	1	0	0
test/system/lsp/compiler_40_60_lsp_spec.spl	1	ERROR	8	5	3	0
test/unit/app/interpreter/actor_scheduler_spec.spl	0	OK	1	1	0	0
test/unit/app/interpreter/actor_heap_spec.spl	0	OK	6	6	0	0
test/unit/app/interpreter/ast_convert_expr_spec.spl	0	OK	9	9	0	0
test/unit/app/doc_coverage/compiler_integration_spec.spl	1	ERROR	8	1	7	0
test/unit/app/interpreter/class_method_call_spec.spl	0	OK	1	1	0	0
test/unit/app/interpreter/collections/persistent_dict_intensive_spec.spl	0	OK	6	6	0	0
test/unit/app/interpreter/core/environment_spec.spl	0	OK	16	16	0	0
test/unit/app/interpreter/debug_spec.spl	0	OK	1	1	0	0
test/unit/app/interpreter/lazy_seq_spec.spl	0	OK	1	1	0	0
test/unit/app/interpreter/message_transfer_spec.spl	0	OK	1	1	0	0
test/unit/app/interpreter/lazy_val_spec.spl	0	OK	1	1	0	0
test/unit/app/interpreter/perf_spec.spl	0	OK	41	41	0	0
test/unit/app/interpreter/collections/persistent_vec_intensive_spec.spl	1	ERROR	36	19	17	0
test/unit/app/interpreter/persistent_dict_spec.spl	0	OK	1	1	0	0
test/unit/app/interpreter/persistent_vec_spec.spl	0	OK	1	1	0	0
test/unit/app/interpreter/refc_binary_spec.spl	0	OK	6	6	0	0
test/unit/app/interpreter/symbol_spec.spl	0	OK	1	1	0	0
test/unit/app/leak_check/parser_spec.spl	0	OK	11	11	0	0
test/unit/app/leak_check/types_spec.spl	0	OK	1	1	0	0
test/unit/app/llm_caret/types_spec.spl	0	OK	16	16	0	0
test/unit/app/llm_dashboard/data/types_taskkind_spec.spl	0	OK	6	6	0	0
test/unit/app/lsp/compiler_query_api_spec.spl	0	OK	1	1	0	0
test/unit/app/test_runner/driver_spec.spl	0	OK	6	6	0	0
test/unit/app/test_runner/types_spec.spl	0	OK	34	34	0	0
test/unit/app/ui.render/types/types_spec.spl	0	OK	30	30	0	0
test/unit/compiler/60.mir_opt/hwir_opt_spec.spl	0	OK	8	8	0	0
test/unit/compiler/all_regions_spec.spl	0	OK	6	6	0	0
test/unit/compiler/60.mir_opt/general_patterns_spec.spl	0	OK	58	58	0	0
test/unit/compiler/60.mir_opt/optimizer_manifest_backend_budget_spec.spl	1	ERROR	5	4	1	0
test/unit/compiler/assurance/package_pins_spec.spl	0	OK	2	2	0	0
test/unit/compiler/async/async_desugar_integration_spec.spl	0	OK	1	1	0	0
test/unit/compiler/60.mir_opt/pass_descriptor_budget_spec.spl	0	OK	7	7	0	0
test/unit/compiler/async/async_frame_analysis_spec.spl	0	OK	1	1	0	0
test/unit/compiler/async/async_integration_spec.spl	0	OK	21	21	0	0
test/unit/compiler/async/async_mir_spec.spl	0	OK	1	1	0	0
test/unit/compiler/async/async_mir_interpreter_spec.spl	0	OK	10	10	0	0
test/unit/compiler/async/async_pipeline_spec.spl	0	OK	1	1	0	0
test/unit/compiler/async/async_state_machine_spec.spl	0	OK	1	1	0	0
test/unit/compiler/async/poll_generator_spec.spl	0	OK	1	1	0	0
test/unit/compiler/async/async_reservation_analysis_spec.spl	0	OK	23	23	0	0
test/unit/compiler/async/state_enum_spec.spl	0	OK	1	1	0	0
test/unit/compiler/async/async_spawn_analysis_spec.spl	0	OK	26	26	0	0
test/unit/compiler/async/suspension_analysis_spec.spl	0	OK	1	1	0	0
test/unit/compiler/backend/avx2_cmp_emit_spec.spl	0	OK	2	2	0	0
test/unit/compiler/backend/avx2_fp_emit_spec.spl	0	OK	2	2	0	0
test/unit/compiler/backend/avx2_int_emit_spec.spl	0	OK	2	2	0	0
test/unit/compiler/backend/avx512_abs_spec.spl	0	OK	7	7	0	0
test/unit/compiler/backend/avx512_emit_spec.spl	0	OK	21	21	0	0
test/unit/compiler/backend/avx512_cmp_mask_spec.spl	0	OK	34	34	0	0
test/unit/compiler/backend/avx512_gather_scatter_spec.spl	0	OK	33	33	0	0
test/unit/compiler/backend/avx512_mask_emit_spec.spl	0	OK	29	29	0	0
test/unit/compiler/backend/avx512_reduction_emit_spec.spl	0	OK	47	47	0	0
test/unit/compiler/backend/avx512_vpmov_spec.spl	0	OK	21	21	0	0
test/unit/compiler/backend/avx512_vpternlog_spec.spl	0	OK	8	8	0	0
test/unit/compiler/backend/backend_basic_spec.spl	0	OK	3	3	0	0
test/unit/compiler/backend/backend_bench_matrix_spec.spl	0	OK	27	27	0	0
test/unit/compiler/backend/backend_api_spec.spl	0	OK	5	5	0	0
test/unit/compiler/backend/backend_coverage_spec.spl	0	OK	6	6	0	0
test/unit/compiler/backend/backend_factory_spec.spl	0	OK	1	1	0	0
test/unit/compiler/backend/backend_orchestration_spec.spl	0	OK	1	1	0	0
test/unit/compiler/backend/backend_port_phases_spec.spl	0	OK	19	19	0	0
test/unit/compiler/backend/backend_silent_fallback_spec.spl	0	OK	12	12	0	0
test/unit/compiler/backend/callback_trampoline_spec.spl	0	OK	24	24	0	0
test/unit/compiler/backend/codegen_trait_spec.spl	0	OK	13	13	0	0
test/unit/compiler/backend/differential_backend_consistency_spec.spl	0	OK	1	1	0	0
test/unit/compiler/backend/cranelift_gemm_fusion_spec.spl	0	OK	3	3	0	0
test/unit/compiler/backend/differential_testing_spec.spl	0	OK	1	1	0	0
test/unit/compiler/backend/c_backend_async_spec.spl	1	ERROR	3	0	3	0
test/unit/compiler/backend/encode_aarch64_crypto_spec.spl	0	OK	15	15	0	0
test/unit/compiler/backend/encode_rvv_zvk_spec.spl	0	OK	14	14	0	0
test/unit/compiler/backend/encode_x86_64_crypto_spec.spl	0	OK	14	14	0	0
test/unit/compiler/backend/execution_manager_spec.spl	0	OK	1	1	0	0
test/unit/compiler/backend/exhaustiveness_validator_spec.spl	0	OK	3	3	0	0
test/unit/compiler/backend/expression_evaluator_spec.spl	0	OK	1	1	0	0
test/unit/compiler/backend/feature_caps_spec.spl	0	OK	27	27	0	0
test/unit/compiler/backend/fma3_emit_spec.spl	0	OK	2	2	0	0
test/unit/compiler/backend/instruction_coverage_spec.spl	0	OK	1	1	0	0
test/unit/compiler/backend/backend_capability_spec.spl	1	ERROR	20	14	6	0
test/unit/compiler/backend/intrinsic_lowering_arm32_spec.spl	0	OK	46	46	0	0
test/unit/compiler/backend/intrinsic_lowering_aarch64_spec.spl	1	ERROR	52	51	1	0
test/unit/compiler/backend/intrinsic_lowering_riscv_spec.spl	0	OK	44	44	0	0
test/unit/compiler/backend/intrinsic_lowering_x86_spec.spl	0	OK	29	29	0	0
test/unit/compiler/backend/layout_attrs_spec.spl	0	OK	20	20	0	0
test/unit/compiler/backend/jit_interpreter_spec.spl	0	OK	2	2	0	0
test/unit/compiler/backend/layout_scanner_spec.spl	1	ERROR	0	0	0	0
test/unit/compiler/backend/linker/archive_parser_spec.spl	0	OK	27	27	0	0
test/unit/compiler/backend/linker/elf_reloc_target_section_spec.spl	0	OK	4	4	0	0
test/unit/compiler/backend/linker/elf_parser_spec.spl	0	OK	16	16	0	0
test/unit/compiler/backend/linker/elf_section_header_field_parity_spec.spl	0	OK	4	4	0	0
test/unit/compiler/backend/export_c_custom_name_spec.spl	0	OK	2	2	0	0
test/unit/compiler/backend/export_c_custom_name_general_spec.spl	0	OK	3	3	0	0
test/unit/compiler/backend/linker/elf_writer_spec.spl	0	OK	18	18	0	0
test/unit/compiler/backend/linker/linker_script_spec.spl	0	OK	31	31	0	0
test/unit/compiler/backend/linker/reloc_engine_spec.spl	0	OK	26	26	0	0
test/unit/compiler/backend/linker/sym_resolver_spec.spl	0	OK	20	20	0	0
test/unit/compiler/backend/interpreter_backend_spec.spl	1	ERROR	13	11	2	0
test/unit/compiler/backend/llvm_lib_backend_spec.spl	0	OK	1	1	0	0
test/unit/compiler/backend/literal_converter_spec.spl	0	OK	5	5	0	0
test/unit/app/compiler_schema/compiler_schema_grammar_spec.spl	0	OK	23	23	0	0
test/unit/compiler/backend/c_backend_export_spec.spl	1	ERROR	4	3	1	0
test/unit/compiler/backend/llvm_type_mapper_spec.spl	0	OK	4	4	0	0
test/unit/compiler/backend/llvm_ir_builder_spec.spl	1	ERROR	6	5	1	0
test/unit/compiler/backend/llvm_wasm_spec.spl	0	OK	1	1	0	0
test/unit/compiler/backend/logger_native_probe_spec.spl	1	ERROR	2	1	1	0
test/unit/compiler/backend/lowering_aarch64_crypto_spec.spl	0	OK	24	24	0	0
test/unit/compiler/backend/lowering_riscv_crypto_spec.spl	0	OK	10	10	0	0
test/unit/compiler/backend/lowering_x86_crypto_spec.spl	0	OK	16	16	0	0
test/unit/compiler/backend/macho_writer_spec.spl	0	OK	39	39	0	0
test/unit/compiler/backend/mir_instruction_complete_spec.spl	0	OK	4	4	0	0
test/unit/compiler/backend/native_bridge_spec.spl	0	OK	3	3	0	0
test/unit/compiler/backend/mir_builder_intensive_spec.spl	0	OK	4	4	0	0
test/unit/compiler/backend/native_backend_spec.spl	0	OK	1	1	0	0
test/unit/compiler/backend/interpreter_mode_spec.spl	0	OK	4	4	0	0
test/unit/compiler/backend/native/encode_x86_64_spec.spl	0	OK	1	1	0	0
test/unit/compiler/backend/native_ffi_spec.spl	0	OK	23	23	0	0
test/unit/compiler/backend/native/isel_aarch64_spec.spl	0	OK	5	5	0	0
test/unit/compiler/backend/native/encode_riscv32_spec.spl	0	OK	2	2	0	0
test/unit/compiler/backend/native/encode_riscv64_spec.spl	0	OK	37	37	0	0
test/unit/compiler/backend/llvm_phase2_backend_integration_spec.spl	0	OK	2	2	0	0
test/unit/compiler/backend/native/isel_riscv32_spec.spl	0	OK	2	2	0	0
test/unit/compiler/backend/native/isel_x86_64_spec.spl	0	OK	3	3	0	0
test/unit/compiler/backend/native/isel_riscv64_spec.spl	0	OK	6	6	0	0
test/unit/compiler/backend/neon_arith_extras_spec.spl	0	OK	38	38	0	0
test/unit/compiler/backend/native_portable_numeric_phase2_integration_spec.spl	0	OK	2	2	0	0
test/unit/compiler/backend/native_layout_spec.spl	0	OK	4	4	0	0
test/unit/compiler/backend/neon_bf16_spec.spl	0	OK	13	13	0	0
test/unit/compiler/backend/neon_cmp_emit_spec.spl	0	OK	24	24	0	0
test/unit/compiler/backend/neon_crc32_spec.spl	0	OK	11	11	0	0
test/unit/compiler/backend/neon_dot_spec.spl	0	OK	8	8	0	0
test/unit/compiler/backend/neon_emit_spec.spl	0	OK	28	28	0	0
test/unit/compiler/backend/neon_fp16_spec.spl	0	OK	26	26	0	0
test/unit/compiler/backend/neon_int_emit_spec.spl	0	OK	35	35	0	0
test/unit/compiler/backend/neon_load_store_spec.spl	0	OK	36	36	0	0
test/unit/compiler/backend/neon_sat_spec.spl	0	OK	12	12	0	0
test/unit/compiler/backend/riscv32_asm_spec.spl	0	OK	79	79	0	0
test/unit/compiler/backend/llvm_bootstrap_accumulator_reset_spec.spl	0	OK	3	3	0	0
test/unit/compiler/backend/rt_extern_decl_arity_spec.spl	1	ERROR	4	1	3	0
test/unit/compiler/backend/runtime_compiler_spec.spl	1	ERROR	3	0	3	0
test/unit/compiler/backend/rvv_fixedpt_spec.spl	0	OK	19	19	0	0
test/unit/compiler/backend/llvm_opt_pipeline_spec.spl	1	ERROR	8	6	2	0
test/unit/compiler/backend/rvv_float_spec.spl	0	OK	20	20	0	0
test/unit/compiler/backend/rvv_int_emit_spec.spl	0	OK	22	22	0	0
test/unit/compiler/backend/rvv_misc_spec.spl	0	OK	10	10	0	0
test/unit/compiler/backend/rvv_mask_emit_spec.spl	0	OK	25	25	0	0
test/unit/compiler/backend/llvm_matrix_lowering_spec.spl	1	ERROR	2	0	2	0
test/unit/compiler/backend/rvv_permute_spec.spl	0	OK	10	10	0	0
test/unit/compiler/backend/rvv_widen_spec.spl	0	OK	20	20	0	0
test/unit/compiler/backend/spipe_system_test_spec.spl	0	OK	2	2	0	0
test/unit/compiler/backend/stub_elimination_spec.spl	0	OK	21	21	0	0
test/unit/compiler/backend/sve2_cmp_emit_spec.spl	0	OK	14	14	0	0
test/unit/compiler/backend/.sspec_wrapped_entry_sspec_system_test_spec.spl	0	OK	2	2	0	0
test/unit/compiler/backend/sve2_crypto_spec.spl	0	OK	65	65	0	0
test/unit/compiler/backend/sve2_emit_spec.spl	0	OK	48	48	0	0
test/unit/compiler/backend/sve2_pred_emit_spec.spl	0	OK	18	18	0	0
test/unit/compiler/backend/sve2_extract_spec.spl	0	OK	40	40	0	0
test/unit/compiler/backend/sve2_wmul_spec.spl	0	OK	82	82	0	0
test/unit/compiler/backend/target_matrix_spec.spl	0	OK	74	74	0	0
test/unit/compiler/backend/target_presets_m33_spec.spl	0	OK	7	7	0	0
test/unit/compiler/backend/vhdl_abi_spec.spl	0	OK	37	37	0	0
test/unit/compiler/backend/vhdl_ghdl_runner_spec.spl	0	OK	22	22	0	0
test/unit/compiler/backend/vhdl_builder_spec.spl	0	OK	4	4	0	0
test/unit/compiler/backend/type_mapper_spec.spl	0	OK	4	4	0	0
test/unit/compiler/backend/vhdl_testbench_spec.spl	1	ERROR	5	4	1	0
test/unit/compiler/backend/vhdl_sim_runner_spec.spl	0	OK	4	4	0	0
test/unit/compiler/backend/vhdl_dim_constraints_spec.spl	1	ERROR	4	3	1	0
test/unit/compiler/backend/vhdl_memory_templates_spec.spl	0	OK	9	9	0	0
test/unit/compiler/backend/vhdl_rv64gc_regression_spec.spl	0	OK	23	23	0	0
test/unit/compiler/backend/vhdl_rv32i_pipeline_spec.spl	0	OK	23	23	0	0
test/unit/compiler/backend/vhdl_vendor_synthesis_smoke_spec.spl	0	OK	5	5	0	0
test/unit/compiler/backend/x86_bmi2_spec.spl	0	OK	2	2	0	0
test/unit/compiler/backend/x86_sse41_spec.spl	0	OK	21	21	0	0
test/unit/compiler/backend/x86_narrow_form_spec.spl	0	OK	78	78	0	0
test/unit/compiler/backend/x86_vex_crypto_spec.spl	0	OK	26	26	0	0
test/unit/compiler/bdd_truthy_runtime_spec.spl	0	OK	2	2	0	0
test/unit/compiler/bdd_text_eq_runtime_spec.spl	0	OK	2	2	0	0
test/unit/compiler/bitfield_sugar_spec.spl	0	OK	28	28	0	0
test/unit/compiler/blocks/block_definition_three_level_spec.spl	0	OK	1	1	0	0
test/unit/compiler/blocks/block_skip_policy_spec.spl	0	OK	1	1	0	0
test/unit/compiler/backend/vhdl_backend_spec.spl	1	ERROR	0	0	0	0
test/unit/compiler/blocks/block_outline_info_spec.spl	0	OK	1	1	0	0
test/unit/compiler/blocks/builder_api_basic_spec.spl	0	OK	2	2	0	0
test/unit/compiler/blocks/builder_api_spec.spl	0	OK	1	1	0	0
test/unit/compiler/blocks/builder_default_parser_spec.spl	0	OK	2	2	0	0
test/unit/compiler/blocks/easy_api_spec.spl	0	OK	1	1	0	0
test/unit/compiler/blocks/easy_api_basic_spec.spl	0	OK	2	2	0	0
test/unit/compiler/blocks/pre_lex_info_spec.spl	0	OK	1	1	0	0
test/unit/compiler/blocks/pre_lex_per_dsl_spec.spl	0	OK	1	1	0	0
test/unit/compiler/blocks/testing_framework_spec.spl	0	OK	2	2	0	0
test/unit/compiler/backend/riscv_target_spec.spl	1	ERROR	0	0	0	0
test/unit/compiler/blocks/testing_spec.spl	0	OK	6	6	0	0
test/unit/compiler/blocks/utils_basic_spec.spl	0	OK	2	2	0	0
test/unit/compiler/blocks/utils_spec.spl	0	OK	1	1	0	0
test/unit/compiler/borrow/lifetime_spec.spl	0	OK	6	6	0	0
test/unit/compiler/cache/cache_types_spec.spl	0	OK	13	13	0	0
test/unit/compiler/cache/cache_validator_spec.spl	0	OK	9	9	0	0
test/unit/compiler/borrow/borrow_check_spec.spl	0	OK	13	13	0	0
test/unit/compiler/cache/compile_options_hash_spec.spl	0	OK	16	16	0	0
test/unit/compiler/cache/lazy_section_spec.spl	0	OK	9	9	0	0
test/unit/compiler/codegen/baremetal_cross_module_val_spec.spl	0	OK	2	2	0	0
test/unit/compiler/cache/smf_deps_validation_spec.spl	0	OK	10	10	0	0
test/unit/compiler/codegen/baremetal_method_dispatch_spec.spl	0	OK	3	3	0	0
test/unit/compiler/codegen/codegen_coverage_spec.spl	0	OK	6	6	0	0
test/unit/compiler/codegen/f32_struct_field_roundtrip_spec.spl	1	ERROR	5	4	1	0
test/unit/compiler/codegen/gpu_portable_compute_spec.spl	1	ERROR	16	12	4	0
test/unit/compiler/backend/vhdl_constraints_spec.spl	0	OK	5	5	0	0
test/unit/compiler/codegen/match_switch_self_hosted_spec.spl	0	OK	10	10	0	0
test/unit/compiler/codegen/match_switch_codegen_spec.spl	0	OK	7	7	0	0
test/unit/compiler/codegen/me_method_body_baremetal_spec.spl	0	OK	4	4	0	0
test/unit/compiler/codegen/method_dispatch_field_access_spec.spl	0	OK	2	2	0	0
test/unit/compiler/codegen/method_dispatch_uncovered_gaps_spec.spl	0	OK	12	12	0	0
test/unit/compiler/codegen/native_cross_module_abi_spec.spl	0	OK	6	6	0	0
test/unit/compiler/backend/vhdl_type_mapper_spec.spl	0	OK	6	6	0	0
test/unit/compiler/codegen/static_method_spec.spl	0	OK	2	2	0	0
test/unit/compiler/codegen/struct_field_width_roundtrip_spec.spl	1	ERROR	5	4	1	0
test/unit/compiler/codegen/trait_dispatch_vtable_spec.spl	0	OK	6	6	0	0
test/unit/compiler/common/assurance/evidence_receipt_spec.spl	0	OK	12	12	0	0
test/unit/compiler/common/assurance/unsafe_capabilities_spec.spl	0	OK	5	5	0	0
test/unit/compiler/common/config_spec.spl	0	OK	6	6	0	0
test/unit/compiler/common/di_spec.spl	0	OK	6	6	0	0
test/unit/compiler/backend/wffi_bindgen_spec.spl	0	OK	5	5	0	0
test/unit/compiler/common/attributes_spec.spl	0	OK	5	5	0	0
test/unit/compiler/common/driver_manifest_attr_spec.spl	0	OK	4	4	0	0
test/unit/compiler/backend/wasm_codegen_spec.spl	0	OK	5	5	0	0
test/unit/compiler/common/effects_spec.spl	0	OK	6	6	0	0
test/unit/compiler/common/error_types_spec.spl	0	OK	6	6	0	0
test/unit/compiler/common/gc_config_spec.spl	0	OK	6	6	0	0
test/unit/compiler/common/export_attr_spec.spl	0	OK	9	9	0	0
test/unit/compiler/common/task_policy_attr_spec.spl	0	OK	5	5	0	0
test/unit/compiler/complete/backend_3_complete_spec.spl	0	OK	6	6	0	0
test/unit/compiler/complete/backend_1_complete_spec.spl	0	OK	6	6	0	0
test/unit/compiler/complete/backend_4_complete_spec.spl	0	OK	6	6	0	0
test/unit/compiler/complete/backend_2_complete_spec.spl	0	OK	6	6	0	0
test/unit/compiler/complete/backend_5_complete_spec.spl	0	OK	6	6	0	0
test/unit/compiler/complete/borrow_check_1_complete_spec.spl	0	OK	6	6	0	0
test/unit/compiler/complete/borrow_check_2_complete_spec.spl	0	OK	6	6	0	0
test/unit/compiler/complete/borrow_check_4_complete_spec.spl	0	OK	6	6	0	0
test/unit/compiler/complete/borrow_check_3_complete_spec.spl	0	OK	6	6	0	0
test/unit/compiler/complete/borrow_check_5_complete_spec.spl	0	OK	6	6	0	0
test/unit/compiler/complete/codegen_1_complete_spec.spl	0	OK	6	6	0	0
test/unit/compiler/complete/codegen_4_complete_spec.spl	0	OK	6	6	0	0
test/unit/compiler/complete/codegen_2_complete_spec.spl	0	OK	6	6	0	0
test/unit/compiler/complete/codegen_3_complete_spec.spl	0	OK	6	6	0	0
test/unit/compiler/complete/codegen_5_complete_spec.spl	0	OK	6	6	0	0
test/unit/compiler/complete/dependency_1_complete_spec.spl	0	OK	6	6	0	0
test/unit/compiler/complete/dependency_2_complete_spec.spl	0	OK	6	6	0	0
test/unit/compiler/complete/dependency_3_complete_spec.spl	0	OK	6	6	0	0
test/unit/compiler/complete/dependency_4_complete_spec.spl	0	OK	6	6	0	0
test/unit/compiler/complete/dependency_5_complete_spec.spl	0	OK	6	6	0	0
test/unit/compiler/complete/desugar_2_complete_spec.spl	0	OK	6	6	0	0
test/unit/compiler/complete/desugar_3_complete_spec.spl	0	OK	6	6	0	0
test/unit/compiler/complete/desugar_1_complete_spec.spl	0	OK	6	6	0	0
test/unit/compiler/complete/desugar_4_complete_spec.spl	0	OK	6	6	0	0
test/unit/compiler/complete/driver_1_complete_spec.spl	0	OK	6	6	0	0
test/unit/compiler/complete/desugar_5_complete_spec.spl	0	OK	6	6	0	0
test/unit/compiler/complete/driver_2_complete_spec.spl	0	OK	6	6	0	0
test/unit/compiler/complete/driver_4_complete_spec.spl	0	OK	6	6	0	0
test/unit/compiler/complete/driver_3_complete_spec.spl	0	OK	6	6	0	0
test/unit/compiler/complete/driver_5_complete_spec.spl	0	OK	6	6	0	0
test/unit/compiler/complete/inference_1_complete_spec.spl	0	OK	6	6	0	0
test/unit/compiler/complete/inference_2_complete_spec.spl	0	OK	6	6	0	0
test/unit/compiler/complete/inference_3_complete_spec.spl	0	OK	6	6	0	0
test/unit/compiler/complete/inference_4_complete_spec.spl	0	OK	6	6	0	0
test/unit/compiler/complete/inference_5_complete_spec.spl	0	OK	6	6	0	0
test/unit/compiler/complete/linker_1_complete_spec.spl	0	OK	6	6	0	0
test/unit/compiler/complete/linker_3_complete_spec.spl	0	OK	6	6	0	0
test/unit/compiler/complete/linker_2_complete_spec.spl	0	OK	6	6	0	0
test/unit/compiler/complete/linker_4_complete_spec.spl	0	OK	6	6	0	0
test/unit/compiler/complete/linker_5_complete_spec.spl	0	OK	6	6	0	0
test/unit/compiler/complete/loader_1_complete_spec.spl	0	OK	6	6	0	0
test/unit/compiler/complete/loader_2_complete_spec.spl	0	OK	6	6	0	0
test/unit/compiler/complete/loader_3_complete_spec.spl	0	OK	6	6	0	0
test/unit/compiler/complete/loader_4_complete_spec.spl	0	OK	6	6	0	0
test/unit/compiler/complete/loader_5_complete_spec.spl	0	OK	6	6	0	0
test/unit/compiler/complete/lowering_2_complete_spec.spl	0	OK	6	6	0	0
test/unit/compiler/complete/lowering_4_complete_spec.spl	0	OK	6	6	0	0
test/unit/compiler/complete/lowering_3_complete_spec.spl	0	OK	6	6	0	0
test/unit/compiler/complete/lowering_5_complete_spec.spl	0	OK	6	6	0	0
test/unit/compiler/complete/lowering_1_complete_spec.spl	0	OK	6	6	0	0
test/unit/compiler/complete/mir_opt_1_complete_spec.spl	0	OK	6	6	0	0
test/unit/compiler/complete/mir_opt_3_complete_spec.spl	0	OK	6	6	0	0
test/unit/compiler/complete/mir_opt_2_complete_spec.spl	0	OK	6	6	0	0
test/unit/compiler/complete/mir_opt_5_complete_spec.spl	0	OK	6	6	0	0
test/unit/compiler/complete/mir_opt_4_complete_spec.spl	0	OK	6	6	0	0
test/unit/compiler/complete/monomorphize_1_complete_spec.spl	0	OK	6	6	0	0
test/unit/compiler/complete/monomorphize_3_complete_spec.spl	0	OK	6	6	0	0
test/unit/compiler/complete/monomorphize_2_complete_spec.spl	0	OK	6	6	0	0
test/unit/compiler/complete/monomorphize_4_complete_spec.spl	0	OK	6	6	0	0
test/unit/compiler/complete/monomorphize_5_complete_spec.spl	0	OK	6	6	0	0
test/unit/compiler/complete/optimizer_1_complete_spec.spl	0	OK	6	6	0	0
test/unit/compiler/complete/optimizer_2_complete_spec.spl	0	OK	6	6	0	0
test/unit/compiler/completeness/hardening_mutation_harness_spec.spl	0	OK	3	3	0	0
test/unit/compiler/complete/optimizer_3_complete_spec.spl	0	OK	6	6	0	0
test/unit/compiler/complete/optimizer_5_complete_spec.spl	0	OK	6	6	0	0
test/unit/compiler/complete/optimizer_4_complete_spec.spl	0	OK	6	6	0	0
test/unit/compiler/complete/parser_4_complete_spec.spl	0	OK	6	6	0	0
test/unit/compiler/complete/parser_3_complete_spec.spl	0	OK	6	6	0	0
test/unit/compiler/complete/parser_2_complete_spec.spl	0	OK	6	6	0	0
test/unit/compiler/complete/parser_1_complete_spec.spl	0	OK	6	6	0	0
test/unit/compiler/complete/pipeline_1_complete_spec.spl	0	OK	6	6	0	0
test/unit/compiler/complete/pipeline_3_complete_spec.spl	0	OK	6	6	0	0
test/unit/compiler/complete/parser_5_complete_spec.spl	0	OK	6	6	0	0
test/unit/compiler/complete/pipeline_2_complete_spec.spl	0	OK	6	6	0	0
test/unit/compiler/complete/pipeline_5_complete_spec.spl	0	OK	6	6	0	0
test/unit/compiler/complete/pipeline_4_complete_spec.spl	0	OK	6	6	0	0
test/unit/compiler/complete/registry_1_complete_spec.spl	0	OK	6	6	0	0
test/unit/compiler/complete/registry_3_complete_spec.spl	0	OK	6	6	0	0
test/unit/compiler/complete/registry_2_complete_spec.spl	0	OK	6	6	0	0
test/unit/compiler/complete/registry_4_complete_spec.spl	0	OK	6	6	0	0
test/unit/compiler/complete/resolver_3_complete_spec.spl	0	OK	6	6	0	0
test/unit/compiler/complete/registry_5_complete_spec.spl	0	OK	6	6	0	0
test/unit/compiler/complete/resolver_1_complete_spec.spl	0	OK	6	6	0	0
test/unit/compiler/complete/resolver_2_complete_spec.spl	0	OK	6	6	0	0
test/unit/compiler/complete/resolver_5_complete_spec.spl	0	OK	6	6	0	0
test/unit/compiler/complete/resolver_4_complete_spec.spl	0	OK	6	6	0	0
test/unit/compiler/complete/semantics_1_complete_spec.spl	0	OK	6	6	0	0
test/unit/compiler/complete/semantics_2_complete_spec.spl	0	OK	6	6	0	0
test/unit/compiler/complete/semantics_3_complete_spec.spl	0	OK	6	6	0	0
test/unit/compiler/complete/semantics_4_complete_spec.spl	0	OK	6	6	0	0
test/unit/compiler/complete/semantics_5_complete_spec.spl	0	OK	6	6	0	0
test/unit/compiler/complete/type_check_3_complete_spec.spl	0	OK	6	6	0	0
test/unit/compiler/complete/type_check_5_complete_spec.spl	0	OK	6	6	0	0
test/unit/compiler/complete/type_check_2_complete_spec.spl	0	OK	6	6	0	0
test/unit/compiler/complete/type_check_4_complete_spec.spl	0	OK	6	6	0	0
test/unit/compiler/complete/type_check_1_complete_spec.spl	0	OK	6	6	0	0
test/unit/compiler/complete/type_infer_1_complete_spec.spl	0	OK	6	6	0	0
test/unit/compiler/complete/type_infer_2_complete_spec.spl	0	OK	6	6	0	0
test/unit/compiler/complete/type_infer_4_complete_spec.spl	0	OK	6	6	0	0
test/unit/compiler/complete/type_infer_3_complete_spec.spl	0	OK	6	6	0	0
test/unit/compiler/config/chained_enum_method_spec.spl	0	OK	31	31	0	0
test/unit/compiler/config/dict_get_optional_spec.spl	0	OK	19	19	0	0
test/unit/compiler/config/compiler_profile_spec.spl	0	OK	16	16	0	0
test/unit/compiler/config/compiler_config_spec.spl	0	OK	32	32	0	0
test/unit/compiler/config/error_formatter_spec.spl	0	OK	1	1	0	0
test/unit/compiler/config/literal_config_spec.spl	0	OK	1	1	0	0
test/unit/compiler/config/type_inference_config_spec.spl	0	OK	63	63	0	0
test/unit/compiler/control_flow/while_basic_spec.spl	0	OK	1	1	0	0
test/unit/compiler_core/annotation_intrinsics_spec.spl	0	OK	1	1	0	0
test/unit/compiler/complete/type_infer_5_complete_spec.spl	0	OK	6	6	0	0
test/unit/compiler_core/ast_clone_spec.spl	0	OK	1	1	0	0
test/unit/compiler_core/ast_coverage_spec.spl	0	OK	6	6	0	0
test/unit/compiler_core/auto_coverage_11_spec.spl	0	OK	6	6	0	0
test/unit/compiler_core/auto_coverage_10_spec.spl	0	OK	6	6	0	0
test/unit/compiler_core/auto_coverage_12_spec.spl	0	OK	6	6	0	0
test/unit/compiler_core/auto_coverage_1_spec.spl	0	OK	6	6	0	0
test/unit/compiler_core/ast_spec.spl	1	ERROR	11	8	3	0
test/unit/compiler_core/auto_coverage_3_spec.spl	0	OK	6	6	0	0
test/unit/compiler_core/auto_coverage_2_spec.spl	0	OK	6	6	0	0
test/unit/compiler_core/auto_coverage_4_spec.spl	0	OK	6	6	0	0
test/unit/compiler_core/auto_coverage_5_spec.spl	0	OK	6	6	0	0
test/unit/compiler_core/auto_coverage_6_spec.spl	0	OK	6	6	0	0
test/unit/compiler_core/auto_coverage_8_spec.spl	0	OK	6	6	0	0
test/unit/compiler_core/auto_coverage_9_spec.spl	0	OK	6	6	0	0
test/unit/compiler_core/auto_coverage_7_spec.spl	0	OK	6	6	0	0
test/unit/compiler_core/bind_stmt_spec.spl	0	OK	1	1	0	0
test/unit/compiler_core/bidir_type_check_spec.spl	0	OK	1	1	0	0
test/unit/compiler_core/branch_coverage_10_spec.spl	0	OK	6	6	0	0
test/unit/compiler_core/branch_coverage_11_spec.spl	0	OK	6	6	0	0
test/unit/compiler_core/branch_coverage_13_spec.spl	0	OK	6	6	0	0
test/unit/compiler_core/branch_coverage_14_spec.spl	0	OK	6	6	0	0
test/unit/compiler_core/branch_coverage_16_spec.spl	0	OK	6	6	0	0
test/unit/compiler_core/branch_coverage_15_spec.spl	0	OK	6	6	0	0
test/unit/compiler_core/branch_coverage_18_spec.spl	0	OK	6	6	0	0
test/unit/compiler_core/branch_coverage_17_spec.spl	0	OK	6	6	0	0
test/unit/compiler_core/branch_coverage_19_spec.spl	0	OK	6	6	0	0
test/unit/compiler_core/branch_coverage_12_spec.spl	0	OK	2	2	0	0
test/unit/compiler_core/branch_coverage_1_spec.spl	0	OK	6	6	0	0
test/unit/compiler_core/branch_coverage_20_spec.spl	0	OK	6	6	0	0
test/unit/compiler_core/branch_coverage_21_spec.spl	0	OK	6	6	0	0
test/unit/compiler_core/branch_coverage_22_spec.spl	0	OK	6	6	0	0
test/unit/compiler_core/branch_coverage_24_spec.spl	0	OK	6	6	0	0
test/unit/compiler_core/branch_coverage_26_spec.spl	0	OK	6	6	0	0
test/unit/compiler_core/branch_coverage_25_spec.spl	0	OK	6	6	0	0
test/unit/compiler_core/branch_coverage_27_spec.spl	0	OK	6	6	0	0
test/unit/compiler_core/branch_coverage_28_spec.spl	0	OK	6	6	0	0
test/unit/compiler_core/branch_coverage_29_spec.spl	0	OK	6	6	0	0
test/unit/compiler_core/branch_coverage_2_spec.spl	0	OK	6	6	0	0
test/unit/compiler_core/branch_coverage_23_spec.spl	0	OK	2	2	0	0
test/unit/compiler_core/branch_coverage_31_spec.spl	0	OK	1	1	0	0
test/unit/compiler_core/branch_coverage_30_spec.spl	0	OK	6	6	0	0
test/unit/compiler_core/branch_coverage_33_spec.spl	0	OK	1	1	0	0
test/unit/compiler_core/branch_coverage_32_spec.spl	0	OK	6	6	0	0
test/unit/compiler_core/branch_coverage_36_spec.spl	0	OK	1	1	0	0
test/unit/compiler_core/branch_coverage_34_spec.spl	0	OK	6	6	0	0
test/unit/compiler_core/branch_coverage_35_spec.spl	0	OK	6	6	0	0
test/unit/compiler_core/branch_coverage_3_spec.spl	0	OK	6	6	0	0
test/unit/compiler_core/branch_coverage_4_spec.spl	0	OK	6	6	0	0
test/unit/compiler_core/branch_coverage_5_spec.spl	0	OK	6	6	0	0
test/unit/compiler_core/branch_coverage_6_spec.spl	0	OK	6	6	0	0
test/unit/compiler_core/branch_coverage_7_spec.spl	0	OK	6	6	0	0
test/unit/compiler_core/ce_block_spec.spl	0	OK	1	1	0	0
test/unit/compiler_core/branch_coverage_9_spec.spl	0	OK	6	6	0	0
test/unit/compiler_core/branch_coverage_8_spec.spl	0	OK	6	6	0	0
test/unit/compiler_core/coverage_debug_spec.spl	0	OK	6	6	0	0
test/unit/compiler_core/entity/entity_span_spec.spl	0	OK	1	1	0	0
test/unit/compiler_core/eager_yield_spec.spl	0	OK	1	1	0	0
test/unit/compiler_core/entity/entity_structure_spec.spl	0	OK	2	2	0	0
test/unit/compiler_core/compiler_branch_coverage_spec.spl	0	OK	2	2	0	0
test/unit/compiler_core/error_trace_design_spec.spl	0	OK	10	10	0	0
test/unit/compiler_core/file_class_introspection_spec.spl	0	OK	5	5	0	0
test/unit/compiler_core/exhaustiveness_spec.spl	0	OK	1	1	0	0
test/unit/compiler_core/generic_syntax_spec.spl	0	OK	1	1	0	0
test/unit/compiler_core/guard_clause_spec.spl	0	OK	6	6	0	0
test/unit/compiler_core/ignored_return_warning_spec.spl	0	OK	1	1	0	0
test/unit/compiler_core/interpreter/env_spec.spl	0	OK	1	1	0	0
test/unit/compiler_core/interpreter/eval_spec.spl	0	OK	1	1	0	0
test/unit/compiler_core/interpreter/intensive_spec.spl	0	OK	1	1	0	0
test/unit/compiler_core/interpreter/jit_spec.spl	0	OK	1	1	0	0
test/unit/compiler_core/interpreter/interp_resource_tracker_spec.spl	0	OK	18	18	0	0
test/unit/compiler_core/interpreter/ops_spec.spl	0	OK	1	1	0	0
test/unit/compiler_core/interpreter/module_loading_spec.spl	0	OK	12	12	0	0
test/unit/compiler_core/interpreter/type_checking_spec.spl	0	OK	9	9	0	0
test/unit/compiler_core/interpreter/value_spec.spl	0	OK	1	1	0	0
test/unit/compiler_core/interpreter/match_fallthrough_diagnostic_spec.spl	0	OK	24	24	0	0
test/unit/compiler_core/keyof_spec.spl	0	OK	2	2	0	0
test/unit/compiler_core/keyof_token_spec.spl	0	OK	1	1	0	0
test/unit/compiler_core/lang_basics_spec.spl	0	OK	1	1	0	0
test/unit/compiler_core/mir_spec.spl	0	OK	1	1	0	0
test/unit/compiler_core/lexer_spec.spl	0	OK	8	8	0	0
test/unit/compiler_core/mir_coverage_spec.spl	0	OK	6	6	0	0
test/unit/compiler_core/lexer_intensive_spec.spl	1	ERROR	60	59	1	0
test/unit/compiler_core/new_tokens_spec.spl	0	OK	2	2	0	0
test/unit/compiler_core/mixin_expr_spec.spl	0	OK	1	1	0	0
test/unit/compiler_core/must_use_spec.spl	0	OK	1	1	0	0
test/unit/compiler_core/parser/comprehension_spec.spl	0	OK	8	8	0	0
test/unit/compiler_core/parser/compose_operator_spec.spl	0	OK	3	3	0	0
test/unit/compiler_core/parser/short_grammar_combined_spec.spl	0	OK	5	5	0	0
test/unit/compiler_core/parser/pipe_operator_spec.spl	1	ERROR	8	7	1	0
test/unit/compiler_core/parser/short_grammar_interpreter_spec.spl	0	OK	21	21	0	0
test/unit/compiler_core/pragma_msg_spec.spl	0	OK	1	1	0	0
test/unit/compiler_core/parser/short_grammar_native_spec.spl	0	OK	6	6	0	0
test/unit/compiler_core/preprocess_conditionals_spec.spl	0	OK	1	1	0	0
test/unit/compiler_core/receive_spec.spl	0	OK	1	1	0	0
test/unit/compiler_core/parser_intensive_spec.spl	0	OK	40	40	0	0
test/unit/compiler_core/parser_option_coverage_spec.spl	0	OK	29	29	0	0
test/unit/compiler_core/parser_spec.spl	1	ERROR	24	20	4	0
test/unit/compiler_core/tmp_test_spec.spl	0	OK	1	1	0	0
test/unit/compiler_core/structural_subtyping_spec.spl	0	OK	1	1	0	0
test/unit/compiler_core/tokens_spec.spl	0	OK	2	2	0	0
test/unit/compiler_core/traits_compiles_spec.spl	0	OK	1	1	0	0
test/unit/compiler_core/traits_extended_spec.spl	0	OK	1	1	0	0
test/unit/compiler_core/traits_module_spec.spl	0	OK	1	1	0	0
test/unit/compiler_core/traits_spec.spl	0	OK	1	1	0	0
test/unit/compiler_core/types_coverage_spec.spl	0	OK	6	6	0	0
test/unit/compiler_core/type_subst_spec.spl	0	OK	1	1	0	0
test/unit/compiler_core/type_system_integration_spec.spl	0	OK	17	17	0	0
test/unit/compiler/coverage/auto_coverage_10_spec.spl	0	OK	6	6	0	0
test/unit/compiler/coverage/auto_coverage_11_spec.spl	0	OK	6	6	0	0
test/unit/compiler/coverage/auto_coverage_12_spec.spl	0	OK	6	6	0	0
test/unit/compiler/coverage/auto_coverage_1_spec.spl	0	OK	6	6	0	0
test/unit/compiler/coverage/auto_coverage_2_spec.spl	0	OK	6	6	0	0
test/unit/compiler/coverage/auto_coverage_3_spec.spl	0	OK	6	6	0	0
test/unit/compiler/coverage/auto_coverage_4_spec.spl	0	OK	6	6	0	0
test/unit/compiler/coverage/auto_coverage_5_spec.spl	0	OK	6	6	0	0
test/unit/compiler/coverage/auto_coverage_9_spec.spl	0	OK	6	6	0	0
test/unit/compiler/coverage/auto_coverage_6_spec.spl	0	OK	6	6	0	0
test/unit/compiler/coverage/auto_coverage_7_spec.spl	0	OK	6	6	0	0
test/unit/compiler/coverage/auto_coverage_8_spec.spl	0	OK	6	6	0	0
test/unit/compiler_core/types_spec.spl	1	ERROR	5	3	2	0
test/unit/compiler/coverage/branch_coverage_10_spec.spl	0	OK	2	2	0	0
test/unit/compiler/coverage/branch_coverage_11_spec.spl	0	OK	2	2	0	0
test/unit/compiler/coverage/branch_coverage_12_spec.spl	0	OK	2	2	0	0
test/unit/compiler/coverage/branch_coverage_13_spec.spl	0	OK	6	6	0	0
test/unit/compiler/coverage/branch_coverage_14_spec.spl	0	OK	2	2	0	0
test/unit/compiler/coverage/branch_coverage_15_spec.spl	0	OK	2	2	0	0
test/unit/compiler/coverage/branch_coverage_16_spec.spl	0	OK	2	2	0	0
test/unit/compiler/coverage/branch_coverage_18_spec.spl	0	OK	2	2	0	0
test/unit/compiler/coverage/branch_coverage_17_spec.spl	0	OK	6	6	0	0
test/unit/compiler/coverage/branch_coverage_19_spec.spl	0	OK	2	2	0	0
test/unit/compiler/coverage/branch_coverage_1_spec.spl	0	OK	2	2	0	0
test/unit/compiler/coverage/branch_coverage_21_spec.spl	0	OK	2	2	0	0
test/unit/compiler/coverage/branch_coverage_20_spec.spl	0	OK	2	2	0	0
test/unit/compiler/coverage/branch_coverage_22_spec.spl	0	OK	2	2	0	0
test/unit/compiler/coverage/branch_coverage_23_spec.spl	0	OK	2	2	0	0
test/unit/compiler/coverage/branch_coverage_24_spec.spl	0	OK	2	2	0	0
test/unit/compiler/coverage/branch_coverage_25_spec.spl	0	OK	2	2	0	0
test/unit/compiler/coverage/branch_coverage_2_spec.spl	0	OK	2	2	0	0
test/unit/compiler/coverage/branch_coverage_3_spec.spl	0	OK	2	2	0	0
test/unit/compiler/coverage/branch_coverage_4_spec.spl	0	OK	2	2	0	0
test/unit/compiler/coverage/branch_coverage_5_spec.spl	0	OK	2	2	0	0
test/unit/compiler/coverage/branch_coverage_6_spec.spl	0	OK	2	2	0	0
test/unit/compiler/coverage/branch_coverage_7_spec.spl	0	OK	2	2	0	0
test/unit/compiler/coverage/branch_coverage_8_spec.spl	0	OK	2	2	0	0
test/unit/compiler/coverage/branch_coverage_9_spec.spl	0	OK	2	2	0	0
test/unit/compiler/coverage/branch_coverage_spec.spl	0	OK	35	35	0	0
test/unit/compiler/custom_blocks_easy_api_spec.spl	0	OK	2	2	0	0
test/unit/compiler/custom_primitive_sffi_spec.spl	0	OK	20	20	0	0
test/unit/compiler/deep/analysis_alias_2_spec.spl	0	OK	6	6	0	0
test/unit/compiler/deep/analysis_alias_1_spec.spl	0	OK	6	6	0	0
test/unit/compiler/deep/analysis_dataflow_1_spec.spl	0	OK	6	6	0	0
test/unit/compiler/deep/analysis_alias_3_spec.spl	0	OK	6	6	0	0
test/unit/compiler/deep/analysis_dataflow_2_spec.spl	0	OK	6	6	0	0
test/unit/compiler/deep/analysis_dataflow_3_spec.spl	0	OK	6	6	0	0
test/unit/compiler/deep/analysis_escape_1_spec.spl	0	OK	6	6	0	0
test/unit/compiler/deep/analysis_escape_2_spec.spl	0	OK	6	6	0	0
test/unit/compiler/deep/analysis_escape_3_spec.spl	0	OK	6	6	0	0
test/unit/compiler/deep/analysis_liveness_1_spec.spl	0	OK	6	6	0	0
test/unit/compiler/deep/analysis_liveness_2_spec.spl	0	OK	6	6	0	0
test/unit/compiler/deep/analysis_liveness_3_spec.spl	0	OK	6	6	0	0
test/unit/compiler/deep/analysis_purity_1_spec.spl	0	OK	6	6	0	0
test/unit/compiler/deep/analysis_purity_3_spec.spl	0	OK	6	6	0	0
test/unit/compiler/deep/analysis_purity_2_spec.spl	0	OK	6	6	0	0
test/unit/compiler/deep/backend_codegen_1_spec.spl	0	OK	6	6	0	0
test/unit/compiler/deep/backend_codegen_2_spec.spl	0	OK	6	6	0	0
test/unit/compiler/deep/backend_codegen_3_spec.spl	0	OK	6	6	0	0
test/unit/compiler/deep/backend_llvm_1_spec.spl	0	OK	6	6	0	0
test/unit/compiler/deep/backend_llvm_2_spec.spl	0	OK	6	6	0	0
test/unit/compiler/deep/backend_native_1_spec.spl	0	OK	6	6	0	0
test/unit/compiler/deep/backend_llvm_3_spec.spl	0	OK	6	6	0	0
test/unit/compiler/deep/backend_native_2_spec.spl	0	OK	6	6	0	0
test/unit/compiler/deep/backend_native_3_spec.spl	0	OK	6	6	0	0
test/unit/compiler/deep/backend_wasm_2_spec.spl	0	OK	6	6	0	0
test/unit/compiler/deep/backend_wasm_1_spec.spl	0	OK	6	6	0	0
test/unit/compiler/deep/backend_wasm_3_spec.spl	0	OK	6	6	0	0
test/unit/compiler/deep/borrow_check_lifetime_1_spec.spl	0	OK	6	6	0	0
test/unit/compiler/deep/borrow_check_lifetime_3_spec.spl	0	OK	6	6	0	0
test/unit/compiler/deep/borrow_check_lifetime_2_spec.spl	0	OK	6	6	0	0
test/unit/compiler/deep/borrow_check_move_3_spec.spl	0	OK	3	3	0	0
test/unit/compiler/deep/borrow_check_region_1_spec.spl	0	OK	6	6	0	0
test/unit/compiler/deep/borrow_check_move_1_spec.spl	1	ERROR	8	7	1	0
test/unit/compiler/deep/borrow_check_move_2_spec.spl	1	ERROR	8	7	1	0
test/unit/compiler/deep/borrow_check_region_2_spec.spl	0	OK	6	6	0	0
test/unit/compiler/deep/borrow_check_region_3_spec.spl	0	OK	6	6	0	0
test/unit/compiler/deep/codegen_class_1_spec.spl	0	OK	6	6	0	0
test/unit/compiler/deep/codegen_class_2_spec.spl	0	OK	6	6	0	0
test/unit/compiler/deep/codegen_expr_1_spec.spl	0	OK	6	6	0	0
test/unit/compiler/deep/codegen_class_3_spec.spl	0	OK	6	6	0	0
test/unit/compiler/deep/codegen_expr_2_spec.spl	0	OK	6	6	0	0
test/unit/compiler/deep/codegen_fn_1_spec.spl	0	OK	6	6	0	0
test/unit/compiler/deep/codegen_expr_3_spec.spl	0	OK	6	6	0	0
test/unit/compiler/deep/codegen_fn_2_spec.spl	0	OK	6	6	0	0
test/unit/compiler/deep/codegen_stmt_2_spec.spl	0	OK	6	6	0	0
test/unit/compiler/deep/codegen_fn_3_spec.spl	0	OK	6	6	0	0
test/unit/compiler/deep/codegen_stmt_1_spec.spl	0	OK	6	6	0	0
test/unit/compiler/deep/dependency_cycle_1_spec.spl	0	OK	6	6	0	0
test/unit/compiler/deep/dependency_cycle_2_spec.spl	0	OK	6	6	0	0
test/unit/compiler/deep/codegen_stmt_3_spec.spl	0	OK	6	6	0	0
test/unit/compiler/deep/dependency_cycle_3_spec.spl	0	OK	6	6	0	0
test/unit/compiler/deep/dependency_graph_1_spec.spl	0	OK	6	6	0	0
test/unit/compiler/deep/dependency_graph_2_spec.spl	0	OK	6	6	0	0
test/unit/compiler/deep/dependency_sort_1_spec.spl	0	OK	6	6	0	0
test/unit/compiler/deep/dependency_graph_3_spec.spl	0	OK	6	6	0	0
test/unit/compiler/deep/dependency_sort_3_spec.spl	0	OK	6	6	0	0
test/unit/compiler/deep/dependency_sort_2_spec.spl	0	OK	6	6	0	0
test/unit/compiler/deep/desugar_for_1_spec.spl	0	OK	6	6	0	0
test/unit/compiler/deep/desugar_for_2_spec.spl	0	OK	6	6	0	0
test/unit/compiler/deep/desugar_for_3_spec.spl	0	OK	6	6	0	0
test/unit/compiler/deep/desugar_lambda_1_spec.spl	0	OK	6	6	0	0
test/unit/compiler/deep/desugar_lambda_2_spec.spl	0	OK	6	6	0	0
test/unit/compiler/deep/desugar_lambda_3_spec.spl	0	OK	6	6	0	0
test/unit/compiler/deep/desugar_match_3_spec.spl	0	OK	6	6	0	0
test/unit/compiler/deep/hir_builder_1_spec.spl	0	OK	6	6	0	0
test/unit/compiler/deep/desugar_match_2_spec.spl	0	OK	6	6	0	0
test/unit/compiler/deep/desugar_match_1_spec.spl	0	OK	6	6	0	0
test/unit/compiler/deep/hir_builder_2_spec.spl	0	OK	6	6	0	0
test/unit/compiler/deep/hir_builder_3_spec.spl	0	OK	6	6	0	0
test/unit/compiler/deep/hir_lowering_1_spec.spl	0	OK	6	6	0	0
test/unit/compiler/deep/hir_lowering_3_spec.spl	0	OK	6	6	0	0
test/unit/compiler/deep/hir_lowering_2_spec.spl	0	OK	6	6	0	0
test/unit/compiler/deep/linker_dynamic_1_spec.spl	0	OK	6	6	0	0
test/unit/compiler/deep/hir_validator_2_spec.spl	0	OK	6	6	0	0
test/unit/compiler/deep/hir_validator_1_spec.spl	0	OK	6	6	0	0
test/unit/compiler/deep/hir_validator_3_spec.spl	0	OK	6	6	0	0
test/unit/compiler/deep/linker_dynamic_2_spec.spl	0	OK	6	6	0	0
test/unit/compiler/deep/linker_dynamic_3_spec.spl	0	OK	6	6	0	0
test/unit/compiler/deep/linker_static_1_spec.spl	0	OK	6	6	0	0
test/unit/compiler/deep/linker_static_2_spec.spl	0	OK	6	6	0	0
test/unit/compiler/deep/linker_static_3_spec.spl	0	OK	6	6	0	0
test/unit/compiler/deep/linker_symbol_2_spec.spl	0	OK	6	6	0	0
test/unit/compiler/deep/linker_symbol_1_spec.spl	0	OK	6	6	0	0
test/unit/compiler/deep/macro_expand_2_spec.spl	0	OK	6	6	0	0
test/unit/compiler/deep/linker_symbol_3_spec.spl	0	OK	6	6	0	0
test/unit/compiler/deep/macro_expand_1_spec.spl	0	OK	6	6	0	0
test/unit/compiler/deep/macro_hygiene_1_spec.spl	0	OK	6	6	0	0
test/unit/compiler/deep/macro_expand_3_spec.spl	0	OK	6	6	0	0
test/unit/compiler/deep/macro_hygiene_2_spec.spl	0	OK	6	6	0	0
test/unit/compiler/deep/macro_hygiene_3_spec.spl	0	OK	6	6	0	0
test/unit/compiler/deep/macro_resolve_1_spec.spl	0	OK	6	6	0	0
test/unit/compiler/deep/macro_resolve_2_spec.spl	0	OK	6	6	0	0
test/unit/compiler/deep/macro_resolve_3_spec.spl	0	OK	6	6	0	0
test/unit/compiler/deep/mir_builder_1_spec.spl	0	OK	6	6	0	0
test/unit/compiler/deep/mir_builder_3_spec.spl	0	OK	6	6	0	0
test/unit/compiler/deep/mir_builder_2_spec.spl	0	OK	6	6	0	0
test/unit/compiler/deep/mir_lowering_1_spec.spl	0	OK	6	6	0	0
test/unit/compiler/deep/mir_lowering_2_spec.spl	0	OK	6	6	0	0
test/unit/compiler/deep/mir_lowering_3_spec.spl	0	OK	6	6	0	0
test/unit/compiler/deep/mir_transform_1_spec.spl	0	OK	6	6	0	0
test/unit/compiler/deep/mir_transform_2_spec.spl	0	OK	6	6	0	0
test/unit/compiler/deep/mir_transform_3_spec.spl	0	OK	6	6	0	0
test/unit/compiler/deep/mir_validator_1_spec.spl	0	OK	6	6	0	0
test/unit/compiler/deep/module_cache_1_spec.spl	0	OK	6	6	0	0
test/unit/compiler/deep/mir_validator_2_spec.spl	0	OK	6	6	0	0
test/unit/compiler/deep/mir_validator_3_spec.spl	0	OK	6	6	0	0
test/unit/compiler/deep/module_cache_2_spec.spl	0	OK	6	6	0	0
test/unit/compiler/deep/module_cache_3_spec.spl	0	OK	6	6	0	0
test/unit/compiler/deep/module_loader_1_spec.spl	0	OK	6	6	0	0
test/unit/compiler/deep/module_loader_2_spec.spl	0	OK	6	6	0	0
test/unit/compiler/deep/module_loader_3_spec.spl	0	OK	6	6	0	0
test/unit/compiler/deep/module_resolver_1_spec.spl	0	OK	6	6	0	0
test/unit/compiler/deep/module_resolver_2_spec.spl	0	OK	6	6	0	0
test/unit/compiler/deep/module_resolver_3_spec.spl	0	OK	6	6	0	0
test/unit/compiler/deep/monomorphize_generic_1_spec.spl	0	OK	6	6	0	0
test/unit/compiler/deep/monomorphize_generic_2_spec.spl	0	OK	6	6	0	0
test/unit/compiler/deep/monomorphize_generic_3_spec.spl	0	OK	6	6	0	0
test/unit/compiler/deep/monomorphize_impl_1_spec.spl	0	OK	6	6	0	0
test/unit/compiler/deep/monomorphize_impl_2_spec.spl	0	OK	6	6	0	0
test/unit/compiler/deep/monomorphize_impl_3_spec.spl	0	OK	6	6	0	0
test/unit/compiler/deep/monomorphize_trait_1_spec.spl	0	OK	6	6	0	0
test/unit/compiler/deep/monomorphize_trait_2_spec.spl	0	OK	6	6	0	0
test/unit/compiler/deep/optimization_const_fold_2_spec.spl	0	OK	6	6	0	0
test/unit/compiler/deep/optimization_const_fold_1_spec.spl	0	OK	6	6	0	0
test/unit/compiler/deep/monomorphize_trait_3_spec.spl	0	OK	6	6	0	0
test/unit/compiler/deep/optimization_const_fold_3_spec.spl	0	OK	6	6	0	0
test/unit/compiler/deep/optimization_dce_2_spec.spl	0	OK	6	6	0	0
test/unit/compiler/deep/optimization_dce_1_spec.spl	0	OK	6	6	0	0
test/unit/compiler/deep/optimization_inline_1_spec.spl	0	OK	6	6	0	0
test/unit/compiler/deep/optimization_dce_3_spec.spl	0	OK	6	6	0	0
test/unit/compiler/deep/optimization_inline_2_spec.spl	0	OK	6	6	0	0
test/unit/compiler/deep/optimization_inline_3_spec.spl	0	OK	6	6	0	0
test/unit/compiler/deep/optimization_loop_1_spec.spl	0	OK	6	6	0	0
test/unit/compiler/deep/optimization_loop_3_spec.spl	0	OK	6	6	0	0
test/unit/compiler/deep/optimization_loop_2_spec.spl	0	OK	6	6	0	0
test/unit/compiler/deep/optimization_peephole_1_spec.spl	0	OK	6	6	0	0
test/unit/compiler/deep/optimization_peephole_2_spec.spl	0	OK	6	6	0	0
test/unit/compiler/deep/optimization_peephole_3_spec.spl	0	OK	6	6	0	0
test/unit/compiler/deep/registry_fn_2_spec.spl	0	OK	6	6	0	0
test/unit/compiler/deep/registry_fn_1_spec.spl	0	OK	6	6	0	0
test/unit/compiler/deep/registry_fn_3_spec.spl	0	OK	6	6	0	0
test/unit/compiler/deep/registry_module_1_spec.spl	0	OK	6	6	0	0
test/unit/compiler/deep/registry_module_2_spec.spl	0	OK	6	6	0	0
test/unit/compiler/deep/registry_module_3_spec.spl	0	OK	6	6	0	0
test/unit/compiler/deep/registry_type_1_spec.spl	0	OK	6	6	0	0
test/unit/compiler/deep/registry_type_2_spec.spl	0	OK	6	6	0	0
test/unit/compiler/deep/registry_type_3_spec.spl	0	OK	6	6	0	0
test/unit/compiler/deep/semantics_binding_1_spec.spl	0	OK	6	6	0	0
test/unit/compiler/deep/semantics_binding_2_spec.spl	0	OK	6	6	0	0
test/unit/compiler/deep/semantics_binding_3_spec.spl	0	OK	6	6	0	0
test/unit/compiler/deep/semantics_lifetime_2_spec.spl	0	OK	6	6	0	0
test/unit/compiler/deep/semantics_lifetime_1_spec.spl	0	OK	6	6	0	0
test/unit/compiler/deep/semantics_lifetime_3_spec.spl	0	OK	6	6	0	0
test/unit/compiler/deep/semantics_scope_1_spec.spl	0	OK	6	6	0	0
test/unit/compiler/deep/semantics_scope_2_spec.spl	0	OK	6	6	0	0
test/unit/compiler/deep/semantics_scope_3_spec.spl	0	OK	6	6	0	0
test/unit/compiler/deep/type_check_expr_1_spec.spl	0	OK	6	6	0	0
test/unit/compiler/deep/type_check_expr_2_spec.spl	0	OK	6	6	0	0
test/unit/compiler/deep/type_check_expr_3_spec.spl	0	OK	6	6	0	0
test/unit/compiler/deep/type_check_pattern_1_spec.spl	0	OK	6	6	0	0
test/unit/compiler/deep/type_check_pattern_2_spec.spl	0	OK	6	6	0	0
test/unit/compiler/deep/type_check_pattern_3_spec.spl	0	OK	6	6	0	0
test/unit/compiler/deep/type_check_stmt_1_spec.spl	0	OK	6	6	0	0
test/unit/compiler/deep/type_check_stmt_2_spec.spl	0	OK	6	6	0	0
test/unit/compiler/deep/type_check_stmt_3_spec.spl	0	OK	6	6	0	0
test/unit/compiler/deep/type_inference_constraint_1_spec.spl	0	OK	6	6	0	0
test/unit/compiler/deep/type_inference_constraint_2_spec.spl	0	OK	6	6	0	0
test/unit/compiler/deep/type_inference_solver_1_spec.spl	0	OK	6	6	0	0
test/unit/compiler/deep/type_inference_constraint_3_spec.spl	0	OK	6	6	0	0
test/unit/compiler/deep/type_inference_solver_2_spec.spl	0	OK	6	6	0	0
test/unit/compiler/deep/type_inference_unify_1_spec.spl	0	OK	6	6	0	0
test/unit/compiler/deep/type_inference_solver_3_spec.spl	0	OK	6	6	0	0
test/unit/compiler/deep/type_inference_unify_2_spec.spl	0	OK	6	6	0	0
test/unit/compiler/dependency/access_policy_spec.spl	0	OK	2	2	0	0
test/unit/compiler/deep/type_inference_unify_3_spec.spl	0	OK	6	6	0	0
test/unit/compiler/dependency/friend_access_spec.spl	0	OK	19	19	0	0
test/unit/compiler/dependency/graph_basic_spec.spl	0	OK	1	1	0	0
test/unit/compiler/dependency/graph_topo_spec.spl	0	OK	1	1	0	0
test/unit/compiler/dependency/graph_cycles_spec.spl	0	OK	1	1	0	0
test/unit/compiler/dependency/import_resolution_spec.spl	0	OK	1	1	0	0
test/unit/compiler/dependency/graph_transitive_spec.spl	0	OK	1	1	0	0
test/unit/compiler/dependency/integration_spec.spl	0	OK	1	1	0	0
test/unit/compiler/dependency/macro_import_algorithms_spec.spl	0	OK	2	2	0	0
test/unit/compiler/dependency/macro_import_core_spec.spl	0	OK	2	2	0	0
test/unit/compiler/dependency/macro_import_minimal_spec.spl	0	OK	2	2	0	0
test/unit/compiler/dependency/macro_import_spec.spl	0	OK	2	2	0	0
test/unit/compiler/dependency/macro_import_theorem1_minimal_spec.spl	0	OK	2	2	0	0
test/unit/compiler/dependency/macro_import_theorem1_spec.spl	0	OK	6	6	0	0
test/unit/compiler/dependency/macro_import_theorems_spec.spl	0	OK	1	1	0	0
test/unit/compiler/dependency/symbol_spec.spl	0	OK	1	1	0	0
test/unit/compiler/dependency/resolution_spec.spl	0	OK	1	1	0	0
test/unit/compiler/dependency/visibility_integration_spec.spl	0	OK	2	2	0	0
test/unit/compiler/dependency/visibility_spec.spl	0	OK	2	2	0	0
test/unit/compiler/diagnostic_formatter_contract_spec.spl	1	ERROR	0	0	0	0
test/unit/compiler/di/di_config_spec.spl	0	OK	1	1	0	0
test/unit/compiler/di/di_lock_phases_spec.spl	0	OK	29	29	0	0
test/unit/compiler/di/di_lock_spec.spl	0	OK	15	15	0	0
test/unit/compiler/di/di_proxy_spec.spl	0	OK	1	1	0	0
test/unit/compiler/di/di_runtime_spec.spl	1	ERROR	12	11	1	0
test/unit/compiler/di/di_runtime_slots_spec.spl	0	OK	4	4	0	0
test/unit/compiler/di/di_validation_spec.spl	0	OK	10	10	0	0
test/unit/compiler/di/extensions_phases_spec.spl	0	OK	32	32	0	0
test/unit/compiler/di/export_as_spec.spl	0	OK	6	6	0	0
test/unit/compiler/di/extensions_spec.spl	0	OK	14	14	0	0
test/unit/compiler/driver/compilation_context_spec.spl	0	OK	2	2	0	0
test/unit/compiler/driver/compile_delegation_wrapper_loop_spec.spl	0	OK	6	6	0	0
test/unit/compiler/driver/compiler_services_phases_spec.spl	0	OK	30	30	0	0
test/unit/compiler/driver/compiler_shared_di_check_spec.spl	0	OK	1	1	0	0
test/unit/compiler/driver/compile_options_normalization_spec.spl	0	OK	10	10	0	0
test/unit/compiler/driver/compiler_services_spec.spl	0	OK	29	29	0	0
test/unit/compiler/driver/function_local_use_discarded_spec.spl	0	OK	8	8	0	0
test/unit/compiler/driver/logic_operand_condition_position_lower_cond_expr_spec.spl	0	OK	1	1	0	0
test/unit/compiler/driver/driver_spec.spl	0	OK	1	1	0	0
test/unit/compiler/driver/genuine_import_ownership_spec.spl	1	ERROR	3	2	1	0
test/unit/compiler/driver/pipeline_basic_spec.spl	0	OK	1	1	0	0
test/unit/compiler/driver/main_opt_level_cli_spec.spl	1	ERROR	4	2	2	0
test/unit/compiler/driver/pipeline_var_spec.spl	0	OK	1	1	0	0
test/unit/compiler/driver/pipeline_mir_spec.spl	0	OK	1	1	0	0
test/unit/compiler/driver/smf_cache_loading_spec.spl	1	ERROR	9	8	1	0
test/unit/compiler/empty_array_map_lambda_spec.spl	0	OK	2	2	0	0
test/unit/compiler/driver/vhdl_source_map_debug_spec.spl	0	OK	6	6	0	0
test/unit/compiler/executable_size_spec.spl	0	OK	6	6	0	0
test/unit/compiler/ffi_gen/backend_gating_spec.spl	0	OK	2	2	0	0
test/unit/compiler/frontend/aop_conflict_detect_spec.spl	0	OK	5	5	0	0
test/unit/compiler/ffi_gen/math_intern_codegen_spec.spl	0	OK	11	11	0	0
test/unit/compiler/driver/driver_collect_sources_single_definition_spec.spl	0	OK	4	4	0	0
test/unit/compiler/frontend/aop_debug_log_spec.spl	0	OK	15	15	0	0
test/unit/compiler/frontend/aop_ordering_spec.spl	0	OK	6	6	0	0
test/unit/compiler/frontend/aop_log_policy_spec.spl	0	OK	5	5	0	0
test/unit/compiler/frontend/aop_predicate_parser_spec.spl	0	OK	20	20	0	0
test/unit/compiler/frontend/ast_types_spec.spl	0	OK	6	6	0	0
test/unit/compiler/frontend/aop_weaving_config_spec.spl	0	OK	16	16	0	0
test/unit/compiler/frontend/dangerous_keywords_spec.spl	0	OK	18	18	0	0
test/unit/compiler/frontend/codegen_target_single_terminal_declaration_spec.spl	0	OK	2	2	0	0
test/unit/compiler/frontend/convert_nodes_loud_fallback_spec.spl	0	OK	4	4	0	0
test/unit/compiler/frontend/enum_extension/enum_extension_grammar_spec.spl	0	OK	10	10	0	0
test/unit/compiler/frontend/flat_ast_address_of_spec.spl	1	ERROR	2	1	1	0
test/unit/compiler/frontend/lexer_dead_stream_forward_progress_spec.spl	0	OK	6	6	0	0
test/unit/compiler/frontend/flat_bridge_coverage/flat_bridge_real_mapping_regression_spec.spl	0	OK	4	4	0	0
test/unit/compiler/frontend/lexer_indentation_eof_emits_token_spec.spl	0	OK	6	6	0	0
test/unit/compiler/frontend/flat_bridge_coverage/flat_decl_unsupported_loud_spec.spl	0	OK	3	3	0	0
test/unit/compiler/frontend/flat_bridge_coverage/flat_expr_unsupported_loud_spec.spl	0	OK	2	2	0	0
test/unit/compiler/frontend/flat_bridge_coverage/flat_stmt_unsupported_loud_spec.spl	0	OK	2	2	0	0
test/unit/compiler/frontend/lexer_types_spec.spl	0	OK	6	6	0	0
test/unit/compiler/frontend/pretty_printer_spec.spl	0	OK	6	6	0	0
test/unit/compiler/frontend/parser_spec.spl	0	OK	2	2	0	0
test/unit/compiler/frontend/name_resolution/module_fn_shadowed_by_builtin_name_spec.spl	0	OK	4	4	0	0
test/unit/compiler/frontend/lexer_position_unification_spec.spl	0	OK	4	4	0	0
test/unit/compiler/frontend/required_comment_parse_spec.spl	1	ERROR	17	13	4	0
test/unit/compiler/global_var_type_spec.spl	0	OK	5	5	0	0
test/unit/compiler/frontend/lexer_snapshot_spec.spl	1	ERROR	4	3	1	0
test/unit/compiler/frontend/lt_gt_generic_disambiguation_spec.spl	0	OK	9	9	0	0
test/unit/compiler/hir/hir_async_errors_spec.spl	0	OK	1	1	0	0
test/unit/compiler/hir/exhaustiveness/critical_wildcard_coverage_spec.spl	0	OK	12	12	0	0
test/unit/compiler/hir/hir_async_integration_spec.spl	0	OK	1	1	0	0
test/unit/compiler/hir/hir_async_spec.spl	0	OK	1	1	0	0
test/unit/compiler/hir/domain_block_hir_lowering_spec.spl	1	ERROR	2	1	1	0
test/unit/compiler/hir/enum_attributes_spec.spl	0	OK	7	7	0	0
test/unit/compiler/hir/enum_payload_origin_plain_use_spec.spl	1	ERROR	1	0	1	0
test/unit/compiler/hir/ast_to_hir_construct_coverage_spec.spl	0	OK	71	71	0	0
test/unit/compiler/hir/enum_lowering_end_to_end_spec.spl	0	OK	6	6	0	0
test/unit/compiler/hir/hir_eval_spec.spl	0	OK	2	2	0	0
test/unit/compiler/hir/enum_shortname_collision_two_owners_spec.spl	1	ERROR	2	0	2	0
test/unit/compiler/hir/hir_lowering_spec.spl	0	OK	1	1	0	0
test/unit/compiler/hir/hir_lower_spec.spl	0	OK	2	2	0	0
test/unit/compiler/hir/hir_new_spec.spl	0	OK	1	1	0	0
test/unit/compiler/hir/hir_module_spec.spl	0	OK	2	2	0	0
test/unit/compiler/hir/hir_stage4_field_inference_spec.spl	1	ERROR	12	9	3	0
test/unit/compiler/hir/hir_import_registration_cost_spec.spl	1	ERROR	8	6	2	0
test/unit/compiler/hir/hir_types_spec.spl	0	OK	2	2	0	0
test/unit/compiler/hir/hir_codec_roundtrip_spec.spl	0	OK	3	3	0	0
test/unit/compiler/hir/impl_lowering_self_symbol_id_spec.spl	1	ERROR	2	0	2	0
test/unit/compiler/hir/impl_self_symbol_id_scope_spec.spl	1	ERROR	3	0	3	0
test/unit/compiler/hir/hir_lowering_construct_gaps_spec.spl	1	ERROR	6	0	6	0
test/unit/compiler/hir/method_self_context_save_restore_spec.spl	1	ERROR	4	2	2	0
test/unit/compiler/hir/module_surface_index_allocation_guard_spec.spl	1	ERROR	2	0	2	0
test/unit/compiler/hir/imported_tuple_signature_dependency_spec.spl	1	ERROR	2	0	2	0
test/unit/compiler/hir/imported_composite_field_package_sibling_spec.spl	1	ERROR	1	0	1	0
test/unit/compiler/hir/module_surface_glob_export_origin_spec.spl	1	ERROR	4	2	2	0
test/unit/compiler/hir/rv32_decode_helper_hir_lowering_spec.spl	0	OK	1	1	0	0
test/unit/compiler/hir/hir_import_registration_per_symbol_cost_spec.spl	0	OK	1	1	0	0
test/unit/compiler/hir/reexport_physical_cache_spec.spl	1	ERROR	17	16	1	0
test/unit/compiler/hir/module_filename_populated_spec.spl	0	OK	2	2	0	0
test/unit/compiler/hir/self_context_pair_consistency_spec.spl	1	ERROR	2	0	2	0
test/unit/compiler/hir/symbol_table_dict_get_source_spec.spl	0	OK	2	2	0	0
test/unit/compiler/hir/tuple_match_enum_subpattern_runtime_spec.spl	0	OK	5	5	0	0
test/unit/compiler/hir/resolve_import_symbols_spec.spl	1	ERROR	32	26	6	0
test/unit/compiler/hir/package_export_route_shapes_spec.spl	0	OK	26	26	0	0
test/unit/compiler/hir/stage4_hir_value_name_dispatch_spec.spl	1	ERROR	3	0	3	0
test/unit/compiler/hir/tuple_match_enum_subpattern_spec.spl	0	OK	6	6	0	0
test/unit/compiler/hir/same_named_package_facade_reexport_spec.spl	1	ERROR	5	1	4	0
test/unit/compiler/hir/symbol_table_cross_file_impl_spec.spl	0	OK	3	3	0	0
test/unit/compiler/import_warning_spec.spl	0	OK	6	6	0	0
test/unit/compiler/interp/mir_interp_silent_fallback_spec.spl	0	OK	10	10	0	0
test/unit/compiler/hir/standalone_lowering_real_compiler_files_spec.spl	0	OK	2	2	0	0
test/unit/compiler/interpreter/callable_field_dispatch_spec.spl	1	NOVERDICT	0	0	1	0
test/unit/compiler/interpreter/compiled_module_adapter_spec.spl	0	OK	11	11	0	0
test/unit/compiler/interpreter/cast_numeric_parity_spec.spl	1	ERROR	4	2	2	0
test/unit/compiler/interpreter/enum_variant_method_lookup_spec.spl	0	OK	3	3	0	0
test/unit/compiler/interpreter/class_name_collision_warning_spec.spl	0	OK	2	2	0	0
test/unit/compiler/hir/untyped_return_nil_safe_spec.spl	0	OK	2	2	0	0
test/unit/compiler/hir/hir_codec_writer_chunked_cost_spec.spl	0	OK	3	3	0	0
test/unit/compiler/hir/void_return_type_spec.spl	0	OK	4	4	0	0
test/unit/compiler/interpreter/f32_matrix_precision_spec.spl	0	OK	15	15	0	0
test/unit/compiler/interpreter/f32_precision_spec.spl	0	OK	8	8	0	0
test/unit/compiler/interpreter/fn_field_call_spec.spl	0	OK	2	2	0	0
test/unit/compiler/interpreter/gc_family_boundary_hook_spec.spl	1	ERROR	5	0	5	0
test/unit/compiler/interpreter/gc_parity_spec.spl	0	OK	30	30	0	0
test/unit/compiler/interpreter_generator_builtin_shadowing_spec.spl	0	OK	6	6	0	0
test/unit/compiler/interpreter/indexed_augmented_assignment_spec.spl	0	OK	5	5	0	0
test/unit/compiler/interpreter/int_to_u32_spec.spl	0	OK	5	5	0	0
test/unit/compiler/interpreter/load_session_cache_spec.spl	0	OK	15	15	0	0
test/unit/compiler/interpreter/me_call_dict_field_write_cost_spec.spl	1	ERROR	1	0	1	0
test/unit/compiler/interpreter/match_binding_scope_generalization_spec.spl	1	ERROR	5	2	3	0
test/unit/compiler/interpreter/optional_return_nil_truthiness_spec.spl	0	OK	9	9	0	0
test/unit/compiler/interpreter/mir_ssa_phi_intrinsic_spec.spl	0	OK	4	4	0	0
test/unit/compiler/interpreter/optional_unwrap_bang_spec.spl	0	OK	5	5	0	0
test/unit/compiler/interpreter/self_field_assign_spec.spl	0	OK	7	7	0	0
test/unit/compiler/interpreter/runtime_buffer_index_assign_spec.spl	0	OK	5	5	0	0
test/unit/compiler/interpreter/smf_source_spec.spl	0	OK	8	8	0	0
test/unit/compiler/interpreter/static_method_overload_dispatch_spec.spl	0	OK	4	4	0	0
test/unit/compiler/interpreter/struct_literal_not_routed_to_static_new_spec.spl	0	OK	5	5	0	0
test/unit/compiler/interpreter_system_spec_body_probe_spec.spl	0	OK	4	4	0	0
test/unit/compiler/interpreter/todo_builtin_spec.spl	0	OK	1	1	0	0
test/unit/compiler/interpreter/u32_wrap_arith_spec.spl	0	OK	15	15	0	0
test/unit/compiler/interpreter/u64_literal_precision_spec.spl	0	OK	2	2	0	0
test/unit/compiler/lexer/label_token_spec.spl	0	OK	3	3	0	0
test/unit/compiler/lexer/lexer_comprehensive_spec.spl	0	OK	2	2	0	0
test/unit/compiler/lexer/lexer_import_debug_spec.spl	0	OK	1	1	0	0
test/unit/compiler/lexer/lexer_minimal_test_spec.spl	0	OK	1	1	0	0
test/unit/compiler/interpreter/tiered_jit_hotspot_spec.spl	1	ERROR	51	47	4	0
test/unit/compiler/lexer/lexer_spec.spl	0	OK	1	1	0	0
test/unit/compiler/lexer/lexer_new_spec.spl	0	OK	1	1	0	0
test/unit/compiler/lexer/multiline_string_spec.spl	0	OK	5	5	0	0
test/unit/compiler/lexer/source_position_spec.spl	0	OK	1	1	0	0
test/unit/compiler/lexer/numeric_separator_spec.spl	0	OK	6	6	0	0
test/unit/compiler/linker/lib_smf_format_spec.spl	0	OK	4	4	0	0
test/unit/compiler/linker/lib_smf_reader_spec.spl	0	OK	3	3	0	0
test/unit/compiler/linker/link_deps_spec.spl	0	OK	14	14	0	0
test/unit/compiler/linker/lib_smf_writer_spec.spl	0	OK	5	5	0	0
test/unit/compiler/interpreter/interpreter_aop_collect_generalization_spec.spl	1	ERROR	4	0	4	0
test/unit/compiler/linker/link_section_spec.spl	0	OK	29	29	0	0
test/unit/compiler/linker/lib_smf_spec.spl	1	ERROR	4	3	1	0
test/unit/compiler/linker/linker_context_spec.spl	1	ERROR	4	3	1	0
test/unit/compiler/linker/linker_spec.spl	0	OK	4	4	0	0
test/unit/compiler/linker/object_emitter_spec.spl	1	ERROR	0	0	0	0
test/unit/compiler/linker/platform_defaults_spec.spl	0	OK	27	27	0	0
test/unit/compiler/linker/smf_driver_manifest_build_spec.spl	0	OK	1	1	0	0
test/unit/compiler/linker/native_link_hardening_spec.spl	0	OK	5	5	0	0
test/unit/compiler/linker/smf_driver_manifest_section_spec.spl	0	OK	5	5	0	0
test/unit/compiler/linker/obj_taker_spec.spl	0	OK	4	4	0	0
test/unit/compiler/linker/smf_elf_passthrough_spec.spl	0	OK	5	5	0	0
test/unit/compiler/linker/smf_enum_def_round_trip_spec.spl	0	OK	15	15	0	0
test/unit/compiler/linker/smf_enums_spec.spl	0	OK	22	22	0	0
test/unit/compiler/linker/smf_header_spec.spl	0	OK	4	4	0	0
test/unit/compiler/linker/smf_integration_spec.spl	0	OK	3	3	0	0
test/unit/compiler/linker/smf_enum_def_source_round_trip_spec.spl	0	OK	11	11	0	0
test/unit/compiler/linker/smf_reloc_read_spec.spl	0	OK	11	11	0	0
test/unit/compiler/linker/smf_reloc_write_spec.spl	0	OK	8	8	0	0
test/unit/compiler/linker/fixed_backend_success_spec.spl	1	ERROR	1	0	1	0
test/unit/compiler/linker/smf_reader_memory_spec.spl	0	OK	4	4	0	0
test/unit/compiler/linker/smf_reader_spec.spl	1	ERROR	3	2	1	0
test/unit/compiler/linker/swa_zip_spec.spl	0	OK	33	33	0	0
test/unit/compiler/lint_allow_attribute_spec.spl	0	OK	6	6	0	0
test/unit/compiler/lint/lint_still_bites_prevention_spec.spl	1	ERROR	3	0	3	0
test/unit/compiler/linker/linker_wrapper_lib_support_spec.spl	0	OK	3	3	0	0
test/unit/compiler/lint/critical_file_guard_spec.spl	0	OK	9	9	0	0
test/unit/compiler/linker/smf_template_loading_spec.spl	0	OK	20	20	0	0
test/unit/compiler/lint/lint_terminates_with_verdict_spec.spl	1	ERROR	2	0	2	0
test/unit/compiler/linker/linker_wrapper_smf_spec.spl	1	ERROR	0	0	0	0
test/unit/compiler/lint/remote_exec_lint_spec.spl	0	OK	25	25	0	0
test/unit/compiler/lint/public_doc_spec.spl	0	OK	9	9	0	0
test/unit/compiler/lint/simd_opportunity_lint_spec.spl	0	OK	70	70	0	0
test/unit/compiler/linker/link_with_libraries_integration_spec.spl	0	OK	4	4	0	0
test/unit/compiler/lint/star_export_lint_spec.spl	0	OK	10	10	0	0
test/unit/compiler/lint/stub_impl_spec.spl	0	OK	60	60	0	0
test/unit/compiler/lint/required_comment_cli_spec.spl	0	OK	5	5	0	0
test/unit/compiler/lint/riscv_rtl_debuggability_spec.spl	1	ERROR	0	0	0	0
test/unit/compiler/lint/test_lint_fn_spec.spl	0	OK	2	2	0	0
test/unit/compiler/linker/object_provider_spec.spl	1	ERROR	4	2	2	0
test/unit/compiler/lint/wide_public_spec.spl	0	OK	14	14	0	0
test/unit/compiler/loader/compiler_ffi_spec.spl	1	ERROR	3	1	2	0
test/unit/compiler/loader/bootstrap_ffi_spec.spl	0	OK	3	3	0	0
test/unit/compiler/linker/object_resolver_spec.spl	0	OK	3	3	0	0
test/unit/compiler/lint_ui_rules_spec.spl	0	OK	22	22	0	0
test/unit/compiler/loader/compiler_sffi_no_shadow_types_spec.spl	0	OK	5	5	0	0
test/unit/compiler/loader/generation_sweeper_spec.spl	0	OK	11	11	0	0
test/unit/compiler/loader/completeness_seal/completeness_seal_spec.spl	0	OK	11	11	0	0
test/unit/compiler/loader/completeness_seal/loader_admission_spec.spl	0	OK	11	11	0	0
test/unit/compiler/loader/jit_compilation_context_spec.spl	0	OK	4	4	0	0
test/unit/compiler/loader/jit_instantiator_spec.spl	1	ERROR	6	5	1	0
test/unit/compiler/loader/jit_context_spec.spl	0	OK	28	28	0	0
test/unit/compiler/loader/loader_shared_core_spec.spl	0	OK	20	20	0	0
test/unit/compiler/loader/metadata_symbols_spec.spl	1	ERROR	6	4	2	0
test/unit/compiler/loader/leak_check_spec.spl	0	OK	19	19	0	0
test/unit/compiler/loader/object_mapper_spec.spl	0	OK	6	6	0	0
test/unit/compiler/loader/reloc_apply_spec.spl	0	OK	11	11	0	0
test/unit/compiler/loader/smf_cache_offset_spec.spl	0	OK	3	3	0	0
test/unit/compiler/loader/resource_lifecycle_spec.spl	0	OK	16	16	0	0
test/unit/compiler/loader/completeness_seal/source_manifest_spec.spl	0	OK	11	11	0	0
test/unit/compiler/loader/runtime_surface_spec.spl	1	ERROR	3	2	1	0
test/unit/compiler/loader/use_lazy_spec.spl	0	OK	4	4	0	0
test/unit/compiler/macros/macro_integration_spec.spl	0	OK	1	1	0	0
test/unit/compiler/mdsoc/aop_proceed_spec.spl	0	OK	4	4	0	0
test/unit/compiler/macros/macro_check_spec.spl	0	OK	6	6	0	0
test/unit/compiler/mdsoc/config_multi_dim_spec.spl	0	OK	1	1	0	0
test/unit/compiler/loader/module_loader_crash_fix_spec.spl	0	OK	3	3	0	0
test/unit/compiler/mdsoc/config_spec.spl	0	OK	33	33	0	0
test/unit/compiler/loader/module_loader_spec.spl	1	ERROR	22	19	3	0
test/unit/compiler/mdsoc/construct_checker_spec.spl	0	OK	1	1	0	0
test/unit/compiler/loader/unload_ownership_spec.spl	0	OK	2	2	0	0
test/unit/compiler/mdsoc/cross_query_spec.spl	0	OK	1	1	0	0
test/unit/compiler/mdsoc/construct_types_spec.spl	0	OK	1	1	0	0
test/unit/compiler/mdsoc/doc_validation_spec.spl	0	OK	1	1	0	0
test/unit/compiler/mdsoc/feature_ports_spec.spl	0	OK	35	35	0	0
test/unit/compiler/mdsoc/layer_checker_spec.spl	1	ERROR	43	37	6	0
test/unit/compiler/mdsoc/layer_ci_spec.spl	0	OK	15	15	0	0
test/unit/compiler/mdsoc/layer_enforcement_spec.spl	0	OK	13	13	0	0
test/unit/compiler/mdsoc/transform_adapters_spec.spl	1	ERROR	67	35	32	0
test/unit/compiler/mdsoc/vc_import_spec.spl	0	OK	1	1	0	0
test/unit/compiler/mdsoc/vc_static_spec.spl	0	OK	1	1	0	0
test/unit/compiler/mdsoc/types_spec.spl	0	OK	90	90	0	0
test/unit/compiler/mir/aop_injection_spec.spl	0	OK	6	6	0	0
test/unit/compiler/mdsoc/weaving_support_spec.spl	0	OK	3	3	0	0
test/unit/compiler/mir/bitfield_mir_spec.spl	0	OK	6	6	0	0
test/unit/compiler/mir/collection_opt_spec.spl	0	OK	5	5	0	0
test/unit/compiler/mdsoc/pipeline_integration_spec.spl	0	ERROR	13	13	0	0
test/unit/compiler/mir/hir_type_coverage/any_spec.spl	0	OK	1	1	0	0
test/unit/compiler/mir/hir_type_coverage/any_critical_profile_spec.spl	0	OK	3	3	0	0
test/unit/compiler/mir/hir_type_coverage/dyn_trait_spec.spl	0	OK	1	1	0	0
test/unit/compiler/mir/hir_type_coverage/function_spec.spl	0	OK	1	1	0	0
test/unit/compiler/mir/hir_type_coverage/handled_variants_neighbour_spec.spl	0	OK	2	2	0	0
test/unit/compiler/mir/hir_type_coverage/isolated_spec.spl	0	OK	1	1	0	0
test/unit/compiler/mir/hir_type_coverage/layer_spec.spl	0	OK	1	1	0	0
test/unit/compiler/mir/hir_type_coverage/projection_spec.spl	0	OK	1	1	0	0
test/unit/compiler/mir/hir_type_coverage/slice_spec.spl	0	OK	1	1	0	0
test/unit/compiler/mir/hir_type_coverage/tensor_spec.spl	0	OK	1	1	0	0
test/unit/compiler/mir/hir_type_coverage/type_param_spec.spl	0	OK	1	1	0	0
test/unit/compiler/mir/indexed_mutation_spec.spl	0	OK	6	6	0	0
test/unit/compiler/mir/mir_data_spec.spl	0	OK	1	1	0	0
test/unit/compiler/mir/mir_construct_matrix_spec.spl	1	ERROR	19	16	3	0
test/unit/compiler/mir/mir_enum_access_spec.spl	0	OK	1	1	0	0
test/unit/compiler/mir/mir_lowering_new_spec.spl	0	OK	1	1	0	0
test/unit/compiler/mir/mir_opt_benchmark_spec.spl	0	OK	6	6	0	0
test/unit/compiler/mir/mir_lowering_silent_fallback_spec.spl	0	OK	9	9	0	0
test/unit/compiler/mir/mir_opt_spec.spl	0	OK	1	1	0	0
test/unit/compiler/mir/mir_serialization_spec.spl	0	OK	1	1	0	0
test/unit/compiler/mir_opt/bounds_check_elim_spec.spl	0	OK	7	7	0	0
test/unit/compiler/mir_opt/cipher/cipher_intrinsics_spec.spl	1	ERROR	30	27	3	0
test/unit/compiler/mir/mir_pattern_idiom_benchmark_spec.spl	0	OK	11	11	0	0
test/unit/compiler/mir_opt/auto_vectorize_spec.spl	0	OK	64	64	0	0
test/unit/compiler/mir_opt/cipher/cipher_parity_spec.spl	0	OK	12	12	0	0
test/unit/compiler/mir_opt/cipher/cipher_rewrite_integration_spec.spl	0	OK	27	27	0	0
test/unit/compiler/mir_opt/cipher/pattern_engine_spec.spl	0	OK	25	25	0	0
test/unit/compiler/mir_opt/cipher/pattern_dispatch_spec.spl	0	OK	22	22	0	0
test/unit/compiler/mir_opt/cipher/opt_remark_spec.spl	0	OK	10	10	0	0
test/unit/compiler/mir/mir_exported_types_spec.spl	1	ERROR	0	0	0	0
test/unit/compiler/mir_opt/clib_parity_hotspot_spec.spl	0	OK	70	70	0	0
test/unit/compiler/mir_opt/cipher/target_opt_context_spec.spl	0	OK	24	24	0	0
test/unit/compiler/mir/module_global_function_pointer_lowering_spec.spl	0	OK	3	3	0	0
test/unit/compiler/mir_opt/collection_opt_spec.spl	1	ERROR	30	6	24	0
test/unit/compiler/mir_opt/copy_propagation_spec.spl	0	OK	6	6	0	0
test/unit/compiler/loader/module_loader_relocation_spec.spl	1	ERROR	1	0	1	0
test/unit/compiler/mir_opt/dead_code_spec.spl	0	OK	4	4	0	0
test/unit/compiler/mir_opt/constant_folding_spec.spl	0	OK	3	3	0	0
test/unit/compiler/mir_opt/inlining_spec.spl	0	OK	2	2	0	0
test/unit/compiler/mir_opt/loop_invariant_motion_spec.spl	0	OK	9	9	0	0
test/unit/compiler/mir_opt/fs_optimization_spec.spl	0	OK	27	27	0	0
test/unit/compiler/mir_opt/general_patterns_backend_recommendation_spec.spl	0	OK	22	22	0	0
test/unit/compiler/mir_opt/pattern_rule_spec.spl	0	OK	7	7	0	0
test/unit/compiler/mir_opt/optimizer_manifest_backend_policy_spec.spl	1	ERROR	7	6	1	0
test/unit/compiler/mir_opt/pass_descriptor_spec.spl	0	OK	10	10	0	0
test/unit/compiler/mir_opt/strength_reduction_spec.spl	0	OK	14	14	0	0
test/unit/compiler/mir_opt/predicate_promote_spec.spl	0	OK	11	11	0	0
test/unit/compiler/module_resolution/dotted_package_dir_convention_prevention_spec.spl	0	OK	3	3	0	0
test/unit/compiler/mir/synthetic_driver_registration_spec.spl	1	ERROR	6	4	2	0
test/unit/compiler/module_resolution/dotted_package_dir_resolution_spec.spl	0	OK	2	2	0	0
test/unit/compiler/mir_opt/typed_byte_canon_spec.spl	0	OK	10	10	0	0
test/unit/compiler/mir_opt/var_reassign_analysis_spec.spl	1	ERROR	25	20	5	0
test/unit/compiler/module_resolver/allowed_families_spec.spl	0	OK	3	3	0	0
test/unit/compiler/module_resolver/group_import_self_named_module_spec.spl	1	ERROR	2	1	1	0
test/unit/compiler/module_resolver/group_import_shadowing_generalization_spec.spl	1	ERROR	3	2	1	0
test/unit/compiler/mono/generic_template_spec.spl	0	OK	6	6	0	0
test/unit/compiler/module_resolver/type_domain_resolver_spec.spl	1	ERROR	4	0	4	0
test/unit/compiler/module_resolver/numbered_dir_spec.spl	0	OK	8	8	0	0
test/unit/compiler/mono/monomorphize_integration_spec.spl	0	OK	18	18	0	0
test/unit/compiler/mono/mono_cache_efficiency_spec.spl	0	OK	1	1	0	0
test/unit/compiler/mono/monomorphize_spec.spl	0	OK	1	1	0	0
test/unit/compiler/mir/fn_typed_parameter_indirect_call_spec.spl	0	OK	8	8	0	0
test/unit/compiler/mono/note_sdn_bdd_spec.spl	0	OK	1	1	0	0
test/unit/compiler/mono/note_sdn_spec.spl	0	OK	1	1	0	0
test/unit/compiler/native/arm_neon_spec.spl	0	OK	1	1	0	0
test/unit/compiler/native/asm_match_spec.spl	0	OK	6	6	0	0
test/unit/compiler/native/auto_vectorize_spec.spl	0	OK	1	1	0	0
test/unit/compiler/native/baremetal_syntax_spec.spl	0	OK	6	6	0	0
test/unit/compiler/native/build_native_min_spec.spl	0	OK	2	2	0	0
test/unit/compiler/native/bitfield_codegen_spec.spl	0	OK	2	2	0	0
test/unit/compiler/native/callconv_bridge_spec.spl	0	OK	21	21	0	0
test/unit/compiler/mono/mono_source_inference_fixed_point_spec.spl	0	OK	5	5	0	0
test/unit/compiler/native_enum_u8_regression_spec.spl	0	OK	1	1	0	0
test/unit/compiler/native/cli_interpreter_path_spec.spl	0	OK	1	1	0	0
test/unit/compiler/mono/mono_template_pruning_spec.spl	0	OK	4	4	0	0
test/unit/compiler/mono/verify/post_mono_verify_spec.spl	1	ERROR	9	8	1	0
test/unit/compiler/native/inline_asm_constraints_spec.spl	0	OK	6	6	0	0
test/unit/compiler/native/inline_asm_matrix_spec.spl	0	OK	6	6	0	0
test/unit/compiler/native/inline_asm_spec.spl	0	OK	6	6	0	0
test/unit/compiler/native/native_compile_spec.spl	0	OK	1	1	0	0
test/unit/compiler/mono/mold_pure_spec.spl	0	OK	21	21	0	0
test/unit/compiler/packed_struct_bitfield_spec.spl	0	OK	4	4	0	0
test/unit/compiler/newtype_ops_spec.spl	0	OK	24	24	0	0
test/unit/compiler/native/simd_check_spec.spl	0	OK	6	6	0	0
test/unit/compiler/native/x86_64_simd_spec.spl	0	OK	1	1	0	0
test/unit/compiler/native/inline_asm_core_parser_spec.spl	1	ERROR	10	9	1	0
test/unit/compiler/packed_struct_e2e_spec.spl	0	OK	2	2	0	0
test/unit/compiler/parser_admit_assume_contextual_keyword_spec.spl	0	OK	4	4	0	0
test/unit/compiler/parser/ast_debug_spec.spl	0	OK	1	1	0	0
test/unit/compiler/parser/alloc_attr_spec.spl	0	OK	10	10	0	0
test/unit/compiler/parser/associated_types_spec.spl	0	OK	5	5	0	0
test/unit/compiler/parser/atom_spec.spl	0	OK	5	5	0	0
test/unit/compiler/parser/bitfield_pure_simple_spec.spl	1	ERROR	4	3	1	0
test/unit/compiler/parser/ce_syntax_spec.spl	0	OK	9	9	0	0
test/unit/compiler/parser/ce_block_spec.spl	0	OK	12	12	0	0
test/unit/compiler/parser/cli_spec.spl	0	OK	6	6	0	0
test/unit/compiler/parser/comptime_spec.spl	0	OK	6	6	0	0
test/unit/compiler/parser_contextual_keyword_named_arg_spec.spl	0	OK	6	6	0	0
test/unit/compiler/parser/default_trait_method_spec.spl	0	OK	6	6	0	0
test/unit/compiler/parser/derive_spec.spl	0	OK	3	3	0	0
test/unit/compiler/parser/defer_spec.spl	0	OK	1	1	0	0
test/unit/compiler/parser/do_block_spec.spl	0	OK	1	1	0	0
test/unit/compiler/parser/desugaring_spec.spl	0	OK	23	23	0	0
test/unit/compiler/parser/dyn_trait_spec.spl	0	OK	1	1	0	0
test/unit/compiler/parser/dangerous_comment_grammar_spec.spl	0	OK	4	4	0	0
test/unit/compiler/parser/const_spec.spl	0	OK	2	2	0	0
test/unit/compiler/parser/error_recovery_simple_spec.spl	0	OK	2	2	0	0
test/unit/compiler/parser/errdefer_spec.spl	0	OK	2	2	0	0
test/unit/compiler/parser/error_recovery_intensive_spec.spl	0	OK	2	2	0	0
test/unit/compiler/parser/extend_spec.spl	0	OK	4	4	0	0
test/unit/compiler/parser/grammar_compile_spec.spl	0	OK	1	1	0	0
test/unit/compiler/parser_gap_array_repeat_mut_param_spec.spl	0	OK	8	8	0	0
test/unit/compiler/parser/grammar_python_spec.spl	0	OK	6	6	0	0
test/unit/compiler/parser/grammar_rust_spec.spl	0	OK	6	6	0	0
test/unit/compiler/parser/grammar_simple_spec.spl	0	OK	6	6	0	0
test/unit/compiler/parser/flat_ast_pub_decl_spec.spl	0	OK	3	3	0	0
test/unit/compiler/parser/guard_clause_spec.spl	0	OK	4	4	0	0
test/unit/compiler/parser/labeled_break_spec.spl	0	OK	5	5	0	0
test/unit/compiler/parser/keyword_only_params_spec.spl	0	OK	5	5	0	0
test/unit/compiler/parser/grammar_test_spec.spl	0	OK	6	6	0	0
test/unit/compiler/parser/language_detect_spec.spl	0	OK	6	6	0	0
test/unit/compiler/parser/lexer_contextual_keywords_spec.spl	0	OK	1	1	0	0
test/unit/compiler/parser/lazy_val_spec.spl	0	OK	5	5	0	0
test/unit/compiler/parser/match_empty_array_bug_spec.spl	0	OK	2	2	0	0
test/unit/compiler/parser_move_contextual_keyword_spec.spl	0	OK	4	4	0	0
test/unit/compiler/parser/module_alias_spec.spl	0	OK	5	5	0	0
test/unit/compiler/parser/multiline_bool_spec.spl	0	OK	18	18	0	0
test/unit/compiler/parser/new_alloc_spec.spl	0	OK	9	9	0	0
test/unit/compiler/parser/multiline_bool_parens_spec.spl	0	OK	6	6	0	0
test/unit/compiler/parser/newtype_spec.spl	0	OK	5	5	0	0
test/unit/compiler/parser/optimize_spec.spl	0	OK	6	6	0	0
test/unit/compiler/parser/or_pattern_spec.spl	0	OK	7	7	0	0
test/unit/compiler/parser_out_param_statement_leading_call_spec.spl	0	OK	3	3	0	0
test/unit/compiler/parser/paren_call_block_spec.spl	0	OK	3	3	0	0
test/unit/compiler/parser/parse_error_spec.spl	0	OK	1	1	0	0
test/unit/compiler/parser/parse_formats_spec.spl	0	OK	1	1	0	0
test/unit/compiler/parser/parser_attribute_spec.spl	0	OK	18	18	0	0
test/unit/compiler/parser/parser_actor_spec.spl	0	OK	16	16	0	0
test/unit/compiler/parser/parser_new_spec.spl	0	OK	1	1	0	0
test/unit/compiler/parser/parser_outline_spec.spl	0	OK	1	1	0	0
test/unit/compiler/parser/parser_factory_spec.spl	0	OK	1	1	0	0
test/unit/compiler/parser/parser_step_spec.spl	0	OK	1	1	0	0
test/unit/compiler/parser/pattern_binding_spec.spl	0	OK	5	5	0	0
test/unit/compiler/parser/pub_enum_with_attribute_spec.spl	0	OK	3	3	0	0
test/unit/compiler/parser/receive_spec.spl	0	OK	11	11	0	0
test/unit/compiler/parser/parser_await_spawn_spec.spl	0	OK	3	3	0	0
test/unit/compiler/parser/struct_update_spec.spl	0	OK	1	1	0	0
test/unit/compiler/parser/test_debug_block_spec.spl	0	OK	13	13	0	0
test/unit/compiler/parser/treesitter_lexer_real_spec.spl	0	OK	2	2	0	0
test/unit/compiler/parser/treesitter_error_recovery_spec.spl	1	ERROR	4	0	4	0
test/unit/compiler/parser/treesitter_highlights_spec.spl	1	ERROR	5	0	5	0
test/unit/compiler/parser/treesitter_lexer_spec.spl	0	OK	6	6	0	0
test/unit/compiler/parser/treesitter_incremental_spec.spl	1	ERROR	4	0	4	0
test/unit/compiler/parser/treesitter_parser_real_spec.spl	0	OK	2	2	0	0
test/unit/compiler/parser/treesitter_parser_spec.spl	0	OK	6	6	0	0
test/unit/compiler/parser/treesitter_query_spec.spl	0	OK	6	6	0	0
test/unit/compiler/parser/treesitter_tokenkind_real_spec.spl	0	OK	2	2	0	0
test/unit/compiler/parser/treesitter_spec.spl	1	ERROR	11	0	11	0
test/unit/compiler/parser/treesitter_tree_real_spec.spl	0	OK	2	2	0	0
test/unit/compiler/parser/unsafe_union_spec.spl	0	OK	5	5	0	0
test/unit/compiler/parser/union_type_spec.spl	0	OK	5	5	0	0
test/unit/compiler/parser/treesitter_visibility_spec.spl	1	ERROR	2	0	2	0
test/unit/compiler/parser/where_clause_spec.spl	0	OK	7	7	0	0
test/unit/compiler/platform_layout_attr_spec.spl	0	OK	6	6	0	0
test/unit/compiler/parser/type_domain_import_spec.spl	0	OK	4	4	0	0
test/unit/compiler/r1_class_in_it_spec.spl	0	OK	2	2	0	0
test/unit/compiler/r2_matchers_red_probe_spec.spl	1	ERROR	2	0	2	0
test/unit/compiler/r2_lang_probe_spec.spl	0	OK	2	2	0	0
test/unit/compiler/portable_numeric_capabilities_spec.spl	1	ERROR	9	5	4	0
test/unit/compiler/r2_matchers_compile_spec.spl	0	OK	2	2	0	0
test/unit/compiler/r2_probe_fail_spec.spl	0	OK	6	6	0	0
test/unit/compiler/r2_pending_helper_spec.spl	0	OK	6	6	0	0
test/unit/compiler/reserved_keyword_param_spec.spl	0	OK	2	2	0	0
test/unit/compiler/portable_numeric_plan_threading_spec.spl	1	ERROR	2	0	2	0
test/unit/compiler/schema_contract_spec.spl	0	OK	5	5	0	0
test/unit/compiler/semantics/alloc_checker_spec.spl	0	OK	1	1	0	0
test/unit/compiler/semantics/alloc_inference_spec.spl	0	OK	1	1	0	0
test/unit/compiler/schema/generated_visitor_coverage_spec.spl	1	ERROR	11	9	2	0
test/unit/compiler/scalable_vec_mir_scaffolding_spec.spl	1	ERROR	3	1	2	0
test/unit/compiler/semantics/arch_rules_syntax_spec.spl	0	OK	1	1	0	0
test/unit/compiler/semantics/aspect_seal/aspect_seal_spec.spl	0	OK	19	19	0	0
test/unit/compiler/semantics/auto_defer_spec.spl	0	OK	21	21	0	0
test/unit/compiler/semantics/borrow_check_conflict_spec.spl	0	OK	21	21	0	0
test/unit/compiler/semantics/borrow_check_spec.spl	0	OK	1	1	0	0
test/unit/compiler/semantics/call_graph_spec.spl	0	OK	1	1	0	0
test/unit/compiler/semantics/closure_capture_warning_spec.spl	0	OK	1	1	0	0
test/unit/compiler/semantics/comptime_checker_spec.spl	0	OK	37	37	0	0
test/unit/compiler/semantics/comptime_spec.spl	0	OK	1	1	0	0
test/unit/compiler/semantics/const_keys_spec.spl	0	OK	6	6	0	0
test/unit/compiler/semantics/any_escape/any_escape_spec.spl	0	OK	8	8	0	0
test/unit/compiler/semantics/collection_patterns_lint_spec.spl	0	OK	14	14	0	0
test/unit/compiler/semantics/conditional_compilation_spec.spl	0	OK	5	5	0	0
test/unit/compiler/semantics/any_escape/unsafe_block_capabilities_spec.spl	0	OK	6	6	0	0
test/unit/compiler/semantics/effect_inference_spec.spl	0	OK	1	1	0	0
test/unit/compiler/semantic/self_field_method_resolution_spec.spl	0	OK	3	3	0	0
test/unit/compiler/semantics/enum_contract/closed_discriminant_roundtrip_spec.spl	0	OK	10	10	0	0
test/unit/compiler/semantics/enum_contract/closed_contract_spec.spl	0	OK	14	14	0	0
test/unit/compiler/semantics/enum_contract/evolving_contract_spec.spl	0	OK	18	18	0	0
test/unit/compiler/semantics/exhaustiveness_spec.spl	0	OK	5	5	0	0
test/unit/compiler/semantics/gc_boundary_enforcement_spec.spl	0	OK	30	30	0	0
test/unit/compiler/semantics/gc_boundary_check_spec.spl	0	OK	17	17	0	0
test/unit/compiler/semantics/gc_roots_barriers_spec.spl	0	OK	39	39	0	0
test/unit/compiler/semantics/gc_safety_spec.spl	0	OK	35	35	0	0
test/unit/compiler/semantics/gc_strategy_naming_spec.spl	0	OK	2	2	0	0
test/unit/compiler/semantics/lint/closure_capture_spec.spl	0	OK	6	6	0	0
test/unit/compiler/semantics/lint/deprecated_spec.spl	0	OK	6	6	0	0
test/unit/compiler/semantics/lint/agent_signing_spec.spl	0	OK	21	21	0	0
test/unit/compiler/semantics/lint/ignored_return_spec.spl	0	OK	6	6	0	0
test/unit/compiler/semantics/lint/lint_cache_spec.spl	1	ERROR	0	0	0	0
test/unit/compiler/semantics/lint/lint_text_spec.spl	0	OK	9	9	0	0
test/unit/compiler/semantics/lint/match_exhaustiveness_spec.spl	0	OK	4	4	0	0
test/unit/compiler/semantics/lint/multiline_bool_spec.spl	0	OK	6	6	0	0
test/unit/compiler/semantics/enum_contract_hir_wiring_spec.spl	0	OK	10	10	0	0
test/unit/compiler/semantics/lint/required_comment_lint_spec.spl	0	OK	28	28	0	0
test/unit/compiler/semantics/lint/safety_visibility_spec.spl	0	OK	5	5	0	0
test/unit/compiler/semantics/lint/unreachable_code_spec.spl	0	OK	7	7	0	0
test/unit/compiler/semantics/lint/unused_vars_spec.spl	0	OK	6	6	0	0
test/unit/compiler/semantics/noalloc_checker_spec.spl	0	OK	43	43	0	0
test/unit/compiler/semantics/safety_checker_spec.spl	0	OK	1	1	0	0
test/unit/compiler/semantics/preprocessor_when_cfg_spec.spl	0	OK	15	15	0	0
test/unit/compiler/semantics/resolve_spec.spl	0	OK	1	1	0	0
test/unit/compiler/semantics/tailrec_spec.spl	0	OK	4	4	0	0
test/unit/compiler/semantics/uncovered_branches_spec.spl	0	OK	29	29	0	0
test/unit/compiler/semantics/sffi_driver_shim_spec.spl	0	OK	3	3	0	0
test/unit/compiler/semantics/sffi_lint_spec.spl	0	OK	23	23	0	0
test/unit/compiler/semantic/typed_empty_array_constructor_general_spec.spl	0	OK	6	6	0	0
test/unit/compiler_shared/diagnostics/diagnostic_spec.spl	0	OK	1	1	0	0
test/unit/compiler/sequential_if_return_spec.spl	0	OK	8	8	0	0
test/unit/compiler/semantic/typed_empty_array_constructor_spec.spl	0	OK	3	3	0	0
test/unit/compiler/semantics/narrowing_spec.spl	0	OK	31	31	0	0
test/unit/compiler_shared/diagnostics/label_spec.spl	0	OK	1	1	0	0
test/unit/compiler_shared/diagnostics/severity_spec.spl	0	OK	1	1	0	0
test/unit/compiler_shared/diagnostics/span_spec.spl	0	OK	1	1	0	0
test/unit/compiler/shb/shb_cache_spec.spl	0	OK	26	26	0	0
test/unit/compiler/shb/shb_extractor_spec.spl	0	OK	21	21	0	0
test/unit/compiler/semantics/union_narrowing_spec.spl	0	OK	10	10	0	0
test/unit/compiler/shb/shb_import_test_spec.spl	0	OK	6	6	0	0
test/unit/compiler/shb/shb_roundtrip_spec.spl	0	OK	26	26	0	0
test/unit/compiler/shr_signedness_param_callret_spec.spl	0	OK	4	4	0	0
test/unit/compiler/simd_auto_apply_spec.spl	0	OK	6	6	0	0
test/unit/compiler/.sspec_wrapped_entry_target_spec_spec.spl	0	OK	6	6	0	0
test/unit/compiler/target_spec_spec.spl	0	OK	2	2	0	0
test/unit/compiler/target_presets_spec.spl	0	OK	23	23	0	0
test/unit/compiler/stats_bug_schema_spec.spl	1	ERROR	1	0	1	0
test/unit/compiler/test_mir_parse_spec.spl	0	OK	6	6	0	0
test/unit/compiler/traits/associated_types_trait_spec.spl	0	OK	1	1	0	0
test/unit/compiler/tools/api_surface_spec.spl	0	OK	2	2	0	0
test/unit/compiler/tools/duplicate_check_debug_spec.spl	0	OK	5	5	0	0
test/unit/compiler/tools/query_spec.spl	0	OK	6	6	0	0
test/unit/compiler/tools/header_gen_spec.spl	0	OK	28	28	0	0
test/unit/compiler/transition/coverage_state_spec.spl	0	OK	9	9	0	0
test/unit/compiler/transition/hir_stmt_to_mir_coverage_spec.spl	0	OK	5	5	0	0
test/unit/compiler/transition/hir_expr_to_mir_coverage_spec.spl	0	OK	6	6	0	0
test/unit/compiler/transition/hir_type_to_mir_type_coverage_spec.spl	0	OK	5	5	0	0
test/unit/compiler/transition/mir_inst_to_c_backend_coverage_spec.spl	0	OK	4	4	0	0
test/unit/compiler/transition/mir_inst_to_interp_coverage_spec.spl	0	OK	5	5	0	0
test/unit/compiler/transition/mir_inst_to_llvm_coverage_spec.spl	0	OK	4	4	0	0
test/unit/compiler/transition/mir_inst_to_native_isel_coverage_spec.spl	0	OK	4	4	0	0
test/unit/compiler/transition/mir_terminator_to_c_backend_coverage_spec.spl	0	OK	4	4	0	0
test/unit/compiler/transition/mir_terminator_to_interp_coverage_spec.spl	0	OK	4	4	0	0
test/unit/compiler/transition/mir_terminator_to_native_isel_coverage_spec.spl	0	OK	4	4	0	0
test/unit/compiler/transition/mir_terminator_to_llvm_coverage_spec.spl	0	OK	4	4	0	0
test/unit/compiler/transition/transition_table_validator_spec.spl	0	OK	13	13	0	0
test/unit/compiler/transition/mir_type_to_c_backend_coverage_spec.spl	0	OK	4	4	0	0
test/unit/compiler/type/basic_type_check_spec.spl	0	OK	18	18	0	0
test/unit/compiler/type_checker/type_inference_executable_spec.spl	0	OK	1	1	0	0
test/unit/compiler/typed_array_variable_binding_spec.spl	0	OK	6	6	0	0
test/unit/compiler/type_checker/type_inference_v2_spec.spl	0	OK	27	27	0	0
test/unit/compiler/type_inference/bidir_check_spec.spl	0	OK	6	6	0	0
test/unit/compiler/type_inference/bidir_type_check_spec.spl	0	OK	1	1	0	0
test/unit/compiler/type_inference/dim_constraints_spec.spl	0	OK	2	2	0	0
test/unit/compiler/type_inference/integration_simple_spec.spl	0	OK	2	2	0	0
test/unit/compiler/type_inference/variance_inference_spec.spl	0	OK	1	1	0	0
test/unit/compiler/type_inference/type_infer_comprehensive_spec.spl	0	OK	1	1	0	0
test/unit/compiler/type/runtime_type_check_spec.spl	0	OK	1	1	0	0
test/unit/compiler/types/layout_verification_spec.spl	0	OK	30	30	0	0
test/unit/compiler/types/platform_layout_attribute_spec.spl	1	ERROR	0	0	0	0
test/unit/compiler/types/runtime_layout_verification_spec.spl	1	ERROR	0	0	0	0
test/unit/compiler/types/type_inference_spec.spl	0	OK	6	6	0	0
test/unit/compiler/u32_array_index_shr_spec.spl	0	OK	6	6	0	0
test/unit/compiler/types/type_system_spec.spl	0	OK	6	6	0	0
test/unit/compiler/u64_shift_param_spec.spl	0	OK	8	8	0	0
test/unit/compiler/u8_push_literal_spec.spl	0	OK	6	6	0	0
test/unit/compiler/u64_hex_literal_precision_spec.spl	0	OK	5	5	0	0
test/unit/compiler/unsigned_to_i64_spec.spl	0	OK	2	2	0	0
test/unit/compiler/verification/cache_correctness_spec.spl	0	OK	17	17	0	0
test/unit/compiler/type_infer/type_infer_correctness_spec.spl	0	OK	20	20	0	0
test/unit/compiler/verification/lean_basic_spec.spl	1	ERROR	5	4	1	0
test/unit/compiler/verification/deterministic_emission_spec.spl	0	OK	4	4	0	0
test/unit/compiler/verification/lean_block_integration_spec.spl	1	ERROR	10	9	1	0
test/unit/compiler/verification/lean_codegen_spec.spl	1	ERROR	5	4	1	0
test/unit/compiler/verification/memory_capabilities_spec.spl	0	OK	6	6	0	0
test/unit/compiler/verification/naming_spec.spl	0	OK	9	9	0	0
test/unit/compiler/verification/proof_reference_spec.spl	1	ERROR	11	9	2	0
test/unit/compiler/verification/lean_workflow_spec.spl	1	ERROR	9	2	7	0
test/unit/compiler/verification/regeneration_spec.spl	0	OK	4	4	0	0
test/unit/compiler/verification/regeneration_theorem_emission_class_spec.spl	0	OK	5	5	0	0
test/unit/compiler/verification/report_rendering_spec.spl	1	ERROR	18	16	2	0
test/unit/compiler/verification/tool_checker_spec.spl	0	OK	3	3	0	0
test/unit/compiler/verification/unified_attrs_spec.spl	1	ERROR	6	5	1	0
test/unit/compiler/verification/unsupported_construct_spec.spl	1	ERROR	15	13	2	0
test/unit/compiler/verification/verification_diagnostics_spec.spl	1	ERROR	5	4	1	0
test/unit/compiler/verification/toolchain_detection_spec.spl	0	OK	9	9	0	0
test/unit/compiler/vhdl_riscv_gap_spec.spl	0	OK	6	6	0	0
test/unit/compiler/verify/baremetal_noalloc_constraints_spec.spl	0	OK	7	7	0	0
test/unit/compiler/vhdl/hardware_spawn_lower_spec.spl	0	OK	2	2	0	0
test/unit/compiler/vhdl_subprogram_spec.spl	0	OK	6	6	0	0
test/unit/compiler/vhdl_testbench_spec.spl	0	OK	6	6	0	0
test/unit/compiler/vhdl/vhdl_subprogram_spec.spl	0	OK	6	6	0	0
test/unit/compiler/vhdl/vhdl_testbench_spec.spl	0	OK	46	46	0	0
test/unit/compiler/visibility_spec.spl	0	OK	2	2	0	0
test/unit/compiler/watcher/smf_manifest_spec.spl	0	OK	16	16	0	0
test/unit/compiler/watcher/watcher_client_spec.spl	0	OK	11	11	0	0
test/unit/compiler/watcher/watcher_daemon_spec.spl	0	OK	9	9	0	0
test/unit/compiler/watcher/watcher_protocol_spec.spl	0	OK	8	8	0	0
test/unit/compiler/watcher/watcher_lock_spec.spl	0	OK	11	11	0	0
test/unit/compiler/watcher/watcher_types_spec.spl	0	OK	7	7	0	0
test/unit/core/complete/compiler_c_codegen_complete_spec.spl	0	OK	6	6	0	0
test/unit/core/complete/hir_types_complete_spec.spl	0	OK	6	6	0	0
test/unit/core/complete/compiler_driver_complete_spec.spl	0	OK	6	6	0	0
test/unit/core/complete/interpreter_env_complete_spec.spl	0	OK	6	6	0	0
test/unit/core/complete/interpreter_eval_complete_spec.spl	0	OK	6	6	0	0
test/unit/core/complete/interpreter_jit_complete_spec.spl	0	OK	6	6	0	0
test/unit/core/complete/interpreter_mod_complete_spec.spl	0	OK	6	6	0	0
test/unit/core/complete/interpreter_ops_complete_spec.spl	0	OK	6	6	0	0
test/unit/core/complete/interpreter_value_complete_spec.spl	0	OK	6	6	0	0
test/unit/core/complete/lexer_complete_spec.spl	0	OK	6	6	0	0
test/unit/core/complete/lexer_struct_complete_spec.spl	0	OK	6	6	0	0
test/unit/core/complete/lexer_types_complete_spec.spl	0	OK	6	6	0	0
test/unit/core/complete/mir_complete_spec.spl	0	OK	6	6	0	0
test/unit/core/complete/mir_types_complete_spec.spl	0	OK	6	6	0	0
test/unit/core/complete/types_complete_spec.spl	0	OK	6	6	0	0
test/unit/core/complete/parser_complete_spec.spl	0	OK	6	6	0	0
test/unit/doctest/parser_spec.spl	0	OK	3	3	0	0
test/unit/lib/common/parser_spec.spl	0	OK	10	10	0	0
test/unit/lib/common/feature_validation/types_spec.spl	0	OK	32	32	0	0
test/unit/core/parser_ce_keyword_identifier_spec.spl	0	OK	6	6	0	0
test/unit/lib/common/feature_validation/codegen_spec.spl	1	ERROR	33	32	1	0
test/unit/lib/common/runtime_parser_bugs_spec.spl	0	OK	21	21	0	0
test/unit/lib/gc_async_mut/driver/driver_facade_spec.spl	1	ERROR	0	0	0	0
test/unit/lib/nogc_async_mut/driver/driver_facade_spec.spl	0	OK	1	1	0	0
test/unit/lib/driver/fat32_file_io_spec.spl	1	ERROR	14	12	2	0
test/unit/lib/play/types_spec.spl	0	OK	28	28	0	0
test/unit/lib/skia/runtime_effect_spec.spl	0	OK	5	5	0	0
test/unit/lib/std/compiler/loader/jit_instantiator_spec.spl	1	ERROR	0	0	0	0
test/unit/lib/std/compiler/lexer_spec.spl	1	ERROR	0	0	0	0
test/unit/lib/std/parser/error_recovery_spec.spl	0	OK	6	6	0	0
test/unit/compiler/wasm_codegen_spec.spl	0	OK	33	33	0	0
test/unit/lib/std/type_checker/type_inference_spec.spl	1	ERROR	14	11	3	0
test/unit/lib/std/type_checker/type_inference_v2_spec.spl	0	OK	27	27	0	0
test/unit/os/driver_platform_spec.spl	0	OK	6	6	0	0
test/unit/os/drivers/driver_platform_contract_spec.spl	0	OK	9	9	0	0
test/unit/os/drivers/driver_platform_report_spec.spl	0	OK	6	6	0	0
test/unit/os/drivers/mdsoc_plus/driver_mdsoc_plus_platform_spec.spl	0	OK	34	34	0	0
test/unit/os/kernel/loader/app_namespace_spec.spl	0	OK	6	6	0	0
test/unit/os/kernel/loader/app_discovery_spec.spl	1	ERROR	16	15	1	0
test/unit/os/kernel/loader/app_registry_spec.spl	0	OK	25	25	0	0
test/unit/os/kernel/loader/byte_utils_spec.spl	1	ERROR	10	6	4	0
test/unit/os/kernel/loader/container_namespace_spec.spl	0	OK	4	4	0	0
test/unit/os/kernel/loader/disk_launch_manifest_spec.spl	0	OK	14	14	0	0
test/unit/os/kernel/loader/dylib_registry_spec.spl	0	OK	5	5	0	0
test/unit/os/kernel/loader/elf_loader_spec.spl	0	OK	10	10	0	0
test/unit/os/kernel/loader/elf64_dynsym_spec.spl	0	OK	7	7	0	0
test/unit/os/kernel/loader/elf64_spec.spl	0	OK	4	4	0	0
test/unit/os/kernel/loader/exec_from_fs_spec.spl	0	OK	16	16	0	0
test/unit/os/kernel/loader/loader_api_spec.spl	0	OK	3	3	0	0
test/unit/os/kernel/loader/stack_builder_spec.spl	1	ERROR	19	11	8	0
test/unit/os/kernel/loader/process_image_spec.spl	1	ERROR	7	2	5	0
test/unit/os/kernel/loader/executable_source_spec.spl	1	ERROR	8	5	3	0
test/unit/os/kernel/loader/segment_mapper_spec.spl	0	OK	9	9	0	0
test/unit/os/kernel/loader/executable_source_vfs_spec.spl	0	OK	14	14	0	0
test/unit/os/kernel/loader/smf_executable_entry_spec.spl	0	OK	3	3	0	0
test/unit/os/kernel/loader/smf_spec.spl	0	OK	14	14	0	0
test/unit/os/kernel/loader/fork_exec_spec.spl	0	OK	5	5	0	0
test/unit/os/kernel/loader/x86_64_fs_exec_spawn_spec.spl	1	ERROR	0	0	0	0
test/unit/os/kernel/loader/spawn_pipeline_spec.spl	0	OK	16	16	0	0
test/unit/os/kernel/loader/zstd_decompress_spec.spl	1	ERROR	2	1	1	0
test/unit/os/kernel/types/capability_types_spec.spl	1	ERROR	45	44	1	0
test/unit/os/kernel/types/device_mem_types_spec.spl	0	OK	2	2	0	0
test/unit/os/kernel/types/task_types_spec.spl	0	OK	28	28	0	0
test/unit/os/kernel/types/memory_types_spec.spl	0	OK	42	42	0	0
test/unit/os/services/driver_supervisor/resource_grant_spec.spl	0	OK	2	2	0	0
test/unit/os/services/driver_supervisor/grant_broker_spec.spl	0	OK	3	3	0	0
test/unit/runtime/module_closure_spec.spl	0	OK	10	10	0	0
test/unit/runtime/generic_runtime_spec.spl	1	ERROR	26	25	1	0
test/unit/runtime/module_init_spec.spl	0	OK	2	2	0	0
test/unit/runtime/rt_dir_list_header_no_collision_spec.spl	0	OK	4	4	0	0
test/unit/runtime/time_epoch_convergence_spec.spl	0	OK	6	6	0	0
test/unit/std/feature_validation/types_spec.spl	0	OK	32	32	0	0
test/unit/std/feature_validation/codegen_spec.spl	1	ERROR	33	32	1	0
test/unit/std/improved/codegen_error_spec.spl	0	OK	8	8	0	0
test/unit/std/improved/codegen_edge_spec.spl	0	OK	8	8	0	0
test/unit/std/improved/codegen_unit_spec.spl	0	OK	8	8	0	0
test/unit/std/improved/codegen_integration_spec.spl	0	OK	8	8	0	0
test/unit/runtime/process_is_running_spec.spl	1	ERROR	6	5	1	0
test/unit/std/parser_spec.spl	0	OK	10	10	0	0
test/unit/std/parser/treesitter_node_spec.spl	1	ERROR	0	0	0	0
test/unit/std/runtime_parser_bugs_spec.spl	0	OK	21	21	0	0
test/01_unit/compiler/interpreter/piped_process_externs_spec.spl	0	OK	3	3	0	0
test/01_unit/compiler/parser_const_generic_argument_diagnostic_spec.spl	0	OK	2	2	0	0
test/01_unit/compiler/interpreter/process_extern_registration_class_spec.spl	1	ERROR	4	3	1	0
test/01_unit/compiler/jit_generic_return_scalar_boxing_spec.spl	0	OK	6	6	0	0
test/01_unit/compiler/interpreter/option_on_non_option_scrutinee_class_spec.spl	1	ERROR	4	1	3	0
test/01_unit/compiler/codegen/jit_unresolved_symbol_diagnosis_class_spec.spl	1	ERROR	5	4	1	0
test/01_unit/compiler/parser_generic_argument_position_class_spec.spl	0	OK	4	4	0	0
test/01_unit/compiler/pipeline/cross_module_collision_detection_spec.spl	1	ERROR	2	1	1	0
test/01_unit/compiler/traits/conformance/trait_impl_arity_conformance_spec.spl	1	ERROR	3	2	1	0
test/01_unit/compiler/unit_return_bare_return_contract_spec.spl	0	OK	5	5	0	0
test/01_unit/compiler/traits/conformance/trait_conformance_enforced_class_spec.spl	1	ERROR	5	3	2	0
test/01_unit/compiler/types/declared_return_type_enforced_spec.spl	1	ERROR	3	1	2	0
test/unit/compiler/jit_generic_return_scalar_boxing_spec.spl	0	OK	6	6	0	0
test/03_system/feature/features/parser/parser_declarations_spec.spl	1	ERROR	38	35	3	0
test/03_system/compiler/lean_verify_cli_spec.spl	1	ERROR	4	0	4	0
test/system/compiler/lean_verify_cli_spec.spl	1	ERROR	4	0	4	0
